id,cr,reference_en,prediction,expected_translation,prediction_csi_match_score,prediction_csi_match_success
0,"Epi konsa, chak fwa, demann li a te parèt pi ensanse pou yo, jiskaske lapli a te vini.","And so, each time, his request seemed more absurd to them, until the rain came.","And so, each time, his request seemed more understandable to them, until the rain came.","And so, each time, his request seemed more and more ridiculous to them, until the rain came. | So every time, his request sounded crazier to them, until the rain finally came.",85.0574712643678,True
1,Antonov Yon - 225 mriya la,The Antonov An-225 Mriya,The Antonov An - 225 Mriya,The Antonov An-225 Mriya | Antonov An-225 Mriya,96.0,True
2,Yon konte ki gen lanmou ak bote.,A county of love and beauty.,A county of love and beauty.,A county full of love and beauty | A beautiful county of love,82.14285714285714,True
3,Nou pa bezwen al mache sou rivaj Galile yo oubyen pami mòn Jide yo pou nou mache kote Jezi te mache.,We don't have to walk along the shores of Galilee or among the mountains of Judea to walk where Jesus walked.,We do not need to walk along the shores of Galilee or the mountains of Judea to walk where Jesus walked.,We don’t have to go to Galilee or Judea to walk where Jesus walked | We don’t need to travel to the shores of Galilee or the hills of Judea to walk where Jesus walked,87.56218905472637,True
4,Etikèt Pou Istwa Lavi,Life Story Tags,Tag For Life Story,Life Story Labels | Biography Tags,71.42857142857143,False
5,Nimewo Modèl: UF65-B,Model Number: UF65-B,Model Number: UF65-B,Model No. UF65-B | Model #: UF65-B,80.0,True
6,"Nou kapab mentni panse nou pwòp lè nou li, gade epi tande bagay ki envite Sentespri a.","We can keep our thoughts pure by reading, watching, and listening to things that invite the Holy Ghost.","We can maintain our own thoughts when we read, watch and hear things that invite the Holy Spirit.","We can keep our minds pure by reading, watching, and listening to things that invite the Holy Ghost. | We can stay pure in thought by choosing to read, watch, and listen to things that welcome the Holy Ghost.",68.04123711340206,False
7,"Mo kle: NFC tag, RFID, ISO 14443A (Mifare) estanda likid Jesyon Teknoloji Pty Ltd (fm), yon espesyalis nan ...","Keywords: NFC tag, RFID, ISO 14443A (Mifare) standard Liquid Management Technology Pty Ltd (FM), a specialist in...","Key words: NFC tag, RFID, ISO 14443A (Mifare) standard Liquid Management Technology Pty Ltd (FMS), a specialist in...","Keywords: NFC tag, RFID, ISO 14443A (Mifare) standard Liquid Management Technology Pty Ltd (FM), a specialist in... | Key terms: NFC tag, RFID, ISO 14443A (Mifare) standard Liquid Management Technology Pty Ltd (FM), a specialist in...",99.13793103448276,True
8,Prepare pou antre nan tanp sen an (36793),Prepare to enter the holy temple (36793),Prepare to enter the sanctuary (36793),Get ready to enter the holy temple | Prepare to go into the sacred temple,62.16216216216216,False
9,I-Station Videyo Sistèm,I-Station Video System,I-Station Video System,I-Station Video System | I-Station Video Setup,100.0,True
10,Jou 2: Vizite Jagannath tanp lan,Day 2: Visit Jagannath Temple,Day 2: Visit to Jagannath Temple,Day 2: Visit the Jagannath Temple | Day 2: Tour the Jagannath Temple,93.75,True
11,Èske l pafwa difisil pou n antre bagay espirityèl yo nan orè fanmi an?,Is it sometimes difficult to fit spiritual things into the family schedule?,Is it sometimes difficult to bring spiritual things into the family schedule?,Is it sometimes hard to make room for spiritual activities in the family schedule? | Is it sometimes difficult to fit spiritual matters into the family routine?,82.89473684210526,True
12,"Fè timoun yo fè tankou yo se Mowoni, ki ap ekri sou plak yo epi antere yo.","Have the children pretend to be Moroni, who is writing on the plates and burying them.","Have the children pretend they are Moroni, writing on the plates and burying them.","Have the kids act like Moroni writing on the plates and burying them | Let the children pretend to be Moroni, writing on the plates and burying them",92.40506329113924,True
13,"Menm Joseph Smith li menm, nan laj 22 an, te bliye nan ki direksyon li t ap gade lè li te mande Senyè a pèmisyon san rete pou L te pèmèt Martin Harris prete 116 paj maniskri yo. Petèt Joseph te vle montre Martin rekonesans li pou sipò l te ba li. Nou konnen ke Joseph te ekstrèmman anvi pou te gen lòt temwen kanpe avèk li kont foste ak mansonj penib yo t ap simaye sou li yo.","Even Joseph Smith, at the age of 22, forgot which way he was looking when he repeatedly asked the Lord for permission to lend Martin Harris 116 pages of manuscript. Perhaps Joseph wanted to show Martin his gratitude for his support. We know that Joseph was extremely eager to have other witnesses stand with him against the falsehoods and painful lies being spread about him.","Even Joseph Smith himself, at the age of 22, had forgotten what direction he was looking at when he asked the Lord for permission to allow Martin Harris to borrow the 116 pages manuscripts. Perhaps Joseph wanted to show Martin his gratitude for his support. We know that Joseph was extremely anxious that there would be other witnesses standing with him against the falsehoods and mischievous scams that were spreading about him.","Even Joseph Smith, at 22, lost track of which way he was looking when he kept asking the Lord for permission to let Martin Harris borrow the 116 pages of manuscript. Maybe Joseph wanted to show Martin his appreciation for the support he had given him. We know Joseph was very eager to have other witnesses stand with him against the falsehoods and hurtful lies being spread about him. | Even Joseph Smith, at age 22, forgot which direction he was facing as he repeatedly asked the Lord for permission to let Martin Harris borrow the 116 pages of manuscript. Perhaps Joseph wanted to express gratitude to Martin for his support. We know Joseph was deeply eager to have other witnesses stand with him against the falsehoods and painful lies being spread about him.",79.35323383084577,False
14,"Epi, se te konsa, sèvitè l yo te pran l, e yo te pote l bay madanm li, e yo te mete l kouche sou yon kabann;","And it came to pass that his servants took him, and carried him to his wife, and laid him upon a bed;","And so his servants took him, and they brought him to his wife, and they laid him on a bed;",His servants carried him home and laid him on a bed | His servants brought him to his wife and put him to bed,73.33333333333334,False
15,kay pwodwi yo CAMPING sak pou dòmi,Home Products CAMPING SLEEPING BAGS,Home Products Camping Bags For Sleeping,Camping Sleeping Bags | Home Camping Sleeping Bags,64.61538461538461,False
16,"""Senyè a Aple Nou pou Nou Preche Levanjil la""",The Lord Calls Us to Preach the Gospel,"""The Lord Has Called Us to Preach the Gospel""",The Lord Calls Us to Preach the Gospel | The Lord Has Called Us to Preach the Gospel,97.72727272727273,True
17,"Lè Senyè a te di: ""Kiyès m ap voye?""","When the Lord said, ""Whom shall I send?""","The Lord said, Who shall I send?","When the Lord asked, “Who will I send?” | When the Lord said, “Who shall I send?”",96.875,True
18,Nou te jwenn plizyè id pozisyon.,We found several position ids.,We found several position ids.,We found several position IDs | We found multiple position IDs,98.30508474576271,True
19,"Samdi, 29 Mas rive Samdi, 19 Avril 2014","Saturday, March 29 to Saturday, April 19, 2014","Saturday, March 29  Saturday, April 19, 2014","March 29 to April 19, 2014 | Mar. 29–Apr. 19, 2014",71.42857142857143,False
20,"Revelasyon Joseph Smith, Pwofèt la ak Sidney Rigdon te resevwa, nan Perrysburg, New York, 12 Oktòb 1833.","Revelation given through Joseph Smith the Prophet and Sidney Rigdon, at Perrysburg, New York, October 12, 1833.","Revelation Joseph Smith, the Prophet and Sidney Rigdon received, in Perrysburg, New York, October 12, 1833.","Revelation received through Joseph Smith the Prophet and Sidney Rigdon, at Perrysburg, New York, October 12, 1833. | Revelation given through Joseph Smith the Prophet and Sidney Rigdon, in Perrysburg, New York, on October 12, 1833.",88.3248730964467,True
21,"Konsa, pwochèn fwa nou wè paran nou, yon frè oswa sè nou, oubyen yon zanmi, panse sou sèvi yo pou montre afeksyon nou pou yo.","So, the next time you see your parents, a sibling, or a friend, think about serving them to show your affection for them.","So the next time we see our parents, a brother or sister, or a friend, think about using them to show our affection for them.","Next time you see your parents, a sibling, or a friend, think of ways to serve them as a way to show your love | The next time you’re with your parents, a brother or sister, or a friend, consider serving them to express your affection",76.92307692307692,False
22,"Mesye saj la te koute avèk atansyon epi, apresa, li te di tigason an, ""Ale lakay ou epi retounen nan de semèn.""","The wise man listened carefully and then said to the boy, ""Go home and come back in two weeks.""","The gentleman listened carefully and then said to the gentleman, Go home and come back in two weeks.","The wise man listened carefully and then told the boy to go home and come back in two weeks | After hearing him out, the wise man said to the boy, “Go home and return in two weeks.”",83.7696335078534,True
23,w te DIRIJE pake pouvwa ijans,you have LED emergency power pack,w LED Emergency Power Pack,you led the emergency power pack | you were in charge of the emergency power pack,91.66666666666666,True
24,Sa klè anpil. .,That's very clear.,That's pretty clear. .,That's crystal clear. | It's very clear.,77.27272727272727,False
25,Zonbi vs Plant,Zombies vs Plants,Zombie vs. Plant,Zombies vs Plants | Zombies versus Plants,93.75,True
26,Genyen plizyè fason diferan pou jwenn videyo nan Medyatèk la:,There are several different ways to find videos in the Media Library:,There are several different ways to find videos in the Mediaset:,There are several ways to find videos in the Media Library | You can find videos in the Media Library in a few different ways,87.71929824561404,True
27,. Gratis jwèt sou entènèt Bay yon chans pye bwa (),. Free online game Give a Tree a Chance (),. Free online game Give Trees a Chance ().,Free online game Give Trees a Chance | Free online game Save the Trees,93.67088607594937,True
28,Kounyeya nou bezwen pale.,Now we need to talk.,Now we need to talk.,We need to talk | We need to have a talk,85.71428571428572,True
29,Yon wou elektwonik balans Scooter,One Wheel Electronic Balance Scooter,One Wheel Electronic Balance Scooter,electric unicycle | self-balancing scooter,61.29032258064516,False
30,"Deskripsyon nan jwèt la Amoure dat liy. Kouman yo jwe jwèt la sou entènèt Ou ka gade yon edulkore bèl ak dous sa a koup bèl. Kokèt ti fi ak enb nèg vle rankontre nan pak la, si ou kreye tout fason ki apwopriye yo. Ede ti fi a ak nèg la yo abiye èlègance ak alamòd. Chak nan marye yo pral gen kè kontan ak yon imaj klere kreye pa ou.","Description of the game Romantic Date line. How to play the game online You can watch a sweet and sweet sweet couple. Coquettish girl and humble guy want to meet in the park, if you create all the appropriate ways. Help the girl and the guy to dress elegantly and fashionably. Each of the couple will be happy with a bright image created by you.","Description of the game Romantic date line. How to play the online game You can watch a cute and sweet cheerful this lovely couple. Coquette girls and humble guys want to meet at the park, if you create all the proper ways. Help the girl and the guy to dress stylishly and fashionably. Each of the couples will be happy with a bright image created by you.","Romantic Date Line game description. How to play online: Watch a sweet couple get ready to meet in the park. Help the girl and the guy dress stylishly and elegantly. Create a bright look for each of them and make the couple happy. | Romantic Date Line game description. Play online and help a cute couple prepare for a park date. Dress the girl and the boy in fashionable outfits and create a cheerful, stylish look for both of them.",57.608695652173914,False
31,HOT VANN 4 Twou nan gaz Injector 0280155828 Fo ...,HOT SALE 4 Hole Fuel Injector 0280155828 Fo...,HOT SELL 4 Holes Fuel Injector 0280155828 Fo...,Hot Sale 4-Hole Fuel Injector 0280155828 | Special Offer 4-Hole Fuel Injector 0280155828,86.36363636363636,True
32,Lekti 47Konekte ak Cassandra Cluster lè l sèvi avèk WebPage,Reading 47Connect to Cassandra Cluster using WebPage,Lecture 47Connect with Cassandra Cluster using WebPage,Reading 47: Connecting to a Cassandra Cluster via Web Page | Reading 47: Accessing a Cassandra Cluster Through a Web Page,74.07407407407408,False
33,Doktrin ak Alyans 70:1–4,Doctrine and Covenants 70:1–4,Doctrine and Covenants 70:14,Doctrine and Covenants 70:1–4 | D&C 70:1–4,98.18181818181819,True
34,kan dez è Pase nwit,Camp Des and Spend the Night,Desert camp Overnight,camp out overnight | spend the night at camp,71.7948717948718,False
35,Antre nan kominote FamilySearch anliy nan pou èd nan rechèch.,Join the online FamilySearch community for help with your research.,Join the online FamilySearch community for help in searching.,Join the FamilySearch online community for research help | Join the online FamilySearch community for help with your research,83.60655737704919,True
36,Mechan sòsyè ou deside jwe. Olye de sa li pral yon gwosè ou glise chat. Se poutèt sa sa a se jwèt ki rele. Ou dwe ap tankou yon broch konvansyonèl bowling espò frape-chat. pa manke! Grèv pa te anile.,Your wicked witch decides to play. Instead it will be a size you slide cat. That's why this game is called. You must be like a conventional bowling pins sports hit-cat. do not miss! Strike has not been canceled.,Your Wicked Witch decided to play. Instead it will be a size or slide cat. That's why this is the game. You must be playing like a conventional pin bowling sport hit-cat. Don't miss! Strike wasn't cancelled.,"You’re playing a wicked game. Instead, it’s a cat-slinging challenge. That’s why it’s called this game. You have to knock the cat down like in a regular bowling game. Don’t miss! A strike still counts. | You’re in for a wicked little game. Instead of bowling, you slide the cat. That’s what this game is all about. Knock the cat down like bowling pins—don’t miss! A strike is still on the table.",58.39793281653747,False
37,"Ante nan Ris Septanm 25th, 2017 (2)","Haunted in Russian September 25th, 2017 (2)","Hentai in Russian September 25th, 2017 (2)","Possessed in Russian September 25, 2017 (2) | Haunted in Russian on September 25, 2017 (2)",86.74698795180723,True
38,Ane nesans timoun lan vini pita ke ane lanmò papa a.,The year of the child's birth comes later than the year of the father's death.,The year of the child's birth comes later than the year of the father's death.,The child was born after the father died | The father died before the child was born,62.22222222222222,False
39,Paste egzanp sou post la sa ki te crased fowòm ou,Paste the example of the post that crashed your forum.,Paste example on the post that has crased your forum,Paste the post example that crashed your forum | Paste the post that broke your forum,75.51020408163265,False
40,"LWW-5,Mi Dyod Limyè Machin Pou Lave,Constant Current Led Products,Constant Voltage Led Products - LWW-5, , Ofri ba pri, gwo kalite","LWW-5,LED Wall Washer Light,Constant Current Led Products,Constant Voltage Led Products - LWW-5, , Offer low price, high quality","Led Wall Washer,LWW-5,Led Wall Washer Light,Led Wall Wash,Led Wall Washer - China Led Wall Washer,LWW-5, Manufacturer & Supplier","LWW-5,LED Wall Washer Light,Constant Current LED Products,Constant Voltage LED Products - LWW-5, , Low price, high quality|LWW-5,LED Wall Washer Light,Constant Current LED Products,Constant Voltage LED Products - LWW-5, , Affordable, quality assured",49.21875,False
41,"TradiksyonEdit Translation D' nan ane 1999-2017 Awosoft co, Ltd. Tout dwa rezève","TranslationEdit Translation Copyright 1999-2017 Awosoft Co., Ltd. All rights reserved","Translation Edit Translation Copyright @ 1999-2017 Awosoft Co., Ltd. All Rights Reserved","Translation Edit Translation Copyright 1999-2017 Awosoft Co., Ltd. All rights reserved | Translation Edit Translation Copyright 1999-2017 Awosoft Co., Ltd. All rights reserved",98.85057471264368,True
42,Vin Tounen tankou Timoun Piti yo,Become Like Little Children,Come Back Like The Little Children,Be Childlike | Have a Childlike Heart,55.73770491803278,False
43,"Papye woulo liv près: Kontre papye woulo liv endistri a bezwen pou domaj gratis ti pen pale ansanm ak yon maksimòm efikasite, VIMAR ofri yon liy plen papye ti pen klanpse ak ti pen près domaj sou zafè pou diminye posiblite pou yo fè lè papye rolls nenpòt moun dyamèt, pwa, oubyen kalite papye. VIMAR ' papye anyan s...","Paper Roll Presses: Meeting the paper roll industry's need for damage-free rolls with maximum efficiency, VIMAR offers a full line of paper roll clamps and roll press equipment to reduce the possibility of damage to paper rolls regardless of diameter, weight, or paper type. VIMAR's rugged paper s...","Paper Roll Clamp: To meet the paper roll industrys need for damage-free paper rolls with maximum efficiency, VIMAR offers a full line of paper roll clamps and paper roll clamp damage reduction options to make paper rolls regardless of diameter, weight, or paper type. VIMARs paper rolls are...","Paper Roll Presses: Meeting the paper roll industry’s need for damage-free handling with maximum efficiency, VIMAR offers a full line of paper roll clamps and presses designed to reduce the risk of damage to paper rolls of any diameter, weight, or paper type. VIMAR’s rugged paper handling equipment | Paper Roll Presses: To meet the paper roll industry’s need for damage-free rolls and maximum efficiency, VIMAR provides a complete line of paper roll clamps and press equipment that helps prevent damage to paper rolls of any size, weight, or paper type. VIMAR’s durable paper handling solutions",79.16666666666666,False
44,Modèl Pa gen.: KC-005,Model No.: KC-005,Model No.: KC-005,Model No. KC-005 | Model Number: KC-005,96.96969696969697,True
45,"Thomas S. Monson, ""Zwazo Kanari avèk koulè gri sou zèl yo,"" Ensign oswa Liahona, Jen 2010, 4;","Thomas S. Monson, “Canaries with Gray Wings,” Ensign or Liahona, June 2010, 4;","Thomas S. Monson, ""Canarian birds with grey colors on their wings,"" Ensign or Liahona, June 2010, 4;",Canaries with Gray Wings | Canaries with Gray Wings,58.82352941176471,False
46,Mak ba mentyen an,Mark the maintenance man,Maintaining the brands brand,Mark the handyman | Mark the maintenance guy,53.333333333333336,False
47,"Men gade, li te delivre yo paske yo te imilye yo devan l;","But behold, he delivered them because they humbled themselves before him;","But behold, he saved them because they were humiliated before him;","But look, he saved them because they humbled themselves before him | Behold, he delivered them because they humbled themselves before him",77.27272727272727,False
48,"Kòlè frèt kondwi nan rayisab yo sinema dore. Koup la jèn achte tikè espesyalman fim nan pi raz yo sal sinema te mwatye vid oswa vid, e menm fim nan se pa sa distrè.","Cold anger drives the lovers to golden cinema. The young couple bought tickets specifically for the most boring movie, the cinema hall was half empty or empty, and even the movie is not that distracting.","Cold anger drove to the golden cinema lovers. The young couple bought tickets especially to the most boring movie in the movie theaters was half empty or empty, and even the movie wasn't so distracting.","Cold fury led the lovers to the movie theater. The young couple bought tickets for the dullest film, and the theater was half empty, with the movie barely holding their attention. | In a fit of cold anger, the lovers went to the cinema. The young couple chose the most boring movie, the theater was nearly empty, and even the film itself wasn’t very engaging.",70.29972752043597,False
49,TOTAL manm (sòm nòt yo): 462,TOTAL members (sum of scores): 462,TOTAL MEMBERSHIP (SUM OF GRADES): 462,Total members (sum of scores): 462 | Total membership (sum of scores): 462,91.89189189189189,True
50,Mekanik teyorik ak Resous pou sove Technologies,Theoretical Mechanics and Resources for Saving Technologies,Theoretical Mechanics and Resource-Saving Technologies,Theoretical Mechanics and Technology Preservation Resources | Theoretical Mechanics and Resources for Technology Conservation,83.33333333333334,True
51,Kisa ou pi renmen konsènan non ou?,What do you like most about your name?,What do you like best about your name?,What do you like most about your name? | What do you like best about your name?,100.0,True
52,DMT seri tourèl par double-motè kout pwen an pou machin DMT-300,DMT series turret punch press for dual-motor punching machine DMT-300,DMT series dual-motorized turret punch machine DMT-300,"DMT series turret punch press for dual-motor punching machine DMT-300 | DMT-300 dual-motor turret punch press, DMT series",70.37037037037037,False
53,Sèvis oryantasyon-pozitivman chache estrateji pou sipòte gens.,Service orientation-positively seeks strategies to support people.,Service Orientation-Positively searching for strategies to support folks.,Service-oriented and proactively seeks ways to help people | Positively looks for strategies to support others,68.29268292682926,False
54,Cypress la Arizona tonbe nan kalite sa a (yo): konifèr,The Arizona Cypress falls into the following type(s): Conifers,The Arizona Cypress falls into the following type(s): coniferous,The Arizona cypress belongs to the conifer family | Arizona cypress is a conifer,69.81132075471699,False
55,Previous istwa Mikrolojisyèl E2 PBNIGMA VO 5.3 NAND de 30.06.2016 enstale nan memwa entèn WeTek.Jwe ak Lojisyèl 16.1,Previous story E2 PBNIGMA VO 5.3 NAND firmware from 30.06.2016 installed in WeTek internal memory.Play with Software 16.1,Previous story Firmware E2 PBNIGMA VX 5.3 NAND from 30.06.2016 to install to internal memory WeTek.Play with Kodi 16.1,Previous E2 PBNIGMA VO 5.3 NAND firmware from 30.06.2016 installed in WeTek internal memory. Play with Software 16.1 | Previous E2 PBNIGMA VO 5.3 NAND firmware from 30.06.2016 installed in WeTek’s internal memory. Software 16.1,76.06837606837607,False
56,"Pandan m t ap grandi, eksperyans mwen avèk lapriyè te chanje.","As I grew older, my experience with prayer changed.","As I grew up, my experience with prayer changed.","As I got older, my relationship with prayer changed. | As I grew up, my experience of prayer changed.",93.61702127659575,True
57,"Chak nan senk ti bouk ki te gen cham sèten li. Corniglia se espesyal depi li se pa sou lamè a. Sepandan, sa li manke nan plaj, li pi plis pase fè moute pou ak li yo bote pwòp inik. Corniglia santi l plis aleka pase ti bouk ki te lòt. Sepandan, li ofri yon atmosfè plis dekontrakte ak lokal. Se vilaj la souvan neglije pou santye jòb ki vrèman difisil li yo. Kontrèman ak lòt ti bouk ki te ki ka rive jwenn pa bato, Corniglia se sou tèt ti mòn yo ak pa gen okenn aksè lanmè. Sèl fason pou yo rive jwenn li se yo vwayaje chemen an senk Terre oswa nan pran tren an. Sepandan, li se esansyèl nan sonje ke tren an pa gen pitye ou nenpòt ki efò fizik. You will still need to walk some stairs to reach the village center and see everything the little village offers.","Each of the five villages has its own charm. Corniglia is special since it is not on the sea. However, what it lacks in beaches, it more than makes up for with its own unique beauty. Corniglia feels more remote than the other villages. However, it offers a more relaxed and local atmosphere. The village is often overlooked for its difficult hiking trails. Unlike the other villages that can be reached by boat, Corniglia is on top of the hills and has no sea access. The only way to reach it is to hike the Cinque Terre path or by taking the train. However, it is essential to remember that the train does not spare you any physical effort. You will still need to walk some stairs to reach the village center and see everything the little village offers.","Each of the five villages has its own charm. Corniglia is special since it is not on the sea. However, what it lacks in beaches is more than making up for with its own unique beauty. Corniglia feels more secluded than other villages. However, it offers a more relaxed and local atmosphere. The village is often overlooked for its really challenging hiking trails. Unlike other villages that can be reached by boat, Corniglia is on top of the hills and by boat.","Each of the five villages has its own charm. Corniglia is unique because it isn’t by the sea. Though it has no beach, it makes up for it with its beautiful, distinctive character. Corniglia feels more secluded than the other villages, but it has a calmer, more local feel. It’s often overlooked because of the challenging hiking trails. Unlike the other villages, which can be reached by boat, Corniglia sits high on the hill and has no sea access. The only ways to get there are by hiking the Cinque Terre trail or taking the train. But keep in mind that the train won’t save you from physical effort—you’ll still need to climb some stairs to reach the village center and see everything it has to offer. | Each of the five villages has its own appeal. Corniglia stands out because it’s not located on the sea. While it lacks beaches, it more than compensates with its unique beauty. It feels more remote than the others, yet also more relaxed and authentic. The village is often missed because of its steep hiking routes. Unlike the other villages, which are accessible by boat, Corniglia is perched on a hill with no sea access. You can only reach it by hiking the Cinque Terre path or taking the train. Even then, be prepared to climb stairs to get to the village center and fully experience the village.",75.33632286995515,False
58,Atik konpoze ak subitems.,Articles are composed of subitems.,Composite items and subitems.,Articles consist of subitems | Articles are made up of subitems,56.14035087719298,False
59,Multi-Koulè Deyò Headband,Multi-Color Outdoor Headband,Multi-Color Outdoor Headband,multicolor outdoor headband | colorful outdoor headband,98.18181818181819,True
60,Chibi ano rad pou leve,Chibi emo clothes to wear,Chibi ano dress for lifting,nice clothes to wear | clothes to put on,40.90909090909091,False
61,"IP66 Pi ke Ip65 Waterproof te DIRIJE pou konvèsyon ijans pou 40w a deyò alantou lanp sèt branch - pwodwi - Shenzhen Dengfeng pouvwa ekipman pou co, Ltd","IP66 Better Than Ip65 Waterproof LED Emergency Conversion For 40w Outdoor Lighting Fixtures - Products - Shenzhen Dengfeng Power Supply Co., Ltd.","IP66 Better Than Ip65 Waterproof LED Emergency Conversion Kit For 40w Outdoor LED Lights - Products - Shenzhen Dengfeng Power Supply Co.,Ltd",IP66 Better Than IP65 Waterproof LED Emergency Conversion for 40W Outdoor Lighting Fixtures | IP66 Waterproof LED Emergency Conversion for 40W Outdoor Lights,73.54260089686099,False
62,"Alòske l te gen dwa abandone apre yon aksidan katastwofik nan Je Olenpik 2010 yo, li te chwazi pèsevere.","While he could have given up after a catastrophic accident at the 2010 Olympics, he chose to persevere.","Though she had the right to give up after a catastrophic accident at the 2010 Winter Olympics, she chose to persevere.","He could have quit after the 2010 Olympic disaster, but he kept going. | Though he had every reason to give up after the 2010 Olympic accident, he persevered.",66.00985221674878,False
63,"Digital Temperature Controller, Tanperati Kontwolè, ENFEKSYON Tanperati Kontwolè , DIN Rail Tanperati Kontwolè , ENFEKSYON Tanperati Kontwolè Pou Fou , Tout pwodwi","Digital Temperature Controller, Temperature Controller, DIN Rail Temperature Controller, Temperature Controller For Oven, INFECTION Temperature Controller, All Products","Digital Temperature Controller, Temperature Controller, Temperature Controller, DIN Rail Temperature Controller, Temperature Controller For Oven, All Products","Digital Temperature Controller, Temperature Controller, DIN Rail Temperature Controller, Temperature Controller For Oven, Infection Temperature Controller, All Products | Digital Temperature Controller, Temperature Controller, DIN Rail Temperature Controller, Oven Temperature Controller, Infection Temperature Controller, All Products",87.14285714285714,True
64,Pwogram Home la inisyal nouvo,The Home program is new.,The new Initial Home Program,The Home program is newly launched | The Home program is brand new,72.72727272727273,False
65,Download po HD Vè 16 wè. 11.22 pou magouy 2,Download skin HD Ver 16 see. 11.22 for scam 2,Download HD Glass 16 see. 11.22 for Enigma 2,"Download HD skin version 16, see 11.22 for scam 2 | Download HD skin v16, see 11.22 for scam 2",79.06976744186046,False
66,Paj 1 nan 5 123...Denye,Page 1 of 5 123...Last,Page 1 of 5 123...Yesterday,Page 1 of 5 123...Last | 1 of 5 123...Last,81.63265306122449,True
67,Demo: Mete soti nan biwo (otomatik repons) ak Kutools pou pespektiv,Demo: Set out of office (automatic reply) with Kutools for Outlook,Demo: Set out office (automatic reply) with Kutools for Outlook,Demo: Out of Office Auto Reply with Kutools for Outlook | Demo: Automatic Out of Office Reply with Kutools for Outlook,88.13559322033898,True
68,Souvan yo sede a tantasyon avèk mesaj yo.,They often give in to temptation with their messages.,Often they succumb to temptation with their messages.,They often fall for temptation in their messages | They often give in to temptation through their messages,77.66990291262135,False
69,"Tape l yon sèl fwa pou sovgade l, epi tape l ankò pou pa sovgade l.","Tap it once to save it, and tap it again to unsave it.","Type it one time to save it, and then type it again to not save it.","Tap once to save it, tap again to unsave it | Tap it once to save, tap it again to remove it from saved",70.9090909090909,False
70,"Kolabore avèk nou, nou ka fè omwen:","Collaborating with us, we can do at least:","To cooperate with us, we can do at least:","Working with us, we can at least do: | Partner with us, and we can at least:",78.48101265822784,False
71,"Morehacks ekip gen trè bon nouvèl pou tout fanatik yo nan Asasen Kwayans seri. Asasen Kwayans Istwa Lachin se tit la premye soti nan la ""Istwa"" triloji. Karaktè prensipal se chao Jun, dènye asasen an soti nan fratènite a nan Chinesse. Apre li mets Ezio, Chao kòmanse demand li pou tire revanj kont tanpliye yo. Men, nou kite ou jwi istwa a konplè paske jwèt sa a gen youn nan storylines yo pi byen nan Asasen Kwayans Serie a.","Morehacks team has very good news for all the fans of Assassin's Creed series. Assassin's Creed Story China is the first title from the ""Story"" trilogy. The main character is Chao Jun, the last assassin from the brotherhood of Chinesse. After defeating Ezio, Chao begins his quest for revenge against the Templars. But we let you enjoy the full story because this game has one of the best storylines in the Assassin's Creed Series.","Morehacks team has very good news for all the fans of Assassin Creed series. Assassin Creed Story China is the first title from the ""History"" trilogy. The main character is Chao Jun, the last assassin from the brotherhood of Chinesse. After reading Ezio, Chao begins his quest for revenge against the Templars. But we let you enjoy the complete story because this game contains one of the best storylines in the Assassin Creed Series.","Morehacks team has great news for all Assassin’s Creed fans. Assassin’s Creed Chronicles: China is the first title in the “Chronicles” trilogy. The main character is Shao Jun, the last assassin of the Chinese Brotherhood. After meeting Ezio, Shao Jun begins her quest for revenge against the Templars. But we’ll let you enjoy the full story, because this game has one of the best storylines in the Assassin’s Creed series. | Morehacks has great news for all Assassin’s Creed fans: Assassin’s Creed Chronicles: China is the first game in the “Chronicles” trilogy. Its main character is Shao Jun, the last assassin from the Chinese Brotherhood. After meeting Ezio, she sets out to take revenge on the Templars. We’ll leave the rest for you to discover, since this game has one of the best stories in the Assassin’s Creed series.",84.11214953271028,True
72,"Nan pwochen kay la, m te wè kijan pou m te envite yon mesye inaktif pou l te retounen vin jwenn Senyè a nan konvenk li ke manm yo nan pawas la te bezwen li.","At the next home, I saw how to invite a less-active man to return to the Lord by convincing him that the members of the ward needed him.","In the next house, I saw how to invite an inactive gentleman to come back to the Lord to convince him that the members of the parish needed him.","At the next house, I learned how to encourage a less-active man to come back to the Lord by showing him the ward needed him. | At the next home, I saw how to help a less-active brother return to the Lord by convincing him the ward members needed him.",71.64179104477613,False
73,"Si touris pa Madrid, Barcelone, Alicante, Sevilla, Zaragoza, Ibiza, Valencia, Jirona, malaga, Tarragone, Bilbao, Marbella, Canary Islands, pa ezite kontakte nou, nou pral kè kontan. Yon eskòt liksye se pi bon fason yo ap depanse yon kèk jou nan konpayi bon, oswa jis yon kèk èdtan jwi epi yo te kontan, ou di nou planifikasyon pou ou, epi nou pral rekòmande pwofil la ki pi apwopriye ti fi pran an kont preferans yo ak sijesyon sou detay.","If you are a tourist from Madrid, Barcelona, Alicante, Sevilla, Zaragoza, Ibiza, Valencia, Girona, Malaga, Tarragona, Bilbao, Marbella, Canary Islands, do not hesitate to contact us, we will be happy. A luxury escort is the best way to spend a few days in good company, or just a few hours enjoying and being happy, you tell us your planning, and we will recommend the most suitable girl profile taking into account your preferences and suggestions on details.","If you tour by Madrid, Barcelona, Alicante, Sevilla, Zaragoza, Ibiza, Valencia, Girona, Travel Tarragona, Bilbao, Marbella, Canary Islands, do not hesitate to contact us, we will be happy. A luxury escort is the best way to spend a few days in good company, or just a few hours enjoying and being happy, or tell us the planning for you, and we will recommend the most appropriate profile of girls taking into account their preferences and suggestions on details.","If you’re visiting from Madrid, Barcelona, Alicante, Seville, Zaragoza, Ibiza, Valencia, Girona, Malaga, Tarragona, Bilbao, Marbella, or the Canary Islands, feel free to get in touch—we’d be delighted to help. A luxury escort is the perfect way to enjoy a few days in great company, or just a few hours of pleasure and relaxation. Tell us your plans, and we’ll recommend the most suitable girl based on your preferences and the details you provide. | If you’re a tourist in Madrid, Barcelona, Alicante, Seville, Zaragoza, Ibiza, Valencia, Girona, Malaga, Tarragona, Bilbao, Marbella, or the Canary Islands, don’t hesitate to contact us—we’ll be happy to assist. A luxury escort is an ideal way to spend a few days with good company, or simply enjoy a few hours of fun and satisfaction. Share your plans with us, and we’ll suggest the best match according to your preferences and any specific details.",75.08232711306258,False
74,"Plan leson semèn sa a nan Vini, Suiv—Pou Moun yo ak Fanmi yo genyen ladan l yon lis ekriti ki dekri lapè ak lajwa ki vini atravè Jezikri.","This week’s lesson plan in Come, Follow—For Individuals and Families includes a list of scriptures that describe the peace and joy that come through Jesus Christ.","This week's lesson plan in Vine, NEXTFor Individuals and Families includes a list of scriptures that describe the peace and joy that come through Jesus Christ.","This week’s lesson plan in Come, Follow Me—For Individuals and Families includes a list of scriptures about the peace and joy that come through Jesus Christ. | This week’s Come, Follow Me lesson for individuals and families includes scriptures describing the peace and joy found through Jesus Christ.",89.24050632911393,True
75,Nou konnen Li gen pouvwa pou pirifye nou anba tout peche nou yo.,We know that He has the power to cleanse us from all our sins.,We know that He has the power to purify us from all our sins.,We know He can cleanse us of all our sins | We know He has the power to wash away all our sins,77.47747747747748,False
76,Arkanwa jwèt sou entènèt. Jwe gratis arkanwa,Arkanoid games online. Play free Arkanoid games,Arkanoid game online. Play free Arkanoid,Online Arkanoid games | Play free Arkanoid games,82.5,True
77,"Pa gen okenn pwen nan mezire sa ki difisil touche pèdi pwa si balans ou a pa founi nan kòmanse pwa ou. Si ou se ki twò gwo, ou ta ka vle gade pou yon echèl ki gen yon seri pi laj. Anpil balans moute al 300 liv ak kèk topping soti nan mitan mwa a 400 lb seri.","There's no point in measuring that hard-earned weight loss if your scale doesn't provide your starting weight. If you're overweight, you might want to look for a scale with a wider range. Many scales go up to 300 pounds with some topping out in the mid to 400 lb range.","There is no point in measuring how hard it is to lose weight if your balance isnt enough to start your weight. If you are too big, you might want to look for a scale with a wider range. Many scales go up to 300 lbs and some topping from mid to 400 lb range.","There’s no point tracking weight loss if your scale can’t even measure your starting weight. If you’re overweight, you may want a scale with a higher limit. Many scales max out at 300 pounds, while some go up into the mid-400s. | It’s pointless to measure weight loss if your scale doesn’t record your initial weight. If you’re overweight, look for a scale with a wider range. Many scales go to 300 pounds, and some reach the mid-400s.",66.09071274298056,False
78,"Fil koulè kòd, bag 1 bò rotor:","Wire color code, ring 1 side rotor:","Wire color code, ring 1 side rotor:","Wire color code, rotor ring side 1 | Color code for wires, rotor side ring 1",79.41176470588236,False
79,"Paregzanp, ou ta ka montre yo kèk manje oubyen yon liv avèk yon kouvèti ki pa ale avèk sa k andedan kouvèti a.","For example, you could show them some food or a book with a cover that doesn't match what's inside the cover.","For example, you could show them some food or a book with a lid that does not go with what is inside the lid.","For example, you could show them something that doesn’t match what’s inside | For example, you could show them a book with a misleading cover",74.8663101604278,False
80,vBET 4.9.1 bay tradiksyon otomatik,vBET 4.9.1 provides automatic translations,vBET 4.9.1 provides automatic translations,vBET 4.9.1 offers automatic translation | vBET 4.9.1 includes automatic translations,90.47619047619048,True
81,Materyèl: epoksidik rèsine,Material: epoxy resin,Material: epoxy resin,Material: epoxy resin | Material: epoxy resin,100.0,True
82,"Ezayi 58–66: 'Redanmtè a Pral Vini nan Siyon,' Vini, Suiv Mwen—Pou Lekòldidimanch: Ansyen Testaman 2022 (2021)","Isaiah 58–66: ‘The Redeemer Will Come to Zion,’ Come, Follow Me—For Sunday School: Old Testament 2022 (2021)","Isaiah 5866: The Redeemer Will Come to Zion, he said, Come, follow Meto Sunday: Old Testament 2022 (2021).","Isaiah 58–66: “The Redeemer Will Come to Zion,” Come, Follow Me—For Sunday School: Old Testament 2022 (2021) | Isaiah 58–66: “The Redeemer Will Come to Zion,” Come, Follow Me—For Sunday School: Old Testament 2022 (2021)",87.73584905660378,True
83,"Sete kòmsi m te chita nan kote sa avèk yo, m tap gade tout bagay.","It was as if I was sitting there with them, watching everything.","As if I were sitting in that place with them, I watched everything.","It felt like I was right there with them, seeing everything | It was like I was sitting there with them, watching it all",66.11570247933885,False
84,Tanp Bangkok Thailande,Temple Bangkok Thailand,Temples Bangkok Thailand,Bangkok Temple | Thai Temple,59.09090909090908,False
85,"Sonje rèv Leyi a kote li te wè yon pwebwa ""[ki] te gen fwi dezirab pou fè kè moun kontan.""","Remember Lehi's dream in which he saw a tree ""[which] had desirable fruit to make one's heart glad.""","Remember Leah's dream where she saw a tree ""that had desirable fruit for the joy of men.""",Remember Lehi’s dream of the tree with desirable fruit | Recall Lehi’s dream about the tree whose fruit brings joy,67.56756756756756,False
86,Tip touris ki pi popilè a se petèt sa majorite moun yo asosye ak vwayaj: Touris vakans lan.,The most popular type of tourism is perhaps what most people associate with travel: vacation tourism.,The most popular type of tourism is perhaps what most people associate with travel: vacation tourism.,The most popular type of tourism is probably what most people think of as travel: vacation tourism | The most common kind of tourism is perhaps the one most people associate with traveling: vacation tourism,84.42211055276381,True
87,"Sipèb ajoute-sou pou FS2004 anvan payware kounye a gratui depi 2011 pa Nemeth Designs. Gen ladan 4 repaints plis yon trè bèl panèl 2D ak 3D kabin. Avètisman, li trè enpòtan ke ou li manyèl la.","Superb add-on for FS2004 previously payware now freeware since 2011 by Nemeth Designs. Includes 4 repaints plus a very nice 2D panel and 3D cockpit. Warning, it is very important that you read the manual.",Mt Adams and Mt St. Helens FSX &amp; P3D Hawaii Photoreal Vol 1 + Vol 2 + Vol 3 FSX &amp; P3D Photoreal Mt Everest plus Mesh FSX &amp; P3D Grand Paradis Italy - Photoreal FSX &amp; P3D Grand Canyon KGCN V2 FSX &amp; P3D Newsletter,"Excellent FS2004 add-on, formerly payware and freeware since 2011 by Nemeth Designs. Includes 4 repaints plus a very nice 2D panel and 3D cockpit. Warning: it’s very important to read the manual. | Great FS2004 add-on, once payware and free since 2011 from Nemeth Designs. Comes with 4 repaints and a very nice 2D panel and 3D cockpit. Warning: be sure to read the manual.",39.13043478260869,False
88,"Byenke nou kapab santi efò nou yo pa alawotè, Prezidan Dallin H. Oaks te pataje yon prensip enpòtan konsènan ""piti ak senp.""","Although we may feel that our efforts are not enough, President Dallin H. Oaks shared an important principle about “small and simple.”","Although we may feel our efforts are not mutually exclusive, President Dallin H. Oaks shared an important principle regarding gentleness and simplicity.","Although we may feel our efforts fall short, President Dallin H. Oaks shared an important principle about “small and simple.” | Even when we feel our efforts aren’t enough, President Dallin H. Oaks taught an important principle about “small and simple.”",78.98550724637681,False
89,"Epi, konsa, nou wè si Senyè a pa chatye pèp li anba anpil afliksyon, wi, si l pa vizite yo avèk lanmò, ak lakrent, ak grangou, e ak tout kalite lapès, yo p ap sonje l.","And thus we see that if the Lord does not chasten his people with many afflictions, yea, if he does not visit them with death, and with fear, and with famine, and with all manner of pestilence, they will not remember him.","And so, we see that if the Lord does not dispel his people from great affliction, yes, if he does not visit them with death, and lacrent, and hunger, and with every kind of misery, they will not remember him.","And so we see that unless the Lord disciplines his people through many trials, yes, unless he visits them with death, fear, famine, and every kind of plague, they will not remember him | Thus we see that if the Lord does not humble his people with many afflictions, even with death, fear, famine, and all kinds of pestilence, they will not remember him",72.95918367346938,False
90,M te ale nan Ikrèn ak Larisi plizyè fwa.,I have been to Ukraine and Russia several times.,I have visited Ukraine and Russia several times.,I’ve traveled to Ukraine and Russia several times. | I’ve visited Ukraine and Russia a number of times.,83.33333333333334,True
91,"No.1, 2B, BA, HL, Iwa, NO.4, 8K, plak blanch PVC, lazè plak blanch, elatriye.","No.1, 2B, BA, HL, Mirror, NO.4, 8K, PVC white plate, laser white plate, etc.","No.1, 2B, BA, HL, Mirror, NO.4, 8K, PVC coating, laser coating, etc.","No.1, 2B, BA, HL, Mirror, No.4, 8K, PVC white sheet, laser white sheet, etc. | No.1, 2B, BA, HL, mirror finish, No.4, 8K, PVC white sheet, laser white sheet, etc.",77.86259541984732,False
92,Pèsonalize ak anrejistre yon mesaj salitasyon nan meni prensipal telefòn nan,Personalize and record a greeting message from the phone's main menu,Personalize and record a greeting message in the phones main menu,Set up and record a greeting from the main menu | Customize and record a greeting from the phone’s main menu,82.64462809917356,True
93,Norton Sekirite kle,Norton Security Key,Norton Security Key,Norton Security Key | Norton Secure Key,100.0,True
94,Avanse Problemsolving-Idantifye difikilte konplike ak revize enfòmasyon ki enpòtan analize ak yo devlope posiblite epi aplike solisyon.,Advanced Problemsolving-Identifying complex problems and reviewing relevant information to analyze and develop options and implement solutions.,Advanced Problemsolving-Identifying complicated difficulties and reviewing relevant information analyze and to develop possibilities and implement solutions.,Advanced Problem Solving | Complex Problem Solving,65.21739130434783,False
95,CSGOBET.CLICK - sit ki gen BIG LIS nan tout Pi bon sit entènèt yo parayj CSGO,CSGOBET.CLICK - site with BIG LIST of all the Best CSGO Betting Websites,CSGOBET.CLICK  SITE WITH BIG LIST OF ALL THE BEST BETTING CSGO WEBSITES,CSGOBET.CLICK - site with a huge list of the best CSGO betting sites | CSGOBET.CLICK - website featuring a big list of top CSGO betting sites,82.01438848920863,True
96,"Seantòm t ap di ""non"" ankò, men jij yo t ap w san sou rad li.","Seantom would say ""no"" again, but the judges would see blood on his clothes.","Seantum will not say ""no"" anymore, but the judges will not comment on her clothes.","Seantom kept saying no, but the judges saw blood on his clothes | Seantom was still saying no, yet the judges noticed blood on his clothes",68.96551724137932,False
97,Kalmason Bòb 5: Renmen parabòl,Snail Bob 5: Love Parables,Snail Bob 5: Love Fairy Tale,Snail Bob 5: Love Stories | Snail Bob 5: Parables of Love,79.16666666666666,False
98,"Lè w pa konnen kijan pou reponn yon kesyon yon manm klas la, panse reponn pa envite klas la pou chèche yon repons ansanm nan ekriti yo epi pataje sa yo jwenn.","When you don't know how to answer a class member's question, consider responding by inviting the class to search the scriptures together for an answer and sharing what they find.","When you do not know how to answer a question from a member of the class, think about answering by inviting the class to seek an answer together in the scriptures and then sharing what they find.","If you’re unsure how to answer a class member’s question, invite the class to look in the scriptures together for the answer and share what they find. | When you don’t know how to respond to a class member’s question, have the class search the scriptures together for an answer and discuss what they discover.",61.449275362318836,False
99,"Moun ki pa marye, double sèn nan isolator Fibre Opti...","Single, double stage in the Fiber Opti isolator...","Single, dual stage of Fiber Opti...","single, double-stage fiber optic isolator | unmarried, double-stage fiber optic isolator",81.81818181818181,True
100,Benediksyon obsèvasyon jou Saba a.,Blessings of Sabbath observance.,Blessed is the observance of the Sabbath.,Blessings of keeping the Sabbath | Sabbath observance blessings,63.01369863013699,False
101,"Omwen 500 milyon moun konte sou resif koray pou manje, pwoteksyon bò lanmè, ak mwayen pou viv. ref","At least 500 million people rely on coral reefs for food, coastal protection, and livelihoods. ref","At least 500 million people rely on coral reefs for food, coastal protection, and livelihoods. ref","At least 500 million people depend on coral reefs for food, shoreline protection, and their livelihoods. | Coral reefs support the food, coastal safety, and livelihoods of at least 500 million people.",81.63265306122449,True
102,"Moun ki afiche li Rob Y. on April 26, 2014 Leave a Comment","Posted by Rob Y. on April 26, 2014 Leave a Comment","Posted by Rob Y. on April 26, 2014 Leave a Comment","Posted by Rob Y. on April 26, 2014 Leave a Comment | Published by Rob Y. on April 26, 2014 Leave a Comment",100.0,True
103,Jwèt Sal pou lave Online,Laundry Room Game Online,Game Washing Room Online,Online Laundry Game | Laundry Game Online,62.857142857142854,False
104,"7. Senp operasyon, ak pati pyès sa yo prensipal yo se tout soti nan manifaktirè ki renome entènasyonalman;","7. Simple operation, and the main spare parts are all from internationally renowned manufacturers;","7. Simple operation, and the main parts are all from internationally renowned manufacturers;","Easy to operate, with key components from world-renowned manufacturers | Simple to use, with major parts sourced from internationally recognized brands",67.83625730994152,False
105,pcs 1KW RF pouvwa modil. Total pwodiksyon pouvwa se trè ki estab gras a AGC,pcs 1KW RF power module. Total output power is very stable thanks to AGC,1KW pcs RF power module. Total output power is very stable thanks to AGC,1KW RF power module. Total output power is very stable thanks to AGC | 1KW RF power module. The total output power remains very stable thanks to AGC,97.14285714285714,True
106,Anvizaje li Alma 5:14–33 kòm si ou t ap fè entèvyou avèk tèt ou epi egzaminen kè w.,Consider reading Alma 5:14–33 as if you were interviewing yourself and examining your heart.,Aim to read Alma 5:1433 as if you were to interview yourself and examine your heart.,Consider Alma 5:14–33 as a self-interview and examine your heart. | Read Alma 5:14–33 as if you were questioning yourself and searching your heart.,81.92771084337349,True
107,Seri plizyè lespri se yon lokasyon an te mennen ekspozisyon ak estrikti impermèable inik activer ap itilize nan gwo lapli a. Chwazi poul SMD (3 nan yon sèl) fè tout ekran lestonmak plis sou vant.,Multi-smart series is a rental led display with unique waterproof structure to enable using in heavy rain. Choosing SMD LEDs (3 in 1) makes the whole screen more simple and affordable.,Multi-Smart Series is a rental led display with unique waterproof structure to activate using in the rain. Choose SMD LEDs (3 in one) to make all screens more affordable.,Multi-smart series is a rental LED display with a unique waterproof design for use in heavy rain | Choosing SMD LEDs (3-in-1) makes the whole screen simpler and more affordable,75.88235294117646,False
108,nòt: Ou ka byen rapid chanje plizyè atachman nan chwazi imel nan yon fwa ak la Chanje tout sèvis piblik nan Kutools pou pespektiv.,Note: You can quickly change multiple attachments in selected emails at once with the Change All utility of Kutools for Outlook.,Note: You can quickly change multiple attachments of selected email at once with the Change All utility of Kutools for Outlook.,"Note: You can quickly replace multiple attachments in selected emails at once using Kutools for Outlook’s Change All feature. | Note: With Kutools for Outlook, you can quickly change all attachments in selected emails at once.",80.8695652173913,True
109,Mande yo kisa yo ka aprann nan vèsè sa yo sou fason yo ka vin menmjan avèk Jezi kounyeya.,Ask them what they can learn from these verses about how they can become like Jesus now.,Ask them what they can learn from these verses about how they can become like Jesus now.,Ask them what these verses teach them about becoming more like Jesus now. | Ask them what they can learn from these verses about how to be more like Jesus today.,89.01734104046243,True
110,Kalite RS-FB65-C,Type RS-FB65-C,Type RS-FB65-C,RS-FB65-C | RS-FB65-C,83.33333333333334,True
111,[ Nouvèl an brèf ],[ News in brief ],[ News Brief ],brief news | news roundup,60.0,False
112,Sa a se yon konpetisyon de jou. View Fèy enfòmasyon pou plis enfòmasyon.,This is a two-day competition. View the fact sheet for more information.,This is a competition of the day. View information sheet for more information.,This is a two-day event. See the fact sheet for more details. | This is a two-day competition. Check the fact sheet for more information.,76.82119205298014,False
113,Hotel Pwodwi pou Telefòn,Hotel Accessories,Hotel accessories,Hotel Supplies | Hotel Amenities,68.75,False
114,Hop sou hop off naples kat jeyografik,Hop on hop off naples map,Hop on hop off naples map,Naples hop-on hop-off map | Hop-on hop-off Naples map,92.0,True
115,"Lachin Azòt ti Plant Fabricants, ke founisè, faktori, Ekspòtè yo, machann - pwodwi - Zhejiang Yuanda de lè separasyon ekipman co, Ltd","China Nitrogen Small Plant Manufacturers, Suppliers, Factory, Exporters, Sellers - Products - Zhejiang Yuanda Air Separation Equipment Co.,Ltd","China Nitrogen Generator Plant Manufacturers, Suppliers, Factory, Exporters, Seller - Products - Zhejiang Yuanda Air Separation Equipment Co.,Ltd","China Nitrogen Small Plant Manufacturers | Zhejiang Yuanda Air Separation Equipment Co., Ltd.",74.50980392156863,False
116,"Lis tout pale anglè Pale anglè konmanse ak camera, Pale anglè ki gen camera ni ni Pale anglè mete fen ak camera","List all English words English words starting with camera, English words that contain camera or English words ending with camera","List all English words English words starting with camera, English words that contain camera or English words ending with camera","List all English words starting with camera, English words containing camera, or English words ending with camera | List all English words that begin with camera, include camera, or end with camera",90.45643153526972,True
117,Kisa eksperyans Joseph Smith avèk vèsè sa yo te anseye w sou chèche sajès konsènan pwòp kesyon pa w yo? (gade Joseph Smith—Istwa 1:10–17).,What has Joseph Smith’s experience with these verses taught you about seeking wisdom regarding your own questions? (see Joseph Smith—History 1:10–17).,What did Joseph Smiths experience with these verses teach you about seeking wisdom regarding your own questions? (see Joseph Smiths Chronicles 1:1017).,What did Joseph Smith’s experience with these verses teach you about seeking wisdom for your own questions? | What lessons did Joseph Smith’s experience with these verses teach you about finding wisdom for your own questions?,83.27137546468401,True
118,8:00 nan la - 4:00 pm Nivo 1 Konpetisyon,8:00 am - 4:00 pm Level 1 Competition,8:00 am - 4:00 pm Level 1 Competition,8:00 am - 4:00 pm Level 1 Competition | 8:00 AM to 4:00 PM Level 1 Contest,100.0,True
119,Medsin ak ekipman medikal (75),Medicine and medical equipment (75),Medicine &amp; Medical Equipment (75),Medicine and medical supplies | Medicines and medical equipment,82.35294117647058,True
120,"M prezante nou Josephine, yon jènfi devwe ki soti an Afrik, ki reyangaje tèt li pou l etidye Liv Mòmon an chak jou.","introduce you to Josephine, a dedicated young woman from Africa, who has recommitted herself to studying the Book of Mormon every day.","I introduced you to Josephine, a young devout woman from Africa, who devoted herself to studying the Book of Mormon every day.","Let me introduce Josephine, a devoted young woman from Africa who has committed herself to studying the Book of Mormon every day. | I’d like to introduce Josephine, a dedicated young woman from Africa who has renewed her commitment to studying the Book of Mormon daily.",84.12698412698413,True
121,Kijan m ka suiv konsèy ki nan Doktrin ak Alyans 88:118 yo?,How can I follow the counsel in Doctrine and Covenants 88:118?,How can I follow the advice of Doctrine and Covenants 88:118?,How can I follow the counsel in Doctrine and Covenants 88:118? | How can I apply the advice in Doctrine and Covenants 88:118?,89.25619834710744,True
122,"Kenbe ansèyman sa yo nan panse w pandan w ap li pawòl Senyè a, yo bay atravè pwofèt Zakari a, pou ankouraje Izrayèl pou vin pi sen an: Zakari 1:1–6; 3:1–7; 7:8–10; 8:16–17.","Keep these teachings in mind as you read the words of the Lord, given through the prophet Zechariah, to encourage Israel to become more holy: Zechariah 1:1–6; 3:1–7; 7:8–10; 8:16–17.","Keep these teachings in your mind as you read the words of the Lord, which were given through the prophet Zechariah, to encourage Israel to become the most holy: Zechariah 1:16; 3:17; 7:810; 8:1617.","Keep these teachings in mind as you read the Lord’s words through the prophet Zechariah, which were given to encourage Israel to live more holy lives: Zechariah 1:1–6; 3:1–7; 7:8–10; 8:16–17. | Remember these teachings as you read the Lord’s message through the prophet Zechariah, meant to help Israel become more holy: Zechariah 1:1–6; 3:1–7; 7:8–10; 8:16–17.",79.69151670951156,False
123,Y-2828 a la mòd po egzekitif adaptab segondè dèyè chèz foto biwo mèb,Y-2828 modern leather executive adjustable high back chair photo office furniture,Y-2828 modern executive pot adjustable high back photo chair office furniture,modern executive office chair | adjustable high-back leather office chair,72.72727272727273,False
124,Estati Bobine Tansyon Leveling machin,Metal Coil Tension Leveling Machine,Metal Coil Tension Leveling Machine,Metal Coil Tension Leveling Machine | Coil Tension Leveling Machine,100.0,True
125,Mounting twou dyamèt,Mounting hole diameter,Mounting hole diameter,mounting hole diameter | mounting-hole diameter,100.0,True
126,HIPAA konsènan Beth Israel Deaconess Hospital - Milton,HIPAA regarding Beth Israel Deaconess Hospital - Milton,HIPAA regarding Beth Israel Deaconess Hospital - Milton,HIPAA notice for Beth Israel Deaconess Hospital - Milton | HIPAA information for Beth Israel Deaconess Hospital - Milton,85.45454545454545,True
127,Total pouvwa (kw):,Total power (kw):,Total power (kw):,Total power | Total capacity,82.75862068965517,True
128,"Etandone gen konsekans negativ ki souvan suiv peche, nou gen dwa konsidere kèk nan malè nou yo kòm rezilta move aksyon nou fè.","Since there are negative consequences that often follow sin, we may consider some of our misfortunes to be the result of our wrong actions.","Given the negative consequences that often follow sin, we may view some of our misfortunes as the result of bad actions we do.","Since sin often brings negative consequences, some of our troubles may be the result of our own wrongdoing. | Because wrongdoing often has negative consequences, we may see some of our hardships as the result of our own actions.",70.27027027027026,False
129,Medya sosyal ak lòt teknoloji kapab pran anpil nan tan ou san yo pa gen anyen y ap ba ou anretou.,Social media and other technologies can take up a lot of your time without giving you anything in return.,Social media and other technologies can take up a lot of your time without giving you anything back.,Social media and other tech can be a huge time drain with nothing to show for it. | Social media and technology can waste a lot of your time without giving you anything back.,90.52631578947368,True
130,"Lafwa, lagraz, ak zèv.","Faith, grace, and works.","Faith, grace, and deeds.","faith, grace, and deeds | faith, grace, and actions",97.87234042553192,True
131,Ameriken limyè Asye Villa,American Light Steel Villa,American Light Steel Villa,American Light Steel Villa | American-style Light Steel Villa,100.0,True
132,Prince peyi Pès la 3 (Prince peyi Pès la),Prince of Persia 3 (Prince of Persia),Prince of Persia 3 (Prince of Persia),Prince of Persia 3 | Prince of Persia,95.89041095890411,True
133,"Antrenè a te pwofesyonèl ak ase nan konesans, li te esplike sijè yo an detay epi libere pi fò nan demann nou an","The trainer was professional and knowledgeable, he explained the topics in detail and answered most of our questions.","The coach was professional with ample of knowledge, he explained the topics in detail and freed most of our requests","The trainer was professional and knowledgeable, and explained everything in detail | The trainer was professional and knowledgeable, and answered most of our questions",64.64646464646464,False
134,"Royal Holloway, University of London - Etid nan Wayòm Ini","Royal Holloway, University of London - Study in the United Kingdom","Royal Holloway, University of London - Study in the United Kingdom",Study in the UK | UK Study Program,62.295081967213115,False
135,"Et, jis kòm yon ti kras enteresan bagay sa, sa rive si nou pran transpose de transpose la?","And, just as a little interesting thing, what happens if we take the transpose of the transpose?","And just as this is a little bit interesting, what if we take transpose from the transpose?","And, just as a little interesting thing, what happens if we take the transpose of the transpose? | And, as a little fun aside, what happens if we transpose the transpose?",79.12087912087912,False
136,"Pandan Alma ta pral fè rebelyon kont Bondye,","As Alma was about to rebel against God,","While Alma would rebel against God,",As Alma was about to turn against God | As Alma was on the verge of rebelling against God,68.85245901639344,False
137,Èske w ap obeyi Pawòl Sajès la?,Will you obey the Word of Wisdom?,Will you obey the Word of Wisdom?,Will you follow the Word of Wisdom? | Will you keep the Word of Wisdom?,90.9090909090909,True
138,"Avèk domèn pwogresyon yo sigjere nan Lik 2:52 yo kòm gid, planifye sèvis amizan ak angajan ak aktivite ki bati temwayaj, ki fòtifye fanmi epi ki ankouraje inite ak pwogresyon pèsonèl.","Using the areas of progression suggested in Luke 2:52 as a guide, plan fun and engaging services and activities that build testimonies, strengthen families, and encourage unity and personal progression.","With the progression domains suggested in Luke 2:52 as guidelines, plan fun and engaging services and activities that build testimony, strengthen families and promote unity and personal progression.","Using the areas of growth in Luke 2:52 as a guide, plan fun, engaging activities that build testimonies, strengthen families, and promote unity and personal growth. | Use the growth areas in Luke 2:52 to plan enjoyable, engaging services and activities that strengthen testimonies, families, unity, and personal development.",79.32960893854748,False
139,Aya kamizol Mete Modèl PDF Koud – Tailoress nan,Aya Camisole Set PDF Sewing Pattern – The Tailoress,Aya Jumper Set PDF Sewing Pattern  The Tailoress,Aya Camisole Set PDF Sewing Pattern – The Tailoress | Aya Camisole Sewing Pattern PDF – The Tailoress,85.41666666666666,True
140,Li te nan New York City; se te yon biznisman ki te byen reyisi.,He was in New York City; he was a very successful businessman.,He was in New York City; he was a successful businessman.,He was in New York City; he was a successful businessman. | He was in New York City; he was a very prosperous businessman.,100.0,True
141,Long lavi ak segondè Reliability,Long life and high reliability,Long life and high Reliability,Long life and dependable performance | Durable and reliable for years,67.9245283018868,False
142,"Nou menm tou nou gen privilèj pou nou viv nan yon epòk eksepsyonèl. Pwofèt nan tan pase yo te wè travay Retablisman an kòm ""yon travay mèveye... , wi, yon pwodij ak yon mèvèy."" Okenn nan dispansasyon anvan yo pa t gen anpil misyonè konsa ki te aple, anpil nasyon konsa ki te ouvri pou mesaj levanjil la, ak anpil tanp konsa ki te bati toupatou nan mond lan.","We too are privileged to live in an exceptional time. Prophets of old have seen the work of the Restoration as “a marvelous work … , yea, a wonder and a marvel.” In no previous dispensation have so many missionaries been called, so many nations been opened to the gospel message, and so many temples have been built throughout the world.","We too have the privilege of living in an exceptional era. The prophets of old saw the work of the Restoration as ""a marvelous work... yes, a prodigy and a marvel."" None of the dispensations before had so many missionaries being called, so many nations being open to the gospel message, and so many temples being built all over the world.",We are privileged to live in an extraordinary time. | We are blessed to live in a remarkable era.,57.73195876288659,False
143,"Epi kounyeya, gade frè w yo plenyen, yo di se yon bagay ki rèd mwen te mande yo fè;","And now, behold, thy brethren complain, saying, It is a hard thing that I have asked of them;","And now, behold, your brothers are complaining, saying it is a harsh thing I have asked them to do;","And now your brothers are complaining, saying I asked too much of them | Now look, your brothers are grumbling, saying what I asked was too difficult",73.07692307692308,False
144,FamilySearch se yon sit entènèt ki oryante sou fanmi nan objektif pou l apwopriye pou moun tout laj.,FamilySearch is a family-oriented website designed to be appropriate for people of all ages.,FamilySearch is a family-oriented website with the goal of being suitable for people of all ages.,FamilySearch is a family-friendly website for all ages | FamilySearch is a family-oriented site suitable for people of all ages,83.8323353293413,True
145,Etap 3: Modelling fidbak la delika yo bay nan forceps bipolè pandan y ap kominike avèk tisi yo nan sèvo pandan operasyon ak rechèch konsantre sou modèl frotman yo ak kontak ant klinèks la mou ak enstriman mizik yo ak yon algorithm rann aptik ki se kapasite nan kalkil an tan reyèl.,Step 3: Modeling the delicate feedback provided by bipolar forceps as they interact with brain tissue during surgery and research focused on the friction patterns and contact between the soft tissue and the instruments with a haptic rendering algorithm that is capable of real-time computation.,Step 3: Modeling the delicate feedback provided by bipolar forceps while interacting with the brain tissues during surgery and research focusing on their friction patterns and the contact between the soft tissue and instruments and an optical rendering algorithm that is capable of real-time calculation.,"Step 3: Modeling the subtle tactile feedback of bipolar forceps during brain surgery, along with research into friction and contact between soft tissue and instruments using a real-time haptic rendering algorithm | Step 3: Simulating the delicate feel of bipolar forceps as they interact with brain tissue in surgery, with a focus on soft-tissue friction and contact through a real-time haptic rendering algorithm",69.77611940298507,False
146,"Joyelectric Entènasyonal se yon pwofesyonèl Lachin bag prensipal Pwodwi pou Telefòn inite manifakti, distribitè ak founisè, Byenveni nan lòd bag prensipal Pwodwi pou Telefòn inite pwodwi ki soti nan faktori nou yo ak konpayi.","Joyelectric International is a professional China main ring accessories unit manufacturer, distributor and supplier, welcome to order main ring accessories unit products from our factory and company.","Joyelectric International is a professional China ring main accessories unit manufacturer, distributor and supplier, welcome to order ring main accessories unit products from our factory and company.","Joyelectric International is a professional Chinese manufacturer, distributor, and supplier of main ring accessory units. Welcome to order main ring accessory unit products from our factory and company. | Joyelectric International is a leading China-based manufacturer, distributor, and supplier of main ring accessories. We welcome you to place orders for main ring accessory unit products directly from our factory and company.",81.90954773869346,True
147,"Tapi ski SunKid te fè yon gwo siksè nan Fenlann: pi gwo resous ski Finland an, Levi se yon resous ski ki gen tout pouvwa a ras Slalom Mondyal nan 2012. Trè popilè nan Ewòp [Plis ...]","SunKid ski mats have been a great success in Finland: Finland's largest ski resort, Levi is a ski resort that hosted the World Slalom race in 2012. Very popular in Europe [More...]","But SunKid skiing has been a great success in Finland: Finland's largest ski resort, Levi is a ski resource that hosts the World Slalom race in 2012. Very popular in Europe [more...]","SunKid ski mats have been a big hit in Finland: Levi, Finland’s largest ski resort, hosted the 2012 World Slalom race. Very popular in Europe [More...] | SunKid ski mats have been hugely successful in Finland: Levi, the country’s biggest ski resort, was the venue for the 2012 World Slalom World Cup slalom race. Popular across Europe [More...]",75.07507507507508,False
148,Mwen te si ranpli ak rekonesans ak lanmou pou Papa m ki nan Syèl la ak Sovè m nan.,I was so filled with gratitude and love for my Heavenly Father and my Savior.,I was filled with gratitude and love for my heavenly Father and my Savior.,I was so full of gratitude and love for my Heavenly Father and my Savior | I felt deeply grateful and loving toward my Heavenly Father and my Savior,90.41095890410959,True
149,batri ki opere bisiklèt 20 pous batri kache,battery operated bicycle 20 inch hidden battery,Battery-operated bicycle 20 inch hidden battery,20-inch electric bike with hidden battery | 20-inch e-bike with concealed battery,57.446808510638306,False
150,Jezikri konprann enjistis epi Li gen pouvwa pou pote remèd pou sa.,Jesus Christ understands injustice and has the power to bring about a remedy for it.,Jesus Christ understands injustice and He has the power to cure it.,Jesus Christ understands injustice and can make things right | Jesus Christ knows injustice and has the power to set it right,79.06976744186046,False
151,Senyè a te konnen pwoblèm Aga epi L gen yon plan pou te ede li.,The Lord knew Hagar's problem and had a plan to help her.,The Lord knew what was wrong with Hagar and He has a plan to help her.,The Lord knew Hagar’s trouble and had a plan to help her | The Lord understood Hagar’s situation and planned to help her,74.60317460317461,False
152,E kisa kit te tèlman gen gwo enpak sou lavi l nan obsèvasyon senp sa a?,And what was it about this simple observation that had such a profound impact on his life?,And what kit has so greatly impacted his life through this simple observation?,What was it about this simple observation that had such a profound impact on his life? | What was it about this simple observation that changed his life so deeply?,62.82051282051282,False
153,Manman nan syèl la,Mother in heaven,Mother in Heaven,Oh my God | Dear Lord,38.70967741935484,False
154,"Moneygram (kondisyonèl, tanpri kontakte nou pou plis detay);","Moneygram (conditional, please contact us for more details);","Moneygram (conditional, please contact us for more details);","Moneygram (if applicable, please contact us for more details) | Moneygram (subject to conditions, please contact us for more details)",88.07339449541286,True
155,Flash jwèt sou aladen. Jwèt aladen sou entènèt gratis,Flash games about Aladdin. Aladdin games online for free,Flash games about Aladdin. Aladdin games online free,Aladdin flash games | Free online Aladdin games,68.96551724137932,False
156,"Lè nou suiv doktrin Kris la epi nou antre nan twoupo a atravè lafwa nan Jezikri, repantans, batèm ak konfimasyon, epi nou kontinye avèk fidelite,17 Alma pwomèt kat benediksyon pèsonèl ak espesifik.","As we follow the doctrine of Christ and come into the fold through faith in Jesus Christ, repentance, baptism, and confirmation, and continue faithfully,17 Alma promises four personal and specific blessings.","When we follow the doctrine of Christ and enter the fold through faith in Jesus Christ, repentance, baptism and confirmation, and we continue with fidelity,17 Alma promises four personal and specific blessings.","As we follow Christ’s doctrine and enter the fold through faith in Jesus Christ, repentance, baptism, and confirmation, and remain faithful, Alma promises four personal blessings. | By following the doctrine of Christ and coming into the fold through faith in Jesus Christ, repentance, baptism, and confirmation, and continuing faithfully, Alma promises four specific personal blessings.",84.26150121065376,True
157,Envite yon gwoup timoun pou soti nan sal la.,Invite a group of children to leave the room.,Invite a group of children out of the room.,Ask a group of children to go outside | Tell the kids to leave the room,70.27027027027026,False
158,"Li vini atravè revelasyon pèsonèl, ke yo te pale ak anseye maten an.","It comes through personal revelation, which was spoken and taught this morning.","It comes through personal revelation, being spoken and taught in the morning.","It comes through personal revelation, as spoken and taught this morning | It comes by personal revelation, as discussed and taught this morning",90.54054054054053,True
159,"Koulè diferan disponib tout pi bèl pase youn ak lòt: Nwa, vèt, ble, woz, Orange, Blan.","Different colors available, all more beautiful than each other: Black, Green, Blue, Pink, Orange, White.","Different colors available are all prettier than each other: Black, green, blue, pink, orange, white.","A variety of beautiful colors available: Black, Green, Blue, Pink, Orange, White | Multiple attractive color options available: Black, Green, Blue, Pink, Orange, White",71.00591715976333,False
160,"S iPhone a te gen yon ekselan aryè kamera tou kamera iSight an ak Labour MP ekspozisyon 8 yon ak yon objectif kristal safi kouvri ak aparans tankou tout bon nan flash, oto imaj stabilizasyon, ak anpil lòt kichòy. Sa se yon gwo mak pou 5S iPhone la. Men sa kapab tou pou repare.","The iPhone S had an excellent rear camera, including the iSight camera and an 8 MP Labor display with a sapphire crystal lens and features like a real flash, automatic image stabilization, and much more. This is a big plus for the iPhone 5S. But that can also be fixed.","The iPhone S has an excellent rear camera as well as the iSight Camera and Labour MP display 8 A with a crystal clear lens coated with features such as good quality of flash, auto image stabilization, and many other features. This is a great feature for the iPhone 5S. But it can also be repaired.","The iPhone 5S had an excellent rear camera, including the iSight camera and an 8 MP display with a sapphire crystal lens, plus features like a real flash, automatic image stabilization, and more. That’s a big plus for the iPhone 5S. But that can also be improved. | The iPhone 5S came with a great rear camera, including the iSight camera and an 8 MP display with a sapphire crystal lens, along with features like a true flash, automatic image stabilization, and more. That’s a major advantage for the iPhone 5S. But it can still be fixed.",74.64285714285714,False
161,Jwèt Solitèr 2 sou entènèt. Jwe pou gratis,Solitaire 2 game online. Play for free,Game Solitaire 2 online. Play for free,Solitaire 2 online game. Free to play | Play Solitaire 2 online for free,85.29411764705883,True
162,"Kolabore ak lòt downline medikal, ki gen ladan enfimyè oswa doktè, yo ka fè anjyografik oswa inik metòd vaskilè.","Collaborating with other medical downlines, including nurses or doctors, they can perform angiographic or unique vascular methods.","In collaboration with other medical downlines, including nurses or doctors, they can perform angina or unique vascular methods.","They can work with other medical staff, including nurses and doctors, to carry out angiographic or specialized vascular procedures. | They may collaborate with nurses and doctors to perform angiography or other advanced vascular techniques.",68.50393700787401,False
163,Email Apwobasyon Paran,Parent Approval Email,Email Parent Approval,Parental Consent Email | Parent Permission Email,71.42857142857143,False
164,"Nan pawas ak branch ki kòmanse twazèdtan yo a avèk reyinyon Prètriz ak Sosyete Sekou yo, Primè a dwe vire orè sa a, epi kòmanse avèk Peryòd Echanj lan pou klas Primè yo ka fèt nan menm tan avèk klas Lekòldidimanch yo.","In wards and branches that begin their three-hour sessions with Priesthood and Relief Society meetings, the Primary should reverse this schedule and begin with the Exchange Period so that Primary classes can be held at the same time as Sunday School classes.","In parishes and chapels that begin the three-hour meeting with the Priestry and Relief Society, the Primary must turn this schedule, and begin with the Exchange Period so that the Primary classes can be held at the same time as the Sunday School classes.","In wards and branches that start their three-hour block with Priesthood and Relief Society meetings, Primary should switch the schedule and begin with Sharing Time so Primary classes can meet at the same time as Sunday School classes. | In wards and branches where the three-hour block begins with Priesthood and Relief Society, Primary should reverse the order and start with Sharing Time so Primary classes can be held alongside Sunday School classes.",75.81967213114754,False
165,kW sou itilizasyon kadriyaj,kW on grid usage,kW on grid usage,grid power usage | grid electricity usage,62.5,False
166,Etidye lavi Kris la.,Study the life of Christ.,Study the life of Christ.,Study Christ’s life | Learn about the life of Christ,88.88888888888889,True
167,Depatman an nan plant,The department of plants,the Department of Plant,plant department | botanical department,69.56521739130434,False
168,nan Liv Egzòd,in the Book of Exodus,the Book of Exodus,in Exodus | in the Book of Exodus,100.0,True
169,segondè Kalite Pvc,High Quality Pvc,High Quality Pvc,High-quality PVC | Premium PVC,93.75,True
170,2018 2 Rejim Semèn Koupon: Save Soti nan De semèn ou Rejim Sistèm Lòd,2018 2 Week Diet Coupons: Save From Your Two Week Diet System Order,2018 2 Week Diet Coupon: Save From Your Two Week Diet System Order,2018 2-Week Diet Coupons: Save on Your Two-Week Diet System Order | 2018 Two-Week Diet Coupons: Save on Your Diet System Order,93.12977099236642,True
171,"Manm klas la ta kapab revize Jenèz 6–8 oubyen Moyiz 8:13–30 epi twouve yon bagay yo santi ki se yon avètisman enpòtan pou epòk pa nou an ak yon bagay yo kapab konsidere ki rasiran (gade nan ""Resous Adisyonèl yo"")tou.",Class members could review Genesis 6–8 or Moses 8:13–30 and find something they feel is an important warning for our day and something they can find reassuring (see “Additional Resources” as well).,"The class member could review Genesis 68 or Moses 8:1330 and find something they feel is an important warning for our era and something they can consider reassuring (see ""Additional Resources"")also.",Class members could review Genesis 6–8 or Moses 8:13–30 and find something they feel is an important warning for our day and something reassuring as well. | Class members could study Genesis 6–8 or Moses 8:13–30 and identify both an important warning for our day and something comforting or reassuring.,82.95454545454545,True
172,Pa mande pou jailbreak sou iOS,Does not require jailbreak on iOS,Do not require jailbreak on iOS,No jailbreak needed on iOS | Works without jailbreaking iOS,66.66666666666667,False
173,yo mikrofòn nan Knowles,they are microphones from Knowles,the microphone of Knowles,Knowles microphones | microphones made by Knowles,68.0,False
174,Bòs otè: Bob Taylor,Author: Bob Taylor,Expert Author: Bob Taylor,Written by Bob Taylor | By Bob Taylor,63.829787234042556,False
175,OMNI ki pi Confiant Lachin bon mache kouto lazè ou ak Chinwa Lazè graveur Manifakti.,OMNI is your most trusted China cheap laser cutter and Chinese Laser Engraver Manufacturer.,OMNI is the most trustworthy China cheap laser cutter manufacturer and Chinese Laser Engraver Manufacturer.,"OMNI, your trusted source for affordable Chinese laser cutters and engravers | OMNI, your reliable China laser cutter and engraver manufacturer",63.1578947368421,False
176,Nou Nou - CLOSED 200 m,Nou Nou - CLOSED 200 m,New - CLOSED 200 m,Closed 200 m | Temporarily closed 200 m,83.87096774193549,True
177,Kouman levanjil Jezikri a ka chanje nou?,How can the gospel of Jesus Christ change us?,How can the gospel of Jesus Christ change us?,How can the gospel of Jesus Christ transform us? | How can the gospel of Jesus Christ change our lives?,95.55555555555556,True
178,"Pwofondè l nan 600, 800,1000 mm se si ou vle;","Its depth of 600, 800,1000 mm is optional;","Depth within 600, 800,1000 mm optional;","Depth options: 600, 800, or 1000 mm | Available in 600, 800, or 1000 mm depths",72.0,False
179,Yon temwayaj vire nou nan direksyon Papa nou ki nan Syèl la ak Pitit Gason Divin L lan.,A testimony turns us toward our Heavenly Father and His Divine Son.,A testimony that turns us towards our Father in Heaven and the Divine Son.,A testimony points us to our Heavenly Father and His Divine Son | A testimony leads us to our Heavenly Father and His Divine Son,70.58823529411764,False
180,Dokiman ki Domaje oswa Pa klè,Damaged or Unclear Documents,Documents that are Damaged or Not Clear,Damaged or illegible documents | Torn or unclear documents,57.89473684210527,False
181,"Michel Ussene, imanis pòtpawòl pou Afrik","Michel Ussene, humanist spokesperson for Africa","Michel Ussene, humanism spokesperson for Africa","Michel Ussene, Africa’s humanist voice | Michel Ussene, spokesperson for humanism in Africa",74.46808510638299,False
182,"Nan app mobil Ab Familyal la, navige al sou paj Pèsonèl moun nan oswa konjwen an.","In the Ab Family mobile app, navigate to the person's or spouse's Personal page.","In the Ab Family mobile app, navigate to the persons or spouses Personal page.","In the Ab Family mobile app, go to the person’s or spouse’s profile page. | In the Ab Family app, open the personal page for the person or their spouse.",88.74172185430463,True
183,"Manm klas yo ka twouve kèk ide itil nan istwa Prezidan Boyd K. Packer te rakonte nan ""Resous adisyonèl"" la.",Class members may find some helpful ideas in the story told by President Boyd K. Packer in “Additional Resources.”,"Members of the class may find some useful ideas in the story of President Boyd K. Packer recounted in the ""Additional Resources"".",Class members may find some helpful ideas in the story President Boyd K. Packer told in “Additional Resources.” | Class members may find some useful ideas in the story President Boyd K. Packer shared in “Additional Resources.”,85.95744680851064,True
184,Doktrin ak Alyans 45:44–45,Doctrine and Covenants 45:44–45,Doctrine and Covenants 45:4445,Doctrine and Covenants 45:44–45 | D&C 45:44–45,96.66666666666667,True
185,Petèt ou ta ka ekri kesyon sa yo sou tablo a epi envite manmm yo nan kowòm oswa klas la pou yo jwenn deklarasyon nan mesaj Prezidan Uchtdorf la ki ede reponn kesyon sa yo.,Perhaps you could write these questions on the board and invite quorum or class members to find statements in President Uchtdorf’s message that help answer these questions.,Perhaps you could write these questions on the board and invite the members of the quorum or class to find statements in President Uchtdorf's message that help answer these questions.,You could write these questions on the board and invite quorum or class members to find statements in President Uchtdorf’s message that help answer them. | Write the questions on the board and ask quorum or class members to look for statements in President Uchtdorf’s message that answer them.,85.47486033519553,True
186,SOU KONTAK FIDBAK,ABOUT CONTACT FEEDBACK,ABOUT CONTACT FIDBACK,Contact Feedback | Feedback on Contact,75.67567567567568,False
187,"M. Russell Ballard, ""Men and Women in the Work of the Lord,"" New Era, Avr. 2014, 4;Liahona, Avr. 2014, 48; gade tou Filles dans mon royaume: L'histoire et l'oeuvre de la Sociètè de Secours (2011), 138.","M. Russell Ballard, ""Men and Women in the Work of the Lord,"" New Era, Apr. 2014, 4; Liahona, Apr. 2014, 48; see also Filles dans mon royaume: L'histoire et l'oeuvre de la Sociètè de Secours (2011), 138.","M. Russell Ballard, ""Men and Women in the Work of the Lord,"" New Era, Apr. 2014, 4;Liahona, Apr. 2014, 48; see also Girls in my kingdom: L'histoire et l'œuvre de la Société de Relief (2011), 138.","M. Russell Ballard, “Men and Women in the Work of the Lord,” New Era, Apr. 2014, 4; Liahona, Apr. 2014, 48; see also Daughters in My Kingdom: The History and Work of Relief Society (2011), 138. | M. Russell Ballard, “Men and Women in the Work of the Lord,” New Era, Apr. 2014, 4; Liahona, Apr. 2014, 48; see also Daughters in My Kingdom: The History and Work of Relief Society (2011), 138.",84.5360824742268,True
188,"Yon lòt inovasyon etone se Auto-fèmen fonksyon an, lè pa gen okenn opinyon odyo, yo pral aparèy la ap mache otomatikman pou konsève pou pouvwa a. Tout anviwònman an ap sove epi yo dwe menm bagay la tou nan pwochen ranfòse.","Another surprising innovation is the Auto-shutdown function, when there is no audio input, the device will automatically power off to save power. All the settings will be saved and be the same in the next power-up.","Another amazing innovation is the Auto-shut down function, when there is no audio input, the device will be running automatically to save the power. The whole environment will be saved and must be the same in the next boost.","Another notable feature is the auto-shutdown function; when there’s no audio input, the device will automatically turn off to save power. All settings will be saved and restored the next time it powers on. | One impressive innovation is the auto-shutdown feature: if there’s no audio input, the device powers off automatically to conserve energy. Your settings are saved and will remain the same when it’s turned on again.",74.75728155339806,False
189,Rapid ak pi fasil kreyasyon nan pwofesyonèl bilten a nouvo editè.,Quick and easy creation of professional newsletters with the new editor.,Quick and easy creation of the professional newsletter new editor.,"Fast, easy professional newsletter creation with the new editor | Create professional newsletters quickly and easily with the new editor",63.565891472868216,False
190,"Pou egzanp, sèvi ak bwat diferan nan magazen soulye, pijama, foula oswa kostim benyen. Pou fè li pi fasil pou ou menm ak timoun yo, ou ka mete etikèt sou yo.","For example, use different boxes to store shoes, pajamas, scarves, or bathing suits. To make it easier for you and the kids, you can label them.","For example, use different boxes to store shoes, pajamas, scarves or bathing suits. To make it easier for you and the kids, you can label them.","For example, use separate boxes for shoes, pajamas, scarves, or swimsuits. To make it easier for you and the kids, you can label them. | For example, keep shoes, pajamas, scarves, and swimsuits in different boxes. You can label them to make things easier for you and the children.",89.53068592057761,True
191,Kisa ekriti sa yo anseye w sou enpòtans otorite prètriz la?,What do these scriptures teach you about the importance of priesthood authority?,What does the scripture teach you about the importance of priestly authority?,What do these scriptures teach you about the importance of priesthood authority? | What do these scriptures teach about why priesthood authority matters?,90.9090909090909,True
192,"Priye pou yo, pitit gason m nan, pou yo ka jwen la repantans. Men, gade, m pè pou Lespri a pa sispann lite avèk yo; e nan zòn sa a nan peyi a, y ap chèche kraze tout pouvwa ak otorite ki sòti kote Bondye; e yo nye Sentespri a.","Pray for them, my son, that they may attain to repentance. But behold, I fear lest the Spirit cease to strive with them; and in this part of the land they seek to overthrow all power and authority that comes from God; and they deny the Holy Ghost.","Pray for them, my sons, that they may find repentance. But behold, I fear that the Spirit will not cease to fight with them; and in this part of the country, they seek to overthrow all power and authority from God; and they deny the Holy Spirit.","Pray for them, my son, that they may repent. But I fear the Spirit may stop striving with them; and in this part of the land they are trying to overthrow all power and authority from God, and they deny the Holy Ghost. | Pray for them, my son, so they may come to repentance. Yet I fear the Spirit will no longer contend with them; here in this region they seek to destroy every power and authority that comes from God, and they reject the Holy Ghost.",82.68398268398268,True
193,"Kisa k rive moun yo lè ""Lespri Senyè a [sispann] lite avèk yo""","What happens to people when ""the Spirit of the Lord ceases to strive with them""?","What happens to people when ""the Spirit of the Lord [stop] wrestling with them""",What happens to people when God stops trying to reach them? | What happens to people when the Lord no longer contends with them?,73.10344827586206,False
194,Ki montre 20 soti nan evènman 94,Showing 20 out of 94 events,Showing 20 out of 94 events,Showing 20 of 94 events | 20 of 94 events,92.0,True
195,"Leyi ak Lyawona a, tablo Joseph Brickey","Lehi and the Liahona, painting by Joseph Brickey","Lay and the Lion, painting Joseph Brickey","Lehi and the Liahona, painting by Joseph Brickey | Lehi and the Liahona artwork by Joseph Brickey",85.36585365853658,True
196,paske tè a pral ranpli avèk konesans Senyè a menm jan dlo kouvri lanmè.,for the earth will be filled with the knowledge of the Lord as the waters cover the sea.,for the earth will be filled with the knowledge of the Lord just as water covers the sea.,the whole earth will know the Lord | God’s knowledge will cover the world,62.121212121212125,False
197,Poukisa li difisil pou w sekwe pyebwa a?,Why is it difficult to shake the tree?,Why is it so hard to shake the tree?,Why is it hard to shake things up? | Why is it difficult to stir things up?,83.87096774193549,True
198,N apral jwenn fason pou nou kontribye nan devèsman levarite sa a sou fanmi nou nan Legliz retabli Senyè a.,We will find ways to contribute to the outpouring of this grace upon our families in the Lord's restored Church.,We will find ways to contribute to the undoing of this iniquity on our family in the restored Church of the Lord.,We will find ways to help bring this grace to our families in the Lord’s restored Church | We will look for ways to contribute to this blessing for our families in the Lord’s restored Church,69.81132075471699,False
199,"Nwèl biskit fèblan bwat, Embossed biskuit fèblan bwat, prim biskuit bwat fèy, koutim biskit bwat fèblan, antik biskuit bwat fèblan.","Christmas biscuit tin box, Embossed biscuit tin box, premium biscuit tin box, custom biscuit tin box, antique biscuit tin box.","Christmas biscuit tin box, Embossed biscuit tin box, premium biscuit tin box, custom biscuit tin box, antique biscuit tin box.",Christmas biscuit tin box | Decorative biscuit tin box,85.71428571428572,True
200,Sektè Frameless balanse Pivot Cheap Pri twalèt douch ansint,Sector Frameless Swing Pivot Cheap Price Bathroom Shower Enclosure,Sector Frameless Swing Pivot Cheap Price Bathroom Shower Enclosure,frameless pivot shower enclosure | cheap frameless bathroom shower door,65.3061224489796,False
201,Travay la te twòp pou nenpòt manm.,The work was too much for any one member.,The work was too much for any member.,The work was too much for any one person | The task was too much for a single person,89.55223880597015,True
202,Jwe jwèt sou entènèt pou gratis tire soti nan yon kanon,Play online games for free shooting from a cannon,Play online games for free shooting from a cannon,Play free online cannon shooting games | Free online cannon shooter games,60.0,False
203,"Lè l sèvi avèk pi rafine materyèl nou an ankò ak teknoloji nan dènye, Tenga fyè dèske li prezante dènye a nan Teknoloji Plezi Gason, FLIP nan ZEWO.","Using our finest materials yet and the latest technology, Tenga is proud to introduce the latest in Male Pleasure Technology, the ZERO FLIP.","Using our finest material yet with the latest technology, Tenga is proud to present the latest in Mens Casual Entertainment Technology, FLIP at ZERO.","Using our finest materials yet and the latest technology, Tenga is proud to introduce the latest in male pleasure technology, the ZERO FLIP. | With our best materials yet and cutting-edge technology, Tenga is proud to present the newest in male pleasure technology, the ZERO FLIP.",81.97879858657244,True
204,Chanje souvni sa a pou l vin piblik ap rann li vizib pou tout itilizatè FamilySearch yo.,Changing this memory to public will make it visible to all FamilySearch users.,Changing this memory to become public will make it visible to all FamilySearch users.,Making this memory public will make it visible to all FamilySearch users. | Changing this memory to public will make it visible to all FamilySearch users.,95.70552147239265,True
205,Zòn Sanksyon ak 1 objektif gwosè plen jan yo montre nan dyagram 1.,Penalty Area with 1 full size goal as shown in diagram 1.,Penalty Area with 1 full size goals as shown in Diagram 1.,Penalty area with one full-size goal as shown in diagram 1 | Penalty box with one full-size goal as shown in diagram 1,93.10344827586206,True
206,"Epi se te konsa, yon espas plizyè èdtan te pase anvan Moyiz te repran fòs natirèl li kòm moun ankò;",And it came to pass that a space of many hours passed away before Moses did again receive his natural strength as a man;,"And so, a space of several hours passed before Moses regained his natural strength as a human being again;","And so it was that many hours passed before Moses regained his strength as a man | After many hours, Moses finally recovered his strength as a man",75.78947368421053,False
207,Veterinè Medsin Bachelor - Etid nan Ikrèn. Ukrainian Admission Center,Veterinary Medicine Bachelor - Study in Ukraine. Ukrainian Admission Center,Veterinary Medicine Bachelor - Study in Ukraine. Ukrainian Admission Center,Bachelor of Veterinary Medicine - Study in Ukraine | Veterinary Medicine Degree - Study in Ukraine,68.33333333333333,False
208,M te aprann anpil leson jou sa a.,I learned many lessons that day.,I learned a lot lessons that day.,I learned a lot that day | That day taught me a lot,84.21052631578947,True
209,M te konn ajenou pou priye avèk yo.,I used to kneel to pray with them.,I knelt down to pray with them.,I used to pray with them on my knees | I would kneel and pray with them,80.0,True
210,"De-interlacing, bri Rediksyon, file","De-interlacing, Noise Reduction, Sharpening","De-interlacing, Noise Reduction, File","Deinterlacing, Noise Reduction, Sharpening | Deinterlace, Reduce Noise, Sharpen",92.7536231884058,True
211,"Kominikasyon avèk ""Angosatom"" te kapab Gòlf la akòz egzeyat pil","Communication with ""Angosatom"" could be the Gulf due to battery discharge","Communication with ""Angosatom"" could be the Gulf due to de-discharge pills","Communication with ""Angosatom"" may be down due to battery failure | ""Angosatom"" communication could be lost because the battery is dead",70.58823529411764,False
212,Kouman pou m mande yo revoye yon imèl verifikasyon pou aktive kont FamilySearch mwen an?,How do I request a verification email to be sent to activate my FamilySearch account?,How do I ask to review a verification email to activate my FamilySearch account?,How can I ask them to resend the verification email to activate my FamilySearch account? | How do I get a new verification email sent so I can activate my FamilySearch account?,86.25,True
213,"Epi, poutèt wa Noye ak prèt li yo te fè pèp la fè tout peche ak inikite sa yo devan Bondye; e yo te kriye pou lanmò Abinadi; ak vwayaj Alma ak pèp la ki te ale avèk li a, ki te fòme legliz Bondye a nan fòs ak pouvwa Bondye, ak lafwa nan pawòl Abinadi te pale yo.","And because of king Noah and his priests, who had caused the people to commit all these sins and iniquities before God; and they mourned for the death of Abinadi; and the journeying of Alma and the people who went with him, who had formed the church of God in the strength and power of God, and in faith in the words which Abinadi had spoken.","And because of Noah and his priests made the people commit all these sins and their iniquity before God; and they wept for the death of Abinadi; and the journey of Alma and the people who went with him, who formed the church of God in strength and power, and faith in the words spoken by Abinadi.","Because King Noah and his priests led the people into sin before God, they mourned Abinadi’s death, and Alma and his followers established God’s church in faith and power. | King Noah and his priests caused the people to sin, the people grieved for Abinadi, and Alma’s group went on to form the church of God through faith in Abinadi’s words.",58.65580448065173,False
214,Pri ki ba bon pri Deyò limyè Dyod lari Spesifikasyon:,Low price good price Outdoor LED street light Specification:,Low price good price Outdoor LED street light Specifications:,"Low-price, high-quality outdoor LED street light specifications | Affordable outdoor LED street light specifications",81.55339805825243,True
215,"Nou gen pou n soufri anpil tribilasyon nan mond lan; men, pran kouraj, mwen venk mond lan. Jan 16:33","In the world you will have much tribulation; but be of good cheer, I have overcome the world. John 16:33","We shall suffer many tribulations in the world; but be courage, I have overcome the world. John 16:33","We will have many troubles in this world, but take heart, I have overcome the world. | In this world you will face much suffering, but be encouraged, I have conquered the world.",72.34042553191489,False
216,Enfòmasyon syantifik sou Milimè Terapi Vag,Scientific information about Millimeter Wave Therapy,Scientific information about Millimeter Wave Therapy,Scientific information on Millimeter Wave Therapy | Scientific facts about Millimeter Wave Therapy,95.04950495049505,True
217,"Egzekite tès anndan pwogram lan, kidonk sant la PA egzije pandan ekzekisyon script la an avanse.","Execute tests within the program, so the center is NOT required during advanced script execution.","Perform tests inside the program, so the PA center is required during script execution in advance.","Run tests inside the program, so the hub isn’t needed ahead of script execution. | Execute tests within the application, so the core isn’t required before running the script.",70.32967032967032,False
218,"Yon monocycle oswa bi-sik ane pou inisyasyon ak atlèt jinyò se maksimòm la. Avantaj ki genyen nan tankou yon plan se ke li gen tan preparasyon faz, gratis nan estrès la nan konpetisyon. Sa a pèmèt antrenè a konsantre sou devlope ladrès ak yon fondasyon solid nan fòmasyon fizik.","A one-year unicycle or bi-cycle program for beginners and junior athletes is the maximum. The advantage of such a plan is that it has a preparation phase, free from the stress of competition. This allows the coach to focus on developing skills and a solid foundation of physical training.","A monocycle or bi-cycle year for starters and junior athletes is the maximum. The advantage of such a plan is that it has long preparation phase, free from the stress of competition. This allows the coach to concentrate on developing agility and a solid foundation of physical training.","A one-year training plan for beginners and junior athletes is ideal. It includes a preparation phase without competition pressure, allowing the coach to focus on building skills and a strong physical foundation. | For novice and junior athletes, a one-year cycle is the maximum recommended. This gives time for preparation, free from competition stress, so the coach can concentrate on skill development and physical conditioning.",61.05675146771037,False
219,Bay manje blenndè riban pou Mèlange de Pellets nouriti,Feed Ribbon Blender for Mixing Feed Pellets,Feed Blender Ribbon for Mixing of Feed Pellets,Feed ribbon blender for mixing feed pellets | Ribbon blender for feed pellet mixing,80.89887640449437,True
220,Yon lòt Gayan loto Kredi Fortune bonbon,Another Lotto Winner Credit Fortune Cookie,Another Lotto Winner Credit Fortune Candy,Another lucky lottery winner | Another fortune cookie winner,62.5,False
221,"Russell M. Nelson, ""Divine Love,"" Ensign, Fev. 2003, 24; Liahona, Fev. 2003, 16. Epi ankò, ""Se pa tout moun k ap di m, Senyè, Senyè, k ap antre nan wayòm syèl la; men moun ki fè volonte Papa m ki nan syèl la"" (Matye 7:21; gade tou 3 Nefi 14:21).","Russell M. Nelson, “Divine Love,” Ensign, Feb. 2003, 24; Liahona, Feb. 2003, 16. And again, “Not every one that saith unto me, Lord, Lord, shall enter into the kingdom of heaven; but he that doeth the will of my Father which is in heaven” (Matthew 7:21; see also 3 Nephi 14:21).","Russell M. Nelson, ""Divine Love,"" Ensign, Feb. 2003, 24; Liahona, Feb. 2003, 16. And again, ""Not everyone who says to me, Lord, Lord, will enter into the kingdom of heaven; but whoever does the will of my Father who is in heaven"" (Matthew 7:21; see also 3 Nephi 14:21).","Russell M. Nelson, “Divine Love,” Ensign, Feb. 2003, 24; Liahona, Feb. 2003, 16. And again, “Not everyone who says to me, ‘Lord, Lord,’ will enter the kingdom of heaven, but only those who do the will of my Father in heaven” (Matthew 7:21; see also 3 Nephi 14:21). | Russell M. Nelson, “Divine Love,” Ensign, Feb. 2003, 24; Liahona, Feb. 2003, 16. Again, “Not all who call me ‘Lord, Lord’ will enter the kingdom of heaven, but only those who do the will of my Father in heaven” (Matthew 7:21; see also 3 Nephi 14:21).",92.3076923076923,True
222,Nou kontan chèche patisipe nan travay li pou rasanble ak sèvi tout pitit Bondye yo.,We are happy to seek to participate in His work to gather and serve all of God's children.,We are delighted to seek to take part in his work to gather and serve all the children of God.,We’re glad to join in His work of gathering and serving all of God’s children | We are happy to take part in His work to bring together and serve all of God’s children,72.92817679558011,False
223,mato moulen èkrazan pou vann nan Tanzani,hammer mill crusher for sale in Tanzania,hammer mill crusher for sale in Tanzania,hammer mill crusher for sale in Tanzania | hammer mill for sale in Tanzania,100.0,True
224,Nouvo Sistèm Koutenn Patant,New Patent Protection System,The New Patent Cutting System,New Patent Protection System | New Patent Safeguards System,77.19298245614034,False
225,"Fikse twa kòn makè nan yon liy dwat, egzakteman senk yad apa - kòn B, A sant ...","Set up three marker cones in a straight line, exactly five yards apart - cone B, center A...","Set up three marker cones in a straight line, exactly five yards apart  cone B, A center ...","Set up three marker cones in a straight line, five yards apart | Place three cones in a straight line, five yards apart",83.43558282208589,True
226,"eureporter fè tout mezi posib pou sèvi ak medya sosyal, an patikilye Twitter ak Facebook. Inyon Ewopeyen Reporter gen Twitter ak Facebook paj pou chak lang pibliye sou sit wèb la Reporter Inyon Ewopeyen - 58 Twitter sit. Tout tèks ak videyo istwa yo se otomatikman afiche sou tout medya sosyal konsa tankou maksimize kouvèti yo ak enpak, ak:","eureporter makes every effort to use social media, in particular Twitter and Facebook. EU Reporter has Twitter and Facebook pages for each language published on the EU Reporter website - 58 Twitter sites. All text and video stories are automatically posted on all social media in order to maximise their coverage and impact, and:","eureporter makes every possible effort to use social media, in particular Twitter and Facebook. EU Reporter has Twitter and Facebook pages for each language published on the EU Reporter website - 58 Twitter sites. All texts and video stories are automatically posted on all social media so as to maximize coverage and impact, with:","EU Reporter makes every effort to use social media, especially Twitter and Facebook. EU Reporter has Twitter and Facebook pages for each language on its website—58 Twitter accounts. All text and video stories are automatically posted across all social media to maximize their reach and impact, and: | EU Reporter actively uses social media, particularly Twitter and Facebook. It has Twitter and Facebook pages for every language on the EU Reporter website—58 Twitter sites. All text and video stories are automatically shared on social media to maximize coverage and impact, and:",84.72906403940887,True
227,"paske se yon tè ki pi bon pase tout lòt tè, se poutèt sa, m ap fè tout moun ki rete sou tè sa a sèvi m.","because it is a land better than all other lands, therefore I will make all the inhabitants of this land serve me.","because it is a better land than any other land, therefore I will make all the inhabitants of this land serve me.","because it is the finest land of all, I will make everyone who lives there serve me | since this is the best land of all, I will force all its people to serve me",58.16326530612245,False
228,Ki sa ki rejyon Reef koray ou panse yo pral afekte nan sidifikasyon lanmè premye?,What coral reef regions do you think will be affected by ocean acidification first?,Which coral reef region do you think will be impacted by sea acidification first?,Which coral reef areas do you think will be hit by ocean acidification first? | What coral reef regions do you think will be affected first by ocean acidification?,88.60759493670886,True
229,Efase Tout Orè Pase Yo,Delete All Past Schedules,Delete All Passing Hours,Clear All Past Schedules | Remove All Previous Schedules,60.0,False
230,"Michael te bay yon tris mwatye onn-. ""G'night, Sara. Lannwit, Manman Teresa.""","Michael gave a sad half-wave. ""G'night, Sarah. Night, Mother Teresa.""","Michael gave a trident half-hour. Gnight, Sarah. Midnight, Mother Teresa.","Michael gave a sad little wave. ""Good night, Sarah. Good night, Mother Teresa."" | Michael gave a sad half-wave. ""Night, Sarah. Night, Mother Teresa.""",84.28571428571429,True
231,Acts nan apòt yo 8,Acts of the Apostles 8,Acts of the Apostles 8,Acts 8 | Acts chapter 8,66.66666666666667,False
232,Kòmantè sou Blender:,Comments on Blender:,Comments on Blender:,Blender comments | Comments about Blender,80.0,True
233,I-Station Videyo Sistèm Konpayi fabrikasyon yo ak founisè Lachin - Pwodwi Wholesale - Shanghai New Eyes Medical Inc,I-Station Video System Manufacturers and Suppliers China - Wholesale Products - Shanghai New Eyes Medical Inc,I-Station Video System Manufacturers and Suppliers China - Wholesale Products - Shanghai New Eyes Medical Inc,I-Station Video System Manufacturers and Suppliers China - Wholesale Products - Shanghai New Eyes Medical Inc | I-Station Video System China Manufacturers and Suppliers - Wholesale Products - Shanghai New Eyes Medical Inc,100.0,True
234,Planifye pou ale preche avèk de oubyen plis konpayon dirijan zòn.,Plan to go preaching with two or more area leadership companions.,Plan to go out preaching with two or more companions leading the area.,Plan to go preaching with two or more area leaders | Plan to go preaching with at least two area companions,77.31092436974791,False
235,"Novanm 12, 2010 par ofer 13 Kòmantè","November 12, 2010 by ofer 13 Comments","November 12, 2010 by ofer 13 Comments","November 12, 2010 by ofer 13 Comments | Posted on November 12, 2010 by ofer 13 comments",100.0,True
236,"Èldè DavidA. Bednar te temwaye: Pitit Gason Bondye a pafètman konnen e konprann, paske, li te santi ak pote fado chak grenn moun.","Elder David A. Bednar testified: The Son of God perfectly knows and understands, for He has felt and borne the burdens of every person.","Elder DavidA. Bednar testified: The Son of God perfectly knows and understands, for he felt and bore the burden of every man.","Elder David A. Bednar testified: The Son of God fully knows and understands, because He has felt and carried the burdens of every person. | Elder David A. Bednar testified: The Son of God knows and understands perfectly, for He has experienced and borne the burdens of each of us.",84.0,True
237,"3, Motocross TG a, - jwèt kous - Gamechit.com (Ayiti kreooli)","3, Motocross TG, - racing game - Gamechit.com (Haiti Creole)","TG's Motocross 3, - Racing Games - Gamechit.com","3, Motocross TG, - racing game - Gamechit.com (Haiti Creole) | 3, Motocross TG, - racing game - Gamechit.com (Haiti Creole)",89.13043478260869,True
238,"Paske Bondye renmen nou, Li te voye Pitit Gason L lan, Jezikri, sou tè a pou rachte nou anba peche ak lanmò.","Because God loves us, He sent His Son, Jesus Christ, to earth to redeem us from sin and death.","Because of God's love for us, He sent His Son, Jesus Christ, to earth to redeem us from sin and death.","Because God loves us, He sent Jesus Christ to save us from sin and death. | God loved us so much that He sent His Son, Jesus Christ, to redeem us from sin and death.",80.41237113402062,True
239,Tanp Jordan River nan Utah,Jordan River Temple in Utah,the Jordan River Temple in Utah,Jordan River Temple in Utah | The Jordan River Temple in Utah,100.0,True
240,bit m pou,my bit for,m bit for,my share | my part,37.5,False
241,Kawotchou materyèl (Compound) Processing machin,Rubber Material (Compound) Processing Machine,Rubber Material (Compound) Processing Machine,Rubber Compound Processing Machine | Rubber Mixing Machine,86.07594936708861,True
242,"Pòl te enplore yo pou yo ""sonje"" verite l te anseye yo (1Korentyen 15:2).",Paul implored them to “remember” the truths he had taught them (1 Corinthians 15:2).,Paul pleaded with them to remember the truth he had taught them (1 Corinthians 15:2).,Paul urged them to keep in mind the truths he had taught them | Paul begged them not to forget the truths he had taught them,67.54966887417218,False
243,A kisa yo konpare lanmò?,What is death compared to?,How do they compare death?,What is death like? | What can death be compared to?,66.66666666666667,False
244,"Vrè Krisyanis la, kote n ap fè efò pou nou vin menmjan avèk Mèt nou an, toujou mande pi gwo efò nou.","True Christianity, where we strive to become like our Master, always requires our greatest effort.","True Christianity, where we strive to become like our Master, always requires our utmost effort.","True Christianity, where we strive to be like our Lord, always calls for our best effort | Real Christianity, where we try to become like our Master, always demands our utmost effort",88.77005347593582,True
245,Ube Kòd Promo,Uber Promo Code,Uber Promo Code,Uber promo code | Uber discount code,100.0,True
246,"Si ou vle sèvi ak yon stil widje lòt pase style la default ak tit, ou ka sèvi ak yon bagay tankou:","If you want to use a widget style other than the default style and title, you can use something like:","If you want to use a widget style other than the default style and title, you can use something like:","If you want to use a different widget style than the default title style, you can use something like this | If you want to use a widget style other than the default title style, you can use something like this",91.0891089108911,True
247,Jenèz 2:2-3; Moyiz 3:2-3; Abraram 5:2-3,Genesis 2:2-3; Moses 3:2-3; Abraham 5:2-3,Genesis 2:2-3; Moses 3:2-3; Abraham 5:2-3,Genesis 2:2-3; Moses 3:2-3; Abraham 5:2-3 | Genesis 2:2-3; Moses 3:2-3; Abraham 5:2-3,100.0,True
248,"Jodia, m pral pale sou sa m aprann konsènan mirak pou jwenn lapè enteryè a, kèlkeswa sikonstans nou.","Today, I will talk about what I have learned about the miracle of finding inner peace, regardless of our circumstances.","Today, I will talk about what I have learned about miracles to find inner peace, regardless of our circumstances.","Today, I’ll share what I’ve learned about finding inner peace no matter what we’re going through. | Today, I’m going to talk about the miracle of inner peace, whatever our circumstances may be.",68.93203883495146,False
249,"Cordon te anseye: ""Ekriti yo eklere lespri nou, nouri lespri nou, yo reponn kesyon nou yo, ogmante konfyans nou nan Senyè a, epi ede nou santre lavi nou sou Li"" (""Mete konfyans ou nan Senyè a epi pa apiye sou sajès pa w,"" Ensign ou Lyawona, Me 2017,7).","Cordon taught: “The scriptures enlighten our minds, nourish our spirits, answer our questions, increase our trust in the Lord, and help us center our lives on Him” (“Trust in the Lord and Lean Not on Your Own Wisdom,” Ensign or Liahona, May 2017, 7).","Cordon taught: ""The Scriptures illuminate our minds, nourish our spirits, answer our questions, increase our confidence in the Lord, and help us to center our lives on Him"" (""Trust in the Lord and do not lean upon your own wisdom,"" Ensign ou Lyaona, May 2017,7).","Cordon taught that the scriptures enlighten our minds, nourish our spirits, answer our questions, strengthen our trust in the Lord, and help us center our lives on Him | Cordon said the scriptures light our minds, feed our spirits, answer our questions, deepen our faith in the Lord, and help us keep our lives centered on Him",71.91489361702128,False
250,Menm jan an plis jwèt,Similar more games,Similar to more games,More of the same | Similar games,76.47058823529412,False
251,lang natif natal sou sit wèb mwen se toujou franse.,The native language on my website is still French.,My native language on my website is still French.,The default language on my website is still French | My website is still set to French,85.71428571428572,True
252,Seleksyone sètifika pou w ka ouvri yon paj PDF sètifika a.,Select the certificate to open a PDF page of the certificate.,Select certificate so you can open a PDF page of the certificate.,Select a certificate to open its PDF page | Choose a certificate to view the PDF page,79.06976744186046,False
253,"Li sitye nan pil la anwo kay la. sal a se ideyal pou konferans biznis. Pri a gen ladan lajè seleksyon nan frèt ak cho manje, kafe ak te, rafrechisman, seleksyon nan bwason ki gen alkòl ak jounal.","Located on the upper deck, the room is ideal for business conferences. The price includes a wide selection of cold and hot food, coffee and tea, refreshments, a selection of alcoholic beverages and newspapers.","It is located in the upper deck. The room is ideal for business conferences. The price includes a wide selection of cold and hot meals, coffee and tea, refreshments, selection of alcoholic beverages and newspapers.","Located on the upper deck, the room is perfect for business meetings. The price includes a wide range of hot and cold food, coffee and tea, refreshments, alcoholic drinks, and newspapers. | Situated on the upper deck, this room is ideal for business conferences. The price includes a broad selection of hot and cold dishes, coffee and tea, refreshments, alcoholic beverages, and newspapers.",87.16707021791767,True
254,"Tretman an nan periostit depann sou kòz ki kache. Si yon enfeksyon bakteri se dèyè sentòm yo, li anjeneral trete ak antibyotik. Nan evènman an nan twòp chaj, ase rès se espesyalman enpòtan. Anplis de sa, ka doulè a alèjize pa refwadisman ak anti-enflamatwa dwòg. Nan ka ki ra, yon retire chirijikal nan konsantrasyon an enflamatwa ka nesesè.","The treatment of periostitis depends on the underlying cause. If a bacterial infection is behind the symptoms, it is usually treated with antibiotics. In the event of overuse, adequate rest is especially important. In addition, the pain can be alleviated by cooling and anti-inflammatory drugs. In rare cases, surgical removal of the inflammatory focus may be necessary.","The treatment of periostitis depends on the underlying cause. If a bacterial infection is behind the symptoms, it is usually treated with antibiotics. In the event of overload, adequate rest is especially important. In addition, the pain can be alleviated by cooling and anti-inflammatory drugs. In such cases, a surgical removal of the inflammatory concentration may be necessary.","Treatment for periostitis depends on what’s causing it. If a bacterial infection is the cause, it’s usually treated with antibiotics. If it’s from overuse, rest is especially important. Pain can also be eased with cooling and anti-inflammatory medication. In rare cases, surgery may be needed to remove the inflamed area. | Periostitis treatment varies based on the underlying cause. Bacterial infections are typically treated with antibiotics, while overuse calls for plenty of rest. Cooling measures and anti-inflammatory drugs can help relieve pain, and surgery is sometimes required in rare cases.",71.64179104477613,False
255,GSP Tracking Keychain enpèmeyab Motionless Detekte,GSP Tracking Keychain Waterproof Motionless Detect,GSP Tracking Keychain Waterproof Motionless Detect,GSP Tracking Keychain Waterproof Motion Detector | GSP Tracking Keychain Waterproof Motion Sensor,95.83333333333334,True
256,Repiblik Tik Chip de Nò a,Turkish Republic of Northern Cyprus,The Turkish Republic of Northern Cyprus,Turkish Republic of Northern Cyprus | Northern Cyprus,94.5945945945946,True
257,"Sou anlè adwat, seleksyone senbòl seleksyon aplikasyon an, epi apre sa seleksyone Orè Tanp.","At the top right, select the application selection symbol, and then select Temple Hours.","Above right, select the Application Selection Symbol, and then select the Schedule Temp.","In the upper right, tap the app selector, then choose Temple Hours | From the top right, select the app menu, then select Temple Hours",62.93706293706294,False
258,Yon vwa ki te soti anwo te pale nan fènwa a.,A voice from above spoke in the darkness.,A voice from above spoke in the darkness.,A voice from heaven spoke in the darkness | A heavenly voice spoke in the dark,92.6829268292683,True
259,Patriyach la mouri oswa li vin enkapab.,The patriarch dies or becomes incapacitated.,The patriach is dead or has become incapable.,the head of the family dies or becomes incapacitated | the family patriarch dies or becomes incapacitated,71.11111111111111,False
260,"Eksplike ke nan epòk nou an, Bondye ba nou andwa sakre kote nou ka vin pwòch li.","Explain that in our day, God has given us sacred places where we can draw close to Him.","Explain that in our time, God has given us sacred places where we can draw near to Him.","Explain that in our time, God has given us holy places where we can come near to him. | Explain that today, God has provided sacred places where we can draw close to him.",89.53488372093024,True
261,Evalye jwèt sa a: JWE: 3764,Rate this game: PLAYED: 3764,Rate this game: Played: 3764,Rate this game: PLAYED: 3764|Evaluate this game: PLAYED: 3764,100.0,True
262,Vizite izolwa nou an nan Las Vegas Konvansyon C ...,Visit our booth at the Las Vegas Convention C...,Visit our booth at Las Vegas Convention C...,Visit our booth at the Las Vegas Convention Center | Stop by our booth at the Las Vegas Convention Center,90.9090909090909,True
263,Gade Emisyon Fòmasyon Mondyal la,Watch the World Training Broadcast,Watch the World Broadcast Training,Watch the Global Training Broadcast | Watch the Worldwide Training Broadcast,74.57627118644068,False
264,"Li 1 Pyè 1:6–7; 3:14 ansanm, epi pataje yon eksperyans ou te fè lè w t ap travèse yon ""eprèv lafwa.""","Read 1 Peter 1:6–7; 3:14 together, and share an experience you had when you were going through a “trial of faith.”","Read 1 Peter 1:67; 3:14 together, and share an experience you had when you were going through a ""trial of faith.""","Read 1 Peter 1:6–7 and 3:14 together, and share an experience you had when you were going through a “trial of faith.” | Read 1 Peter 1:6–7 and 3:14 together, and share an experience you had when you were going through a test of your faith.",94.69026548672566,True
265,"Epi si zèv yo move, moun yo ap kondane pou yo wè fòt pa yo ak abominasyon pa yo, ki ap fè yo fè bak devan prezans Senyè a pou yo tonbe nan yon eta mizerab ak yon touman san fen, kote yo p ap janm retounen;","And if their works be evil, men shall be condemned to see their own faults and abominations, which shall cause them to shrink from the presence of the Lord, to fall into a state of misery and endless torment, from whence they shall never return;","And if the works are evil, the people will be condemned to see their faults and their abominations, which will cause them to bow before the presence of the Lord and fall into a miserable state and an endless torment, to which they will never return;","And if their deeds are evil, they will be condemned to see their own sins and abominations, causing them to shrink from the Lord’s presence and fall into misery and endless torment, never to return | If their works are wicked, they will be condemned to face their own faults and abominations, which will drive them away from the presence of the Lord into endless misery and torment, from which they will never come back",75.47974413646055,False
266,"Lachin Super en Nickle alyaj Fabricants, ke founisè ak faktori - Beall endistri gwoup co, limite anpil","China Super Hard Nickle Alloy Manufacturers, Suppliers and Factory - Beall Industry Group Co., Limited","China Super Stainless Nickel Alloy Manufacturers, Suppliers and Factory - Beall Industry Group Co.,Limited","China Super Hard Nickel Alloy Manufacturers, Suppliers and Factory - Beall Industry Group Co., Limited | China Super Hard Nickel Alloy Manufacturers, Suppliers and Factory - Beall Industry Group Co., Limited",94.23076923076923,True
267,"Diferans ant 4 sezon tant ak tant chak jou se yon tant 4 sezon pi sere ak lou Et plus miray deyò a. Lè l' tout compressès, la se pa gen plas nenpòt kote pou sans eleman natirèl jwenn ak enmède ou dòmi la pè.","The difference between a 4 season tent and an everyday tent is that a 4 season tent is tighter and heavier and has a thicker outer wall. When it is fully compressed, there is no room anywhere for the elements to get in and disturb your peaceful sleep.","The difference between 4 season tents and regular tents is a 4 season tighter and heavier tent and thicker outside the wall. When it is fully compressed, there is no room anywhere for unwanted natural elements to get in and disturb your sleep.","A 4-season tent is built tighter, heavier, and with a thicker outer shell to keep the elements out and let you sleep peacefully. | Compared with an everyday tent, a 4-season tent is more rugged, more insulated, and better sealed against bad weather.",52.36768802228412,False
268,yon avoka ki te ofri Amilèk lajan pou l te di Bondye pa egziste.,a lawyer who offered Amulek money to say that God does not exist.,an attorney who offered Amilek money to argue that God does not exist.,a lawyer who tried to bribe Amulek into denying God | a lawyer who offered Amulek money to say God doesn’t exist,78.125,False
269,"21–27 Septanm. 3 Nefi 12–16: ""Mwen se lalwa a ak limyè a""",September 21–27. 3 Nephi 12–16: “I am the law and the light”,"2127 September. 3 Nephi 1216: ""I am the law and the light""",September 21–27. 3 Nephi 12–16: “I am the law and the light” | Sept. 21–27. 3 Nephi 12–16: “I am the law and the light”,86.20689655172413,True
270,"Pandan ane ki sot pase a, anpil nan nou te grandman ogmante etid levanjil la nan fwaye nou.","Over the past year, many of us have greatly increased gospel study in our homes.","Over the last year, many of us have greatly expanded the study of the gospel in our homes.","Over the past year, many of us have greatly increased gospel study in our homes. | In the past year, many of us have significantly increased our gospel study at home.",81.17647058823529,True
271,"Enwa Retouche Enregistre tan ak lajanW ap chwazi ant fil fè ki lye ak kloti aliminyòmKijan pou detèmine si se lè pou krepi ou rezidansyèl Joachenn yo, Jonatan pisinLes ak Inconvènients diferan kloti materyèl","Refinishing Your Pool Saves Time and MoneyChoosing Between Wire Mesh and Aluminum FencesHow to Determine If It's Time to Refinish Your Residential PoolJoachenn, Jonathan PoolPros and Cons of Different Fencing Materials","Enwa Retouche Saves time and moneyChoosing between wire that is linked with aluminum fencingHow to determine if it is time for panties or residential joachenn, jonathan poolsThe pros and cons of different fencing materials",Refinishing Your Pool Saves Time and Money | Pros and Cons of Different Fencing Materials,75.34246575342466,False
272,demand konsomatè nouvo twalèt entelijan se Sou ...,Consumer demand for new smart toilets is on...,Consumer demands new smart bathroom se Sou ...,the rise | the upswing,40.90909090909091,False
273,"O Bondye, kè m sèten!","Oh God, my heart is sure!","Oh my God, I'm sure!","Oh God, I’m sure! | Oh God, I know it for sure!",86.48648648648648,True
274,È Kondisyone Remote Kontwòl,Air Conditioner Remote Control,Air Conditioner Remote Control,AC remote | air conditioner remote,84.61538461538461,True
275,"""Moman an te Rive""",The moment has come.,"""The time has come""",It’s time | The time has come,94.44444444444444,True
276,Anndan longè lajè anndan: tankou estanda mande.,Inside length inside width: as standard required.,Inside length wide inside: as standard required.,as required by standard | according to standard requirements,55.81395348837209,False
277,Ou dwe antre yon imel oubyen yon nimewo pòtab.,You must enter an email or mobile number.,You must enter an email or cell number.,Please enter an email address or mobile number. | You need to enter an email or mobile number.,80.0,True
278,"Soti nan Out 07, 2020 09: 00 jiskaske Out 09, 2020 18: 00","From August 07, 2020 09:00 until August 09, 2020 18:00","From August 07, 2020 09:00 until August 09, 2020 18:00","From August 7, 2020 at 9:00 AM until August 9, 2020 at 6:00 PM | August 7, 2020, 9:00 AM to August 9, 2020, 6:00 PM",86.79245283018868,True
279,"Janvye 2, 2020 Fayit, New Jersey fayit, Fayit New York, New York sezi defansKite yon kòmantèAndres Cardenas","January 2, 2020 Bankruptcy, New Jersey Bankruptcy, New York Bankruptcy, New York Foreclosure DefenseLeave a commentAndres Cardenas","January 2, 2020 Bankruptcy, New Jersey bankruptcy, New York Bankruptcy, New York Secured DefenseLeave a commentAndres Cardenas","January 2, 2020 Bankruptcy, New Jersey Bankruptcy, New York Bankruptcy, New York Foreclosure Defense Leave a Comment Andres Cardenas | Jan 2, 2020 Bankruptcy, New Jersey Bankruptcy, New York Bankruptcy, New York Foreclosure Defense Leave a Comment Andres Cardenas",93.65079365079364,True
280,"a se inifòm nan tout seksyon nan, tranpe pou 1 èdtan pou chak 25 mm seksyon,","is uniform throughout the section, soak for 1 hour for every 25 mm section,","is uniform throughout the section, soaked for 1 hour per 25 mm section,","is evenly distributed throughout the section, soak for 1 hour per 25 mm section | uniform throughout the section, soak for 1 hour for each 25 mm section",90.14084507042254,True
281,(2) 3-7 jou-Pou echantiyon ki deja egziste nou an pou referans.,(2) 3-7 days-For our existing sample for reference.,(2) 3-7 days-For our existing sample for reference.,3-7 days for reference samples | 3-7 days for our existing sample as a reference,86.86868686868688,True
282,"Pak nasyonal Twa Bè a gen yon perimèt fwontyè apeprè 170 km (110 mi) ki ap anglobe plis pase 75,000 ekta (190,000 kawo tè) .","The Twa Bê National Park has a boundary perimeter of approximately 170 km (110 mi) encompassing more than 75,000 hectares (190,000 acres).","The Three Bays National Park has a boundary perimeter of approximately 170 km (110 mi) that encompasses more than 75,000 hectares (190,000 acres).","The Twa Bê National Park has a boundary perimeter of about 170 km (110 mi), covering more than 75,000 hectares (190,000 acres). | Twa Bê National Park spans roughly 170 km (110 mi) around and includes over 75,000 hectares (190,000 acres).",84.98168498168498,True
283,"Souvan, n'al dòmi anvan emisyon ke yo rele ""Idòl Ameriken"" (American Idol) fini.","Often, we go to bed before the show called ""American Idol"" ends.","Often, we go to sleep before the so-called ""American Idol"" show ends.",We often go to bed before American Idol ends | We usually fall asleep before American Idol is over,69.02654867256636,False
284,Nimewo Modèl:MLD-0.07,Model Number:MLD-0.07,Model Number:MLD-0.07,Model No.: MLD-0.07 | Model #: MLD-0.07,80.0,True
285,"Plis pase 4 ane, alantou 6 zan e ki gen","More than 4 years, around 6 years and older","More than 4 years, around 6 years and including",over 4 years old | 6 years and older,72.22222222222221,False
286,"MIT a sitiye nan Cambridge, Massachusetts, across the Charles River from downtown Boston. Se sèlman yo gen obligasyon elèv yo elèv premye ane yo viv sou lakou lekòl la, men sou 70 pousan elèv chwazi yo rete sou lakou lekòl la pandan kat ane yo. MIT ofri lojman nan youn nan dortwar yo koul nan peyi a, souvan yo rele ""Eponj nan,"" ki fèt nan achitèk Steven Holl. Enjenyè yo MIT fè grandizè plis pase 30 ekip NCAA Divizyon III, ak maskot yo se yon kastò, ki MIT te chwazi paske yo te li yo ""jeni remakab ak konpetans mekanik ak abitid li yo nan endistri."" Chak klas desen yon bag inik rele ""an kwiv rat"" ki se devwale pandan ane sophomore, yon tradisyon ki dat tounen nan 1929.","MIT is located in Cambridge, Massachusetts, across the Charles River from downtown Boston. Only freshmen are required to live on campus, but about 70 percent of students choose to live on campus for all four years. MIT offers housing in one of the coolest dormitories in the country, often called ""The Sponge,"" designed by architect Steven Holl. MIT engineers field more than 30 NCAA Division III teams, and their mascot is a beaver, which MIT chose because of its ""remarkable engineering and mechanical skills and its habits of industry."" Each class wears a unique ring called the ""brass rat"" that is unveiled during sophomore year, a tradition that dates back to 1929.","MIT is located in Cambridge, Massachusetts, across the Charles River from downtown Boston. Only first-year students are required to live on campus, but about 70 percent of students choose to stay on campus for their four-year stay. MIT offers housing in one of the nation's top school dormitories, often called the ""SpongeBob,"" designed by architect Steven Holl. The MIT engineers boast more than 30 NCAA Division III teams, and their mascot is a beaver, which MIT chose because of its reputation.","MIT is in Cambridge, Massachusetts, across the Charles River from downtown Boston. Only freshmen are required to live on campus, but about 70 percent of students choose to stay on campus all four years. MIT offers housing in one of the coolest dorms in the country, often called “The Sponge,” designed by architect Steven Holl. MIT fields more than 30 NCAA Division III teams, and its mascot is a beaver, chosen for its “remarkable engineering and mechanical skills and its habits of industry.” Each class wears a unique ring called the “brass rat,” unveiled during sophomore year, a tradition dating back to 1929. | MIT is located in Cambridge, Massachusetts, across the Charles River from downtown Boston. Freshmen are the only students required to live on campus, though around 70 percent choose to remain there for all four years. The school provides housing in one of the country’s coolest dorms, nicknamed “The Sponge,” designed by Steven Holl. MIT has over 30 NCAA Division III teams, and its mascot is a beaver, selected for its “remarkable engineering and mechanical skills and its habits of industry.” Each class gets a distinctive ring known as the “brass rat,” revealed in sophomore year, a tradition that began in 1929.",85.03253796095444,True
287,Valè sa yo te kreye nan Katye Jeneral Legliz la.,These values were created at Church Headquarters.,These values were created in the Headquarters of the Church.,These values were established at Church Headquarters. | These values originated at Church Headquarters.,72.26890756302521,False
288,Tarif ekran Pòt,Door Screen Tariff,Sliding Door Screen,door screen fee | screen door charge,73.33333333333334,False
289,"Nan pwòp vwayaj lafwa pa m, pawòl Alma yo te chanje lavi m: ""Moun ki gen imilite san yo pa oblije gen imilite, yo beni.""","In my own journey of faith, the words of Alma have changed my life: “Blessed are they who are humble without being humble.”","On my own journey of faith, Almas words changed my life: Those who are humble without having to be humble, are blessed.","In my own faith journey, Alma’s words changed my life: “Blessed are those who are humble without needing to be humbled.” | In my own walk of faith, Alma’s words have changed my life: “Blessed are the humble, even when they haven’t been brought low.”",78.99159663865547,False
290,la Bug Sid,the Southern Bug,the Bug Sid,Southern Bug | Bug River in southern Ukraine,72.72727272727273,False
291,"Sou fevriye 1st, 2010 Superfast Feri te vin operatè a Ferry premye nan mond lan prezante yon nouvo kategori kabin san konte rele ""PURE CABIN"". Kòm nan 1st avril 2011 kabin PURE yo disponib sou Blue Star Feri veso tou.","On February 1st, 2010 Superfast Ferries became the first ferry operator in the world to introduce a new exclusive cabin category called ""PURE CABIN"". As of April 1st, 2011 PURE cabins are also available on Blue Star Ferries vessels.","On February 1st, 2010 Superfast Ferries became the first ferry operator in the world to introduce a new exclusive cabin category called ""PURE CABIN"". As of April 1st 2011 PURE cabins are also available on Blue Star Ferries vessels.","On February 1, 2010, Superfast Ferries became the first ferry operator in the world to introduce a new exclusive cabin category called “PURE CABIN.” As of April 1, 2011, PURE cabins are also available on Blue Star Ferries vessels. | Superfast Ferries was the first ferry operator worldwide to launch the exclusive “PURE CABIN” category on February 1, 2010, and PURE cabins were added to Blue Star Ferries vessels on April 1, 2011.",97.61388286334056,True
292,"Chèche gidans li nan lapriyè, epi pran konsèy nan men paran nou ak dirijan nou yo.","Seek His guidance in prayer, and take counsel from our parents and leaders.","Seek His guidance in prayer, and seek counsel from our parents and leaders.",Seek guidance through prayer and advice from our parents and leaders | Pray for guidance and listen to our parents and leaders,79.72027972027972,False
293,Chèk konnen sa ou konnen?,Check what you know?,Check what you know?,Do you know what you know? | Are you sure you know?,80.0,True
294,Se menm jan avèk ou; e menm jan pou tout lòt moun ki antoure nou.,It's the same with you; and the same with everyone else around us.,It's just like you; and just like everyone else around us.,"Same for you, and for everyone else around us | It’s the same for you, and for everyone around us",67.96116504854368,False
295,Moun k ap vin nan tanp yo dwe kontakte biwo lojman an pou fè rezèvasyon pa telefòn oubyen imel.,Those coming to the temple should contact the housing office to make reservations by phone or email.,People coming to the temple should contact the lodging office to make reservations by phone or email.,Temple visitors should contact the housing office to make reservations by phone or email. | Those attending the temple should reach out to the housing office to book by phone or email.,83.15789473684211,True
296,Repiblik la Masters nan majik,The Republic Masters of Magic,The Republic of Masters of Magic,Republic of Magic | Magic Republic,73.6842105263158,False
297,Chèche non pou Òdonans ki Pare,Search for names for Ready Ordinances,Search for Orderly Appearing,Look up names for the ready orders | Search for names for the prepared ordinances,60.71428571428572,False
298,"Siyifikativman plis siksè se distribisyon sigarèt elektwonik, ke yo rele tou e-sigarèt pou plizyè ane.","Significantly more successful has been the distribution of electronic cigarettes, also known as e-cigarettes, for several years.","Significantly more successful is the distribution of electronic cigarettes, also known as e-cigarettes for many years.",The distribution of e-cigarettes has been much more successful in recent years | E-cigarettes have seen far greater success in distribution over the past few years,53.84615384615385,False
299,"Pou ede kwayans yo nan don spirityèl yo, ou gen dwe envite yo pou yo pataje egzanp sou moun k ap itilize chak don ki nan Mowroni 10:9-16 yo.","To help them believe in spiritual gifts, you could invite them to share examples of people using each gift listed in Moroni 10:9–16.","To help them in their belief in spiritual gifts, you should invite them to share examples of people using each gift in Mowroni 10:9-16.","To help believers understand spiritual gifts, you could invite them to share examples of people using each gift listed in Moroni 10:9–16. | To help them have faith in spiritual gifts, you could ask them to share examples of people exercising each gift mentioned in Moroni 10:9–16.",83.7037037037037,True
300,Kisa nou pral wè se sont ki konn chak nan anpil nan moun sa yo.,What we will see are the names of each of these many people.,What we shall see is that they are acquainted with every one of these many.,What we’ll see are the names of all these people | We’ll be looking at the names of each of these people,58.11965811965811,False
301,"Anplis Doktrin ak Alyans 89 la, lòt ekriti di nou kijan pou nou an sante.","In addition to Doctrine and Covenants 89, other scriptures tell us how to be healthy.","In addition to the Doctrine and Covenants 89, other scriptures tell us how to be healthy.","Besides Doctrine and Covenants 89, other scriptures also teach us how to stay healthy. | In addition to Doctrine and Covenants 89, other scriptures show us how to live healthily.",89.8876404494382,True
302,"Kisa esta òdonans ""Pa Pare"" a vle di?","What does this ""No Preparation"" order mean?",What does the ordinance Not Standing mean?,What does this “No Preparation” order mean? | What does this “No Prep” order mean?,64.1025641025641,False
303,"Jan de: Torchon lam, machin torchon lam inivèsèl adaptè torchon bladerubber renouvèlman medikaman woulo liv","Type: Wiper blade, car wiper blade universal adapter wiper bladerubber refill roll","Type: Wiper blade, car wiper blade universal adapter wiper bladerubber refill medicine roll",wiper blade universal adapter | wiper blade refill roll,89.0909090909091,True
304,Verite debaz ki pi senp ak pi sèten nan lavi a se sa a: nou tout gen pou n mouri.,The simplest and most certain basic truth in life is this: we all have to die.,The simplest and most certain basic truth of life is this: we all have to die.,The simplest truth in life is that we all must die | The most basic certainty in life is that everyone dies,67.1875,False
305,Barbie ki pral lekòl,Barbie is going to school,Barbie who goes to school,Barbie’s heading to school | Barbie’s off to school,76.59574468085107,False
306,Dwa ou yo anba GPDR la,Your rights under the GDPR,Your rights are under the GPDR,Your rights under the GDPR | Your GDPR rights,89.28571428571429,True
307,Anseye Doktrin nan: Timoun ki pi Gran yo,Teaching the Doctrine: Older Children,Teach the Doctrine of: The Elderly Children,Teaching Doctrine: Older Children | Teaching the Doctrine to Older Children,82.92682926829268,True
308,"Li kouri sou Android 2.3.6 Gingerbread. Bagay la sèlman ki fè m 'panse poukisa li se pa sou android ICS se paske nan rezon ki fè yo kenbe koòdone ifon Apple la tou pre-pafè a itilizatè OS. Ou ka wè l 'sou foto yo, soti nan ekran yo anviwònman ak ""glise-a-dèblotchè"" ekran. Tout jis santi l tankou UI a menm nan iPhone a. Toujou, Gingerbread se pa move nan tout.","It runs on Android 2.3.6 Gingerbread. The only thing that makes me wonder why it's not on Android ICS is because of the reasons they keep Apple's iPhone interface near-perfect to the user OS. You can see it in the pictures, from the settings screens to the ""slide-to-unlock"" screen. Everything just feels like the same UI on the iPhone. Still, Gingerbread isn't bad at all.","It runs on Android 2.3.6 Gingerbread. The only thing that makes me think why it is not on Android ICS is because of the reason to keep the Apple iPhone interface near-perfect to the OS user. You can see it on the photos, from the settings screens and ""slip-to-unlock"" screen. Everything just feels like the same UI in the iPhone. Still, Gingerbread is not bad at all.","It runs on Android 2.3.6 Gingerbread. The only reason I’m wondering why it isn’t on Android ICS is because they’ve kept Apple’s iPhone-style interface almost perfectly intact. You can see it in the screenshots, from the settings menus to the “slide to unlock” screen. It all feels just like the iPhone UI. Still, Gingerbread isn’t bad at all. | It’s running Android 2.3.6 Gingerbread. The only thing that makes me ask why it isn’t on Android ICS is that they’ve kept Apple’s iPhone interface nearly spot-on. You can see it in the pictures, from the settings screens to the “slide to unlock” screen. Everything feels like the same iPhone UI. Even so, Gingerbread isn’t bad at all.",81.02710413694722,True
309,"""Li esplike ki jan Vodou adapte nan istwa ayisyen, eksplike estrikti a nan relijyon an - lwa a (lespri) ak pouvwa yo - epi dekri adorasyon ak seremoni, debunking vèsyon an Hollywood nan relijyon an nan tout wout la,"" ajoute Posen.","It explains how Vodou fits into Haitian history, explains the structure of the religion - the lwa (spirits) and their powers - and describes worship and ceremonies, debunking the Hollywood version of the religion along the way, adds Posen.","""It explains how Vodou fits into Haitian history, explains the structure of the religion - the law (lespr) and the powers - and describes worship and ceremonies, debunking the Hollywood version of the religion along the way,"" adds Posen.","It shows how Vodou is woven into Haitian history, lays out the religion’s structure—the lwa and their powers—and describes its worship and ceremonies while correcting Hollywood myths, says Posen. | It explains Vodou’s place in Haitian history, outlines the religion’s structure, including the lwa and their powers, and covers its rituals and worship, all while dispelling Hollywood stereotypes, adds Posen.",67.5925925925926,False
310,"l 'a prensipal ak karakteristik nan pwodwi yo 1.It se itilize nan anpil yo D', sit konstriksyon fini netwaye, machin liy bilding elatriye Li ka avèk efikasite adsorbe pati pyès sa yo metal ti tonbe sou tè a. Kenbe san danje, materyèl resikle, netwaye plas la ap travay.","The main usage and characteristics of the products 1.It is used in many machining, construction site finishing cleaning, machine building line etc. It can effectively adsorb the small metal parts falling on the ground. Keep safe, recycle materials, clean the working place.","The main usage and characteristic of the products 1.It is used in many kinds of machining, construction site finishing cleaning, machine line building etc. It can efficiently adsorb the small metal parts falling off the ground. Keep safe, recycle materials, clean the work place.","Main uses and features of the product | Widely used for machining, construction cleanup, and assembly lines to pick up small metal parts from the floor, helping keep the work area safe and tidy",55.44041450777202,False
311,"Akouchman anvan lontan tout bagay 5 ou dèyè 15days, apre resevwa depo a.",Delivery within 5 to 15 days after receiving the deposit.,"Delivery before shipping 5~15days, after receiving the deposit.",Delivery in 5 to 15 days after deposit | Ships within 5 to 15 days after deposit,65.34653465346535,False
312,Ankouraje timoun yo pou yo pataje menm kalite eksperyans la si yo genyen.,Encourage children to share similar experiences if they have any.,Encourage the children to share the same type of experience if they have.,Encourage kids to share similar experiences if they’ve had any | Encourage children to talk about similar experiences if they have them,72.72727272727273,False
313,Oscar Blues Dale's Pale Ale Pale Ale,Oscar Blues Dale's Pale Ale Pale Ale,Oscar Blues Dale's Pale Ale Pale Ale,Oscar Blues Dale's Pale Ale Pale Ale | Oscar Blues Dale's Pale Ale Ale,100.0,True
314,Okazyonèlman akonpaye misyonè yo y ap anseye.,Occasionally accompany the missionaries they are teaching.,Occasionally accompany the missionaries and teach.,Occasionally go with the missionaries they’re teaching | Sometimes accompany the missionaries they’re teaching,75.55555555555556,False
315,"Woulib lage gaz 60 milimèt, nwa penti, TUV certification","60mm gas lift, black paint, TUV certification","Gas lift 60mm, black paint, TUV certification","60mm gas lift, black finish, TUV certified | 60mm gas lift, black coated, TUV certified",75.60975609756098,False
316,Finca Sa Garriga Binisalem,Finca Sa Garriga Binisalem,Finca Sa Garriga Binisalem,Sa Garriga Estate Binisalem | Sa Garriga Winery Binisalem,73.07692307692308,False
317,"Fè chwa kosyon, fil, kòd, oubyen lenn pou fè utilisè.","Choose from a variety of materials including thread, cord, or wool to make a user-friendly product.","Select bond, thread, cord, or yarn to make user.","Choose from a range of materials like thread, cord, or wool to make it user-friendly | Select from various materials such as thread, cord, or wool to create a practical item",70.83333333333333,False
318,li te menm mennen yo lakay pa l.,He even took them to his home.,He even brought them home by him.,He even brought them home with him | He even invited them back to his place,88.52459016393442,True
319,Gen yon Demand Òdonans Familyal ki te deja fèt pou moun sa a.,A Family Order Request has already been made for this person.,A Family Ordinance Demand has already been made for this person.,A family court order has already been filed for this person. | A family order request has already been submitted for this person.,80.64516129032258,True
320,Moun ki afiche nan 2012-11-26 by syèl,Posted on 2012-11-26 by sky,Posted at 2012-11-26 by Sky,Posted on 2012-11-26 by sky | Published on 2012-11-26 by sky,92.5925925925926,True
321,Mwen konnen gwo sakrifis li ak lanmou etènèl li pou tout Pè Selès la yo.,I know of his great sacrifice and his eternal love for all of Heavenly Father's children.,I know her great sacrifice and her eternal love for all the Celestial Pairs.,I know of his great sacrifice and eternal love for all of Heavenly Father’s children | I know about his great sacrifice and everlasting love for all of Heavenly Father’s children,77.37226277372262,False
322,Aksepte SNAP Aksyon Endyen Kliyan REP,Accept SNAP Indian Action REP Customer,Accept Snap Action Indian Client REP,Accept SNAP Indian Action Customer Rep | Accept SNAP Native American Action Customer Service Rep,74.19354838709677,False
323,"Volonte li pou l te soumèt tèt li anba flajelasyon, mokri, ak krisifiksyon an—san l pa t itilize pouvwa li pou l te mete fen nan touman l yo—montre ke li ""gen pasyans"" epi li ""andire tout bagay"" (1 Korentyen 13:4,7).","His willingness to submit to scourging, mocking, and crucifixion—without using his power to end his torment—shows that he “has patience” and “endures all things” (1 Corinthians 13:4,7).","His willingness to submit to reproach, reproach, and crucifixion without using His power to end His suffering shows that He is patient and endures all things (1 Corinthians 13:4,7).","His willingness to endure scourging, mockery, and crucifixion without using his power to stop the suffering shows that he is patient and endures all things (1 Corinthians 13:4,7) | His choice to submit to scourging, ridicule, and crucifixion—without calling on his power to end his torment—shows patience and endurance in all things (1 Corinthians 13:4,7)",86.35097493036213,True
324,"Revelasyon Joseph Smith, Pwofèt la te resevwa nan Kirtland, Ohio, 25 Novanm 1834. Revelasyon sa a pwente sou Warren A. Cowdery, yon gran frè Oliver Cowdery.","Revelation given to Joseph Smith the Prophet, at Kirtland, Ohio, November 25, 1834. This revelation is directed to Warren A. Cowdery, an older brother of Oliver Cowdery.","The revelation Joseph Smith the Prophet received in Kirtland, Ohio, November 25, 1834. This revelation points to Warren A. Cowdery, an older brother of Oliver Cowdery.","Revelation given to Joseph Smith the Prophet at Kirtland, Ohio, November 25, 1834. This revelation is addressed to Warren A. Cowdery, the older brother of Oliver Cowdery. | Revelation received by Joseph Smith the Prophet in Kirtland, Ohio, on November 25, 1834. This revelation is directed to Warren A. Cowdery, Oliver Cowdery’s older brother.",85.62874251497006,True
325,"Nan jwèt sa a bèl bagay ou gen prepare cocktèl pou mennaj li. Chak ti fi gen yon gou pou yon bwè. Se konsa, ke dezi yo nan fanm. Kontwòl nan jwèt la se trè senp. Bezwen trennen ak gout objè yo.",In this wonderful game you have to prepare cocktails for his girlfriend. Every girl has a taste for a drink. So that the desires of women. Control of the game is very simple. Need to drag and drop objects.,In this wonderful game you have to prepare cocktails for his girlfriend. Every girl has a taste for a drink. So satisfy the desires of women. Control of the game is very simple. Need to drag and drop objects.,"In this fun game, you need to make cocktails for his girlfriend. Each girl has her own drink preference. The game controls are very simple—just drag and drop items. | In this enjoyable game, your task is to prepare cocktails for his girlfriend. Every girl likes a different drink, and the controls are easy: just drag and drop objects.",70.2127659574468,False
326,gwo zam Evo Mini seri,big gun Evo Mini series,Heavy Weapon Evo Mini Series,large-caliber Evo Mini series | heavy-duty Evo Mini series,77.77777777777779,False
327,fmItilizatè Fu-350 dinamik mikrofòn Non Feature Product: fmItilizatè Fu-350 Brand: fmItilizatè Kalite Tuner: dinamik Wireless: Branche Ch,fmUser Fu-350 dynamic microphone Feature Product Name: fmUser Fu-350 Brand: fmUser Tuner Type: dynamic Wireless: Wired Ch,fmUSER FU-350 Dynamic Microphone Non Product Feature: fmUSER FU-350 Brand: fmUSER Type Tuner: Dynamic Wireless: Wired Ch,fmUser Fu-350 dynamic microphone | fmUser Fu-350 wired dynamic microphone,70.3448275862069,False
328,"E si yon manm soufri, tout manm yo soufri avèk li;","And if one member suffers, all the members suffer with it;","And if one member suffers, all the members suffer with it;","If one part hurts, the whole body hurts | When one suffers, everyone feels it",53.333333333333336,False
329,Fort St Rose Bilinda Sant pou Etid diplomatik ak Creole sedi,Fort St. Rose Bilinda Center for Diplomatic and International Studies sedi,Fort St. Rose Bilinda Center for Diplomatic Studies and International Studies,Fort St. Rose Bilinda Center for Diplomatic and International Studies | Fort St. Rose Bilinda Institute for Diplomatic and International Studies,94.52054794520548,True
330,"Epi si yo pa fidèl, yo p ap jwenn fratènite nan legliz la;","And if they are not faithful, they will not find fellowship in the church;","And if they are not faithful, they will not find fellowship in the church;","If they’re not faithful, they won’t be welcomed in the church | If they’re not faithful, they won’t have fellowship in the church",84.28571428571429,True
331,"Svetlana Borisova, Pwogram Direktè GC ""Orion"": ""Sou televizyon Ris jodi a, pa gen okenn chanèl dedye sou vejetarism. Se konsa, konfyans, ki pral aparans nan ""Premye vejetaryen"" kapab santi yo pozitivman abonnès, Lè ou konsidere enterè a ap grandi nan peyi nou an nan yon mòdvi an sante. Menm anvan lansman ofisyèl li yo, li demontre klèman nivo a nan enterè odyans nan paj televizyon nan rezo sosyal. Nou planifye pote soti nan distribisyon an nan ""Premye vejetaryen nan"" pa seri a maksimòm de operatè, difize sou teritwa a nan Russian Federation a "".","Svetlana Borisova, Program Director of GC ""Orion"": ""On Russian television today, there is no dedicated channel about vegetarianism. So, confident, that the appearance of ""First Vegetarian"" will be felt positively, considering the growing interest in our country in a healthy lifestyle. Even before its official launch, it clearly demonstrated the level of audience interest on the television page in social networks. We plan to carry out the distribution of ""First Vegetarian"" by the maximum range of operators, broadcasting on the territory of the Russian Federation"".","Svetlana Borisova, Program Director of GC ""Orion"": ""On Russian television today, there are no dedicated channels about vegetarianism. So confident, that the appearance of ""First vegetarian"" will be able to feel positively subscribers, considering the growing interest in our country in a healthy lifestyle. Even before its official launch, it clearly demonstrates the level of interest of the audience on the television page of social networks. We plan to carry out the distribution of ""First vegetarian"".","Svetlana Borisova, Program Director at GC ""Orion"": ""There is currently no TV channel in Russia dedicated to vegetarianism. We’re confident that the launch of ""First Vegetarian"" will be well received, given the growing interest in healthy living in our country. Even before its official launch, it has already shown strong audience interest on social media. We plan to distribute ""First Vegetarian"" through as many operators as possible across the Russian Federation"" | Svetlana Borisova, Program Director of GC ""Orion"": ""At present, Russian television has no channel devoted to vegetarianism. We believe ""First Vegetarian"" will be warmly welcomed, especially with healthy lifestyles becoming increasingly popular in Russia. Even before launch, it has already attracted clear audience interest on the channel’s social media pages. We intend to make ""First Vegetarian"" available through the widest possible range of operators throughout the Russian Federation""",69.40133037694014,False
332,Cnc kontwolè: Almay PA,Cnc controller: Germany PA,Cnc Controller: Almay PA,CNC controller: Germany PA | CNC controller: Germany PA,83.33333333333334,True
333,Ou prèske rive!,You're almost there!,You almost arrived!,You’re nearly there! | Almost there!,66.66666666666667,False
334,Jwe gratis sou entènèt jwèt Balda chak jou. Pi bon jwèt sou Balda sit nou an pou tout fanatik nan sou entènèt jwèt!,Play free online Balda games every day. The best Balda games on our site for all fans of online games!,Play free online games Balda every day. Best games on our site Balda for all fans of online games!,Play free Balda games online every day | The best Balda games on our site for all online game fans,75.39267015706807,False
335,Chapit 37: Nefi ak Leyi nan prizon,Chapter 37: Nephi and Lehi in Prison,Chapter 37: Nephi and Leah in custody,Chapter 37: Nephi and Lehi in Prison | Chapter 37: Nephi and Lehi in Jail,86.56716417910448,True
336,"An jeneral deteksyon sit Reef ak sante - sondaj jeneral Reef yo ta dwe fèt asire segondè sante jeneral nan sit la outplant. Nature Conservancy a te devlope kritè evalyasyon an pousantaj sante a an jeneral ekolojik nan sit potansyèl outplant nan fè sondaj sou plizyè faktè detèminasyon diferan. Sondaj sa a baze sou yon vèsyon modifye nan la AGRRA. Tout faktè pou yon sit yo ajoute ansanm, ak sit ki klase pi wo yo vize pou efò outplanting. Jiska prezan, yo te anrejistre yon pi bon sivivan nan plant ki nan pi gwo rezilta detèminasyon ki baze sou sistèm sa a.","Overall Reef Site Screening and Health - General reef surveys should be conducted to ensure high overall health of the outplant site. The Nature Conservancy has developed criteria to rate the overall ecological health of potential outplant sites by surveying several different determinants. This survey is based on a modified version of the AGRRA. All factors for a site are added together, and sites with higher scores are targeted for outplanting efforts. To date, better survival has been recorded for plants with higher determinants based on this system.","Overall reef site detection and health  overall reef surveys should be designed to ensure high overall health at the outplant site. The Nature Conservancy has developed criteria to assess the overall ecological health percentage of outplant potential sites by surveying several different resilience factors. This survey is based on a modified version of the AGRRA. All factors for a site are added together, and the sites ranked above are targeted for outplanting efforts. Until now, a better survival rate of outplanted plants has been recorded.",Overall reef site screening and health assessment | Reef site health survey and screening,65.45454545454545,False
337,Enfòmasyon Jiapu ki dekri a ap efase.,The information Jiapu describes will be deleted.,The information Jiapu has described will be deleted.,The information will be deleted | The details will be erased,74.69879518072288,False
338,Gad Sistèm Sekirite,Security System Guard,Guard Security Systems,Security Guard | Security Officer,68.18181818181819,False
339,"sèvis Corporate ""Televizyon tricolor"" nan mitan lòt moun, yo ""Gazprom"", ""Rosneft"", ""Rosatom"", ""kaspèrski Lab"", VTB bank 24, Ministè nan Kilti a ak etranje Afè nan Larisi. Siksè nan segman nan antrepriz nan operatè a mache konekte ak lansman de nouvo sèvis ak pakè nan chanèl televizyon pou B2B-kliyan 2017 ane.","Corporate services ""Tricolor TV"" include, among others, ""Gazprom"", ""Rosneft"", ""Rosatom"", ""Kaspersky Lab"", VTB Bank 24, the Ministry of Culture and Foreign Affairs of Russia. The success of the corporate segment of the operator's market is associated with the launch of new services and packages of TV channels for B2B clients in 2017.","Corporate services Tricolor Tv among others, are Gazprom, Rosneft, Rosatom, Kaspersky Lab, VTB Bank 24, Ministry of Culture and Foreign Affairs of Russia. Success in the corporate segment of the market operator is connected with the launch of new services and packages of TV channels for B2B-clients 2017 year.","Tricolor TV’s corporate services count Gazprom, Rosneft, Rosatom, Kaspersky Lab, VTB Bank 24, and Russia’s Ministries of Culture and Foreign Affairs among their clients. The operator’s corporate business has grown thanks to new services and TV channel packages launched for B2B customers in 2017. | Among Tricolor TV’s corporate clients are Gazprom, Rosneft, Rosatom, Kaspersky Lab, VTB Bank 24, and Russia’s Ministries of Culture and Foreign Affairs. Its corporate segment has performed well due to the rollout of new services and TV channel packages for B2B customers in 2017.",72.05623901581723,False
340,"E kounyeya, si nou di sa nan kè nou, nou p ap koupab, san sa n ap kondane; e kondanasyon nou an jis paske nou konvwate sa nou pa t resevwa.","And now, if we say this in our hearts, we are not guilty, otherwise we are condemned; and our condemnation is just, because we covet what we did not receive.","And now, if we say this in our hearts, we will not be guilty, unless we are convicted; and our conviction is just because we convict what we did not receive.","If we hold this in our hearts, we are not at fault; otherwise, we stand condemned. | If we believe this inwardly, we are innocent; if not, we are condemned, and rightly so.",54.22535211267605,False
341,"Epi li pale di kont peche, daprè klète verite a; se poutèt sa, pèsonn p ap fache kont pawòl m te ekri yo si li pa gen lespri dyab la.","And he speaketh strongly against sin, according to the plainness of the truth; wherefore, no man will be angry at the words which I have written, save he have the spirit of the devil.","And it speaks against sin, according to the clarity of the truth; therefore, no one will be angry against the words I have written to them if he does not have the spirit of the devil.","He speaks plainly against sin, in the clear light of truth; so no one will be offended by what I have written unless they have the devil’s spirit. | He speaks boldly against sin, in the straightforward truth; therefore, no one will take offense at my words unless they are under the devil’s influence.",64.49704142011834,False
342,"ODYANS: Èske yon eseye dwe oswa efikas men jis pi rèd, like--","AUDIENCE: Is an attempt to be or effective but just harder, like--","AUDIENCE: Is an attempt to be or effective but just harder, like--",Does it have to be harder to be effective? | Is trying to be effective just supposed to be more difficult?,54.54545454545454,False
343,Envite yon timoun pou desine yon pon sou tablo a.,Invite a child to draw a bridge on the board.,Invite a child to draw a bridge on the board.,Ask a child to draw a bridge on the board | Have a child draw a bridge on the board,90.2439024390244,True
344,Konsantre sou Jezikri,Focus on Jesus Christ,Focus on Jesus Christ,Keep your eyes on Jesus Christ | Stay focused on Jesus Christ,90.47619047619048,True
345,2 Wè fi vakabon Jwe,2 See naughty girls play,2 Seeing Naughty Girls Play,See the naughty girls play | Watch the naughty girls play,85.1063829787234,True
346,"Ou toujou kapab fè rapò sou yon eksepsyon, men tanpri asire w ke ou gen izaje korèk la epi òdonans lan byen anrejistre.","You can still report an exception, but please make sure you have the correct usage and the order is properly recorded.","You can always report an exception, but please make sure you have the correct layout and the ordinance is properly recorded.","You can still report an exception, but please make sure the correct usage is in place and the order is properly recorded. | You may still submit an exception, but please ensure the proper usage is applied and the order is correctly logged.",82.44897959183673,True
347,Otomatik sistèm procesna,Automatic packing system,Automatic packing system,automatic packaging system | automated packing system,91.66666666666666,True
348,Friziz Rekòmande Pa gen kòmantè BISH Jaishi,Recommended Friziz No comments BISH Jaishi,Freebies Recommended No comments Bish Jaishi,Recommended no comments | Recommended no comment,71.42857142857143,False
349,DBKU seri kraze unnit,DBKU series crushing unit,DBKU series crush unnit,DBKU series crusher unit | DBKU series crushing unit,91.30434782608697,True
350,Sètifikasyon AKSYON Resètifikasyon Gid,ACTION Certification Recertification Guide,ACTION Certification Recertification Guide,Action Certification Recertification Guide | Action Recertification Guide,100.0,True
351,Tout jounalis Ayiti mete deyò nan konferans pou laprès PM Lamothe nan NY Detay,All Haitian journalists expelled from PM Lamothe's press conference in NY Details,All Haiti journalists expelled from PM Lamothe's press conference in NY Details,All Haitian journalists were kicked out of PM Lamothe’s press conference in New York | Haitian journalists barred from PM Lamothe’s New York press conference,80.2547770700637,True
352,DMT seri tourèl par double-motè kout pwen an pou machin DMT-300B,DMT series turret punch press dual-motor punching machine DMT-300B,DMT series dual-motorized turret punch machine DMT-300B,DMT series turret punch press dual-motor punching machine DMT-300B | DMT-300B DMT series dual-motor turret punch press,75.78947368421053,False
353,Jwenn Moun Kote Yo Ye a,Find People Where They Are,Find People Where They Are,Meet people where they are | Start from where people are,84.61538461538461,True
354,LC Tech Aktivasyon Gid Pwosesis,LC Tech Activation Process Guide,LC Tech Activation Process Guide,LC Tech Activation Guide | LC Tech Setup Guide,85.71428571428572,True
355,"elektwonik, Elektrik ak konsomatè elektwonik","Electronics, Electrical and consumer electronics","Electronics, Electrical and Consumer Electronics","Electronics, Electrical & Consumer Electronics | Electronic, Electrical & Consumer Electronics",95.74468085106383,True
356,"Vèsè sa yo ka ede manm fanmi ou pi byen konprann kisa Sovè a te vledi lè l te pale de ""levanjil mwen an.""",These verses can help your family members better understand what the Savior meant when He spoke of “my gospel.”,"These verses can help your family member better understand what the Savior meant when he spoke of ""my gospel.""",These verses can help your family better understand what the Savior meant by “my gospel.” | These verses can help your family members better understand what the Savior meant when He said “my gospel.”,93.08755760368663,True
357,Kisa manm klas yo aprann nan Alma 8:19–30 konsènan relasyon ant manm lokal yo ak misyonè aplentan yo?,What do class members learn from Alma 8:19–30 about the relationship between local members and full-time missionaries?,What do classmates learn from Alma 8:1930 regarding the relationship between local members and full-time missionaries?,What do class members learn from Alma 8:19–30 about the relationship between local members and full-time missionaries? | What can class members learn from Alma 8:19–30 about how local members and full-time missionaries work together?,91.52542372881356,True
358,"Avèk konfyans nou temwaye ke Sakrifis Ekspyatwa Jezikri a prevwa epi, alafen, l ap dedomaje tout privasyon ak tout pèt pou moun ki mande èd Li.","We confidently testify that the Atonement of Jesus Christ foresees and, ultimately, will compensate for all deprivation and loss for those who seek His help.","Confidently testify that the Atonement Sacrifice of Jesus Christ foresaw and, in the end, will relieve all deprivation and loss for those who ask for His help.","We testify with confidence that the Atonement of Jesus Christ will ultimately make up for every loss and hardship for those who seek His help. | We confidently bear witness that through the Atonement of Jesus Christ, every deprivation and loss will one day be fully compensated for those who turn to Him.",62.45847176079734,False
359,ka mete yon filtre dwe kouvri 774.,can put a filter must cover 774.,A filter can be set to cover 774.,can apply a filter to cover 774 | can use a filter to hide 774,65.625,False
360,"Repons Bondye pou priyè nou yo pa toujou vini imedyatmanem —pafwa se kòmsi yo pa vini ditou—men Bondye konnen sa ki pi bon pou pitit li. Asireman, yon jou nou pral wè pi klè; epi jou sa a nou pral rekonèt bonte ak jenewozite syèl la.","God's answers to our prayers do not always come immediately—sometimes it seems as if they never come at all—but God knows what is best for His children. Surely, one day we will see more clearly; and that day we will recognize the goodness and generosity of heaven.","God's answer to our prayers does not always come immediately sometimes it comes as if they do not come at all but God knows what is best for his children. Surely, one day we will see more clearly; and that day we will recognize the goodness and generosity of the heavens.","God doesn’t always answer our prayers right away—sometimes it feels like He never answers—but He knows what’s best for His children. One day we’ll see things more clearly, and then we’ll recognize heaven’s goodness and generosity. | God’s answers to our prayers may not come immediately, and at times it may seem like they never will, but God knows what is best for His children. Someday we will understand more clearly and see the goodness and generosity of heaven.",77.38095238095238,False
361,"Chèche bagay moun konnen, yo aprann, oubyen yo fè nan ekriti yo ki ta ka ede w nan yon pwoblèm pèsonèl oubyen yon kesyon w genyen aktyèlman.","Look for things people know, learn, or do in the scriptures that might help you with a personal problem or question you are currently facing.","Find out what people know, learn, or do in the scriptures that might help you with a personal problem or a question you currently have.",Look for scriptural guidance that can help with a personal problem or question you’re facing | Search the scriptures for insights that may help you with a current personal challenge or question,63.677130044843054,False
362,Previous: Wo nan kondwi bouteur SD9,Previous: High-speed driving bulldozer SD9,Previous: Wo-drive bulldozer SD9,driving a bulldozer at full speed | operating the SD9 bulldozer fast,57.692307692307686,False
363,Gen 2 fòm wo nivo de tès la Yo-Yo:,There are 2 high-level forms of the Yo-Yo test:,Gen 2 high-level forms of the Yo-Yo test:,There are two advanced versions of the Yo-Yo test | The Yo-Yo test has two high-level formats,63.41463414634146,False
364,Dyagnostik Kit pour D-dimèr fluoresans imunolojik ...,Diagnostic Kit for D-dimer fluorescence immunoassay...,Diagnostic Kit for D-dimer immunological fluorescence...,D-dimer Diagnostic Kit | Fluorescence Immunoassay D-dimer Kit,60.215053763440864,False
365,Elimine Souvni yo Definitivman?,Delete Memories Permanently?,Eliminate the Memories Definitely?,Erase memories forever? | Can memories be deleted permanently?,56.60377358490566,False
366,Offshore Banking adistans Via entènèt la,Offshore Banking Remotely Via the Internet,Offshore Banking Remotely Via the Internet,remote offshore banking | online offshore banking,61.904761904761905,False
367,EVA Kim avyon Coupe Konpayi fabrikasyon machin ak founisè Lachin - CE sètifika - Shuoying Precision machin,EVA Foam Plane Cutting Machine Manufacturers and Suppliers China - CE Certificate - Shuoying Precision Machinery,EVA Foam Plane Cutting Machine Manufacturers and Supplier China - CE Certificated - Shuoying Precision Machinery,EVA Foam Cutting Machine Manufacturers and Suppliers China - CE Certified - Shuoying Precision Machinery | EVA Foam Plane Cutting Machine China Manufacturers and Suppliers - CE Certified - Shuoying Precision Machinery,95.37037037037037,True
368,"Septanm 5, 2010 nan 3:29 sou","September 5, 2010 at 3:29 am","September 5, 2010 at 3:29 am","September 5, 2010 at 3:29 AM | Sept. 5, 2010 at 3:29 AM",100.0,True
369,"Frè m ak sè m yo, chè zanmi mwen, m priye pou nou rete konsantre sou ""senplisite ki nan Kris la"" epi kite lagras li elve nou e pote nou pandan vwayaj pou soti kote nou ye kounyeya pou al nan desten gloriye nou nan prezans Papa nou an.","My brothers and sisters, my dear friends, I pray that we will stay focused on the ""simplicity of Christ"" and let His grace lift us up and carry us on the journey from where we are now to our glorious destiny in the presence of our Father.","Brothers and sisters, dear friends, I pray that we keep our focus on the ""simplicity of Christ"" and let His grace lift us up and carry us along the journey from where we are now to our glorious destination in the presence of our Father.","My brothers and sisters, dear friends, I pray we stay centered on Christ’s simple truth and let His grace carry us to our glorious destiny with the Father. | My brothers and sisters, dear friends, I pray we keep our eyes on the simplicity of Christ and allow His grace to lift us and guide us to our glorious destiny in the Father’s presence.",75.29976019184652,False
370,Castle nan jwèt Princess colorie,Castle of Princess Coloring Game,Castle in the game Princess Coloring,Princess Castle Coloring Game | Princess Castle Coloring Game,69.44444444444444,False
371,"Pandan y ap li a, you ta kapab fè lis fason Satan te eseye tante Adan ak Èv la.","As you read, you could list the ways Satan tried to tempt Adam and Eve.","Meanwhile, you could list the ways that Satan tried to tempt Adam and Eve.","As you read, you could make a list of the ways Satan tried to tempt Adam and Eve. | While reading, you could list the ways Satan tried to tempt Adam and Eve.",90.0,True
372,an Special Olympics,at Special Olympics,a Special Olympics,at the Special Olympics | at Special Olympics event,94.44444444444444,True
373,Joint grèv de gè,Joint Strike Fighter,Joint Strike,Joint Strike Fighter | Joint Strike Fighter Aircraft,100.0,True
374,Yo pa t konvèti poutèt pèsonalite dirijan yo ni pou yo te prezève yon eritaj kiltirèl oswa tradisyon zansèt yo.,They did not convert because of the personalities of their leaders nor to preserve a cultural heritage or ancestral traditions.,They were not converted because of their leading personalities or because of preserving a cultural heritage or ancestral traditions.,They didn’t convert because of their leaders or to preserve their cultural heritage | They weren’t converted out of loyalty to leaders or to keep ancestral traditions,68.49315068493152,False
375,"Dirijan prètriz yo ak prezidans tanp lan ka revize rekòmandasyon yo sou paj la pou wè etap yo, ajoute detay, ak apwouve rekòmandasyon yo.","Priesthood leaders and temple presidencies can review recommendations on the page to see steps, add details, and approve recommendations.","The high priesthood and the presidency can review the recommendations on the page to see the steps, add details, and approve the recommendations.","Priesthood leaders and temple presidencies can review the recommendations on the page, add details, and approve them. | Priesthood leaders and temple presidencies can check the recommendations on the page, add details, and approve them.",77.86259541984732,False
376,BYGH Planèt Kovèti pou Motè (23HS Planèt Kovèti pou),BYGH Planetary Gear Motor (23HS Planetary Gear),BYGH Planetary Gear Motor (23HS Planetary Gear),BYGH Planetary Gear Motor | 23HS Planetary Gear,96.7741935483871,True
377,"Manm nan Legliz la ki respekte alyans yo resevwa don Lespri yo, ki enkli don pou yo genyen yon temwayaj konsènan Jezikri kòm Sovè nou, don Sentespri a, don lafwa pou geri moun ak pou jwenn gerizon, don disènman, don pou resevvwa mirak, ak don sajès ak konesans.","Covenant-keeping Church members receive the gifts of the Spirit, including the gift of a testimony of Jesus Christ as our Savior, the gift of the Holy Ghost, the gift of faith to heal and be healed, the gift of discernment, the gift of receiving miracles, and the gift of wisdom and knowledge.","Members of the Church who respect covenants receive the gifts of the Spirit, including the gifts of having a testimony about Jesus Christ as our Savior, the gift of the Holy Spirit, the gifts of faith for healing and healing, the gifts of discernment, the gifts of miracles, and the gifts of wisdom and knowledge.","Covenant-keeping church members receive spiritual gifts, including a testimony of Jesus Christ as our Savior, the Holy Ghost, faith to heal and be healed, discernment, miracles, and wisdom and knowledge | Those who keep their covenants in the Church receive the gifts of the Spirit, including a testimony of Jesus Christ as our Savior, the Holy Ghost, faith for healing, discernment, miracles, and wisdom and knowledge",71.6297786720322,False
378,"""Edikasyon,"" Pou fòs Jèn yo (2011), 9–10","Education, For the Strength of Youth (2011), 9–10","""Education,"" For the Strength of Youth (2011), 910",Education | For the Strength of Youth,94.5945945945946,True
379,Endepandan konsèy pasyan,Independent patient advice,Independent patient advice,patient counseling | independent patient guidance,80.76923076923077,True
380,Vit ak fasil fason yo optimize Desktop la. Lojisyèl la bay yon maksimòm travay rapid nan yon aparèy epi li gen yon seri de aplikasyon pou itil.,Fast and easy way to optimize the desktop. The software provides maximum speed of work on a device and has a range of useful applications.,Fast and easy way to optimize the desktop. The software provides a maximum quick work of a device and contains a set of useful applications.,Fast and easy way to optimize your desktop. The software delivers maximum performance on your device and includes a range of useful apps. | Quick and simple desktop optimization. The software offers top speed on your device and comes with a variety of helpful applications.,75.81227436823104,False
381,Star Lagè devinèt,Star Wars Puzzle,Star Wars Puzzle,Star Wars riddle | Star Wars puzzle,100.0,True
382,arab gwo bourik gwo,arab big ass big,Big Arab anal big,big and strong | large and powerful,56.00000000000001,False
383,"Epi pandan w ap fè sa a, panse ak sa: Si plant sa a reprezante kay Izrayèl la, nan ki kondisyon pitit Izrayèl yo ye?","And as you do this, think about this: If this plant represents the house of Israel, what condition are the children of Israel in?","And while you do this, think of this: If this plant represents Israel, what is the status of the children of Israel?","As you do this, consider: if this plant stands for the house of Israel, what state are the children of Israel in? | While doing this, think about it: if this plant represents the house of Israel, what condition are the children of Israel in?",74.13793103448276,False
384,Reef nan risk,Reef at risk,The Reef at Risk,at risk | in danger,60.86956521739131,False
385,"prezante, tankou sa a","present, like this","present, such as this","introduce, like this | present it this way",65.0,False
386,"Si w pa t mande aksyon sa a, tanpri tanpri rapòte aktivite sa a ba nou. Kont FamilySearch ak Kont LDS yo se sèvis pou gen aksè nan","If you did not request this action, please report this activity to us. FamilySearch Accounts and LDS Accounts are services for accessing","If you have not requested this action, please report this activity to us. FamilySearch accounts and LDS accounts are services to access","If you didn’t request this action, please let us know. FamilySearch and LDS accounts are services used to access | If you didn’t authorize this action, please report it to us. FamilySearch and LDS accounts are services for accessing",80.95238095238095,True
387,"Pawòl pwofèt aktyèl yo gen dwa konplete liv kanonik yo (gade Anseye nan fason Sovè a,17).","The words of current prophets may supplement the standard works (see Teaching in the Savior’s Way, 17).","The actual prophetic word may complement the canonical books (see Teachings of the Savior's Way,17).",Current prophets’ words can supplement the scriptures | The words of living prophets may add to the standard works,54.216867469879524,False
388,yon sekretè OFISYÈ,an OFFICIAL secretary,an OFFICIAL SECRETARY,official secretary | government secretary,92.3076923076923,True
389,"Hot Tags: crt-310n motè lektè kat Lachin, manifakti, faktori, en, bon mache, OEM, ODM, ekonomik,-wo fen, 2-ane garanti","Hot Tags: crt-310n motorized card reader China, manufacturer, factory, wholesale, cheap, OEM, ODM, economical, high-end, 2-year warranty","Hot Tags: crt-310n motorized card reader China, manufacturer, factory, wholesale, cheap, OEM, ODM, economic, high-end, 2-year warranty","Hot Tags: crt-310n motorized card reader China, manufacturer, factory, wholesale, OEM, ODM, budget-friendly, premium, 2-year warranty | Hot Tags: crt-310n motorized card reader China, manufacturer, factory, wholesale, OEM, ODM, affordable, high-end, 2-year warranty",91.25475285171103,True
390,"An referans ak seksyon ""Yon idantite feminine san parèy"" la, pale sou karakteristik yon fi ki jis. Itilize egzanp nan atik la, repase fason fi yo kapab gen enfliyans jis sou lòt moun. Fini pandan w ap li dènye seksyon atik la.","Referring to the section ""A Unique Feminine Identity,"" discuss the characteristics of a righteous woman. Using examples from the article, review ways women can have a righteous influence on others. Finish by reading the last section of the article.","Referring to the section ""An unparalleled feminine identity"", talk about the characteristics of a fair woman. Using the example in the article, reviewing how women can have fair influence on others. Finish by reading the last section of the article.","Referring to the section “A Unique Feminine Identity,” discuss the qualities of a righteous woman. Using examples from the article, review ways women can have a righteous influence on others. Conclude by reading the final section of the article. | In connection with the section “A Unique Feminine Identity,” talk about the traits of a righteous woman. Use examples from the article to review how women can positively influence others. End by reading the article’s last section.",78.54251012145748,False
391,Dram Film UA,Drama Film UA,Drama Film UA,Drama Film UA | Dramatic Film UA,100.0,True
392,"wi, pèsonn pa t konn wè Lamanit yo goumen avèk anpil fòs ak kouraj konsa, non, pa menm nan kòmansman an.","yea, no man had ever seen the Lamanites fight with so much strength and courage, no, not even in the beginning.","No one has ever seen the Lamanites fight with such strength and courage, not even in the beginning.","yes, no one had ever seen the Lamanites fight with such strength and courage, not even at the start | indeed, no one had ever seen the Lamanites fight with so much strength and bravery, not even in the beginning",91.91919191919192,True
393,Jwenn sit fanmi w yo,Find your family sites,Find your familys website,Find your family places | Locate your family roots,80.95238095238095,True
394,"Nou chak te santi semans la te bon, nou te menm santi l gonfle nan kè nou, epi nou te santi lajwa pandan kè nou ak lespri nou te sanble yo t ap grandi.","Each of us felt the seed was good, we even felt it swell in our hearts, and we felt joy as our hearts and minds seemed to grow.","We each felt the seed was good, we even felt it puffed up in our hearts, and we felt joy while our hearts and minds seemed to be growing.","We all felt the seed was good, even swelling in our hearts, and joy filled us as our hearts and minds seemed to grow | Each of us sensed the seed was good, feeling it rise in our hearts, and we were filled with joy as our hearts and minds seemed to expand",79.05138339920948,False
395,"otomobil aplikasyon, aplikasyon endistriyèl, architectural, sivil ""Engineering"" elatriye,","automotive applications, industrial applications, architectural, civil engineering etc.,","automotive applications, industrial applications, architectural, civil engineering, etc.,","automotive, industrial, architectural, civil engineering, etc. | automotive applications, industrial applications, architectural, civil engineering, etc.",99.43502824858757,True
396,Chinwa Inivèsite Basketball Association,Chinese University Basketball Association,Chinese University Basketball Association,Chinese University Basketball Association | Chinese College Basketball Association,100.0,True
397,Rityèl sakre oswa lòt rityèl relijye ki pwofane yon kwayans relijye ki asosye.,Sacred rituals or other religious practices that desecrate an associated religious belief.,Sacred or other religious rituals that benefit an associated religious belief.,sacred rites or religious practices that profane a related faith | sacred rituals or religious observances that desecrate an associated belief,71.89542483660131,False
398,Redanmtè a ap retounen,The Redeemer is returning,The Redeemer will return,The Redeemer is coming back | Christ is returning,75.0,False
399,"epi ame avèk kouraj, pou yo dispoze pou fè tout sa yo kapab, e santi yo responsab kòmsi tout travay la te depann de yo sèlman.","and armed with courage, to be willing to do all they can, and to feel responsible as if the whole task depended on them alone.","Love with courage, be willing to do all they can, and feel responsible as if all the work depended solely on them.",encouraged to give their all and take full responsibility | motivated to do everything they can and act as if it all depends on them,56.21621621621622,False
400,36 Diferansyèl Spectrophotomètre CD-841 1,36 Differential Spectrophotometer CD-841 1,36 Differential Spectrophotometer CD-841 1,Differential Spectrophotometer CD-841 1 | Differential Spectrophotometer CD-841 1,97.5609756097561,True
401,TRIMESTRE. Ki kalite peye nou kapab aksepte moun?,QUARTER. What kind of payment can we accept from people?,Q3. What kind of payment can we accept?,What forms of payment can we accept? | What payment methods can we take?,82.66666666666667,True
402,"""Pi Gwo Leson an Anseye jodiya""",The Greatest Lesson Taught Today,The Biggest Lesson Teached Today,Today's Biggest Lesson | The Biggest Lesson Learned Today,90.625,True
403,karakteristik: bec sou tèt,feature: spout on top,Feature: Bec On Top,top spout | spout on top,59.25925925925925,False
404,(TE Edit kòm li pa nan senpati lyen yo ebay ...),(EDIT as it is not in the ebay links sympathy...),T.E. Edit as its not in sympathy with the ebay links...),Edit because it’s not in the eBay links | Edit since it’s not in the eBay links,70.2127659574468,False
405,A mwen pase sou yon pwoblèm?,Am I missing a problem?,Have I missed a problem?,Am I missing something? | Did I overlook something?,55.00000000000001,False
406,"Join 3 longè nan yon fòm T; 300, 450 oswa 600mm reyon","Join 3 lengths into a T shape; 300, 450 or 600mm radius","Join 3 lengths in a T shape; 300, 450 or 600mm radius","Join 3 lengths in a T-shape; 300, 450 or 600 mm radius | Connect 3 lengths to form a T; 300, 450 or 600 mm radius",96.22641509433963,True
407,Sa difisil paske nou dwe viv pami moun ki pa pataje menm kwayans ak valè ak obligasyon nou pran nan alyans yo avèk nou.,This is difficult because we must live among people who do not share the same beliefs and values and obligations we have made in our covenants with them.,"This is difficult because we must live among people who do not share the same beliefs, values and obligations we took in their alliance with us.","It’s hard because we have to live among people who don’t share our beliefs, values, or commitments. | It’s difficult to live among people whose beliefs and values differ from ours, especially when we’ve made commitments with them.",64.19753086419753,False
408,"Lavi Pòl se yon bèl ilistrasyon sou verite ki eksprime pa Russell M. Nelson ki di: Lè lavi nou santre sou Jezikri ak levanjil li a, nou ka santi lajwa kèlkeswa sa k rive—oswa sa k pa rive—nan lavi nou.","Paul’s life is a beautiful illustration of the truth expressed by Russell M. Nelson: When our lives are centered on Jesus Christ and His gospel, we can feel joy no matter what happens—or doesn’t happen—in our lives.","Pauls life is a beautiful illustration of the truth expressed by Russell M. Nelson, who said: When our lives center on Jesus Christ and his gospel, we can feel joy regardless of what happensor doesnt happenin our lives.","Paul’s life beautifully illustrates Russell M. Nelson’s teaching that when we center our lives on Jesus Christ and His gospel, we can feel joy no matter what happens—or doesn’t happen—in our lives. | Paul’s life is a powerful example of the truth Russell M. Nelson expressed: if our lives are centered on Jesus Christ and His gospel, we can experience joy regardless of what happens—or doesn’t happen—in life.",79.90654205607477,False
409,"Poutèt limitasyon nan reyinyon virtyèl yo, ou ka anvi fè yon senp prezantasyon, ki pa gen anpil entèraksyon ant patisipan yo.","Due to the limitations of virtual meetings, you may want to make a simple presentation, with little interaction between participants.","Due to limitations in virtual meetings, you may crave a simple presentation, with little interaction between attendees.","Because virtual meetings have limitations, you may want to keep the presentation simple and minimize participant interaction. | Since virtual meetings have their limits, you may prefer a straightforward presentation with little back-and-forth between participants.",62.18487394957983,False
410,Sakrifis Ekspyatwa a ban nou èd pou nou simonte epi evite move bagay ak pou nou fè sa ki bon epi pou nou vin bon.,The Atonement gives us help to overcome and avoid evil and to do and become good.,The sacrifice of the Holy Spirit helps us to overcome and avoid evil and to do good and become good.,The Atonement helps us overcome evil and do good | The Atonement gives us strength to resist evil and become better,61.44578313253012,False
411,Ti Baler Machin Pou Zèb,Small Baler Machine For Grass,Small Baler Machine For Grass,small grass baler | compact hay baler,56.14035087719298,False
412,"Apresa, ou ta ka mande manm klas yo pou yo chèche fraz nan Ezayi53 ki dekri evenman ki nan foto yo.",Then you could ask class members to look for phrases in Isaiah 53 that describe the events in the pictures.,"Afterward, you might ask the classmates to search for phrases in Isaiah53 describing the event in the photographs.",Then you could ask the class to find phrases in Isaiah 53 that describe the events in the pictures. | You could then ask the class to look for phrases in Isaiah 53 that describe what is happening in the pictures.,72.30046948356808,False
413,Ki sevis yo bay?,What services are provided?,What services do they provide?,What services do they offer? | What services are available?,86.79245283018868,True
414,"Nou pa konn kè moun ki ofanse nou yo (Pou nou ka fè youn Ensign, Me 1998,68).","We do not know the hearts of those who offend us (That We May Be One, Ensign, May 1998, 68).","We do not know who has offended us (To be an Ensign, May 1998,68).",We can’t know what’s in the hearts of those who hurt us | We don’t know the intentions of those who offend us,48.07692307692307,False
415,Dekouvri epi Apresye Zannimo yo,Discover and Appreciate Animals,Discover and Appreciate the Animals,Discover and Appreciate Wildlife | Explore and Appreciate Animals,83.87096774193549,True
416,Sa a se yon pwojè pwodwi netwayaj ki vann nan Japon. Nou bay optimize nan konsepsyon epi finalman pwojè sa a vini nan mache ak bidjè ki ba.,This is a cleaning product project that is sold in Japan. We provide optimization in design and finally this project comes to market with low budget.,This is a cleaning product project that sells in Japan. We provide optimization in design and finally this project comes to market with low budget.,This is a cleaning product project sold in Japan. We optimized the design and brought the project to market on a low budget. | This is a cleaning product project for the Japanese market. We improved the design and launched it with a low budget.,77.49077490774907,False
417,Lis tout liv ouvri: ou ka byen vit klike sou navige ant tout liv ki louvri (klike sou detay);,List of all open workbooks: you can quickly click to navigate between all open workbooks (click on details);,Read all opened workbooks: you can quickly click to navigate between all opened workbooks (click for details);,List of all open workbooks: you can quickly click to switch between them (click for details) | Open workbooks list: quickly click to move between all open workbooks (click details),80.8080808080808,True
418,Limyè terapi pou depresyon,Light therapy for depression,Light therapy for depression,light therapy for depression | depression light therapy,100.0,True
419,Rated 4.82 soti nan 5,Rated 4.82 out of 5,Rated 4.82 out of 5,Rated 4.82 out of 5 | Rated 4.82 out of 5,100.0,True
420,"Nan Doktrin ak Alyans Li di: ""Ni nou pa dwe enkyete alavans pou sa nou pral di; men, medite pawòl lavi yo nou tout tan nan panse pawòl lavi yo, epi n ap resevwa nan menm lè a pòsyon an ki pral satisfè pou chak moun.""","In the Doctrine and Covenants He says: “Neither should we take thought beforehand what we shall say; but ponder upon the words of life continually, and we shall receive in the same hour that portion which shall be meet for every man.”","In Doctrine and Covenants He says: ""Neither should we worry beforehand about what we shall say; but we shall meditate on the words of our lives all the time by thinking the words of our lives, and we shall at once receive the portion which shall be satisfied for each one.""","In the Doctrine and Covenants it says: “We should not worry in advance about what we will say, but keep pondering the words of life, and at the right time we will receive what each person needs.” | In the Doctrine and Covenants it says: “Don’t be anxious beforehand about what to say; instead, always reflect on the words of life, and in that moment we will be given what is fitting for everyone.”",60.96491228070175,False
421,Medya Libreri LDS - Kategori Videyo,LDS Library Media - Video Category,Media Bookstore LDS - Video Categories,LDS Library Media - Video Category | LDS Media Library - Video Category,70.58823529411764,False
422,Dalton Cumbrian Etablisman - - atizay,Dalton Cumbrian Establishment - - art,Dalton Cumbrian Facility   art,Dalton Cumbrian Art Establishment | Dalton Cumbrian Arts Center,77.55102040816327,False
423,Petèt ou te li apwopo kèk sikonstans kote Sovè a te pale avèk pitit Papa nou ki nan Syèl yo.,Perhaps you have read about some of the circumstances in which the Savior spoke to our Heavenly Father’s children.,Perhaps you have read about some instances where the Savior spoke to the children of our Father in Heaven.,Maybe you’ve read about some of the situations where the Savior spoke to God’s children. | Perhaps you’ve read about some of the times when the Savior spoke to our Heavenly Father’s children.,71.84466019417476,False
424,7 Mechanical Tès obligatwa:,7 Mechanical Tests Required:,7 Mechanical Tests Required:,7 mandatory mechanical tests | 7 required mechanical inspections,85.71428571428572,True
425,"Mèkredi, Nasyon Baskètbòl, Asosyasyon (NBA) Etazini te kanpe sezon baskètbòl pwofesyonèl li an akoz enkyetid yo konsènan COVID-19 la.","On Wednesday, the National Basketball Association (NBA) suspended its professional basketball season due to concerns about COVID-19.","On Wednesday, the United Nations Basketball Association (NBA) United States stopped its professional basketball season due to concerns regarding the COVID-19.","On Wednesday, the NBA suspended its season because of COVID-19 concerns. | The NBA halted its professional basketball season on Wednesday over worries about COVID-19.",62.41610738255034,False
426,Transfè a nan ekipman militè,The transfer of military equipment,The transfer of military equipment,military equipment transfer | transfer of military equipment,95.38461538461537,True
427,Istwa Nouvo Testaman yo,New Testament History,Chronicles of the New Testament,New Testament History | History of the New Testament,81.4814814814815,True
428,Jezikri k ap souri pandan l chita avèk yon timoun k ap souri,Jesus Christ smiling as he sits with a smiling child,Jesus Christ is smiling while sitting with a smiling child,Jesus smiling with a child | Smiling Jesus with a child,66.66666666666667,False
429,Mwen menm mwen te remake yon atik nan Omni nouvèl app ki di ke 77 pousan nan moun yo Swedish ap satisfè ak manm Inyon Ewopeyen.,I also noticed an article in the Omni news app that says that 77 percent of Swedish people are satisfied with EU membership.,I also read an article in Omni news app that says that 77 percent of the Swedes are dissatisfied with EU membership.,I also saw an article in the Omni news app saying that 77 percent of Swedes are satisfied with EU membership. | I noticed an article in the Omni news app that says 77 percent of Swedish people are happy with EU membership.,88.88888888888889,True
430,Kabann Seagrass tou pre koray. Sa yo kapab bay yon kout tèm efè lokal tampon pou resif koray adjasan paske seagrasses ka diminye disoud CO2 ref,Seagrass beds near corals. These can provide a short-term local buffering effect for adjacent coral reefs because seagrasses can reduce dissolved CO2 ref,Seagrass beds near corals. These can provide a short-term local buffering effect for adjacent coral reefs because seagrasses can reduce CO2 removal ref,Seagrass beds near coral reefs can offer a short-term local buffering effect for nearby reefs because seagrasses reduce dissolved CO2 | Seagrass beds close to corals may temporarily buffer adjacent coral reefs by lowering dissolved CO2,81.18081180811808,True
431,"Tèt triyang Biotech Ltd se yonn nan dirijan Lachin graines psyllium poud fabricants ekipe ak pwofesyonèl faktori, akeyi poud grenn an gwo psyllium bon mache pou nou.","Triangle Biotech Ltd is one of the leading China psyllium seed powder manufacturers equipped with professional factory, welcome to wholesale cheap psyllium seed powder from us.","Apex Biotech Ltd is one of the leading China soybean psyllium powder manufacturers equipped with professional factory, welcome to wholesale cheap soybean psyllium powder from us.","Triangle Biotech Ltd is one of China’s leading psyllium seed powder manufacturers, with a professional factory. | Welcome to buy wholesale cheap psyllium seed powder from us.",80.45977011494253,True
432,Kòman pou m jwenn yon ranplasan?,How do I find a replacement?,How do I find a replacement?,How can I get someone to fill in? | How do I find someone to take my place?,64.28571428571428,False
433,"Akote de serye transpò pou rezidan, ViaAir pral byento kòmanse lè l sèvi avèk Mauiva konpayi paran yo (pwononse Ma-Nou-Va), avèk pouvwa siyifikatif distribisyon li yo entènasyonal, nan liv vakans avanti AirCruise pou kliyantèl nasyonal ak entènasyonal.","Aside from reliable transportation for residents, ViaAir will soon begin using parent company Mauiva (pronounced Ma-Nou-Va), with its significant international distribution power, to book AirCruise adventure vacations for national and international clientele.","Aside from reliable transportation for residents, ViaAir will soon start using their parent company Mauiva (pronounced Ma-Nou-Va), with its significant international distribution power, to book aircruise adventure vacations for domestic and international customers.","Besides dependable transportation for locals, ViaAir will soon use its parent company Mauiva’s strong international distribution network to book AirCruise adventure vacations for both domestic and international customers. | In addition to serving residents with reliable transport, ViaAir will soon tap parent company Mauiva’s major global distribution reach to sell AirCruise adventure vacation packages to travelers at home and abroad.",78.60082304526749,False
434,Jwèt Kitchen Sara,Sara's Kitchen Game,Game Kitchen Sara,Sara’s Kitchen Set | Sara’s Play Kitchen,66.66666666666667,False
435,"Lè li te bite epi tonbe a, paran eman l yo pa't santi ke li te yon ka dezespere ni ke l pa t'ap ka janm mache ankò. Olye de sa, yo te lonje lamen yo pandan y'ap rele'l, epi avèk zye li sou yo, li te eseye ankò pou l te mache al jwenn bra lanmou yo.","When he stumbled and fell, his loving parents did not feel that he was hopeless or that he would never walk again. Instead, they held out their hands as they called out to him, and with their eyes on him, he tried again to walk to their loving arms.","When he was bitten and fell, his adoptive parents did not feel that he was in despair or that he could never walk again. Instead, they stretched out their hands as they called out to him, and with his eyes upon them, he tried again to walk to get their loving arms.","When he fell, his parents didn’t give up on him; they reached out and encouraged him to try again. | After he stumbled, his loving parents kept calling to him and held out their arms, and he tried once more to walk to them.",56.05381165919283,False
436,"Kase lezo diffusion chanèl televizyon, Nou ofri sèvis pou pa depase 3 tan, ki pral nan de la 2:00 devan 6:00","Breaking the broadcast of television channels, we offer services for no more than 3 hours, which will be from 2:00 to 6:00","Aside from those broadcast tv channels, We offer service for no more than 3 hours, which will be from 2:00 a.m. before 6:00 a.m.","TV channel interruption service, available for up to 3 hours, from 2:00 to 6:00 | Television broadcast interruption service, offered for no more than 3 hours, between 2:00 and 6:00",60.909090909090914,False
437,"3. Nan 2014, nou yo se konsa kontan yo dwe patnè a nan PDR, e nou te kolabore 3 ane jouk kounye a.","3. In 2014, we are so happy to be the partner of PDR, and we have cooperated 3 years until now.","3. In 2014, we are so happy to be the partner of PDR, and we have been cooperating 3 years until now.","In 2014, we were very happy to become PDR’s partner, and we have worked together for three years now. | In 2014, we were delighted to partner with PDR, and we have been collaborating for three years up to now.",72.27722772277228,False
438,"Si sa nesesè, ou ka pèmèt randevou sou entènèt tou pou evènman espesyal.","If necessary, you can also enable online appointments for special events.","If necessary, you can also allow online appointments for special events.","If needed, you can also allow online bookings for special events | If necessary, you can also make online appointments available for special occasions",83.82352941176471,True
439,Kim dansite anwo nan syèl,High density foam,High density foam,dense foam | high-density foam,94.11764705882352,True
440,Gade videyo yo.,Watch the videos.,Watch the videos.,Check out the videos | Watch the clips,75.0,False
441,"Hot Tags: kabòn fib selfie bwa Lachin, fabricants, faktori, en, bon mache","Hot Tags: carbon fiber selfie stick China, manufacturers, factory, wholesale, cheap","Hot Tags: carbon fiber selfie stick China, manufacturers, factory, wholesale, professional suppliers, good quality, high strength","Hot Tags: carbon fiber selfie stick China, manufacturers, factory, wholesale, cheap | Hot Tags: carbon fiber selfie stick China, manufacturers, factory, wholesale, cheap",78.37837837837837,False
442,Nou te anvlope avèk amou Bondye.,We were enveloped in God's love.,We were enveloped with the love of God.,We were wrapped in God’s love | We were surrounded by God’s love,59.154929577464785,False
443,Ke Videyo sèks,Sex video,Sex Videos,sex tape | porn video,75.0,False
444,"Apresa, yo ka pataje lòt egzanp sou moun ki te chèche epi ki te fè volonte Senyè a ""san fatige"" (Elaman 10:4), oubyen nan ekriti yo oubyen nan pwòp lavi yo.","Then they could share other examples of people who sought and did the Lord’s will “without fatigue” (Helaman 10:4), either from the scriptures or from their own lives.","Then they can share other examples of people who sought and did the Lord's will ""without tire"" (Elaman 10:4), or from their scriptures or from their own lives.",Then they could share other examples of people who sought and did the Lord’s will “without tiring” | Then they could share other examples of people who sought and did the Lord’s will “without growing weary”,74.74048442906575,False
445,Doktè Syeda Sadia Nur KIJWA mwa K daysN jou,Dr. Syeda Sadia Nur KIJWA months K daysN days,Dr. Syeda Sadia Nur 5 months 3 days,Dr. Syeda Sadia Nur KIJWA months K daysN days | Dr. Syeda Sadia Nur KIJWA months K daysN days,82.85714285714285,True
446,"Epi l te wè Senyè a, epi l te mache avèk li, epi l te devan fas li tout tan; epi l te mache avèk Bondye pandan twasan swasannsenkan, ki te fè l katsantrant ane laj lè l te transpòte.","And he saw the Lord, and walked with him, and was before him continually; and he walked with God three hundred and seventy-five years, which made him four hundred and thirty years old when he was translated.","And he saw the Lord, and he walked with him, and he was before his face forever; and he walked with God for thirty-seven years, which made him forty years old when he was carried away.","He saw the Lord and walked with him all his life, remaining in his presence continually; he walked with God for 375 years and was 430 years old when he was taken up | He saw the Lord, lived in close fellowship with him, and stayed before him always; he walked with God for 375 years and was translated at the age of 430",66.47398843930637,False
447,"Byenke nou tout gen feblès, nou ka simonte yo.","Although we all have weaknesses, we can overcome them.","Although we all have weaknesses, we can overcome them.","Though we all have our flaws, we can rise above them | Even with our weaknesses, we can overcome them",79.56989247311827,False
448,epi lave pye nou kont yo nan jou jijman an.,and wash our feet against them on the day of judgment.,and wash our feet against them on the day of judgment.,and hold them accountable on the day of judgment | and judge them on the day of reckoning,70.58823529411764,False
449,"Kèlkeswa sa Senyè a mande nou pou n fè, aji selon repons li ap toujou mande pou nou gen konfyans nan li plis pase nou gen konfyans nan pwòp lajistis pa nou (gade Lik 18:9–14) epi pou nou ""resevwa wayòm Bondye a tankou yon timoun piti"" (Lik 18:17; gade tou 3 Nefi 9:22).","Whatever the Lord asks us to do, acting on His answer will always require that we trust in Him more than we trust in our own righteousness (see Luke 18:9–14) and that we “receive the kingdom of God as a little child” (Luke 18:17; see also 3 Nephi 9:22).","Whatever the Lord asks us to do, to act according to His answer will always require that we have faith in Him more than we have faith in our own righteousness (see Luke 18:914) and that we ""receive the kingdom of God like a little child"" (Luke 18:17; also see 3 Nephi 9:22).","Whatever the Lord asks us to do, we must trust Him more than our own righteousness and receive the kingdom of God like a little child | Whatever God asks of us, we should respond with faith in Him, not in our own goodness, and accept His kingdom with childlike humility",54.7486033519553,False
450,"Jwe jwèt kat sou entènèt la nan devlopman, jwèt sou entènèt yo ra anpil. Gratis jwèt sou entènèt Disney Princess se apwopriye pou tout laj sou entènèt limanite.","Playing card games online is in the development, online games are very rare. Free online Disney Princess games are suitable for all ages of humanity online.","Playing card games online in development, online games are very rare. Free online games Disney Princess is suitable for all ages of humanity online.","Online card games are still developing, and online games are quite rare. Free Disney Princess online games are suitable for people of all ages. | Card games online are still in development, and online games are uncommon. Free Disney Princess games online are appropriate for all ages.",69.71830985915493,False
451,"3 Ploge zòrèy (ti, mwayen, gwo)","3 Earplugs (small, medium, large)","3 Ear Plugs (small, medium, large)","3 Earplugs (S, M, L) | 3-Pack Earplugs (Small, Medium, Large)",96.96969696969697,True
452,Mwen Wè Pitit Gason Lòm nan Kanpe Adwat Bondye,I See the Son of Man Standing at the Right Hand of God,I Have Seen the Son of Man Standing at the Right Hand of God,I see the Son of Man standing at God’s right hand | I see the Son of Man at the right hand of God,85.71428571428572,True
453,Diferan Koulè ak style ki disponib pou opsyon ou,Different Colors and styles available for your option,Different Colors and styles are available for your options,Different colors and styles available for your choice | Various colors and styles to choose from,89.90825688073394,True
454,"Pou sou forefront endistri fizik ak professionnelle, se impèratif nou chèche chak tretman disponib pou nou resevwa malad.","To be at the forefront of the physical and professional industry, it is imperative that we seek out every treatment available to our patients.","Being at the forefront of the physical and professional industry, it is imperative that we seek every available treatment to get patients.","To stay at the forefront of our field, we must pursue every available treatment for our patients. | To remain leaders in our profession, it is essential that we explore all treatment options for our patients.",63.829787234042556,False
455,Ou gen misyon ak wòl san parèy pou w akonpli nan lavi a epi w ap resevwa direksyon san parèy pou akonpli yo.,You have unique missions and roles to fulfill in life and you will receive unique guidance to fulfill them.,You have unprecedented missions and roles to accomplish in life and you are receiving unprecedented direction to accomplish them.,"You have a unique purpose and role to fulfill in life, and you’ll receive the guidance you need to do it. | You have a special mission in life, and you’ll be given the direction to carry it out.",59.82905982905983,False
456,2 tòn Walkie Palette kamyon,2 Ton Walkie Pallet Truck,2ton Walkie Pallet Truck,2-ton pallet jack | 2-ton walkie pallet truck,97.87234042553192,True
457,"Akòz Jezikri, nou lib pou nou chwazi lavi etènèl.","Because of Jesus Christ, we are free to choose eternal life.","Because of Jesus Christ, we are free to choose eternal life.","Because of Jesus Christ, we are free to choose eternal life | Through Jesus Christ, we have the freedom to choose eternal life",99.15966386554622,True
458,Nou dwe jete objè ki pa gen valè yo.,We must throw away objects that have no value.,We must dispose of objects of no value.,We should get rid of worthless things | We need to throw away things that aren’t useful,44.776119402985074,False
459,"wi, pa fè lwanj pou lasajès pa w, ni pou pakèt fòs ou.","yea, boast not in thy wisdom, nor in the multitude of thy strength.","Yes, don't praise for your laxity, or for your great strength.",Don’t brag about your wisdom or your strength | Don’t boast in your own wisdom or power,63.55140186915889,False
460,"Prezante, fè aranjman, sipèvize, epi voye OSGi ki konsistan aplikasyon yo","Present, arrange, supervise, and ship OSGi consistent applications","Present, arrange, oversee, and send consistent OSGi applications","Present, organize, oversee, and deliver consistent OSGi applications | Present, coordinate, supervise, and deploy consistent OSGi applications",84.375,True
461,Panse sou depans ki ka redui oswa elimine.,Think about expenses that can be reduced or eliminated.,Think about expenses that can be reduced or eliminated.,Consider cutting back on expenses | Think about trimming unnecessary costs,52.727272727272734,False
462,Pouvwa Hangling(mW),Hangling Power(mW),Power Hangling(mW),Hanging Power (mW) | Suspension Power (mW),71.42857142857143,False
463,Bilyar nan yon 3D,Billiards in 3D,Billiards in a 3D,3D billiards|three-dimensional billiards,69.23076923076923,False
464,"Epi se objektif mwen pou m pran swen sen mwen yo, paske tout bagay pou mwen.","And it is my purpose to take care of my saints, because everything is mine.","And my goal is to take care of my san, because everything belongs to me.","And my purpose is to care for my saints, because everything belongs to me. | It is my purpose to look after my saints, since everything is mine.",84.72222222222221,True
465,"Ankouraje jènjan yo pou pataje plan yo youn ak lòt, si sa apwopriye.","Encourage the young men to share their plans with each other, if appropriate.","Encourage young people to share their plans with each other, if appropriate.","Encourage the young men to share their plans with one another, if appropriate. | Encourage the young men to talk over their plans with each other, if appropriate.",86.8421052631579,True
466,"Nouyòk, Nouyòk, Etazini","New York, New York, United States","New York, New York, United States","New York, New York, USA | New York City, USA",82.14285714285714,True
467,Kat 13: Vwayaj Misyonè Apot Pòl la,Map 13: The Missionary Journey of the Apostle Paul,Card 13: Apostle Pauls Missionary Journey,Map 13: The Apostle Paul’s Missionary Journey | Chart 13: Paul’s Missionary Journey,87.8048780487805,True
468,Laten konpetisyon dans,Latin dance competition,Latin dance competition,Latin dance contest | Latin dance competition,100.0,True
469,"Paske, poutèt Lespri m, l ap konnen bagay sa yo se verite;","For, because of my Spirit, he shall know that these things are true;","Because of my Spirit, I will know these things to be true;","Because of my Spirit, he will know these things are true | My Spirit will let him know these things are true",91.22807017543859,True
470,Adilt Capoeira UNICAR Bèlen,Adult Capoeira UNICAR Berlin,Adult Capoeira UNICAR Berlin,Adult Capoeira UNICAR Berlin | UNICAR Berlin Adult Capoeira,100.0,True
471,Li bò kay la.,It is next to the house.,Hes at home.,beside the house | next to the house,60.0,False
472,"Pwofèt Alma te temwanye l: ""Tout bagay demontre egzistans yon Bondye; wi, menm tè a ak tout sa ki sou sifas li; wi, ak mouvman li, wi, epi tou ak tout planèt k ap fè mouvman regilye nan jan pa yo, yo temwaye gen yon Kreyatè ki Siprèm.""","The prophet Alma testified: “All things do testify of the existence of a God; yea, even the earth and all things that are upon it; yea, and the motion thereof, yea, and also all the planets which move in their regular course, do testify of a Supreme Creator.”","The prophet Alma testified to it: ""Everything demonstrates the existence of a God; yes, even the earth and all that is on its surface; yes, with its movement, yes, and also with all planets moving regularly in their own way, they testify to the existence of a Supreme Creator.""","The prophet Alma testified that everything points to the existence of God, even the earth and the planets, all bearing witness of a Supreme Creator | Alma said that all creation shows there is a God, from the earth to the planets, each testifying of a Supreme Creator",63.29588014981273,False
473,Nou te ppriye Senyè a pou volonte L te fèt.,We prayed to the Lord that His will be done.,We prayed to the Lord that His will be done.,We prayed for God’s will to be done | We asked the Lord to let His will be done,82.35294117647058,True
474,Klike sou Konekte ak Voye Kredi! Bouton,Click on the Connect and Send Credit! button,Click Connect and Send Credit! button,Click the Connect and Send Credit button | Tap the Connect and Send Credit button,91.17647058823529,True
475,Pòtrè Kris la,Portrait of Christ,Portrait of Christ,Portrait of Christ | Christ portrait,100.0,True
476,Senyè a te rezève konstriksyon tanp ak akonplisman òdonans tanp yo kòm youn nan pi gwo travay nan dènye dispansasyon sa a.,The Lord has reserved the building of temples and the fulfillment of temple ordinances as one of the greatest works of this last dispensation.,The Lord has reserved temple construction and temple ordinances as one of the greatest works of this last dispensation.,The Lord has set aside temple building and temple ordinances as one of the greatest works of this final dispensation | The Lord has reserved the construction of temples and the fulfillment of temple ordinances as one of the greatest works of this last dispensation,85.95744680851064,True
477,"Pou ede Liv Mòmon an vin fondman temwayaj nou, m ap ba w yon defi.","To help the Book of Mormon become the foundation of our testimony, I will give you a challenge.","To help the Book of Mormon become the cornerstone of our witness, I will give you a challenge.","To help the Book of Mormon become the foundation of our testimony, I have a challenge for you. | I want to give you a challenge to help the Book of Mormon become the foundation of our testimony.",80.44692737430168,True
478,Kominike avèk Servers,Communicate with Servers,Communicate with Servers,Talk to the servers | Speak with the servers,66.66666666666667,False
479,"Avèk dènye azura Liy Feri yo travèse enfòmasyon ak orè pou tout Feri deplwaye vwal pou ale ak pou soti Itali ansanm ak Kwoasi, Montenegro ak Albani ki gen ladan enfòmasyon sou pò yo Ferry epi enfòmasyon itil sou touris sou destinasyon yo wout ak vil kat detaye nou an ap ede ou trase Liy azura ou Feri Ferry vwayaj.","With the latest Azura Line Ferries crossing information and timetables for all ferries sailing to and from Italy as well as Croatia, Montenegro and Albania including ferry port information and useful tourist information on the destinations routes and cities our detailed map will help you plot your Azura Line Ferries ferry journey.","With the latest Azzurra Line Ferries crossing information and timetables for all ferries sailing to and from Italy with Croatia, Montenegro and Albania including information on the ferry ports and useful tourist information about the destinations our detailed route and city maps will help you plot your Azzurra Line Ferries ferry journey.","With the latest Azura Line ferry schedules and crossing information for routes to and from Italy, Croatia, Montenegro, and Albania, plus port details and helpful travel tips, our detailed map will help you plan your Azura Line ferry trip. | Find up-to-date Azura Line ferry timetables and route information for sailings between Italy, Croatia, Montenegro, and Albania, along with port and destination guides to help you map out your journey.",69.33797909407666,False
480,Hawker Siddeley Nimwòd a se yon avyon patwouy maritim nan fòs aeryen an Royal. Li se siksesè a nan Shackleton a Avro. Li baze sou De Haviland Kòmèt a kòm Hawker Siddeley (kounye a BAE SYSTEMS tache) te chanje.,The Hawker Siddeley Nimrod is a maritime patrol aircraft of the Royal Air Force. It is the successor to the Avro Shackleton. It is based on the de Haviland Comet as modified by Hawker Siddeley (now BAE SYSTEMS).,The Hawker Siddeley Nimrod is a maritime patrol aircraft of the Royal Air Force. It is the successor to the Avro Shackleton. It is based on the De Havilland Comet as Hawker Siddeley (now BAE SYSTEMS TAKE) was changed.,"The Hawker Siddeley Nimrod is a maritime patrol aircraft used by the Royal Air Force. It succeeded the Avro Shackleton. It was based on the de Havilland Comet, as modified by Hawker Siddeley (now BAE Systems). | Hawker Siddeley Nimrod is a Royal Air Force maritime patrol plane. It replaced the Avro Shackleton and was developed from the de Havilland Comet by Hawker Siddeley, now BAE Systems.",86.3109048723898,True
481,Import Materyèl Pwoteksyon Skirt,Import Material Protection Skirt,Import Protective Skirt Material,Import Protective Skirt | Import Protection Skirt,85.71428571428572,True
482,"c. Nou gen 3 zetwal nan tranzaksyon Nivo, ki se deja nivo ki pi wo nan endistri sa a.","c. We have 3 stars in transaction Level, which is already the highest level in this industry.","c. We have 3 stars in Transaction Level, which is already the highest level in this industry.","We have a 3-star transaction rating, which is already the highest in this industry | We hold a 3-star transaction level, the top rating in this industry",83.42857142857143,True
483,Souvni de ak lòt,Memories of each other,Souvenir of each other,Shared memories | Memories of one another,63.1578947368421,False
484,"Rezo Ayisyen, Istwa Vi Moun","Haitian Network, Life Stories","The Haitian Network, Peoples History","Haitian Network, Human Stories | Haitian Network, Life Stories",75.75757575757575,False
485,"Lachin V jan DE DIAPHGRAM VALV faktori - Guangzhou Jieming dlo tretman ekipman co, Ltd","China V TYPE OF DIAPHGRAM VALVE factory - Guangzhou Jieming Water Treatment Equipment Co., Ltd","China V Type Diaphgram Valve Factory - Guangzhou Jieming Water Treatment Equipment Co.,Ltd","China V-Type Diaphragm Valve Factory | Guangzhou Jieming Water Treatment Equipment Co., Ltd",95.55555555555556,True
486,"Sou sit la ofisyèl nan Roskomnadzor gen enfòmasyon sou kenbe 31 Janvye 2018 konpetisyon an pou dwa a yon emisyon satelit lè l sèvi avèk resous la òbital-frekans ak bann yo frekans respektif, resevwa lajan pou televizyon ak difize radyo.","The official website of Roskomnadzor contains information about holding on January 31, 2018 the competition for the right to a satellite broadcast using the orbital-frequency resource and the respective frequency bands, allocated for television and radio broadcasting.","The official website of Roskomnadzor contains information on holding 31 January 2018 the competition for the right to a satellite broadcast using the orbital-frequency resource and the respective frequency bands, receiving money for television and radio broadcasting.","The official Roskomnadzor website has information about the January 31, 2018 competition for a satellite broadcasting license using the allocated orbital-frequency resource and frequency bands for TV and radio broadcasting | Roskomnadzor’s official site provides details on the January 31, 2018 tender for satellite broadcast rights using the assigned orbital-frequency resource and related frequency bands for television and radio services",74.84662576687117,False
487,Pataje Konsèy sirèt kraze ou ak astus sou kòman ou kapab jwenn nòt gwo ak pase nivo pi vit.,Share your Candy Crush tips and tricks on how to get high scores and pass levels faster.,Share your Candy Crush tips and tricks on how to get great grades and pass levels faster.,Share your Candy Crush tips and tricks for getting high scores and beating levels faster | Share your Candy Crush strategies for scoring big and clearing levels more quickly,79.09604519774011,False
488,Tout sa yo intègrer natirèl e ki baze ingrèdients Et se yon pati nan epresyon iminitè ki pa gen anpil plan ki ede nou goumen kondisyon CFS:,All of these incorporate natural and plant-based ingredients and are part of a comprehensive immune system suppression plan that helps us fight CFS conditions:,All these are integrated with natural and based ingredients and are part of the suppression immune diet plan that helps us fight CFS condition:,"All of these use natural, plant-based ingredients and are part of a broader immune-support plan that helps us fight CFS | These all contain natural, plant-based ingredients and fit into a comprehensive immune-support strategy to help us manage CFS",73.76425855513308,False
489,"Android, men se pa kòm ou ta konnen li","Android, but not as you would know it","Android, but not as you would know it","Android, but not like you know it | Android, but not in the usual sense",82.85714285714285,True
490,"Efò misyonè li yo, enkli anpil diskou l yo ak amitye l avèk dirijan biznis nasyonal yo, te atire atansyon nasyon an sou Legliz la.","His missionary efforts, including his many speeches and his friendships with national business leaders, brought the Church to the nation's attention.","His missionary efforts, including his many speeches and his friendship with leading national businessmen, have attracted the nation's attention to the Church.","His missionary work, including his many speeches and ties with national business leaders, drew the nation’s attention to the Church. | His missionary efforts, along with his many talks and friendships with prominent business leaders, brought the Church into the national spotlight.",82.75862068965517,True
491,"Mwa ki seleksyone a pa ka gen yon 5èm semèn, tanpri seleksyone yon semèn oubyen yon mwa diferan.","The selected month cannot have a 5th week, please select a different week or month.","The month selected may not have a 5th week, please select a different week or month.","The selected month doesn’t have a fifth week, please choose another week or month | This month can’t include a fifth week, so please select a different week or month",80.0,True
492,"Lè m fè travay preparasyon an, lè sa a, m ap jwenn enspirasyon an.","When I do the preparatory work, then I will find the inspiration.","When I do the preparatory work, then I will find the inspiration.","Once I get the groundwork done, the inspiration will come. | After I’ve done the prep work, the inspiration will follow.",62.8099173553719,False
493,yon akademik Inivèsite,a university academic,an Academic University,university professor | academic at a university,77.27272727272727,False
494,Abònman nan nouvo djòb isit la.,Subscribe to new jobs here.,Subscribe to new job here.,Sign up for new job alerts here | Get new job updates here,61.53846153846154,False
495,"An gwoup, diskite sou fason apwopriye pou reponn kesyon sa yo.","As a group, discuss appropriate ways to answer these questions.","As a group, discuss the appropriate way to answer these questions.","As a group, discuss how to answer these questions appropriately. | Discuss as a group the best way to respond to these questions.",85.21739130434783,True
496,Hellihole Close Rae a,Hellihole Close Rae's,Hellihole Close Rae a,Hellihole Close Rae's | Hellihole Close Rae’s,95.0,True
497,Sèvi nan fason Senyè a?,Serving in the Lord's way?,Serve in the Lords way?,Serving the Lord’s way? | In the Lord’s service?,91.30434782608697,True
498,Itilize foto yo pou rakonte istwa Adan ak Èv la.,Use the pictures to tell the story of Adam and Eve.,Use the pictures to tell the story of Adam and Eve.,Use the pictures to tell Adam and Eve’s story | Tell the story of Adam and Eve using the pictures,84.0909090909091,True
499,L ap fè mirak la koresponn a sa nou bezwen nan moman an.,He will perform the miracle according to what we need at the moment.,I will do the miracle to correspond to our needs at the moment.,He’ll come through when we need him most | He’ll do what’s needed at the right time,50.0,False
500,"Tout pisin nou yo ak spa naje ap pase CE, SAA, CB, KC, Gost-R, GMC-TUV, ak ISO9001: 2008.","All of our swimming pools and swim spas pass CE, SAA, CB, KC, Gost-R, GMC-TUV, and ISO9001:2008.","All our swimming pools and spas will pass CE, SAA, CB, KC, Gost-R, GMC-TUV, and ISO9001:2008.","All our pools and swim spas meet CE, SAA, CB, KC, Gost-R, GMC-TUV, and ISO 9001:2008 standards | Our swimming pools and swim spas are certified to CE, SAA, CB, KC, Gost-R, GMC-TUV, and ISO 9001:2008 standards",85.87570621468926,True
501,Pale anglè ki gen jewelry :,English words that contain jewelry :,English words that contain jewelry :,English with jewelry | English that has jewelry,73.33333333333334,False
502,"E depi lèsa a, bagay yo derape.","And from then on, things took off.","And from now on, things are gone.","And from then on, things went downhill. | And from then on, everything fell apart.",78.68852459016394,False
503,"sistèm eksplozif Robotics de pli zan pli te adopte nan lòd yo amelyore sijè ki abòde lan sablaj medya mache gwosè nan zòn kote bezwen kontwòl kalite yo pa ase pou pa solisyon automatisation ofisyèl. Endistri ki gen ladan elektwonik avyon, otomobil, medikal ak konsomatè fè pou sèvi ak ekipman sa a pou plizyè aplikasyon ki gen ladan retire materyèl, sekou estrès, netwaye mwazi, preparasyon sifas, retire kouch ak piki grenayaj.","Robotic blasting systems are increasingly being adopted to improve the scope of the sandblasting media market size in areas where quality control needs are not sufficient for standard automation solutions. Industries including aerospace, automotive, medical and consumer electronics make use of this equipment for a variety of applications including material removal, stress relief, mold cleaning, surface preparation, coating removal and shot peening.","Robotic blasting systems are increasingly being adopted in order to improve the scope of sandblasting media market size in areas where the need for quality control is not enough by official automation solutions. Industries including aerospace electronics, automotive, medical and consumer use this equipment for various applications including material removal, stress relief, mold cleaning, surface preparation, coating removal and shot removal.","Robotic blasting systems are increasingly being adopted to expand the sandblasting media market in areas where quality control requirements are not enough for standard automation solutions. Industries such as aerospace, automotive, medical, and consumer electronics use this equipment for applications including material removal, stress relief, mold cleaning, surface preparation, coating removal, and shot peening. | Robotic blasting systems are being used more and more to broaden the sandblasting media market in settings where quality control demands are too low for conventional automation. Sectors like aerospace, automotive, medical, and consumer electronics rely on this equipment for tasks such as material removal, stress relief, mold cleaning, surface prep, coating removal, and shot peening.",84.07494145199064,True
504,"Si paran yo pa korèk, ajoute paran ki kòrèk la epi fè sèlman an.","If the parents are incorrect, add the correct parent and do the same.","If the parents are not correct, add the correct parent and do only the left.","If the parents are wrong, add the correct parent and do the same. | If the parents are incorrect, add the right parent and repeat the process.",82.35294117647058,True
505,Chapit 63: Pòl fini misyon li,Chapter 63: Paul Completes His Mission,Chapter 63: Paul completes his mission,Chapter 63: Paul Finishes His Mission | Chapter 63: Paul Has Completed His Mission,86.8421052631579,True
506,Lachas mons bonbon,Cookie Monster Hunt,Hunting Monster Candy,Cookie Monster Hunt | Monster Cookie Hunt,66.66666666666667,False
507,Nou kenbe kontak sere ak ekspè Danwa ak patnè yo ofri kliyan nou nan pwovens Lazi dènye Danish kochon solisyon an ekipman pou jaden ak konnen ki jan-.,We maintain close contact with Danish experts and partners to offer our customers in Asia the latest Danish pig farm equipment solutions and know-how.,We maintain close contact with Danish experts and partners to offer our customers in Asia the latest Danish pig supply solution to farm and know-how.,We stay in close touch with Danish experts and partners to bring our Asian customers the latest Danish pig farming equipment and know-how | We work closely with Danish experts and partners to provide our customers in Asia with the latest Danish pig farm solutions and expertise,76.22377622377623,False
508,Ab Jeneyalojik Gwoup Familyal la,Ab Genealogical Family Group,the Ab Family Genealogical Group,Family Tree Group | Genealogy Family Group,63.1578947368421,False
509,"Nou menm tou nou ka ouvri je nou pou n ede ak rekonfòte, pou n selebre ak reve.","We too can open our eyes to help and comfort, to celebrate and dream.","We too can open our eyes to help and comfort, to celebrate and to dream.","We can also open our eyes to help and comfort, to celebrate and dream | We too can choose to see and respond with help, comfort, celebration, and hope",90.78014184397163,True
510,"Ap eseye retabli de depresyon, enkyetid, PTSD, ak twoub panik","Trying to recover from depression, anxiety, PTSD, and panic disorder","Trying to recover from depression, anxiety, PTSD, and panic disorder","Trying to heal from depression, anxiety, PTSD, and panic attacks | Working to recover from depression, anxiety, PTSD, and panic disorder",97.77777777777777,True
511,"Tankou Joseph, Nefi te konnen, si l te kontinye rete konsantre sou Senyè a, li t ap ka akonpli kòmandman sa a avèk siksè.","Like Joseph, Nephi knew that if he continued to focus on the Lord, he could successfully fulfill this commandment.","Like Joseph, Nephi knew that if he continued to focus on the Lord, he would not be able to accomplish this command successfully.","Like Joseph, Nephi knew that by keeping his focus on the Lord, he could carry out this commandment successfully. | Like Joseph, Nephi knew that if he stayed focused on the Lord, he would be able to obey this commandment successfully.",86.1788617886179,True
512,Ki non itilizatè ou?,What is your username?,What is your username?,What’s your username? | What’s your user name?,93.02325581395348,True
513,"Jezikri se ""vrè limyè ,"" a Pitit Gason Bondye a.","Jesus Christ is the ""true light,"" the Son of God.","Jesus Christ is the ""true light,"" the Son of God.","Jesus Christ is the true light, the Son of God | Jesus Christ is the true light, God’s Son",96.84210526315789,True
514,"Ak lajwa, fè eksperyans jistis w ap ede reyalize pandan w ""gen bon dezi pou angaje nan yon bon kòz.""","With joy, experience the justice you are helping to achieve while ""having the right desire to engage in a good cause.""","And finally, experiencing justice will help to achieve while you ""have a good desire to engage in a good cause.""",Joyfully take part in doing what’s right | Gladly join in a worthy cause,47.540983606557376,False
515,Dekri teren: Abiye bèl tig ki te rele Kenny - li se konsa yon fantaisie pour tig.,Description: Dress up the cute tiger named Kenny - he is such a fancy tiger.,Description: Dress up the cute tiger named Kenny - it's so fancy for tiger.,Dress up the cute tiger named Kenny | Dress up Kenny the cute tiger,75.96899224806202,False
516,Tanpri founi sèlman yon yon non konplè selon sistèm ekriti a.,Please provide only a full name according to the writing system.,Please provide only a full name according to the scriptural system.,Please provide only a full name in the correct writing system.|Please enter only a complete name in the appropriate script.,79.06976744186046,False
517,"3. Tib Tib, tiyo (wonn,, rektangilè)","3. Tubes, pipes (round, rectangular)","3. Tube, pipe (round, rectangular)",tubes and pipes | round and rectangular pipes,70.58823529411764,False
518,Li te avegle pa sa ki te brize nan li.,He was blinded by what was broken within him.,He was dazzled by what was stirring in him.,He was blinded by his inner brokenness | His inner wounds clouded his judgment,59.154929577464785,False
519,"ekri sou Indigo Timoun yo, Starchil-","written about Indigo Children, Starchil-","write about Indigo Children, Starchil-","written about Indigo Children, Star Children | about Indigo Children, Star Children",92.10526315789474,True
520,yon fanmi k ap li ekriti yo,a family reading the scriptures,a family reading the scriptures,a family studying the Bible | a family reading the Bible,80.70175438596492,True
521,"Klasik Victorienne kay ak imobilye Nòdès Los Angeles, Kalifòni","Classic Victorian homes and estates Northeast Los Angeles, California","Classic Victorian house and estate Northeast Los Angeles, California","Classic Victorian homes and estates in Northeast Los Angeles, California | Victorian-style homes and estates in Northeast Los Angeles, California",91.17647058823529,True
522,Wi-Fi gratis (75),Free Wi-Fi (75),Free Parking (75),Free Wi-Fi | Complimentary Wi-Fi,50.0,False
523,Tach ki Mande pou Yon Travayè Ranplase sa Ki tou pre lòt.,Tasks That Require One Worker to Replace Another Nearby.,Workstations That Require One Worker to Replace the One Nearest to the Other.,Tasks that require one worker to cover for another nearby | Jobs that need one worker to step in for another close by,67.71653543307087,False
524,Adrès majik Masters nan majik,Magical Address Masters of Magic,Magic Street Masters of Magic,Magic Address | Masters of Magic,75.86206896551724,False
525,"Alisa Linton, ""Lavi atravè Non Li a,"" Avril 8, 2012.","Alisa Linton, “Life through His Name,” April 8, 2012.","Alisa Linton, ""Life Through It's Nowhere,"" April 8, 2012.","Alisa Linton, “Life Through His Name,” April 8, 2012. | Alisa Linton, “Life by His Name,” April 8, 2012.",87.27272727272728,True
526,AU1706024J-CAB009 Egzanp Rapò tès pwodwi yo Enspeksyon Rapò,AU1706024J-CAB009 Sample Product Test Report Inspection Report,AU1706024J-CAB009 Sample Test Report Products Inspection Report,Sample Product Test Report Inspection Report | Product Test Report Inspection Report,67.28971962616824,False
527,"Retire karaktè espesyal yo, epi eseye ankò.","Remove the special characters, and try again.","Remove the special characters, and try again.",Please remove special characters and try again | Remove special characters and try again,92.85714285714286,True
528,"Otès: Anvan nou pran premye kesyon an, Èldè Gong, èske w ta renmen pataje yon panse avèk nou?","Host: Before we take the first question, Elder Gong, would you like to share a thought with us?","Hostess: Before we take the first question, Elder Gong, would you like to share a thought with us?","Host: Before we begin the first question, Elder Gong, would you like to share a thought with us? | Host: Before we move to the first question, Elder Gong, would you like to offer a thought?",94.84536082474226,True
529,Machin Manje machin 2: rèv fache,Car Eating Machine 2: Mad Dream,Car Eats Car 2: Mad Dreams,Car-Eating Machine 2: Crazy Dream | The Car-Eating Machine 2: Wild Dream,58.53658536585367,False
530,NOUVO NAN TARRAGONA AK LLEIDA,NEW IN TARRAGONA AND LLEIDA,NEW IN TARRAGONA AND LLEIDA,New to Tarragona and Lleida | Recently arrived in Tarragona and Lleida,94.33962264150944,True
531,Nan rècepteurs yo paramèt yo dwe mete ajou otomatikman apre retablisman an nan chanèl. Abonnès ka jwenn estasyon sou TELEVIZYON pozisyon 85.,In the receivers the parameters should be updated automatically after the channel reset. Subscribers can find the station on TV position 85.,In the receivers the parameters must be updated automatically after the resumption of channels. Subscribers can find stations on TV position 85.,The receiver settings should update automatically after the channel reset. Subscribers can find the station on channel 85. | Receiver parameters should refresh automatically after the channel is restored. Subscribers can tune in on TV channel 85.,72.93233082706767,False
532,Li vle pou w sèvi yon misyon anvan ou marye.,He wants you to serve a mission before you get married.,He wants you to serve a mission before you marry.,He wants you to go on a mission before you get married | He wants you to serve a mission before marriage,89.58333333333334,True
533,24 èdtan vit dèpatch,24 hour fast dispatch,24 hours fast depatch,24-hour rush delivery | same-day fast dispatch,68.57142857142857,False
534,Matye 2; Lik 2: Nou Vini pou nou Adore Li,Matthew 2; Luke 2: We Come to Worship Him,Matthew 2; Luke 2: We Have Come to Worship Him,We Have Come to Worship Him | We Come to Worship Him,73.97260273972603,False
535,Vwayaje malgre konferans videyo,Travel despite video conferencing,Travel despite video conferencing,Travel anyway despite video calls | Keep traveling even with video conferencing,80.0,True
536,"Chen - espesyalman puppies - moulen. Nou moun konnen sa a, ankò nou yon jan kanmenm tonbe viktim nan dan reken yo lè nou pa ranmase apre tèt nou. Li atik la tout antye isit la.","Dogs - especially puppies - chew. We humans know this, yet we somehow fall victim to the shark's teeth when we don't pick up after ourselves. Read the full article here.","Dogs - especially puppies - are mills. We humans know this, yet we somehow fall prey to the sharks when we don't pick up after ourselves. Read the whole article here.","Dogs chew, especially puppies. We know that, yet we still end up at the mercy of the sharks when we don’t clean up after ourselves. | Puppies chew, and we all know it—yet we still somehow get bitten by the sharks when we fail to clean up after ourselves.",68.92307692307693,False
537,Telechaje nan fòma MPEG-4,Download in MPEG-4 format,Download in MPEG-4 format,Download as MPEG-4 | Download in MP4 format,93.61702127659575,True
538,Lis Rezèvasyon Tanp,Temple Reservation List,List of Temples Reservations,Temple booking list | Temple reservation roster,85.71428571428572,True
539,"""Ozana pou Bondye ak Anyo a!""",Hosanna to God and the Year!,"""Hosanna with the Angel!""",Praise God and the Lamb | Hosanna to God and the Lamb,60.0,False
540,"Ebyen, nou te wè:","Well, we saw:","Of course, we saw:","Well, we saw | So, we saw",68.96551724137932,False
541,Dezi timoun piti,Childhood desires,Desire of small children,childhood wishes | childish desires,48.88888888888889,False
542,Dèplacement Deskripsyon Plant Sipèvizè Job Egzanp,Displacement Plant Supervisor Job Description Example,Displacement Plant Supervisor Job Description Sample,Plant Supervisor Job Description Example | Plant Supervisor Position Description Example,82.6086956521739,True
543,"Tatra (Tatra), se pou yonn nan pli enpòtan vandè usines mond lan, ki produit machin pa sèlman, men se kamyon yo.","Tatra (Tatra) is one of the most important manufacturers in the world, which produces not only cars, but also trucks.","Tatra is probably one of the world's most important vending factories, which produces not only cars, but trucks.","Tatra is one of the world’s leading manufacturers, producing not only cars but also trucks | Tatra is among the most important manufacturers in the world, making not just cars but trucks as well",72.27722772277228,False
544,4. 3d fran tirè forè kostim lachas Pant: Elastik sentiwon ak ajisteman Corydon.,4. 3d sniper jungle hunting suit Pants: Elastic waistband with drawstring adjustment.,4. 3d sniper jungle hunting suit Pant: Elastic waistband with corydon adjustment.,3D sniper jungle hunting suit pants: elastic waistband with drawstring adjustment | 3D sniper jungle camouflage hunting pants: elastic waist with drawstring adjustment,88.88888888888889,True
545,Klè fennèt plastik lapèch vivant sak,Clear Window Plastic Fishing Bait Bag,Clear window plastic fishing bait bag,Clear Plastic Fishing Bait Bag | Transparent Plastic Fishing Bait Bag,89.55223880597015,True
546,Liv Mòmon an gen anpil resi sou moun ki te anbisye pou Kris la.,The Book of Mormon contains many accounts of people who were ambitious for Christ.,The Book of Mormon contains many verses about those who were ambitious for Christ.,The Book of Mormon has many stories about people who were devoted to Christ | The Book of Mormon includes many accounts of people who were eager to serve Christ,75.15923566878982,False
547,Mache nan ankadreman echafodaj style 2 - Lachin Nantong Wantong En Tiyo,Walking frame scaffolding style 2 - China Nantong Wantong Steel Pipe,Walk through frame scaffolding style 2 - China Nantong Wantong Steel Pipe,Walking frame scaffolding style 2 - China Nantong Wantong Steel Pipe | Walker frame scaffold style 2 - China Nantong Wantong Steel Pipe,93.61702127659575,True
548,Charma Pale Ale,Charma Pale Ale,Charma Pale Ale,Charma Pale Ale | Charma Pale Ale,100.0,True
549,Reyinyon Transpòtasyon te fèt nan Finike ak Kumluca,Transportation Meetings Held in Finike and Kumluca,Transportation meetings were held in Finike and Kumluca,Transportation meetings held in Finike and Kumluca | Transport meetings held in Finike and Kumluca,95.23809523809523,True
550,Aawon te li ekriti yo pou wa a.,Aaron read the scriptures to the king.,Aawon has read the scriptures for the king.,Aaron read the scriptures for the king | Aaron read the scriptures to the king,91.35802469135803,True
551,"Teknikman, teknoloji ka aplike","Technically, technology can be applied","Technically, technology can be applied","Technically, it can be applied | In technical terms, it can be applied",85.29411764705883,True
552,"Epi, se te konsa, pèp Zarayemla a, ak pèp Mozya a, te reyini ansanm; yo te nonmen Mozya wa yo.","And it came to pass that the people of Zarahemla, and the people of Mosiah, did gather themselves together; and they did appoint Mosiah their king.","And so, the people of Zarayemla, and the people of Mosaiah, came together together; they appointed Mosaiah their king.",The people of Zarahemla and Mosiah gathered together and made Mosiah their king | Zarahemla’s people and Mosiah’s people came together and appointed Mosiah as their king,71.06598984771574,False
553,Lè ou fin chanje non fichye a epi presize kote ou vle,After you have renamed the file and specified the desired location,After you rename the worksheet and specify where you want to,Once you’ve renamed the file and chosen where to save it | After renaming the file and selecting the destination,63.793103448275865,False
554,"Ki kote ki ""lye sen"" pou nou?","Where is the ""holy link"" for us?","Where is ""Lye Sen"" for us?",Where is our sacred bond? | Where is our holy connection?,65.0,False
555,"Zhengjiu machin se youn nan dirijan Lachin 6000L Fermenter a ak manifaktirè izolasyon ak Swèd, akeyi yo achte rabè nou yo ak bon mache 6000L Fermenter ak izolasyon oswa wholesale pri ki ba 6000L Fermenter ak izolasyon te fè nan Hangzhou Lachin soti nan faktori nou an.","Zhengjiu Machinery is one of the leading China 6000L Fermenter with Insulation manufacturers and suppliers, welcome to buy our discount and cheap 6000L Fermenter with Insulation or wholesale low price 6000L Fermenter with Insulation made in Hangzhou China from our factory.","Zhengjiu Machinery is one of the leading China 6000L Fermenter with Insulation manufacturers and suppliers, welcome to buy our discount and cheap 6000L Fermenter with Insulation or wholesale low price 6000L Fermenter with Insulation made in Hangzhou China from our factory.","Zhengjiu Machinery is a leading Chinese manufacturer and supplier of 6000L insulated fermenters, welcome to buy our discounted and affordable 6000L insulated fermenters directly from our Hangzhou factory. | Zhengjiu Machinery is one of China’s top suppliers of 6000L fermenters with insulation, offering low-priced wholesale units made in Hangzhou, China.",62.473794549266245,False
556,"Pase men sou telefòn selilè done l' PrècautionsMay 18, 2018","Handing over cell phone data usage PrecautionsMay 18, 2018","Hands-on Cell Phone Usage PrecautionsMay 18, 2018",Cell phone data sharing precautions | Precautions for transferring mobile data,64.36781609195403,False
557,Karakteristik sa a pral idantifye epi retire patisipan reyinyon duplik lè y ap kreye yon nouvo envitasyon reyinyon. Al gade nan Ekran:,This feature will identify and remove duplicate meeting attendees when creating a new meeting invitation. See Screenshot:,This feature will identify and remove duplicate meeting attendees when creating a new meeting invitation. See screenshots:,This feature will detect and remove duplicate meeting attendees when creating a new meeting invite. | This feature identifies and removes duplicate attendees when you create a new meeting invitation.,87.11111111111111,True
558,Nefi te avèti Laman ak Lemyèl pou yo pa t touche l.,Nephi warned Laman and Lemuel not to touch him.,Nephi warned Leman and Lemuel not to touch him.,Nephi warned Laman and Lemuel not to touch him. | Nephi told Laman and Lemuel not to lay a hand on him.,97.87234042553192,True
559,B - Ti pen lajè,B - Bread roll,B - Roll width,bread roll | dinner roll,57.14285714285714,False
560,Retounen nan mande otorizasyon,Return to requesting authorization,Back to requesting authorization,Go back to asking for permission | Return to requesting approval,65.45454545454545,False
561,Pwòp ou Mining Gold Konpayi,Your Own Gold Mining Company,Your Own Gold Mining Company,your own gold mine | your own gold-mining company,96.42857142857143,True
562,"M ap sou kote dwat nou ak sou kote goch nou, epi Lespri m ap nan kè nou, epi zanj mwen yo ap alantou nou pou pote nou anlè.","I will be on your right hand and on your left, and my Spirit will be in your hearts, and my angels will surround you to bear you up.","I will be at your right and at your left, and my Spirit will be in your heart, and my angels will be around you to take you up.","I’ll be at your side, with my Spirit in your hearts, and my angels surrounding you | I’ll be with you on every side, with my Spirit in your hearts, and my angels guarding and lifting you up",67.24890829694323,False
563,"Pou bay konsantman paran atravè imèl, suiv etap sa yo.","To provide parental consent via email, follow these steps.","To give parental consent via email, follow these steps.","To give parental consent by email, follow these steps. | To provide parental consent via email, follow these steps.",95.41284403669725,True
564,"se ""Pakite"" konsidere kòm pi popilè mak nan Miltimedya pwodui konsomatè zòn nan, ki pwodwi yo te vann nan tout lòt peyi sou pawòl Bondye a ak volim nan lavant se tèt yon sèl.","""Pakite"" is considered as the most famous brand in Multimedia consumer products area, which products have been sold all over the word and the sales volume is top one.","""Pakite"" is considered the famous brand in the Multimedia consumer products area, whose products have been sold all over the world on the word and the sales volume is the top one.","Pakite is regarded as the leading brand in multimedia consumer products, with sales worldwide and the highest sales volume | Pakite is considered the most popular brand in multimedia consumer products, sold around the world and ranked number one in sales",66.24605678233438,False
565,"A nenpòt nan jèn nou yo ki ap lite, kèlkeswa pwoblèm ak difikilte nou, touye tèt nou sètènman se pa repons la.","To any of our struggling youth, regardless of our problems and difficulties, killing ourselves is certainly not the answer.","To any of our young people who are struggling, regardless of our problems and difficulties, suicide is certainly not the answer.","To any young person who’s struggling, no matter what problems or hardships we face, suicide is definitely not the answer. | To all our youth going through hard times, whatever challenges we’re dealing with, taking our own lives is certainly not the solution.",69.07630522088353,False
566,Optik ilizyon Louvri dwat oswa Bent kòm yon grafik,Optical Illusion Open Straight or Bent as a Graphic,Optical illusion Open straight or Bent as a graphic,Optical illusion graphic of straight or bent | Straight or bent optical illusion graphic,76.47058823529412,False
567,"Prezidan Oaks anseye ke, avèk èd Sovè a, li posib pou nou obeyi ak chèche amelyore lwa peyi nou ak renmen advèsè ak enmi nou.","President Oaks teaches that, with the Savior’s help, it is possible for us to obey and seek to improve the laws of our land and to love our adversaries and enemies.","President Oaks teaches that, with the help of the Savior, it is possible for us to obey and seek to improve our country's laws and love our opponents and amendments.","President Oaks teaches that, with the Savior’s help, we can obey and improve our nation’s laws and love our enemies | President Oaks says that, with the Savior’s help, we can follow and help strengthen our country’s laws and love those who oppose us",70.71428571428571,False
568,Alumna pote sante ak byennèt Special Olympics Florid,Alumna brings health and wellness to Special Olympics Florida,Alumna brings health and wellbeing to Special Olympics Florida,Alumna promotes health and wellness at Special Olympics Florida | Alumna supports health and wellness for Special Olympics Florida,83.87096774193549,True
569,"sèvis ijans kritik nan aranjman nan azil ""Skandalhusen""","Critical emergency services in the accommodation at the ""Skandalhusen"" asylum","Emergency services are critical to the accommodation of the asylum ""Skandalhusen""",critical emergency services at the asylum accommodation | emergency support services at the Skandalhusen asylum,61.9718309859155,False
570,"Malgre ke yo tout te blese nan batay la, ""pa t gen yon nanm nan pami yo ki te peri"" (Alma 57:25).","Although they were all wounded in the battle, “there was not one soul among them that did perish” (Alma 57:25).","Although they were all wounded in the battle, ""not one of them perished"" (Alma 57:25).",none of them were killed | not a single one of them died,60.71428571428572,False
571,M te santi m trè espesyal.,I felt very special.,I felt very special.,I felt really special | I felt so special,81.08108108108108,True
572,POU ELEKTRIK POUVWA TOOL1,FOR ELECTRIC POWER TOOL1,FOR ELECTRIC POWER TOOL1,for electric power tool 1 | electric power tool 1,97.87234042553192,True
573,BUYAAS Kontak - Anabolics Estewoyid manifaktirè,BUYAAS Contact - Anabolics Steroids Manufacturer,BUYAAS Contact - Anabolics Steroids manufacturer,BUYAAS Contact - Steroid Manufacturer | BUYAAS Contact - Anabolic Steroid Supplier,87.05882352941177,True
574,"Gade, Lespri m sou ou, se sa ki fè, m ap jistifye tout pawòl ou;","Behold, my Spirit is upon you, therefore I will confirm all your words;","Behold, my spirit is upon you, therefore will I justify all your words;","I’m with you, so I’ll back up everything you say | My Spirit is on you, so I’ll stand by all your words",74.19354838709677,False
575,"Èske w renmen mobil jwèt aza kòm anpil jan nou fè? Èske ou ap chache pou prim gwo ak peman etonan? Gade pa gen plis pase – slotjar.com, casino.coinfalls.com, ak pocketwin.co.uk yo kèk nan sit sa yo pi cho ou ka frape pou peman vit!","Do you love mobile gambling as much as we do? Are you looking for big prizes and amazing payouts? Look no further – slotjar.com, casino.coinfalls.com, and pocketwin.co.uk are some of the hottest sites you can hit for fast payouts!","Do you love mobile gambling as much as we do? Are you looking for great prizes and amazing payouts? Look no further than  slotjar.com, casino.coinfalls.com, and pocketwin.co.uk are some of the hottest sites you can hit for fast payouts!","Do you love mobile gambling as much as we do? Looking for big prizes and great payouts? Check out slotjar.com, casino.coinfalls.com, and pocketwin.co.uk for fast payouts! | Love mobile gambling? Want big wins and amazing payouts? Try slotjar.com, casino.coinfalls.com, and pocketwin.co.uk—some of the hottest sites for quick payouts!",78.81773399014779,False
576,"Pseudonym mwen se Nancy, mwen kounye a etidye nan Inivèsite a nan Zaragoza, mwen renmen liberal sensuality, mwen se yon ti fi optimis ak kè kontan ke mwen ofri yo pataje yon eksperyans ki gen yon santiman bon. Nancy bo.","My pseudonym is Nancy, I am currently studying at the University of Zaragoza, I love liberal sensuality, I am an optimistic and cheerful girl who offers to share an experience with a good feeling. Kisses Nancy.","My pseudonym is Nancy, I am currently studying at the University of Zaragoza, I like liberal sensuality, I am an optimistic and happy girl that I offer to share an experience with a good feeling. Kisses Nancy.","My name is Nancy, and I’m currently studying at the University of Zaragoza. I’m an optimistic, cheerful girl who enjoys open-minded sensuality and would love to share a pleasant experience. Kisses, Nancy. | I’m Nancy, a student at the University of Zaragoza. I’m a happy, optimistic girl who likes open-minded sensuality and wants to share a good experience. Kisses, Nancy.",66.34382566585957,False
577,"Se sa k fè, noumenm, kit nou Juif, kit nou pa Juif, kit nou esklav, kit nou pa esklav, nou tout te resevwa batèm pou n te ka fè yon sèl kò ansanm, pa pouvwa yon sèl Lespri a.","For by one Spirit we were all baptized into one body, whether Jews or Gentiles, whether slaves or free, so that we might be made one body by one Spirit.","That is why, we, whoever we are, whether Jewish or non-Jewish, whether slaves or slaves, we were all baptized to be one body together, by the power of one Spirit.","So we were all baptized into one body by one Spirit, whether Jew or Gentile, slave or free | By one Spirit, we were all brought into one body, whether Jew or Gentile, slave or free",55.08196721311476,False
578,"Lè lè a te vini pou Sovè a te òganize Legliz Li a ofisyèlman nan dènye jou yo, Li te di sèvitè L yo, ""Konte sou bagay ki te ekri yo"" (Doktrin ak Alyans 18:3).","When the time came for the Savior to formally organize His Church in the latter days, He told His servants, “Rely on the things which are written” (Doctrine and Covenants 18:3).","When the time came for the Savior to officially organize His Church in the last days, He told the L attendants, ""Repeat from the things that were written"" (Doctrine and Covenants 18:3).","When the time came for the Savior to officially organize His Church in the latter days, He told His servants, “Rely on what is written” (Doctrine and Covenants 18:3). | When the Savior was ready to formally establish His Church in the latter days, He told His servants, “Trust in the written word” (Doctrine and Covenants 18:3).",86.03988603988604,True
579,Kont FamilySearch ak Kont LDS ou a se sèvis pou w siyen antre nan tout sit Legliz yo.,Your FamilySearch account and LDS Account are the services you use to sign in to all Church sites.,Your FamilySearch and LDS Accounts are free to sign in to all Church sites.,Your FamilySearch and LDS accounts let you sign in to all Church websites. | Your FamilySearch and LDS accounts are used to access all Church sites.,89.93288590604027,True
580,Vizite Blòg FamilySearch la,Visit the FamilySearch Blog,Visit the FamilySearch Blog,Visit the FamilySearch Blog | Check out the FamilySearch Blog,100.0,True
581,Pran yon klas nan lekòl ou oubyen nan kominote w la pou w ka aprann plis sou yon sijè atistik oubyen kiltirèl ki enterese w.,Take a class at your school or in your community to learn more about an artistic or cultural topic that interests you.,Take a class at your school or community to learn more about an artistic or cultural topic that interests you.,Take a class at your school or in your community to learn more about an art or culture topic that interests you. | Join a class at school or in your community to learn more about an artistic or cultural subject you’re interested in.,91.81818181818183,True
582,Konekte nan ab jeneyalojik ou,Connect to your genealogy database,Connect to your gynecological abdomen,Connect to your family tree | Access your genealogy records,64.28571428571428,False
583,chat de Anabella,Anabella's cat,Anabellas chat,Anabella’s cat | the cat belonging to Anabella,92.85714285714286,True
584," NHK mondyal TV' kite 11509V, kounye a disponib nan HD sou 11229V","NHK World TV' left 11509V, now available in HD on 11229V"," NHK World TV ' quit 11509V, now available in HD on 11229V",NHK World TV has moved from 11509V to HD on 11229V | NHK World TV is now available in HD on 11229V,86.27450980392157,True
585,Montre Lis Wè,Show Watch List,Show List See Show,Show Watchlist | Display Watchlist,62.857142857142854,False
586,Enòs sete pitit gason Jakòb.,Enos was the son of Jacob.,Enoch the son of Jacob.,Enos was Jacob’s son | Enos was the son of Jacob,85.0,True
587,Dènye mizajou: 10.07.2019 a 09:42 AM CDT,Last updated: 10.07.2019 at 09:42 AM CDT,Last Updated: 10.07.2019 at 09:42 AM CDT,Last updated: 10/07/2019 at 09:42 AM CDT | Updated last on 10/07/2019 at 09:42 AM CDT,95.0,True
588,"Rantre, nan mwa Mas 2016 konpayi a Viasat Ikrèn renonse itilize nan transponder kapasite satelit Astra 4A, emigre nan Izraelyen satelit Amòs 3.","In March 2016, the company Viasat Ukraine renounced the use of transponder capacity of the Astra 4A satellite, migrating to the Israeli satellite Amos 3.","Recall, in March 2016 the company Viasat Ukraine renounced the use of transponder capacity satellite Astra 4A, migrated to Israeli satellite Amos 3.","In March 2016, Viasat Ukraine stopped using Astra 4A satellite transponder capacity and moved to the Israeli Amos 3 satellite | In March 2016, Viasat Ukraine switched from Astra 4A to the Israeli Amos 3 satellite for transponder capacity",63.04347826086957,False
589,"Pou akonpli plizyè òdonans pou yon zansèt pandan yon grenn vizit, seleksyone òdonans ou pral konplete yo, epi enprime kat non an.","To perform multiple ordinances for an ancestor during a single visit, select the ordinances you will complete, and then print the name card.","To fulfill several ordinances for an ancestor during a pilgrimage, select the ordinance you will complete, and print the name card.","Select the ordinances to complete for the ancestor during this visit, then print the name card. | Choose the ordinances you’ll perform for the ancestor in this single visit, then print the name card.",58.4070796460177,False
590,Non Legliz la Allentown Legliz Kris la,The name of the church is Allentown Church of Christ,Name of Church Allentown Church of Christ,The church is called Allentown Church of Christ | It’s Allentown Church of Christ,79.41176470588236,False
591,Renmen Pou ak Princess 2,Love Poo and Princess 2,Love Pou and Princess 2,Love for Poo and Princess 2 | Loving Poo and Princess 2,85.71428571428572,True
592,"Eksplore kè senyen CVE-2014-0160, Shellshock CVE-2014-6271 ak Poodle CVE-2014-3566","Exploring Bleeding Heart CVE-2014-0160, Shellshock CVE-2014-6271 and Poodle CVE-2014-3566","Explore the artery CVE-2014-0160, Shellshock CVE-2014-6271 and Poodle CVE-2014-3566","Exploring Heartbleed CVE-2014-0160, Shellshock CVE-2014-6271 and Poodle CVE-2014-3566 | Exploring Heartbleed CVE-2014-0160, Shellshock CVE-2014-6271, and Poodle CVE-2014-3566",91.56626506024097,True
593,"""Gade, Wa w la vini pou ou: li pote jistis, li ap bay sali; li enb, epi monte sou yon bourik"" (Zakari 9:9).","Behold, your King comes to you: righteous and having salvation, humble, and riding on a donkey (Zechariah 9:9).","Behold, your King is coming for you: he brings justice, he gives salt; he is humble, and riding on a donkey (Zechariah 9:9).","Look, your King is coming to you: righteous and bringing salvation, humble, riding on a donkey | Behold, your King comes to you, righteous and victorious, humble and riding on a donkey",67.87330316742081,False
594,"Tan pwosesis la ak tan an anbake pibliye yo an mwayèn. Pou tan an anbake, ta kapab gen yon reta pou kèk pake, espesyalman pandan sezon an pik. Pou tan an pwosesis, si pwodwi a se pare nan depo nou yo ka travay sou menm jou a oswa jou kap vini an apre lòd ou yo. Si nou gen lòd soti nan founisè a, tan an pwosesis se alantou 2-3days ki gen ladan tan an nou bezwen resevwa pwodwi a nan depo nou yo. pafwa founisè a ka manke nan stock, Lè sa a, nou pral enfòme ou sou reta a. Si ou gen lòd ki estab nou rekòmande nòmalman kliyan nou yo achte envantè prive a mete nan depo nou an pou akselere tan pwosesis la. Nou gen depo nan YIWU, SHENZHEN, USA (lès ak lwès) pou pi bon manyen nan kagezon an. Tanpri tcheke detay isit la: Ki jan yo diminye pwosesis la ak tan anbake oswa fè li pi vit pou Shopify Dropshipping?","The processing time and shipping time published are average. For the shipping time, there might be a delay for some packages, especially during peak season. For the processing time, if the product is ready in our warehouse they can be processed on the same day or the next day after your order. If we have orders from the supplier, the processing time is around 2-3days including the time we need to receive the product in our warehouse. Sometimes the supplier may be out of stock, then we will inform you about the delay. If you have stable orders we normally recommend our customers to buy the private inventory to put in our warehouse to speed up the processing time. We have warehouses in YIWU, SHENZHEN, USA (East and West) for better handling of the shipment. Please check the details here: How to reduce the processing and shipping time or make it faster for Shopify Dropshipping?","The processing time and shipping time are stated on average. For shipping time, there could be a delay for some package, especially during the peak season. For the processing time, if the product is ready in our warehouse they can process on the same day or the next day after your order. If we have order from the supplier, the processing time is around 2-3days including the time we need to receive the product in our warehouse. Sometimes the supplier may be missing in stock, then we will inform you about the delay. If youre late, we will notify you about the delay","The published processing and shipping times are averages. Shipping may be delayed for some packages, especially during peak season. If the product is already in our warehouse, we can usually process it the same day or the next day after your order. If we need to source it from the supplier, processing usually takes about 2–3 days, including the time needed to receive it at our warehouse. If the supplier is out of stock, we’ll let you know about the delay. For steady order volume, we usually recommend buying private inventory and storing it in our warehouse to speed up processing. We have warehouses in YIWU, SHENZHEN, and the USA (East and West) for better shipment handling. Please see the details here: How to reduce processing and shipping time or make Shopify dropshipping faster? | Processing and shipping times listed are average estimates. Shipping can be delayed for some parcels, especially during peak season. If the item is in stock at our warehouse, we can process it the same day or the next day after your order. If we need to order from the supplier, processing takes around 2–3 days, including the time to receive the item at our warehouse. If the supplier is out of stock, we’ll notify you of the delay. For consistent orders, we generally suggest purchasing private inventory and keeping it in our warehouse to speed up processing. We have warehouses in YIWU, SHENZHEN, and the USA (East and West) for smoother shipment handling. Please check the details here: How can you reduce processing and shipping time or make Shopify dropshipping faster?",75.28735632183908,False
595,"Sèvis (kafeteria, lokasyon rad, sant distribisyon, kay pou izaje)","Services (cafeteria, clothing rental, distribution center, shared housing)","Services (cafeteria, clothing rental, distribution center, nursing home)","Services (cafeteria, clothing rental, distribution center, shared housing) | Amenities (cafeteria, clothing rental, distribution center, shared housing)",91.72932330827068,True
596,Presyon Travay (MPA.),Working Pressure (MPA.),Working Pressure (Mpa.),Operating Pressure (MPA.) | Working Pressure (MPA.),100.0,True
597,Fartlek modèl fòmasyon piramid pou foutbòl. Segondè entansite aktivite aobobic devlopman aktivite itilize yo pwogrese sistèm enèji aerobic enkli pidevan aerobic...,Fartlek training pyramid model for soccer. High intensity aerobic activity development activities used to progress the aerobic energy system including aerobic future...,Fartlek training model pyramid for soccer. High intensity aobobic activity development activity used to progress the aerobic energy system include aerobic...,Fartlek pyramid training model for soccer | High-intensity aerobic development for the aerobic energy system,69.6969696969697,False
598,Li te kite yon eritaj anpil nan desandan l yo reklame.,He left a legacy that many of his descendants claim.,He has left a great legacy to his descendants to claim.,He left behind a legacy many of his descendants claim | He left a legacy that many of his descendants still claim,75.92592592592592,False
599,Nou ka medite sou aksyon nou yo epi repase moman yo nan jounen nou yo—pandan n ap konsidere volonte ak dezi nou parapò avèk pa Li.,We can meditate on our actions and review the moments of our day—while considering our wills and desires in relation to His.,We can reflect on our actions and revisit the moments of our dayby considering our will and desires in relation to Him.,"We can reflect on our actions and look back over our day, considering our will and desires in light of His. | We can take time to examine our actions and review the day, aligning our will and desires with His.",80.53097345132744,True
600,Priyè w yo pral ede m resevwa pawòl temwayaj ki ka ede yon moun k ap chèche yon repons pou kesyon l genyen.,Your prayers will help me receive words of testimony that can help someone who is seeking an answer to their question.,Your prayers will help me to receive testimony that can help someone seeking an answer to their question.,Your prayers will help me share testimony that can answer someone’s question. | Your prayers will help me receive a testimony that may help someone seeking answers.,84.65608465608466,True
601,Agrikilti machin Pyès,Agriculture Machinery Parts,Agricultural Machinery Parts,Agricultural Machinery Parts | Farm Equipment Parts,100.0,True
602,Paj Destinasyon: Èd pou Sant FamilySearch yo,Landing Page: Help for FamilySearch Centers,Destination page: Help for the FamilySearch Center,FamilySearch Centers Help Page | Help for FamilySearch Centers,78.16091954022988,False
603,"Seri LWP120 peyi Lachin te dirije miray panèl reskonsab Sync ak RF BT rimòt manifaktirè, distribitè, faktori ak konpayi - pwodwi - Shenzhen Hoion ekleraj co, Ltd","China LWP120 Series LED Wall Panel Controller Sync with RF BT Remote Manufacturers, Suppliers, Factory and Company - Products - Shenzhen Hoion Lighting Co.,Ltd","China LWP120 Series Led Wall Panel Sync Controller With RF BT Remote Manufacturer, Supplier, Factory and Company - Products - Shenzhen Hoion Lighting Co.,Ltd",China LWP120 Series LED Wall Panel Controller Sync with RF BT Remote | LWP120 Series China LED Wall Panel Controller with RF BT Remote,67.32673267326732,False
604,Si Yo Se sèlman konnen,If They Only Knew,If Yo Only Knew,If They Only Knew | If Only They Knew,80.0,True
605,Sesyon Te ajoute Dènyèman - Pwofesyonèl foutbòl Coaching,Recently Added Sessions - Professional Soccer Coaching,Session Added Recently - Professional Soccer Coaching,Recently Added Sessions - Pro Soccer Coaching | New Sessions - Professional Soccer Coaching,82.6086956521739,True
606,vizyon nou – filozofi nou an,our vision - our philosophy,Our vision  Our philosophy,our vision | our philosophy,96.15384615384616,True
607,"Renault kamyon yo, konsilte 4.16 (08.2011)","Renault Trucks, consult 4.16 (08.2011)","Renault Trucks, consult 4.16 (08.2011)","Renault Trucks, see 4.16 (08.2011) | Renault Trucks, refer to 4.16 (08.2011)",88.88888888888889,True
608,Showing 1-12 nan rezilta 550,Showing 1-12 of 550 results,Showing 112 of 550 results,Showing 1-12 of 550 results | Showing 1-12 out of 550 results,96.15384615384616,True
609,Ou ka itilize rèv Jakòb te fè sou yon nechèl ki t ap monte nan syèl la pou anseye timoun yo ke trespekte alyans nou prepare nou pou nou antre nan prezans Bondye.,You can use Jacob's dream of a ladder reaching to heaven to teach the children that keeping our covenants prepares us to enter the presence of God.,You can use Jacob's dream about a ladder that went up to heaven to teach the children that sticking to our covenant prepares us for entering into the presence of God.,You can use Jacob’s dream of a ladder reaching to heaven to teach children that keeping our covenants prepares us to enter God’s presence. | Jacob’s dream of the ladder to heaven can help teach children that honoring our covenants prepares us to be in God’s presence.,79.60526315789474,False
610,"Epi, se te konsa, nou te fòtifye vil Sèm nan, e nou te rasanble pèp nou an plis li te posib pou petèt, nou ta kapab sove yo anba destriksyon.","And it came to pass that we did fortify the city of Shem, and did gather together our people as many as were possible, that perhaps we might save them from destruction.","And so, if we had fortified the city of Shem, and we had gathered our people more it was possible that perhaps, we might be able to save them from destruction.","We fortified the city of Shem and gathered as many of our people as we could, hoping to save them from destruction | We strengthened Shem’s city defenses and assembled our people as much as possible, in hopes of rescuing them from destruction",68.86446886446886,False
611,Antamok Trail legliz nan Kris la,Antamok Trail Church of Christ,Antamok Trail church of Christ,"Antamok Trail Church of Christ | Church of Christ, Antamok Trail",100.0,True
612,Tuvalu Ostralyen dola AUD,Tuvalu Australian dollar AUD,"The Australian Dollar AUD ""Tuvalu""",Tuvalu dollar AUD | Australian dollar in Tuvalu AUD,78.78787878787878,False
613,"se poutèt sa, timoun piti yo byen, paske yo pa kapab fè peche;","therefore, little children are good, for they cannot sin;","Therefore, little children are well, because they cannot sin;","so little children are innocent | therefore, young children are good because they cannot sin",82.35294117647058,True
614,"Se pou nou prepare nou pou lè l ap vini an pandan n ap repase evenman gloriye sa yo ankò epi ankò nan lespri nou epi avèk fanmi nou epi, se pou priyè l la vin tounen priyè pa nou: Se pou rèy ou an rive.","Let us prepare for His coming as we review these glorious events again and again in our minds and with our families and, may His prayer become our prayer: Your kingdom come.",Let us prepare for his coming as we revisit these glorious events again and again in our minds and with our families and let his prayer become our prayer: Let your kingdom come.,"Let us prepare for His coming by reflecting on these glorious events again and again with our families, and may His prayer become ours: Your kingdom come. | Let us get ready for His coming as we keep these glorious events in mind with our families, and may His prayer become our own: Your kingdom come.",82.77945619335347,True
615,peyi Zend Hill Stasyon,India Hill Stations,India Hill Stations,Hill Stations in India | Indian Hill Stations,94.73684210526316,True
616,Segondè Rezolisyon dirije Display,High Resolution LED Display,High Resolution LED Display,High-Resolution LED Display | High-Definition LED Display,96.2962962962963,True
617,"Russell M. Nelson, nan ""Eternal Laws: From Scrabble to the Commandments"" (video), Church News, 31 Out 2019, thechurchnews.com; gade tou Mozya 2:41; Doktrin ak Alyans 130:20–21.","Russell M. Nelson, in ""Eternal Laws: From Scrabble to the Commandments"" (video), Church News, 31 Aug. 2019, thechurchnews.com; see also Mosiah 2:41; Doctrine and Covenants 130:20–21.","Russell M. Nelson, in ""Eternal Laws: From Scrabble to the Commandments"" (video), Church News, 31 August 2019, thechurchnews.com; see also Mosaic 2:41; Doctrine and Covenants 130:2021.","Russell M. Nelson, in “Eternal Laws: From Scrabble to the Commandments” (video), Church News, 31 Aug. 2019, thechurchnews.com; see also Mosiah 2:41; Doctrine and Covenants 130:20–21. | Russell M. Nelson, in “Eternal Laws: From Scrabble to the Commandments” (video), Church News, 31 Aug. 2019, thechurchnews.com; see also Mosiah 2:41; Doctrine and Covenants 130:20–21.",96.43835616438356,True
618,"Plan devlopman pou 2012-2016, prezante pa Jeneral la Direktè enstitisyon Mario Andresol la, konsantre sou profesyonalizasyon la ak modènizasyon nan PNH la.","The development plan for 2012-2016, presented by the institution's Director General Mario Andresol, focuses on the professionalization and modernization of the PNH.","Development plan for 2012-2016, presented by the institution's Director General Mario Andrésol, focuses on the professionalization and modernization of the PNH.","The 2012–2016 development plan, presented by Director General Mario Andresol, focuses on professionalizing and modernizing the Haitian National Police | The 2012–2016 development plan, introduced by institution head Mario Andresol, emphasizes the professionalization and modernization of the PNH",77.77777777777779,False
619,Nandrolone undecanoate anvan tout koreksyon poud konpetitif Advantage:,Nandrolone undecanoate raw powder Competitive Advantage:,Nandrolone undecanoate raw powder Competitive Advantage:,Nandrolone undecanoate raw powder competitive advantage | Competitive advantage of nandrolone undecanoate raw powder,99.09909909909909,True
620,"Yon bagay sonje, distans ki genyen ant espas sa a ak zetwal nan paran se pito gwo, 7.5 milya dola mil. Si planèt yo pwopoze a te nan sistèm solè nou an ki ta mete l 'nan apeprè de fwa distans la soti nan Solèy la ki Pliton se byen yon distans.","One thing to note, the distance between this spaceship and its parent star is quite large, 7.5 billion miles. If the proposed planet were in our solar system that would put it at about twice the distance from the Sun that Pluto is, which is quite a distance.","One thing to remember, the distance between this space and the parent star is quite large, 7.5 billion miles. If the proposed planets were in our solar system that would place it at about twice the distance from the Sun that Pluto is quite a distance.","One thing to note, the distance between this spaceship and its parent star is enormous, 7.5 billion miles. If the proposed planet were in our solar system, it would be about twice as far from the Sun as Pluto, which is very far. | Just to note, this spaceship is 7.5 billion miles from its parent star. If that planet were in our solar system, it would be around twice Pluto’s distance from the Sun, which is extremely far.",81.02345415778251,True
621,Pa kite pèsonn panse li se yon gouvènè;,Don't let anyone think he's a governor;,Dont let anyone think hes a governor;,Don’t let anyone get too big for their britches | Don’t let anyone act like they’re above everyone else,67.56756756756756,False
622,Li pi bon pou sa fèt nan tanp la si posib.,It is best to do this in the temple if possible.,It is best to do this in the temple if possible.,"It’s best to handle this in the temple if possible | If possible, it should be done at the temple",87.5,True
623,zgames. ru - gratis jwèt sou entènèt Bèt Mahjongg ().,zgames. ru - free online game Animals Mahjongg ().,zgames. ru - free online game Animal Mahjongg ().,zgames.ru - free online Animals Mahjongg game () | zgames.ru - free online Animals Mahjongg (),91.30434782608697,True
624,"Epi Senyè a te di: De reyalite sa yo egziste, ki fè konnen gen de lespri, epi youn pi entèlijan pase lòt la;","And the Lord said: These two facts exist, which show that there are two minds, and one is more intelligent than the other;","And the Lord said: Of these facts exist, which make known there are spirits, and one is smarter than the other;","There are two kinds of minds, and one is sharper than the other | Some people are simply more intelligent than others",57.47126436781609,False
625,Konpayi an pral konsidere maketing pwodwi a kosmetik lòt bò dlo apre yo fin wè ki jan konsomatè nan peyi Japon reyaji.,The company will consider marketing the cosmetic product overseas after seeing how consumers in Japan react.,The company will consider marketing the cosmetic product overseas after seeing how consumers in Japan react.,The company will consider selling the cosmetic product abroad after seeing how Japanese consumers respond. | The company may market the cosmetic product overseas depending on how it is received in Japan.,80.82901554404145,True
626,Gen pou travay efikasite,There is work efficiency.,Gen for Work Efficiency,There’s an efficient way to work | Work is done efficiently,61.111111111111114,False
627,Non pwodwi Hemapolin,Product name Hemapolin,Product Name Hemapolin,Hemapolin product name | Hemapolin brand name,90.9090909090909,True
628,Misyonè a siyen tou,The missionary also signed,The Missionary Sign,The missionary signed too | The missionary also signed,100.0,True
629,Nefi te bay Jakòb pouvwa pou l te vin yon prèt nan Legliz la epi pou l te anseye Nefit yo pawòl Bondye a.,Nephi gave Jacob the power to become a priest in the Church and to teach the word of God to the Nephites.,Nephi empowered Jacob to become a priest of the Church and to teach Nephites the word of God.,Nephi ordained Jacob as a priest in the Church and gave him authority to teach the word of God to the Nephites. | Nephi appointed Jacob to serve as a priest in the Church and to preach God’s word to the Nephites.,70.96774193548387,False
630,"Piti piti, m te kreye yon lyen amitye avèk li, ki te pote lajwa nan kè m.","Little by little, I created a bond of friendship with him, which brought joy to my heart.","Gradually, I created a friendship bond with him, which brought joy to my heart.","Gradually, I formed a friendship with him, which brought me joy | Over time, I grew close to him, and it filled my heart with joy",82.11920529801324,True
631,Li materyèl yo epi konplete aktivite aprantisaj ki nan Pwogram Entegrasyon Biwo Tanp lan:,Read the materials and complete the learning activities in the Temple Office Integration Program:,Read the materials and complete learning activities in the Temple Office Integration Program:,Read the materials and complete the learning activities in the Temple Office Integration Program | Review the materials and finish the learning activities in the Temple Office Integration Program,95.6989247311828,True
632,Yon bonjan fason pou obsève jou jèn nan se nan pa manje ni bwè pou de repa konsekitif epi bay yon ofrann jèn jenere pou ede pran swen moun ki nan bezwen.,good way to observe the fast day is to abstain from food and drink for two consecutive meals and give a generous fast offering to help care for those in need.,A great way to observe the fast is to not eat or drink for two consecutive meals and provide a generous fast offering to help take care of people in need.,A good way to observe fast day is to skip two meals and give a generous fast offering to help those in need. | One good way to keep the fast day is to go without food and drink for two meals and make a generous fast offering to care for people in need.,75.34246575342466,False
633,"Bon ekip yo repoze sou bon melanj—yon moun ki pou manevre bato a, yon moun ki pou sere fòs an rezèv, yon moun ki pou mete tout limenm nan konba a, yon moun pou fè lapè.","Good teams rely on the right mix—someone to steer the ship, someone to keep the force in reserve, someone to put their all into the fight, someone to make peace.","Good teams rely on good mixing one who will steer the ship, one who will gather the reserve force, one who will put all his energies into combat, one who will make peace.",A good team depends on the right mix of people | A strong team needs the right balance of roles,51.80722891566265,False
634,2013 Nasyonal Kanaval la,2013 National Carnival,the 2013 National Carnival,2013 National Carnival|2013 Carnival Festival,91.66666666666666,True
635,Ou gen dwa kòmanse klas la avèk envitasyon pou manm yo nan klas la ekri oubyen desine sou tablo a yon bagay yo te jwenn nan Egzòd 35–40 oswa Levitik 1; 16; 19 ki te anseye yo sou Sovè a.,You could begin class by inviting class members to write or draw on the board something they found in Exodus 35–40 or Leviticus 1; 16; 19 that taught them about the Savior.,You may begin the class by inviting the members of the class to write or draw on the board something found in Exodus 3540 or Leviticus 1; 16; 19 that taught them about the Savior.,"You could start class by inviting members to write or draw on the board something they found in Exodus 35–40 or Leviticus 1, 16, or 19 that taught them about the Savior. | You might begin the lesson by asking class members to write or sketch on the board something from Exodus 35–40 or Leviticus 1, 16, or 19 that helped them learn about the Savior.",85.63218390804597,True
636,"2. Food, produits ak dwòg pwochen.","2. Food, products and future drugs.","2. Food, cosmetics and drugs next.","Food, products and upcoming drugs | Food, goods and future medicines",58.82352941176471,False
637,"Fil fè ti: nan bobin 0.008-milimèt 0.8 DIN125:2 KG, DIN160:5 KG, DIN200:10 KG, DIN250:15 KG, nan bobine 1-12 milimèt","Small wire: in coil 0.008-0.8mm DIN125:2KG, DIN160:5KG, DIN200:10KG, DIN250:15KG, in coil 1-12mm","Wire size: in coils 0.008-0.8mm DIN125:2 KG, DIN160:5 KG, DIN200:10 KG, DIN250:15 KG, in coils 1-12mm","small wire in coils, 0.008–0.8 mm, DIN125: 2 kg, DIN160: 5 kg, DIN200: 10 kg, DIN250: 15 kg, coil sizes 1–12 mm | fine wire in coils, 0.008–0.8 mm, DIN125: 2 kg, DIN160: 5 kg, DIN200: 10 kg, DIN250: 15 kg, coil sizes 1–12 mm",86.13861386138613,True
638,Egzèsis meyè gadyen ak egzèsis pou teknik antrenè ak konpetans nan faz la avanse.,Goalkeeper drills and drills for coaching techniques and skills in the advanced phase.,Goalkeeper drills and exercises for coaching technique and skill in the advanced phase.,Advanced goalkeeper drills and coaching techniques | Advanced training drills for goalkeeper skills and coaching techniques,69.79865771812081,False
639,"Sa patikilyèman enteresan, se pou fanm yo bezwen mande trè ouvè pou- pase moun. Etid yo te montre ke fanm kapab detekte parfums nan concentrations 1000 fwa pi ba pase moun.",What's particularly interesting is that women need to be very open-minded about scents - more so than men. Studies have shown that women can detect scents at concentrations 1000 times lower than men.,What is particularly interesting is that women need to ask more openly than men. Studies have shown that women are able to detect fragrances at concentrations 1000 times lower than men.,"What’s especially interesting is that women tend to be much more sensitive to scents than men. | What’s particularly interesting is that women can detect smells at concentrations 1,000 times lower than men.",69.38775510204081,False
640,Sa se pwomès iltim Li.,This is His ultimate promise.,That is His ultimate promise.,This is His final promise | This is His ultimate promise,91.22807017543859,True
641,"Mwen te gen privilèj sa a lè m t ap prezide kòm jèn evèk nan Salt Lake City nan yon pawas ki te gen 1.800 manm, enkli 84 vèv.","had this privilege when I was presiding as a young bishop in Salt Lake City over a ward of 1,800 members, including 84 widows.","I had the privilege of presiding as the young bishop of Salt Lake City in a parish of 1,800 members, including 84 widows.","I had this privilege when I was serving as a young bishop in Salt Lake City over a ward of 1,800 members, including 84 widows. | I had this privilege while I was a young bishop in Salt Lake City, presiding over a ward of 1,800 members, including 84 widows.",80.16528925619835,True
642,Ki jan yo brikoleur 30 Watt Stereo Anplifikatè Awondisman?2017-03-21,How to DIY 30 Watt Stereo Amplifier Circuit?2017-03-21,How to DIY 30 Watt Stereo Amplifier Circuit?2017-03-21,How to Build a 30-Watt Stereo Amplifier Circuit? | How to Make a 30-Watt Stereo Amplifier Circuit?,80.3921568627451,True
643,Sa se destine nou vle pou tout moun nou renmen.,This is the destiny we want for everyone we love.,This is the destiny we want for all our loved ones.,This is the future we wish for everyone we love | This is the fate we hope for all those we love,65.97938144329896,False
644,Custom Size Corlorful tèmik Papye Woule nan Lajan Kach Enskri,Custom Size Corlorful Thermal Paper Roll in Cash Register,Custom Size Corlorful Thermal Paper Roll to Cash Register,custom-sized colorful thermal paper roll for cash registers | colorful custom thermal receipt roll for register use,92.98245614035088,True
645,"Mwen te resevwa yon mesaj nan men Britny ki te di ke l te gen gwo nouvèl pou mwen: li ta pral batize, e li te vle remèsye m dèske m te zanmi li e m te bay yon bon egzanp.","I received a message from Britny saying that she had great news for me: she was going to be baptized, and she wanted to thank me for being her friend and setting a good example.","I received a message from Britny who said she had great news for me: she was going to be baptized, and she wanted to thank me for being her friend and for being a good example.",Britny texted me with some great news: she was getting baptized and thanked me for being a good friend and example. | I got a message from Britny saying she had wonderful news—she was going to be baptized and wanted to thank me for being such a good friend and role model.,76.36363636363637,False
646,e m te rasanble tout tè a fè yon sèl tankou lè moun ap ranmase ze nan yon nich abandone;,I have gathered the whole earth together as one gathers eggs from an abandoned nest;,I have gathered all the earth into one like the gathering of eggs in an abandoned nest;,I gathered everything up effortlessly | I swept up the whole world like it was nothing,52.121212121212125,False
647,Shenzhen pa pi mal Biotech teknoloji rele Ltd,"Shenzhen No Better Biotech Technology Co., Ltd.",Shenzhen OK Biotech Technology Co Ltd,"Shenzhen No Better Biotech Technology Co., Ltd. | Shenzhen Better Biotech Technology Co., Ltd.",83.78378378378379,True
648,ofer sur Creole 1.0.0 – Lè a te rive,ofer sur Creole 1.0.0 – The time has come,Version 1.0.0  The time has come,It’s time | The moment has arrived,51.72413793103448,False
649,"Se sèten ke youn nan mesaj pi evidan sèke Jezikri se Pitit gason Bondye, avèk pouvwa sou tout bagay, enkli doulè ak enpèfeksyon fizik nou yo.","Certainly one of the most obvious messages is that Jesus Christ is the Son of God, with power over all things, including our physical pain and imperfections.","It is certain that one of the most obvious messages of Jesus Christ is that he is the Son of God, with power over everything, including our pain and physical disabilities.","One clear message is that Jesus Christ is the Son of God, with power over everything, including our pain and physical weaknesses. | One of the most obvious messages is that Jesus Christ is God’s Son, with authority over all things, even our suffering and bodily imperfections.",75.0,False
650,Ou dwe antre enfòmasyon pou papa papa w anvan pou w ka antre enfòmasyon pou Gran-paran ou,You must enter your grandfather's information first before you can enter your grandparents' information.,You must enter the information of your grandparents before you can enter the information of your grandparents,You must enter your grandfather’s information first before you can enter your grandparents’ information. | Please enter your grandfather’s details before adding your grandparents’ information.,73.36683417085428,False
651,epi konsènan zanj k ap desann pou rasanble rès la avèk yo;,and concerning the angels who shall descend to gather the remnant with them;,and concerning the angel descending to gather the remnant with them;,and about the angels coming down to gather the rest with them | and regarding the angels descending to collect the remaining ones with them,75.0,False
652,"Nan kòmante sou pawòl Nefi yo nan 2 Nefi 25:23a, Prezidan Dieter F.","Commenting on Nephi’s words in 2 Nephi 25:23a, President Dieter F.","In commenting on Nephi's words in 2 Nephi 25:23a, President Dieter F.","Commenting on Nephi’s words in 2 Nephi 25:23a, President Dieter F. | In commenting on Nephi’s words in 2 Nephi 25:23a, President Dieter F.",98.55072463768117,True
653,"Paske gade tout moun gen Lespri Kris la pou yo kapab konnen sa ki byen ak sa ki mal; se poutèt sa, m montre nou kòman pou nou jije; paske tout bagay ki envite lèzòm pou yo fè byen, e ki pèsyade yo pou yo kwè nan Kris la, se pouvwa ak don Kris la ki voye l.","For behold, all men have the Spirit of Christ, that they may know good from evil; wherefore, I show unto you how ye may judge; for all things which invite men to do good, and persuade them to believe in Christ, are the power and gift of Christ which sendeth him.","For everyone looks to the Spirit of Christ to be able to discern right and wrong; therefore I show you how to judge; for everything that invites men to do good, and that persuades them to believe in Christ, is the power and gift of Christ that sent it.","For everyone has the Spirit of Christ to know right from wrong; so I’ll show you how to discern, for whatever leads people to do good and believe in Christ comes from the power and gift of Christ. | All people have the Spirit of Christ to tell good from evil, and anything that encourages goodness and faith in Christ is from Christ’s power and gift.",69.64285714285714,False
654,Yon erè te fèt,An error occurred.,An error occurred,An error occurred | There was an error,100.0,True
655,"Desine foto yon moun lib ak foto yon moun ki kaptif (petèt yon moun nan prizon), epi envite timoun yo pou yo montre desen kòrèk la lè w li mo lib ak kaptivite a nan 2 Nefi 2:27.","Draw a picture of a free person and a picture of a captive person (perhaps someone in prison), and invite the children to point to the correct drawing when you read the words free and captivity in 2 Nephi 2:27.","Draw a picture of a free man and a picture of a captive man (perhaps someone in prison), and invite the children to show the correct drawing when reading the free word captivity in 2 Nephi 2:27.","Draw a picture of someone who is free and someone who is captive, then invite the children to point to the correct picture when you read the words free and captivity in 2 Nephi 2:27. | Have the children point to the right picture as you read the words free and captivity in 2 Nephi 2:27, using drawings of a free person and a captive person.",70.2127659574468,False
656,Efase yon evenman maryaj:,Delete a wedding event:,Deleting a Wedding Event:,Delete a wedding event | Remove a wedding event,89.36170212765957,True
657,Recovery nan efase ak pèvèti dosye,Recovery of deleted and corrupted files,Recovery of deleted and corrupted files,deleted and corrupted file recovery | file recovery from deletion and corruption,80.0,True
658,Machin vapè pou bous Hack Lajan sèpan,Steam Wallet Hack Snake Money,Steam Wallet Hack Money Adder,Steam wallet hack money | Snake money hack,90.56603773584906,True
659,"11–17 Novanm: ""Dechire Vwal Enkredilite Sa a.""","November 11–17: ""Rip This Veil of Disbelief.""",1117 November: Dechire Sail This incredulous.,Break Through Doubt | Tear Away the Veil of Unbelief,38.095238095238095,False
660,Doktrin ak Alyans 46:7–33,Doctrine and Covenants 46:7–33,Doctrine and Covenants 46:733,Doctrine and Covenants 46:7–33 | D&C 46:7–33,96.55172413793103,True
661,"Si w fè seleksyon sa a, tout disponiblite fleksib ki seleksyone yo pral efase.","If you make this selection, all selected flexible availability will be deleted.","If you make this selection, all selected flexible availabilities will be deleted.","If you choose this option, all selected flexible availability will be deleted. | Selecting this will delete all chosen flexible availability.",88.0503144654088,True
662,sèch mi Papye tep,Drywall Paper Tape,Dry Mi Paper Tape,drywall tape | paper drywall tape,62.06896551724138,False
663,"Tren vwayaj Otrich, Tren vwayaj Grann Bretay, Tren vwayaj Denmark, Tren vwayaj Frans, Tren vwayaj Almay, Tren vwayaj Itali, Tren vwayaj Swis, ...","Train travel Austria, Train travel Great Britain, Train travel Denmark, Train travel France, Train travel Germany, Train travel Italy, Train travel Switzerland, ...","Train travel Austria, Train travel Britain, Train travel Denmark, Train travel France, Train travel Germany, Train travel Italy, Train travel Switzerland, ...",Train travel destinations | Rail travel destinations,70.2127659574468,False
664,"Gen tan toujou ane sa a pou nou lonje yon men edan, yon kè chaje lanmou, ak yon lespri byen dispoze.","There is still time this year to extend a helping hand, a loving heart, and a willing mind.","There is still time this year to extend a generous hand, a heart full of love, and a willing spirit.","There’s still time this year to lend a helping hand, a loving heart, and a willing spirit | There’s still time this year to reach out with help, love, and a willing mind",79.36507936507937,False
665,"Kijan timoun Izrayèl yo te chèche delivrans, e kijan Bondye te reponn yo (gade tou Egzòd 2:23–25; 3:7–8).","How the children of Israel sought salvation, and how God answered them (see also Exodus 2:23–25; 3:7–8).","How the children of Israel sought redemption, and how God answered them (see also Exodus 2:2325; 3:78).","How did the Israelites cry out for deliverance, and how did God respond to them? | How did the people of Israel seek rescue, and how did God answer them?",58.95953757225434,False
666,"Malgre anpil pati nan istwa Jaredit yo ilistre konsekans negatif ògèy ak mechanste, li gen peryòd imilite ak pwosperite tou ke nou ka aprann de yo.","Although many parts of the Jaredite story illustrate the negative consequences of pride and wickedness, it also contains periods of humility and prosperity that we can learn from.","Although many parts of Jaredit's story illustrate the negative consequences and vices, it contains periods of humility and prosperity also that we can learn from them.","Although much of the Jaredite story shows the harmful effects of pride and wickedness, it also has times of humility and prosperity we can learn from. | While many parts of the Jaredite account show the negative results of pride and wickedness, it also includes periods of humility and prosperity that offer lessons for us.",67.66467065868264,False
667,Li istwa a epi pran nòt sou fason moun sa yo te aplike kòmandman Bondye yo.,Read the story and take notes on how these people applied God's commandments.,Read the story and take note of how these men applied God's commandments.,Read the story and note how these people followed God’s commands. | Read the story and write down how these people obeyed God’s commandments.,79.45205479452055,False
668,"Pou egzanp, repons lan nan robo tèt foreks se pa sa ki dwat-pou pi devan; sepandan, faktè ki pi enpòtan yo konsidere isit la yo ta dwe diferans lan prensipal ant manyèl la kont sistèm komès otomatik. Men, opsyon ki pi attrayant Se poutèt sa, pou komèsan nan foreks amatè, se komès ak robo otomatik ki fonksyone.","For example, the answer to the top forex robots is not that straight-forward; however, the most important factor to consider here should be the main difference between the manual versus automated trading system. But the most attractive option therefore, for amateur forex traders, is trading with automated robots.","For example, the answer of top Forex robot is not straightforward forward; however, the most important factor to consider here should be the main difference between the manual and the automated trading system. But the most attractive option therefore, for the amateur Forex trader, is trading with automated robots.","For example, the answer about the best forex robots isn’t that straightforward; however, the most important thing to consider here is the main difference between manual and automated trading systems. But for amateur forex traders, the most attractive option is therefore trading with automated robots. | For example, the question of the best forex robots isn’t simple; however, the key point to consider is the difference between manual and automated trading systems. So for beginner forex traders, the most appealing choice is to trade with automated robots.",80.1948051948052,True
669,Reyaksyon bottle(L),Reaction bottle(L),Reaction bottle(L),reaction bottle | reaction flask,90.9090909090909,True
670,"Prezidan Thomas S. Monson te anseye: ""Chak detantè prètriz ta dwe patisipe nan etid ekriti chak jou. Mwen pwomèt nou, noumenm detantè Prètriz Aawon oswa Mèlkisedèk yo, si nou etidye ekriti yo ak dilijans, pouvwa nou pou evite tantasyon ak pou resevwa direksyon Sentespri a nan tout sa n ap fè ap ogmante"" (Thomas S. Monson, ""Be Your Best Self,"" Ensign oswa Liahona, Me 2009, 68).","President Thomas S. Monson taught: “Every priesthood holder should participate in daily scripture study. I promise you, Aaronic or Melchizedek Priesthood holders, that if you study the scriptures diligently, your power to avoid temptation and to receive the guidance of the Holy Ghost in all that you do will be increased” (Thomas S. Monson, “Be Your Best Self,” Ensign or Liahona, May 2009, 68).","President Thomas S. Monson taught: ""Every priesthood holder should participate in the study of scripture every day. I promise you, as priests of Aaron or Melchizedek, if you study scripture and diligently, your power to avoid temptation and to receive the Holy Spirit's guidance in everything you do will increase"" (Thomas S. Monson, ""Be Your Best Self,"" Ensign or Liahona, May 2009, 68).","President Thomas S. Monson taught: “Every priesthood holder should take part in daily scripture study. I promise you, Aaronic or Melchizedek Priesthood holders, that if you diligently study the scriptures, your ability to resist temptation and receive the guidance of the Holy Ghost in all you do will increase” (Thomas S. Monson, “Be Your Best Self,” Ensign or Liahona, May 2009, 68). | President Thomas S. Monson taught: “All priesthood holders should engage in daily scripture study. I promise you, Aaronic or Melchizedek Priesthood holders, that if you study the scriptures faithfully, your power to avoid temptation and to receive the Holy Ghost’s guidance in everything you do will grow” (Thomas S. Monson, “Be Your Best Self,” Ensign or Liahona, May 2009, 68).",82.92046936114733,True
671,Ayiti: House Prezidan pa wè okenn rezilta reyèl pou administrasyon Detay,Haiti: House President sees no real results for administration Details,Haiti: House President sees no real results for administration Details,Haiti: House Speaker sees no real results for the administration | Haiti: House Speaker says the administration has achieved no real results,84.44444444444444,True
672,Jaden flè nan konpetitif pou echanj cryptocurrency se avanse nan Etazini yo. Startup echanj Robinhood jis te anonse sou Twitter ekspansyon li yo nan Colorado. Te platfòm nan komès inogire commision-gratis komès pou Bitcoin nan Colorado.,The competitive landscape for cryptocurrency exchanges is advancing in the United States. Startup exchange Robinhood just announced on Twitter its expansion into Colorado. The trading platform has launched commission-free trading for Bitcoin in Colorado.,The flower garden of competitors for cryptocurrency exchanges is advancing in the United States. Startup exchange Robinhood just announced on Twitter its expansion in Colorado. The trading platform has unveiled commission-free trading for Bitcoin in Colorado.,"The cryptocurrency exchange market is becoming more competitive in the United States. Robinhood has just announced on Twitter that it is expanding into Colorado. The trading platform has launched commission-free Bitcoin trading in Colorado. | Competition among cryptocurrency exchanges is heating up in the U.S. Robinhood has announced on Twitter that it is expanding to Colorado, where it is now offering commission-free Bitcoin trading.",74.14829659318639,False
673,"Pou nou ka gen aksè nan pouvwa redanmtè ki vini sèlman atravè non Kris la, nou dwe ""imilye [nou] devan Bondye epi vini avèk yon kè brize ak yon lespri kontri epi dispoze pou [nou] pran non Jezikri sou tèt nou"" epi konsa, kalifye nou, menmjan ak timoun uitan m yo, pou yo ""resevwa nou pa mwayen batèm nan legliz li a.""","To access the redeeming power that comes only through the name of Christ, we must “humble [us] before God and come with a broken heart and a contrite spirit and be willing to take upon [us] the name of Jesus Christ” and thus qualify ourselves, like my eight-year-old children, to be “received by baptism into his church.”","To have access to the redemptive power that comes only through the name of Christ, we must humble ourselves before God and come with a humble heart and a contrite spirit and be ready to take the name of Jesus Christ upon ourselves and thus qualify ourselves, like my eight children, to be saved by the baptism of his church.","To access Christ’s redeeming power, we must humble ourselves before God, come with a broken heart and contrite spirit, and be willing to take upon ourselves the name of Jesus Christ, so that we may be received by baptism into his church. | To receive the redeeming power that comes only through Christ’s name, we must humble ourselves before God, have a broken heart and a contrite spirit, and be willing to take upon ourselves the name of Jesus Christ, just as children do when they are baptized into his church.",71.35678391959799,False
674,"Nan apre, lè nou vin aprann ke priyè nou an te jwenn repons, pouvwa nou pou n soutni lidè sa yo yo ap ogmante.","Later, when we learn that our prayer has been answered, our power to sustain these leaders will increase.","Later, when we learn that our prayers have been answered, our power to support these leaders will increase.","Later, when we see our prayers answered, our support for these leaders will grow. | Once we know our prayers have been answered, we’ll be even stronger in supporting these leaders.",76.75675675675674,False
675,"se poutèt sa, koute pawòl mwen an.","therefore, listen to my words.","Therefore, listen to my voice.",so listen up | that’s why I’m telling you this,49.122807017543856,False
676,Di yo ke yo pral aprann sou verite sa yo lè y ap etidye 1 Korentyen 14–16 la semèn sa a.,Tell them that they will learn about these truths when they study 1 Corinthians 14–16 this week.,Tell them that they will learn about these truths by studying 1 Corinthians 1416 this week.,Tell them they’ll learn about these truths when they study 1 Corinthians 14–16 this week. | Let them know they’ll discover these truths as they study 1 Corinthians 14–16 this week.,87.77777777777777,True
677,Okòmansman pou ekip yo pratik unopposed gen jwè 5 (ki gen ladan jwè yo zèl mete nan chanèl yo).,Initially for the unopposed practice teams there are 5 players (including the wing players placed in the channels).,Initially for the practice teams unopposed there are 5 players (including the wing players placed in the channels).,"Initially, the unopposed practice teams have 5 players, including the wing players in the channels | At the start, the unopposed practice teams consist of 5 players, with the wing players positioned in the channels",79.81220657276995,False
678,Poukisa moun yo nan vèsè sa yo ka te gen krentif?,Why might the people in these verses have been afraid?,Why might the people in these verses be frightened?,Why might the people in these verses have been afraid? | Why would the people in these verses have been afraid?,85.41666666666666,True
679,Senyè a ap reponn mwen si m mande l ak lafwa avèk yon kè adousi.,The Lord will answer me if I ask in faith with a humble heart.,The Lord will answer me if I ask with faith and with a softened heart.,The Lord will answer me if I ask in faith with a humble heart. | God will answer me when I pray with faith and humility.,84.84848484848484,True
680,"aparèy pou chofe dlo ak yon kapasite de 50, 80, 100, 120, 150 lit yo apwopriye pou gwo","Water heaters with a capacity of 50, 80, 100, 120, 150 liters are suitable for large","Water heaters with a capacity of 50, 80, 100, 120, 150 liters are suitable for large","Water heaters with capacities of 50, 80, 100, 120, and 150 liters are suitable for large households | Water heaters in 50, 80, 100, 120, and 150-liter sizes are ideal for larger homes",91.66666666666666,True
681,14 Timon tache sant wotè 465,14 Drawbar attached center height 465,14 Drawbar Pin Center Height 465,Drawbar attached at center height 465 | Center-mounted drawbar height 465,74.50980392156863,False
682,Enfeksyon sou Tè: fizyolojik Net,Infection on Earth: Physiologically Neutral,Soil Infections: Physiological Net,Earthly infection | Physiologically neutral,82.35294117647058,True
683,"Hot Tags: pi bon sou non awotèn kote ou ye a,awotèn, awotèn, sou non sou non-awotèn pri","Hot Tags: best generic aurotin where you are, aurotin, aurotin, generic generic-aurotin price","Hot Tags: best unsub homogeneous location,homogeneous, homogeneous, unsub non-homogeneous price",best generic awning where you are | generic awning price,43.13725490196079,False
684,"Jodi a, nou beni paske nou gen pwofèt ki ap dirije nou, ki konprann nesesite pou nou prepare nou kont kalamite ki gen pou vini","Today, we are blessed to have prophets leading us, who understand the need to prepare for the coming calamities.","Today, we are blessed because we have a prophet who is guiding us, who understands the need to prepare us against the calamity that is to come","We are blessed today to have prophets who lead us and understand the need to prepare for coming calamities. | Today, we are blessed to have prophets guiding us who know we must prepare for what is to come.",69.29133858267717,False
685,"Ou ta kapab revize tou mesaj Prezidan Russell M. Nelson an ""Nou Ka Fè Pibyen epi Vin Pi Bon"" (Lyawona, Me 2019, 67–69) oubyen mesaj Sè Becky Craven nan ""Kenbe Chanjman an"" (Lyawona, Nov. 2020, 58–60).","You might also review President Russell M. Nelson’s message “We Can Do Better and Be Better” (Ensign or Liahona, May 2019, 67–69) or Sister Becky Craven’s message “Keeping the Change” (Ensign or Liahona, Nov. 2020, 58–60).","You could also review President Russell M. Nelson's message ""We Can Make Better and Be Better"" (Lyaona, May 2019, 6769) or Sister Becky Craven's message ""Keep the Change"" (Lyaona, Nov. 2020, 5860).","You could also review President Russell M. Nelson’s message “We Can Do Better and Be Better” (Liahona, May 2019, 67–69) or Sister Becky Craven’s message “Keeping the Change” (Liahona, Nov. 2020, 58–60). | You may also want to read President Russell M. Nelson’s message “We Can Do Better and Be Better” (Liahona, May 2019, 67–69) or Sister Becky Craven’s message “Keeping the Change” (Liahona, Nov. 2020, 58–60).",91.87817258883248,True
686,"Ti fi a Bratz, nan an reta, te vin trè serye epi ou vle yon Re san konte ou. Fè yon fre fè-leve, li al chèche yo pou rad yo pi byen nan pandri a mak nouvo.","The Bratz girls, of late, have become very serious and want a Re besides you. Do a fresh make-up and go pick them out for the best clothes from the brand new wardrobe.","The Bratz girl, in late, has become very serious and you want a Re exclusive to you. Have a cool make-up and go look for the best clothes in the brand new wardrobe.",The Bratz girls have gotten really serious lately and want a new look too. | Give them a fresh makeover and pick out the best outfits from the new wardrobe.,60.86956521739131,False
687,Pokemon Tatouages Ide Ide pou Gason ak Fi - Lide Atizay Tatouages,Pokemon Tattoo Ideas Ideas For Men And Women - Tattoo Art Ideas,Pokemon Tattoos Design Idea For Men and Women - Tattoos Art Ideas,Pokemon Tattoo Ideas for Men and Women | Tattoo Art Ideas,83.16831683168317,True
688,PCB oswa ankadreman mòn,PCB or board mount,PCB or frame mount,PCB or board mount | PCB or mounting board,77.77777777777779,False
689,Chinwa National Creole,Chinese National Standard,Chinese National Standard,Chinese national standard | Standard Chinese,100.0,True
690,"chwazi, revandè, jwenn, enkyetid, ak aparèy yo envantè, materyèl, epi li bay.","select, retailer, obtain, concern, and inventory devices, materials, and supplies.","select, retailer, acquire, concerns, and devices to manufacture, supply, and supply.","select, purchase, and manage inventory supplies | choose, source, and oversee equipment and materials",48.4375,False
691,Poukisa pou chwazi nou,Why choose us?,Why choose us,Why choose us? | Why pick us?,100.0,True
692,Genotropin 36 IU - enstriksyon deklanchman ak foto,Genotropin 36 IU - activation instructions with photos,Genotropin 36 IU  activation instructions and photos,Genotropin 36 IU - activation guide with pictures | Genotropin 36 IU - setup instructions with photos,79.20792079207921,False
693,"Atravè ane yo, mwen vin konn anpil moun ki te patikilyèman fidèl ak obeyisan.","Over the years, I have come to know many people who have been particularly faithful and obedient.","Over the years, I have come to know many people who were particularly faithful and obedient.","Over the years, I’ve met many people who are especially loyal and obedient | Over time, I’ve come to know a lot of people who are very faithful and compliant",77.10843373493977,False
694,Stone gato Plak,Stone Cake Plate,Stone Cake Plate,cake plate | stone slab,76.92307692307692,False
695,Doktrin ak Alyans 4:6.,Doctrine and Covenants 4:6.,Doctrine and Covenants 4:6.,Doctrine and Covenants 4:6 | D&C 4:6,98.11320754716981,True
696,Gade DA 50:13–23 tou.,See also D&C 50:13–23.,See DA 50:1323 too.,See also D&C 50:13–23. | See also Doctrine and Covenants 50:13–23.,66.66666666666667,False
697,Al Nakhl Abu Dhabi,Al Nakhl Abu Dhabi,Al Nakhl Abu Dhabi,Al Nakheel Abu Dhabi | Abu Dhabi Palm Grove,88.88888888888889,True
698,Gallacher yo ak pitit yo te ranpli anpil apèl nan Legliz la.,The Gallachers and their children filled many callings in the Church.,The Gallacher brothers and their descendants filled many appeals to the Church.,The Gallachers and their children served in many Church callings | The Gallacher family held many Church callings,65.67164179104478,False
699,"Lè w fin ba yo ase tan, envite chak gwoup pou pataje sa yo te aprann.","After giving them enough time, invite each group to share what they learned.","When you have given them enough time, invite each group to share what they have learned.","After giving them enough time, ask each group to share what they learned | Once they’ve had enough time, have each group share what they learned",80.0,True
700,"Doktrin ak Alyans 111–114, Vini, Suiv Mwen—Pou Kowòm Prètriz Aawon yo ak Klas Jènfi yo: Sijè Doktrinal 2021 (2020)","Doctrine and Covenants 111–114, Come, Follow Me—For Aaronic Priesthood Quorums and Young Women Classes: Doctrinal Topics 2021 (2020)","Doctrine and Covenants 111114, Vine, Follow MeTo the Awon Priesthood Quorum and the Ninety Classes: Doctrinal Topics 2021 (2020)","Doctrine and Covenants 111–114, Come, Follow Me—For Aaronic Priesthood Quorums and Young Women Classes: Doctrinal Topics 2021 (2020) | Doctrine and Covenants 111–114, Come, Follow Me—For Aaronic Priesthood Quorums and Young Women Classes: Doctrinal Topics 2021 (2020)",83.59375,True
701,Gen yon moun ki pran plim mwen.,Someone took my pen.,Someone took my pen.,Someone took my pen | My pen got taken,97.43589743589743,True
702,"Woulo liv an ajan woulo se soti nan pvc materyèl, gen efè segondè tranpaj diminye bri, yo itilize pou mi sonofrofin, pòt, plafon, kanal ak tiyo. Li se yon trè fasil yo sèvi ak baryè son acoustic ki bay efikas son pwèv pou yon gran varyete aplikasyon pou kontwòl son...Plis","Silver foil roll is made from PVC material, has high damping effect to reduce noise, used for soundproofing walls, doors, ceilings, ducts and pipes. It is a very easy to use acoustic sound barrier that provides effective sound proofing for a wide variety of sound control applications...More","Roller silver roller is made from pvc material, has the effect of dampening to reduce noise, used for soundproofing walls, doors, ceilings, canals and pipes. It is a very easy to use acoustic sound barrier that provides effective sound proof for a wide variety of sound control applications. It can be used for...Read More","Silver foil roll is made of PVC and helps reduce noise with its high damping effect, ideal for soundproofing walls, doors, ceilings, ducts, and pipes. | This easy-to-use acoustic barrier provides effective soundproofing for a wide range of noise control applications.",72.65917602996255,False
703,"Alafen, se dezi nou ki kalifye nou pou travay pwoklame pawòl Bondye a (gade Doktryn ak Alyans 4:3).","Ultimately, it is our desire that qualifies us for the work of proclaiming the word of God (see Doctrine and Covenants 4:3).","After all, it is our desire that qualifies us for the work of proclaiming the word of God (see Doctrine and Covenants 4:3).","Ultimately, it is our desire that qualifies us to proclaim the word of God | In the end, it is our desire that prepares us to proclaim the word of God",73.48837209302326,False
704,Detay pou pwodwi yo:,Details for the products:,Details for products:,Product details | Product information,76.19047619047619,False
705,"Si ou vle pwen kredi bon nèt la, nou bezwen yon rapò sou kredi nèt san defo. Sa vle di peye tout dèt ou rive a tan, e anpil nan. Ou pa gen gwo dettes en, comptes pa nan koleksyon yo, pa faillite, oswa yon lòt bagay lòt moun ki ta kondwi pwen ou desann. W ap gen pou pi piti 2 ou 3 louvri kat kredi sa yo ou souvan itilize e peye a lè.","If you want a perfect credit score, you need a clean credit report. This means paying all your debts on time, and most of them. You have no major outstanding debts, accounts not in collections, no bankruptcies, or anything else that would drive your score down. You will need to have at least 2 or 3 credit cards open that you use frequently and pay them on time.","If you want the perfect credit score, you need a perfect credit report. This means paying off all your debts on time, and a lot of it. You don't have big outstanding debts, no collection accounts, no bankruptcy, or anything else that would drive your score down. You'll have at least 2 or 3 open credit cards that you often use and pay off on time.","To get a perfect credit score, you need a spotless credit report. That means paying your debts on time, having no major outstanding balances, no accounts in collections, no bankruptcies, and keeping 2 or 3 credit cards open that you use regularly and pay off on time. | If you want an excellent credit score, you need a clean credit history: pay everything on time, avoid big debts, collections, or bankruptcies, and keep a few credit cards open and active.",67.3170731707317,False
706,"Epi Bondye ki bay liberalman an,te bay Joseph youn nan vizitasyon selès ki pi remakab nan istwa imèn nan—Premye Vizyon an.",And the generous God granted Joseph one of the most remarkable heavenly visitations in human history—the First Vision.,And the liberal God gave Joseph one of the most remarkable celestial visits in human history in The First Vision.,"And God, who gives generously, granted Joseph one of the most remarkable heavenly visitations in human history—the First Vision. | God generously gave Joseph one of the most remarkable heavenly visitations in human history—the First Vision.",81.81818181818181,True
707,Evalye jwèt sa a: JWE: 174,Rate this game: PLAYED: 174,Lone Defansè: Blitz a,Rate this game: PLAYED: 174 | Evaluate this game: PLAYED: 174,38.095238095238095,False
708,Izaje yo pral resevwa yon imèl k ap fè yo konnen ke planifikasyon pou gwoup yo disponib kounyea pou tout òdonans pa pwokirasyon pou distri tanp lan.,Users will receive an email notifying them that group planning is now available for all proxy ordinances for the temple district.,The students will receive an email informing them that planning for the groups is now available to all ordinance by proxy for the temple district.,Users will get an email letting them know group planning is now available for all proxy ordinances in the temple district | An email will be sent to users to notify them that group planning is now available for all proxy ordinances in the temple district,68.91385767790263,False
709,Konplèks Problemsolving-Distinction avanse dilemmes ak Sur detay asosye aplike opsyon yo ak pou pwodwi e evalye sèlections.,Complex Problemsolving-Distinguishing advanced dilemmas and analyzing related details to apply options and to produce and evaluate selections.,Complex Problemsolving-Distinguishing advanced dilemmas and researching associated details apply options and to produce and evaluate selections.,Advanced problem-solving and decision-making | Complex analysis and choice evaluation,52.94117647058824,False
710,"Gade, yo te kwè nan Kris la, epi yo te adore Papa a nan non l, nou menm tou nou adore Papa a nan non l.","Behold, they believed in Christ, and worshipped the Father in his name, even so we worship the Father in his name.","Behold, they believed in Christ, and they worshipped the Father in his name, we also worship the Father in his name.","Look, they believed in Christ and worshiped the Father in his name, and we do the same | They believed in Christ and worshiped the Father in his name, and so do we",77.22772277227723,False
711,"Don federal lakay yo t' ap travay disponib pou gwoup yo ki pa gen pwofi, pou biznis òganizasyon yo, ni pou moun. Tout moun te enterese nan yo te aplike pou kay don federal ka bezwen enfòmasyon HUD la, oubyen Depatman Lojman ak Devlopman Iben Ozetazini nan Etazini.","Federal grants for working-class homes were available to non-profit groups, business organizations, and individuals. Anyone interested in applying for federal grants for homes may need information from HUD, or the U.S. Department of Housing and Urban Development.","Federal home grants may be available to nonprofit groups, business organizations, or individuals. Anyone interested in applying for federal home grants may need information from HUD, or the United States Department of Housing and Urban Development.","Federal housing grants were available to nonprofits, businesses, and individuals. | Anyone interested in applying for housing grants may need information from HUD, the U.S. Department of Housing and Urban Development.",79.26267281105991,False
712,Retire evenman Maryaj la nan fòm rechèch la.,Remove the Wedding event from the search form.,Remove the Wedding event from the search form.,Remove the wedding event from the search form | Take the wedding event out of the search form,98.9010989010989,True
713,"Men, atravè lafwa nan Jezikri ak chwazi pou nou fè L konfyans, nou ka gen limyè tout tan, menmsi nou sou dlo oubyen anba dlo.","But through faith in Jesus Christ and choosing to trust Him, we can have light at all times, whether we are above water or below water.","But through faith in Jesus Christ and choosing to trust Him, we can have light at all times, whether we are on water or underwater.","Through faith in Jesus Christ and choosing to trust Him, we can always have His light, no matter what we’re going through. | By trusting in Jesus Christ, we can have light at all times, whether life is going well or we’re in deep trouble.",76.8,False
714,gwo kay won Air,Air tower,Air tower,air tower | tower of air,100.0,True
715,jwèt bisiklèt jwèt bisiklèt,bike game bike game,Bike Games Bike Games,bike race | bicycle game,61.904761904761905,False
716,Ki pa Peye-wotasyon Stabilizer,Non-rotational Stabilizer,Non-rotating Stabilizer,Non-rotating stabilizer | Fixed stabilizer,100.0,True
717,"Poutèt yo te fè sa a, yo te pote bay posterite yo, ki jodia vin plis pase 100 moun, benediksyon fwi levanjil la avèk esperans lavi etèlnèl.","Because they did this, they brought to their posterity, which today numbers more than 100 people, the blessing of the fruit of the gospel with the hope of eternal life.","Because they did this, they brought to their posterity, who today are more than 100 people, the blessing of the fruit of the gospel with the hope of eternal life.","Because of this, they passed on the blessing of the gospel and the hope of eternal life to their descendants, who now number more than 100 people. | By doing this, they brought the blessing of the gospel and the hope of eternal life to their descendants, who today number over 100.",64.81481481481481,False
718,Klike sou la Add bouton;,Click the Add button;,Click the Add button;,Click the Add button | Press the Add button,97.5609756097561,True
719,Okipasyon sete lè l te gen laj .,Occupation was when he was of age.,Occupation began when he was very old.,He was old enough to work | He was of working age,44.73684210526315,False
720,Dènye tip pechè sa yo gen dwa ap mande poukisa yo pa gen menm siksè avèk lòt yo.,These latter types of fishermen may be wondering why they are not as successful as others.,These latter type of fishermen may be wondering why they are not as successful as the others.,These last kinds of fishermen may be wondering why they aren’t as successful as the others. | These fishermen may be asking themselves why they don’t have the same success as the others.,91.30434782608697,True
721,Apresa poze kesyon tankou sa yo:,Then ask questions like these:,Then ask questions like these:,Then ask questions like these | Then ask questions such as these,98.30508474576271,True
722,Sesyon Galeri - ITEMSHIDDEN - Ekip foutbòl ak egzèsis foutbòl - Pwofesyonèl foutbòl antrenè,Gallery Session - ITEMSHIDDEN - Soccer Teams and Soccer Drills - Professional Soccer Coach,Session Gallery - ITEMSHIDDEN - Soccer Drills &amp; Football Drills - Professional Soccer Coaching,Gallery Session - Hidden Items - Soccer Teams and Drills - Pro Soccer Coach | Gallery Session - Hidden Items - Soccer Teams and Drills - Professional Soccer Coach,74.71264367816092,False
723,Lachin sou motosiklèt lavil Tir Inflator ke founisè ak manifakti yo - an gwo pri motosiklèt lavil Tir Inflator - fòtin,China Motorcycle Tire Inflator Suppliers and Manufacturers - Wholesale Price Motorcycle Tire Inflator - Fortune,China Motorcycle Tyre Inflator Suppliers and Manufacturers - Wholesale Price Motorcycle Tyre Inflator - fortune,China Motorcycle Tire Inflator Suppliers and Manufacturers | Wholesale Motorcycle Tire Inflator Price,91.0891089108911,True
724,Poukisa nou bezwen toulède liv sa yo?,Why do we need both of these books?,Why do we need both of these books?,Why do we need both books? | Why do we need both of these books?,100.0,True
725,"Si gen bri pale sou chè a, nou pa dwe etone pou pale nan kongregasyon an.","If there is talk of the flesh, we should not be surprised to speak out in the congregation.","If there is spoken noise on the chair, we should not be surprised to speak in the congregation.","If there’s talk of the flesh, we shouldn’t be surprised to speak up in the congregation | If the flesh is being discussed, we shouldn’t be surprised to address it in the congregation",81.31868131868131,True
726,6 milimèt mwatye bò kote Rattan deyò alantou Section...,6mm Half Round Rattan Outdoor Sectional...,6mm Half Round Rattan Wicker Outdoor Sectional...,6mm Half-Round Rattan Outdoor Sectional | 6mm Half-Round Outdoor Rattan Sectional,86.36363636363636,True
727,"Fè tiyo en fe Accessoires Htongsteel a ki itilize lajman pou transpò likid ak gaz, dècoration, konstriksyon, ekipman medikal, avyasyon, chodyè chalè-èchangeur ak lòt sistèm yo.","Htongsteel's stainless steel pipe fittings are widely used for liquid and gas transportation, decoration, construction, medical equipment, aviation, boiler heat-exchanger and other systems.","Htongsteels Stainless Steel Pipe Fittings are widely used for liquid and gas transportation, decoration, construction, medical equipment, aviation, boiler heat-exchanger and other systems.","Htongsteel stainless steel pipe fittings are widely used in liquid and gas transport, decoration, construction, medical equipment, aviation, boiler heat exchangers, and other systems | Htongsteel’s stainless steel pipe fittings are widely used for transporting liquids and gases, as well as in decoration, construction, medical equipment, aviation, boiler heat exchangers, and other applications",95.67567567567568,True
728,"Si w ap anseye timoun ki pi piti yo, ou gendwa jwenn ide ki ka adapte pou klas ou a nan seksyon pou timoun ki pi gran yo nan plan sa a.","If you are teaching younger children, you may find ideas that can be adapted for your class in the older children section of this outline.","If you are teaching younger children, you will probably find ideas that will fit your class in the section for older children of this plan.","If you’re teaching younger children, you may find ideas in the older children’s section that you can adapt for your class. | If you teach younger children, the older children’s section of this outline may have ideas you can use for your class.",70.43478260869564,False
729,"epi moun li te sanktifye a, li te glorifye l tou.","and whom he sanctified, he also glorified.","and the people whom he sanctified, he also glorified.","and those he sanctified, he also glorified | those he sanctified, he also glorified",86.31578947368422,True
730,Abi enkli abi seksyèl ak eksplwatasyon seksyèl ki dekri anba la a.,Abuse includes sexual abuse and sexual exploitation described below.,Abuse includes sexual abuse and sexual exploitation described below.,Abuse includes sexual abuse and sexual exploitation described below. | Abuse includes sexual abuse and sexual exploitation described below.,100.0,True
731,Yon jiridiksyon jewografik se pwochèn zòn jewografik pi laj ki montre ke vilaj oswa vil la apateni a li a.,A geographic jurisdiction is the next larger geographic area that the village or town belongs to.,A geographic jurisdiction is the next broadest geographic area to which a village or town belongs.,A geographic jurisdiction is the larger area that the village or town belongs to | The village or town belongs to the next larger geographic area,80.0,True
732,Òganizasyon Mondyal Lasante,World Health Organization,the World Health Organization,WHO | World Health Organization,94.54545454545455,True
733,Dosages: 40mg a 100mg. Dosaj se kalkile kòm 4 mg pou chak 1 kg (2 liv) nan kò a.,Dosages: 40mg to 100mg. Dosage is calculated as 4 mg per 1 kg (2 pounds) of body weight.,Dosages: 40mg to 100mg. Dosage is calculated as 4 mg per 1 kg (2 lbs) of the body.,Dosages: 40 mg to 100 mg. Dosage is calculated at 4 mg per 1 kg (2 pounds) of body weight. | Dosages: 40 mg–100 mg. The dose is based on 4 mg for every 1 kg (2 pounds) of body weight.,90.2439024390244,True
734,"Travay atistik ki akonpaye prezantasyon oswa videyo ""Abinadi Temwaye soiu Jezikri"" (ChurchofJesusChrist.org) ta ka ede yo vizyalize resi a nan Mozya 11–13; 17.",The accompanying artwork or video presentation “Abinadi Testifies of Jesus Christ” (ChurchofJesusChrist.org) could help them visualize the account in Mosiah 11–13; 17.,Artwork accompanying presentation or video Abinadi Testifies to Jesus Christ (ChurchofJesusChrist.org) would help to visualize the receipt of Mosaic 1113;17.,The artwork or video that goes with “Abinadi Testifies of Jesus Christ” could help them picture the story in Mosiah 11–13; 17. | The accompanying art or video presentation “Abinadi Testifies of Jesus Christ” could help them visualize the account in Mosiah 11–13; 17.,71.47766323024055,False
735,"M eseye konprann Ekspyasyon Sovè a avèk espri limite mwen, e sèl eksplikasyon m ka jwenn se sa a: Bondye renmen nou pwofondeman, pafètman e etènèlman.","try to understand the Savior’s Atonement with my limited mind, and the only explanation I can find is this: God loves us deeply, perfectly, and eternally.","I try to understand the Savior's Expiation with my limited mind, and the only explanation I can find is this: God loves us deeply, perfectly and eternally.","I try to understand the Savior’s Atonement with my limited mind, and the only explanation I can find is this: God loves us deeply, perfectly, and forever. | I’ve tried to make sense of the Savior’s Atonement with my limited understanding, and the only answer I can come up with is this: God loves us deeply, perfectly, and eternally.",92.55663430420712,True
736,Taylor Alison...li plis,Taylor Alison...read more,Taylor Alison...read more,Taylor Alison...more | Taylor Alison...continue reading,88.88888888888889,True
737,Yo gen dwa di kijan yo ka f yon eksperyans pi siyifikan lè y ap pran sentsèn tou.,They can also say how they can have a more meaningful experience when partaking of the sacrament.,They have the right to say how they can give a more meaningful experience when they are getting sentences too.,They can also share how to make the sacrament more meaningful | They can also talk about how to have a more meaningful sacrament experience,56.21621621621622,False
738,"Travian-jwèt jwèt estrateji vle di soti-yo, regleman sa yo, grafik ki genyen de dimansyon yo, senplisite ak amitye, pèdi rès la.","Travian-game strategy games mean out-of-the-box, these rules, the two-dimensional graphics, simplicity and friendliness, lose the rest.","Travian-game strategy means out-them, the rules, two-dimensional graphics, simplicity and friendliness, lose the rest.","Travian stands out for its strategy gameplay, simple rules, 2D graphics, and user-friendly design, leaving the rest behind | Travian is a strategy game that shines with its originality, straightforward rules, 2D visuals, and ease of use, outclassing the competition",60.08583690987124,False
739,Anbalaj: 1pc wou sak ak yon sèl Brown oswa katon blan.,Packing: 1pc wheel bag with one Brown or white carton.,Packaging: 1pc wheeled bag with one Brown or white carton.,Packing: 1 wheel bag with a brown or white carton | Packaged in 1 wheel bag with a brown or white carton,89.7196261682243,True
740,"Pandan w ap li Doktrin ak Alyans 71–75 la, panse avèk moun w ap anseye yo.","As you read Doctrine and Covenants 71–75, think about those you teach.","As you read the Doctrine and Covenants 7175, think with the people you are teaching.","As you read Doctrine and Covenants 71–75, think about the people you teach. | While reading Doctrine and Covenants 71–75, keep in mind those you teach.",88.0503144654088,True
741,Copyright 2018 Gratis Premium Repons WordPress Themes Downloads Tèm. Tout dwa rezève.,Copyright 2018 Free Premium Responsive WordPress Themes Downloads Theme. All rights reserved.,Copyright 2018 Free Premium Responsive WordPress Themes Downloads Theme. All Rights Reserved.,Copyright 2018 Free Premium Responsive WordPress Themes Downloads Theme. All rights reserved. | Copyright 2018 Free Premium Responsive WordPress Themes Downloads Theme. All rights reserved.,100.0,True
742,Youth Las Tunas,Youth Las Tunas,Youth Las Tunas,Las Tunas Youth | Youth of Las Tunas,81.4814814814815,True
743,Ajoute jodi a (0),Add today (0),today's ads (0),Add today | Add it today,60.0,False
744,"Si ou se seksyèlman aktif, ap resevwa konsèy oswa sipò nan pwofesyonèl sante seksyèl se toujou saj.","If you are sexually active, getting advice or support from sexual health professionals is always wise.","If you are sexually active, getting advice or support from sexual health professionals is always wise.","If you’re sexually active, it’s always wise to get advice or support from a sexual health professional. | If you’re sexually active, seeking guidance from a sexual health expert is always a smart choice.",77.45098039215686,False
745,Kinder Archives - Nouvo Presse.de Nouvèl ak Kominike laprès yo,Kinder Archives - New Presse.de News and Press Releases,Kinder Archives - New Presse.de News and Press Releases,Kinder Archives - News and Press Releases | Kinder Archives - News and Press Releases,85.41666666666666,True
746,Idantifikasyon Absorption enfrawouj Konfòme,Infrared Absorption Identification Compliant,Identification Infrared Absorption Complies,Infrared Absorption Identification Compliant | IR Absorption ID Compliant,72.09302325581395,False
747,"nan ""lobovuhu"" kouran nan lè frèt akòz vè tanperati fluctuations","in the ""lobovuhu"" current of cold air due to glass temperature fluctuations","of ""lobovuhu"" current in cold air due to glass temperature fluctuations",in a cold draft | in a chilly airflow,43.24324324324324,False
748,Kijan w ka sensèman chèche konpayi sa a?,How can you sincerely seek out this company?,How can you sincerely search for this company?,How can you honestly go after this company? | How can you really be looking for this company?,76.40449438202246,False
749,"Se vre ke nou gen pati lagè pa nou nan dènye jou yo, men, pawòl li yo gen yon valè ki ale odela deskripsyon sou strateji ak trajedi lagè yo.","It is true that we have our share of wars in the last days, but his words have a value that goes beyond descriptions of the strategies and tragedies of war.","It is true that we have our war party in the last days, but its words have a value that goes beyond the description of the strategy and tragedy of war.","We’ve had our share of wars in these last days, but his words carry a value beyond any account of war’s strategy and tragedy. | Yes, we’ve seen our share of war in these final days, but his words mean more than any description of war’s tactics and suffering.",68.11594202898551,False
750,"Epi pawòl Obedoza yo te reyalize, Senyè a te regle tout bagay.","And the words of Obedoz came true, the Lord settled everything.","And the words of Obedohiah were fulfilled, The Lord had arranged everything.","And sure enough, Obedoz’s words came true, and the Lord took care of everything | In the end, Obedoz was proven right, and the Lord made everything work out",59.06040268456376,False
751,amatè azi cosplay Hdzog,amateur asian cosplay Hdzog,Amateur Asian Cosplay Hdzog,amateur Asian cosplay | amateur Asian costume play,89.79591836734694,True
752,Direksyon Jeneral la nan Elektrisite,General Directorate of Electricity,the General Directorate of Electricity,Electricity Department | General Electric Authority,61.76470588235294,False
753,Yo te vini pare pou yo resevwa youn nan pi gwo benediksyon Retablisman an: konsekrasyon yon kay Senyè a.,They came prepared to receive one of the greatest blessings of the Restoration: the dedication of a house of the Lord.,They came ready to receive one of the Greatest Blessings of the Restoration: the consecration of a house to the Lord.,They came ready to receive one of the greatest blessings of the Restoration: the dedication of a house of the Lord. | They came prepared for one of the greatest blessings of the Restoration: the dedication of a house of the Lord.,95.6896551724138,True
754,Twouve Tanm Manm fanmi ou yo nan Ilann,Find your family members in Ireland,Find Your Family Member In Ireland,Find your relatives in Ireland | Locate your family in Ireland,80.70175438596492,True
755,"Pou nou konprann sa, nou bezwen retounen nan kòmansman an.","To understand this, we need to go back to the beginning.","To understand this, we need to go back to the beginning.","To understand this, we need to start from the beginning. | To make sense of this, we need to go back to the start.",87.5,True
756,WIPS-VKD 2017 plen koulè Starlight rezo Starvis sou tèt 10 1.3mp IP kamera,WIPS-VKD 2017 Full Color Starlight Network Starvis Top 10 1.3mp IP Camera,WIPS-VKD 2017 Full Color Starlight Network Starvis Top 10 1.3mp IP Camera,WIPS-VKD 2017 Full Color Starlight Network Starvis Top 10 1.3MP IP Camera | WIPS-VKD 2017 Full Color Starlight Starvis Network Top 10 1.3MP IP Camera,100.0,True
757,"Pa egzanp, kisa Jakòb 5:41, 46–47 sigjere sou fason Senyè a santi l apwopo moun ki pèdi yo?","For example, what does Jacob 5:41, 46–47 suggest about how the Lord feels about lost people?","For example, what does James 5:41, 4647 suggest about how the Lord feels about those who are grieving?","For example, what do Jacob 5:41, 46–47 suggest about how the Lord feels about lost people? | For example, what does Jacob 5:41, 46–47 imply about the Lord’s feelings toward those who are lost?",83.42245989304813,True
758,"Lè m 'te rive nan Kanada, mwen pa t' konnen okenn angle ni franse. Apre li te pran pwogram bileng bileng, ladrès lang mwen nan lang yo amelyore anpil. Jodi a mwen ka di mwen AM TRILINGUAL","When I arrived in Canada, I didn't know any English or French. After taking the bilingual program, my language skills in both languages improved a lot. Today I can say I AM TRILINGUAL","When I arrived in Canada, I didn't know any English or French. After taking the Bilingual Program, my language skills improved significantly. Today I can say I AM TRILINGUAL","When I came to Canada, I didn’t know a word of English or French. After joining the bilingual program, my skills in both languages improved a lot. Today, I can say I’m trilingual | When I arrived in Canada, I didn’t speak English or French. After taking the bilingual program, my language abilities improved greatly. Now I can proudly say I’m trilingual",85.79710144927536,True
759,Yon lis ki enterese lotri,A list of lottery interests,A list of interesting lotteries,lottery number list | list of lucky lottery picks,61.01694915254237,False
760,Type D' durèes baze sou zòn zòn comme piba: 7-12 travay jou.,Typical delivery times are based on area as follows: 7-12 business days.,Type shipping durations based on zone area as follows: 7-12 working days.,Typical delivery times vary by location: 7-12 business days | Delivery times depend on the area: 7-12 business days,53.78151260504202,False
761,Chak alyans fèt youn pa youn.,Each alliance is made one by one.,Every alliance is made one by one.,One alliance at a time | One by one,74.62686567164178,False
762,"Cunda Bridge View se Koulye a, bèl",Cunda Bridge View is Now Beautiful,Cunda Bridge View is Now Beautiful,Cunda Bridge View is beautiful now | The Cunda Bridge View looks beautiful now,93.75,True
763,Topumbrella bèl gradyan koulè chanje Shiny Rainbow kap fl...,Topumbrella Beautiful Gradient Color Changing Shiny Rainbow Flower...,Beautiful gradient color changing topumbrella Shiny Rainbow Cap flower...,Beautiful Color-Changing Rainbow Flower | Shiny Gradient Rainbow Flower,66.66666666666667,False
764,Scooby doo nan sal la pou nimewo yo kache,Scooby Doo in the room for the hidden numbers,Scooby Doo in the room for the hidden numbers,Scooby Doo in the room for the hidden numbers | Scooby Doo is in the room looking for the hidden numbers,100.0,True
765,"Pafwa, mwen panse, nou pa rekonèt konbyen Senyè a vle ede nou. Mwen renmen pawòl Eldè David A. Bednar, ki te di:","Sometimes, I think, we don’t recognize how much the Lord wants to help us. I love the words of Elder David A. Bednar, who said:","Sometimes, I think, we don't realize how much the Lord wants to help us. I like the words of Elde David A. Bednar, who said:","Sometimes, I think, we don’t realize how much the Lord wants to help us. I love what Elder David A. Bednar said: | Sometimes, I think, we fail to see how much the Lord wants to help us. I love the words of Elder David A. Bednar, who said:",91.49797570850203,True
766,Popilè jwèt sou entènèt,Popular online games,Popular online games,popular online games | trending online games,100.0,True
767,Shenzhen J D Dlo Potab,Shenzhen JD Drinking Water,Shenzhen J D Water Potab,Shenzhen JD Drinking Water | Shenzhen JD Bottled Water,70.83333333333333,False
768,To jwèt sa a: JWE: 814,Rate this game: PLAYED: 814,To this game: Played: 814,Rate this game | Play this game,72.34042553191489,False
769,"Avoka Kowoperatif, Avoka Kowoperatif Antalya","Cooperative Lawyer, Cooperative Lawyer Antalya","Cooperative Lawyers, Antalya Cooperative Lawyers",Cooperative Attorney | Antalya Cooperative Attorney,78.26086956521739,False
770,Rebati Fabco sda-1800 Rapò Single Rediksyon,Rebuilt Fabco SDA-1800 Single Reduction Ratio,Rebuilt Fabco SDA-1800 Single Reduction Ratios,Rebuilt Fabco SDA-1800 Single-Stage Gearbox Ratio | Refurbished Fabco SDA-1800 Single Reduction Ratio,90.69767441860466,True
771,Gouvènman an nan Sint Maarten,The government of Sint Maarten,The Government of Sint Maarten,Sint Maarten government | the government of Sint Maarten,100.0,True
772,Jounal Maten Caraibes FM 29-Sept. Allemagne vle ed...,Maten Caraibes FM Newspaper 29-Sept. Germany wants to help...,The Morning Caribbean FM 29-Sept. Germany wants to...,"Morning Caraibes FM News, Sept. 29: Germany wants to help... | Caraibes FM Morning News, Sept. 29: Germany wants to help...",76.19047619047619,False
773,"Et Napoleon la a avè l' ti gout- Kisa mwen panse nou ta ka rele, asye de-kalite archèologue yo.","And Napoleon here with him a little bit of - What I think we could call, the archaeologists' kind of steel.","And this Napoleon with his little drops- What I think we would call, the steel-type archaeologists.",Napoleon’s got a little bit of it too | what I’d call archaeologists’ steel,56.00000000000001,False
774,"Paske Jezikri se santral tout sa nou fè nan tanp lan, pandan n ap panse plis sou tanp lan, n ap vin panse avèk Li plis tou.","Because Jesus Christ is central to everything we do in the temple, as we think more about the temple, we will come to think more about Him.","Because Jesus Christ is central to everything we do in the temple, as we think more about the temple, we will also think more of Him.","Because Jesus Christ is at the center of everything we do in the temple, the more we focus on the temple, the more we will think of Him. | Since Jesus Christ is central to all we do in the temple, the more we reflect on the temple, the more we will reflect on Him.",78.94736842105263,False
775,Benediksyon ak Enfliyans Sentespri a,The Blessing and Influence of the Holy Spirit,The Blessings and Influences of the Holy Spirit,The Blessing and Guidance of the Holy Spirit | The Holy Spirit’s Blessing and Influence,87.91208791208791,True
776,Hermia Regency Abiye,Hermia Regency Dress,Hermia Regency Dress,Hermia Regency Gown | Hermia Regency Formal Dress,85.71428571428572,True
777,Li pap abandone nou.,He will not abandon us.,He/She will not abandon us.,He won’t leave us | He’ll stand by us,54.90196078431373,False
778,Jwe ak poupe,Playing with dolls,Playing with dolls,playing with dolls | doll play,100.0,True
779,Gade òdonans ki anrejistre yo.,See the recorded ordinances.,See the recorded ordinances.,Check the recorded ordinances | Review the recorded ordinances,92.5925925925926,True
780,"Hack-planèt ap toujou asire nou ke: yo tèste, ankenn pa sou non testeurs devan lancement yon nouvo hack piblik. Sa vle di ke nou te 100 ki pi bon testeurs sou non nou, teste: devan nan piblikasyon yo pou piblik la, Men ki jan: nou se senpleman pi bon: nan a make nan moman sa a.","Hack-Planet will always make sure that we: are tested, no one on behalf of testers before releasing a new hack to the public. This means that we have 100 of the best testers on our behalf, tested: before publishing them to the public, This is how: we are simply the best: in the mark at this time.","Hack-planet will always assure us that: they are tested, none by reputable testers before launching a new public hack. This means that we had the 100 best testers on our behalf, tested: before publishing them to the public, but how: we are simply the best: in the mark of the moment.","Hack-Planet always makes sure everything is thoroughly tested before any public release. | We have the best testers on our side, so every new hack is checked before it goes public.",56.111111111111114,False
781,Se pou menm ki abite lwen yo retounen lakay nou ansekirite pou nou jwenn tout bagay annòd.,May those who live far away return home safely so that we can find everything in order.,So that even those who live far away may return safely to our homes so that we may find everything in ruins.,"May everyone who’s away come home safely so everything will be in order | Safe travels to all who are far away, and may everything be in order when they return",53.179190751445084,False
782,er semèn: Jèn gason ki diy yo resevwa prètriz la lè yo gen 12 zan.,Week 1: Worthy young men receive the priesthood when they are 12 years old.,Week: Young men who deserve to receive the priesthood when they are 12 years old.,"Week 1: Worthy young men receive the priesthood at age 12. | Week 1: At 12, worthy boys are given the priesthood.",67.62589928057554,False
783,64 . Plasma aktivite rnen,64. Plasma renal activity,64 . Plasma activity rnen,renal plasma activity | plasma kidney activity,72.34042553191489,False
784,"M te vizite ti vil sa a dèzane apre pitit gason m nan te fin batize vèv sa a, epi li te envite m pou m te rankontre fanmi li.","I visited this small town several years after my son baptized this widow, and she invited me to meet her family.","I visited this small town decades after my son had baptized this widow, and she invited me to meet her family.","I visited this little town years after my son baptized the widow, and she invited me to meet her family. | Several years later, I went back to that small town after my son baptized the widow, and she asked me to meet her family.",90.65420560747664,True
785,Ajoute yon Eleman...,Add an Element...,Adding an Element...,Add an Item... | Add an Entry...,74.28571428571429,False
786,Prezans fizik yon otorite (bato nan dlo a) toujou rete youn nan pi bon prevantif pou lapèch ilegal nan GMR la.,The physical presence of an authority (boat in the water) still remains one of the best deterrents to illegal fishing in the GMR.,The physical presence of an authority (ship in the water) still remains one of the best deterrents for illegal fishing in the GMR.,The visible presence of authorities on the water remains one of the strongest deterrents to illegal fishing in the GMR | Having an authority boat out on the water is still one of the best ways to discourage illegal fishing in the GMR,83.87096774193549,True
787,Travay Istwa Familyal ak Ale nan Tanp,Family History Work and Temple Attendance,Working Family History and Attending Temple,Family History and Temple Work | Family History and Temple Attendance,74.4186046511628,False
788,Ki lòt bagay nou aprann sou lanmou Bondye ki soti nan 1 Nefi 11:22–23?,What else do we learn about God’s love from 1 Nephi 11:22–23?,What else do we learn about the love of God from 1 Nephi 11:2223?,What else do we learn about God’s love from 1 Nephi 11:22–23? | What else do we learn about God’s love in 1 Nephi 11:22–23?,87.3015873015873,True
789,"Nou pa t janm te konn tande yo dekri bonè nan fason sa a, men pawèl li yo te sonnen vrè.","We had never heard happiness described in this way, but his words rang true.","We had never heard them described earlier this way, but his words sounded true.","We’d never heard happiness described like that, but his words felt true. | We had never heard joy put that way, but what he said rang true.",78.1456953642384,False
790,Mesye mechan yo touye Etyèn,The wicked men killed Stephen.,The scoundrels that killed Eutychus,The evil men killed Stephen | The wicked men murdered Stephen,57.14285714285714,False
791,Mwen panse ke li pwal kapab itil isit la.,I think it will be useful here.,I think it's going to be useful here.,I think it’ll be helpful here | I think it could come in handy here,69.6969696969697,False
792,Gendwa gen yon èd pou detay pou ajoute yo.,There may be a help for details to add.,Perhaps there is a help for details to add them.,There may be more details available | Additional details may be available,58.666666666666664,False
793,Pa bliye fè discuss Charles Sturt University,Don't forget to discuss Charles Sturt University,Don't forget to discuss Charles Sturt University,Remember to talk about Charles Sturt University | Be sure to discuss Charles Sturt University,88.37209302325581,True
794,"Sa pa gen twò lontan, mwen t ap travay nan fèm nou an avèk neve m, Nash.","Not long ago, I was working on our farm with my nephew, Nash.","Not too long ago, I was working on our farm with my nephew, Nash.","Not long ago, I was working on our farm with my nephew, Nash. | A little while ago, I was working on our farm with my nephew, Nash.",96.82539682539682,True
795,"Pwoblèm yo ede nou vin pi plis tankou Papa nou ki nan Syèl la, epi Sakrifis Ekspyatwa Jezikri a rann posib pou nou andire pwoblèm sa yo.","Challenges help us become more like our Heavenly Father, and the Atonement of Jesus Christ makes it possible for us to endure these challenges.","Problems help us become more like our Father in Heaven, and the Atoning sacrifice of Jesus Christ makes it possible for us to endure such problems.","Challenges help us become more like our Heavenly Father, and the Atonement of Jesus Christ helps us endure them. | Trials help us grow closer to our Heavenly Father, and the Atonement of Jesus Christ makes it possible to endure them.",69.73180076628353,False
796,Rated travay aktyèl A (380V) 220V,Rated working current A (380V) 220V,Rated working current A (380V) 220V,Rated operating current A (380V) 220V | Rated current A (380V) 220V,88.57142857142857,True
797,Tout sèvis sant yo founi gratis.,All center services are provided free of charge.,All service centers are provided free of charge.,All center services are free. | All services at the center are free of charge.,80.85106382978724,True
798,"Rann temwayaj ou konsènan Sovè a, Jezikri.","Bear your testimony of the Savior, Jesus Christ.","Share your testimony regarding the Savior, Jesus Christ.","Share your testimony of the Savior, Jesus Christ | Testify of the Savior, Jesus Christ",88.46153846153845,True
799,"Epi, Aminadab te di yo: Y ap pale ak zanj Bondye yo.",And Aminadab said unto them: They shall speak with the angels of God.,"And Aminadab said to them, They will speak to the angels.",They’ll be talking with angels of God | They will speak with God’s angels,61.68224299065421,False
800,Atraksyon menm Sèks,Same-Sex Attraction,Same-Sex Attraction,same-sex attraction | attraction to the same sex,100.0,True
801,"Anvan Apg29 a te gen Nouvo Testaman an nan Haitian a, men paske li kounye a gen sit entènèt pwòp li yo Se konsa, mwen refere w la!","Previously Apg29 had the New Testament in Haitian Creole, but because it now has its own website, I'm referring you there!","Before the Apg29 there was the New Testament in the Haitian, but because it now has its own website so I refer to you there!","Previously, Apg29 had the New Testament in Haitian Creole, but now that it has its own website, I’m directing you there! | Apg29 used to host the New Testament in Haitian Creole, but since it now has its own website, I’ll point you to that instead!",71.7741935483871,False
802,M ka jwenn esperans nan Kris la kèlkeswa jan sikonstans mwen ye.,I can find hope in Christ no matter what my circumstances are.,I can find hope in Christ no matter what my circumstances.,"I can find hope in Christ no matter what I’m going through | In Christ, I can have hope no matter my circumstances",84.31372549019608,True
803,"Nòt: An 1964, Prezidan Kimball te mete m apa kòm prezidan pieu epi li te beni m pou m ke to mòtalite y obese nan efò mwen kòm premye moun ki te fè operasyon kè nan aorte.","Note: In 1964, President Kimball set me apart as stake president and blessed me to reduce mortality through my efforts as the first person to perform open-heart surgery on the aorta.","Note: In 1964, President Kimball appointed me as chairman emeritus and blessed me with the end of mortality and obesity in my efforts as the first person to have heart surgery in the aorta.","Note: In 1964, President Kimball ordained me as stake president and blessed me to help reduce mortality through my work as the first person to perform open-heart surgery on the aorta. | In 1964, President Kimball set me apart as a stake president and blessed me to save lives through my pioneering open-heart surgery on the aorta.",76.88172043010752,False
804,"Mande timoun yo pou yo di w kèk bagay yo ta dwe toujou sonje pou yo fè, tankou lase soulye yo oubyen lave men yo anvan yo manje.","Ask the children to tell you some things they should always remember to do, like tying their shoes or washing their hands before eating.","Ask the children to tell you some things they should always remember to do, such as launder their shoes or wash their hands before eating.","Ask the children to name a few things they should always remember to do, like tying their shoes or washing their hands before meals. | Have the children tell you some things they should always remember to do, such as tying their shoes or washing their hands before eating.",92.9889298892989,True
805,d. lyen sit entènèt (Wè tou 4 seksyon pi ba pase pou plis enfòmasyon),d. website link (See also 4 sections below for more information),d. Website link (See also 4 sections below for more information),website link | web link,69.56521739130434,False
806,MJ-908 Pwisan segondè Cavity ki ap dirije Mountain B...,MJ-908 Powerful High Cavity Led Mountain B...,MJ-908 Powerful High lumen LED Mountain Bike...,MJ-908 Powerful High-Cavity LED Mountain Bike | MJ-908 Powerful High-Cavity LED Mountain Bicycle,82.6086956521739,True
807,"Sustanon 250 pa pral pote okenn efè segondè negatif lè yo itilize nan rezon ki ka geri tankou nan TRT. Sepandan, lè l sèvi avèk Sustanon-250 kòm yon esteroyid ap pote kèk efè segondè negatif nan estwojèn ak Androjenik.","Sustanon 250 will not cause any negative side effects when used for therapeutic purposes such as in TRT. However, using Sustanon-250 as a steroid will cause some negative estrogenic and androgenic side effects.","Sustanon 250 will not bring any adverse side effects when used for therapeutic purposes such as in TRT. However, using Sustanon-250 as a steroid will bring some adverse side effects in estrogen and androgen.","Sustanon 250 won’t cause negative side effects when used therapeutically, such as in TRT. However, using Sustanon-250 as a steroid can lead to some negative estrogenic and androgenic side effects. | Sustanon 250 is not expected to cause harmful side effects when used for medical purposes like TRT. But when used as a steroid, it can produce certain estrogenic and androgenic side effects.",77.00258397932816,False
808,maketing Microeconomics Sèvis Sante Nasyonal Sèvis,Marketing Microeconomics Health Services National Services,Marketing Microeconomics National Health Service,Marketing Microeconomics Health Services National Services | Marketing and Microeconomics in Health Services and National Services,89.65517241379311,True
809,"Nan diskou li ki titre ""Limen limyè Nou an"" (Ensign oswa Lyawona, Nov. 2017, 6–9), Sè Sharon Eubank te pataje senk fason nou ka atire lòt moun nan Legliz Jezikri a.","In her talk titled “Light Our Light” (Ensign or Liahona, Nov. 2017, 6–9), Sister Sharon Eubank shared five ways we can attract others to the Church of Jesus Christ.","In her talk titled ""Limen Our Light"" (Ensign or Lyon, Nov. 2017, 69), Sister Sharon Eubank shared five ways we can attract others to the Church of Jesus Christ.","In her talk titled “Light Our Light” (Ensign or Liahona, Nov. 2017, 6–9), Sister Sharon Eubank shared five ways we can draw others to The Church of Jesus Christ of Latter-day Saints. | In her talk “Light Our Light” (Ensign or Liahona, Nov. 2017, 6–9), Sister Sharon Eubank shared five ways we can bring others to the Church of Jesus Christ.",92.5,True
810,"Segondè Pri, Bonjan Anti-entèferans, ki estab ak vwè S6 Combo Seri lineyè nan CNC Fraisage Machin","High Price, Strong Anti-interference, Stable and Reliable S6 Combo Linear Guideway in CNC Milling Machine","High Price, Strong Anti-interference, Stable and Reliable S6 Combo Linear Series of CNC Milling Machine","High-Quality, Strong Anti-Interference, Stable and Reliable S6 Combo Linear Guideway for CNC Milling Machines | Premium, Durable, Anti-Interference, Stable and Reliable S6 Combo Linear Guideway for CNC Milling Machines",86.40776699029126,True
811,Natirèl Super Manje vyolèt Powder Sweet pòm,Natural Super Food Purple Sweet Apple Powder,Natural Super Pure Violet Powder Sweet Apple,Natural Purple Sweet Apple Powder | Purple Sweet Apple Superfood Powder,71.42857142857143,False
812,"Oubyen pase videyo ""Antre Triyonfal Senyè a nan Jerizalèm"" nan (ChurchofJesusChrist.org).",Or watch the video “The Lord’s Triumphal Entry into Jerusalem” (ChurchofJesusChrist.org).,"Or broadcast the video ""The Triumphant Entrance of the Lord in Jerusalem"" (ChurchofJesusChrist.org).",Or watch the video “The Lord’s Triumphal Entry into Jerusalem” | Or view the video “The Lord’s Triumphal Entry into Jerusalem”,58.82352941176471,False
813,"Alma te di l: M ap ba w yon siy: W ap tonbe bèbè daprè pawòl mwen; epi m ap di, nan non Bondye, w ap vin bèbè pou w kapab sispann pale.","Alma said to him: I will give unto you a sign: Thou shalt be dumb according to my words; and I say, in the name of God, thou shalt be dumb that thou canst cease to speak.","Alma said to him: I will give you a sign: You will become mute according to my words; and I say, in the name of God, you will become mute so that you can no longer speak.","I’ll give you a sign: you’ll be struck dumb by my words; in God’s name, you’ll be silenced so you can stop speaking. | I’m giving you a sign: you’ll be made speechless by my words; in God’s name, you’ll be unable to speak any longer.",59.57446808510638,False
814,To jwèt sa a: JWE: 11423,Rate this game: PLAYED: 11423,To this game: Played: 11423,Rate this game | Play this game,69.38775510204081,False
815,"W Entelijan Solè ki ap dirije Ri Limyè, Espas pou ...","W Intelligent Solar Led Street Light, Space for...","W Intelligent Solar LED Street Light, Parking ...","Intelligent Solar LED Street Light, Space for... | Smart Solar LED Street Light, Space for...",86.5979381443299,True
816,Pwofesyonèl MANUFACTUR Customize konsepsyon pkb,Professional MANUFACTUR Customize PCB design,Professional Manufactur Customize PCB design,Professional PCB Custom Design | Professional Custom PCB Design,81.08108108108108,True
817,Remak: Opsyon sa a disponib sèlman lè òdonans preparatwa pa pwokirasyon yo disponib.,Note: This option is only available when pre-authorization orders are available.,Note: This option is available only when ordinances prepared by proxy are available.,Note: This option is only available when pre-authorization orders are available. | Note: This option is only available if pre-authorization orders are available.,73.17073170731707,False
818,"Covid-19:Pandan faz 1, 2, ak 3 reouvèti yo, tanp yo p ap kapab enprime kat non familyal yo pou ou.","Covid-19: During Phases 1, 2, and 3 of reopening, temples will not be able to print family name cards for you.","Covid-19: During phases 1, 2, and 3 of reopening, the temples will not be able to print their family name card for you.","During reopening phases 1, 2, and 3, temples won’t be able to print family name cards for you | Temples will not print family name cards during phases 1, 2, and 3 of reopening",75.47169811320755,False
819,[Aksè Pèmisyon Dwa Pou Smart Aparèy App],[Access Permission Rights For Smart Device App],[Access Permission Right For Smart Device App],App Access Permissions | Smart Device App Permissions,80.45977011494253,True
820,Nou dwe aprann disène laverite non sèlman atravè rezonman lojik nou men atravè ti vwa dous Lespri a tou.,"We must learn to discern truth not only through our logical reasoning but also through the still, small voice of the Spirit.",We must learn to draw truth not only through our logical reasoning but also through the sweet voice of the Spirit.,"We need to learn to recognize truth not just through logic, but also by listening to the Spirit’s gentle voice | We should learn to discern what’s true not only with reason, but also through the quiet prompting of the Spirit",72.0,False
821,"Nan dat 7 fevriye 2020 nan Rognac, asosyasyon ATLAS te prezante yon demonstrasyon rezistans atistik ki gen tit ""Nou lib"", nan kad la. 2a World March pou lapè ak non vyolans.","On February 7, 2020 in Rognac, the ATLAS association presented a demonstration of artistic resistance entitled ""We are free"", in the framework of the 2nd World March for Peace and Nonviolence.","On 7 February 2020 in Rognac, the association ATLAS presented a demonstration of artistic resistance titled We are free, within the framework of the 2a World March for Peace and Nonviolence.","On February 7, 2020, in Rognac, the ATLAS association presented an artistic resistance performance titled “We Are Free” as part of the 2nd World March for Peace and Nonviolence. | On February 7, 2020, in Rognac, ATLAS staged an artistic resistance demonstration called “We Are Free” for the 2nd World March for Peace and Nonviolence.",80.10899182561309,True
822,l'acrasuur t-kemnastik.com,l'acrasur t-kemnastik.com,l'acrasuur t-kemnastik.com,the acrasur t-kemnastik.com | l'acrasur t-kemnastik.com,98.0392156862745,True
823,"Lè w resevwa enpresyon yo, ou gendwa mande, jan Èldè Richard G. Scott te sigjere a, ""Èske gen plis bagay m ta dwe konnen?""","When you receive impressions, you may ask, as Elder Richard G. Scott suggested, “Is there anything else I should know?”","When you receive impressions, you may wonder, as Elder Richard G. Scott suggested, ""Are there more things I should know?""","When you get impressions, you might ask, as Elder Richard G. Scott suggested, “Is there anything else I should know?” | When you receive promptings, you may ask, as Elder Richard G. Scott suggested, “Is there anything else I should know?”",82.84518828451883,True
824,asistans nan Etazini.,assistance from the United States.,assistance from the United States.,U.S. aid | American assistance,50.0,False
825,"Konsèy mwen vle souliyen an se Alma 38:12, ki di an pati, ""Bride pasyon w yo pou w kapab chaje avèk lanmou.""","The counsel I want to highlight is Alma 38:12, which says in part, ""Bridle your passions that you may be filled with love.""","My advice to highlight is Alma 38:12, which says in part, Bride your passions so that you may be filled with love.",Keep your passions in check so you can be filled with love | Control your desires so your heart can be full of love,52.32558139534884,False
826,e n ap jwenn repo avèk mwen.,You will find rest with me.,and you shall rest with me.,You’ll find peace with me | You can rest easy with me,71.69811320754718,False
827,Hot vann fil Fil mete Nikèl kouch fabrikan ak faktori - Pwodwi Wholesale - Changling Metal,Hot Selling Wire Mesh Nickel Coating Manufacturers and Factory - Wholesale Products - Changling Metal,Hot Sale Wire Rope Nickel Coating Manufacturer and Factory - Wholesale Products - Changling Metal,Hot Selling Wire Mesh Nickel Coating Manufacturers and Factory - Wholesale Products - Changling Metal | Popular Wire Mesh Nickel Coating Manufacturers and Factory - Wholesale Products - Changling Metal,92.06349206349206,True
828,Se sa yo konnen tiyo nan kè nou.,These are the valves in our hearts.,These are the valves of our hearts.,our heartstrings | what’s in our hearts,61.01694915254237,False
829,Super Pitifall 1.00 Ede Pyèj Larry sekou bay nyès l 'yo.,Super Pitifall 1.00 Help Trap Larry rescue his niece.,Super Pitifall 1.00 Help Pyèj Larry to rescue his niece.,Help Larry rescue his niece | Help save Larry’s niece,60.67415730337078,False
830,"Sou tèt: MDF, bwa, Fireproofboard.","Top: MDF, wood, Fireproofboard.","Tops: MDF, Wood, Fireproofboard.","Top: MDF, wood, fireproof board | Top panel: MDF, wood, fireproof board",95.23809523809523,True
831,Smeshariki trape krèm glase,Smeshariki catch ice cream,Smeshariks catch ice cream,Smeshariki gets ice cream | Smeshariki are getting ice cream,82.35294117647058,True
832,"Gade Matye 5:14–16; 22:35–40; Mozya 3:19; Doktrin ak Alyans 50:13–14; 133:5; gade Russell M. Nelson, ""The Gathering of Scattered Israel,""Liahona,Nov. 2006 tou.","See Matthew 5:14–16; 22:35–40; Mosiah 3:19; Doctrine and Covenants 50:13–14; 133:5; see also Russell M. Nelson, “The Gathering of Scattered Israel,” Ensign, Nov. 2006.","See Matthew 5:1416; 22:3540; Mosaic 3:19; Doctrine and Covenants 50:1314; 133:5; see Russell M. Nelson, ""The Gathering of Scattered Israel,""Liahona,Nov. 2006 too.","See Matthew 5:14–16; 22:35–40; Mosiah 3:19; Doctrine and Covenants 50:13–14; 133:5; see also Russell M. Nelson, “The Gathering of Scattered Israel,” Ensign, Nov. 2006. | See Matthew 5:14–16; 22:35–40; Mosiah 3:19; Doctrine and Covenants 50:13–14; 133:5; see also Russell M. Nelson, “The Gathering of Scattered Israel,” Liahona, Nov. 2006.",91.35802469135803,True
833,"Jan Frè Randall L. Ridd te anseye avèk puisans nan dènye konferans jeneral la, an palan de entènèt, ""Ou ka retwouve w nan yon wonn bagay trivyal san fen ki ap fè w gaspiye tan ou ak febli potansyèl ou.""","As Brother Randall L. Ridd powerfully taught in the last general conference, speaking of the Internet, “You can find yourself in an endless cycle of trivialities that waste your time and sap your potential.”","John Randall L. Ridd taught powerfully at the last general conference, on the Internet, ""You may find yourself in an endless trivial circle that will waste your time and weaken your potential.""",You can get stuck in an endless loop of trivial distractions that waste your time and drain your potential. | You can end up trapped in a never-ending cycle of pointless things that waste your time and weaken your potential.,57.89473684210527,False
834,Lachin Ultrafiltration Sistèm,China Ultrafiltration System,China Ultrafiltration System,China Ultrafiltration System | Chinese Ultrafiltration System,100.0,True
835,Sa pral envite pouvwa Yo nan lavi nou pou ede nou atravè tout pwoblèm nou epi finalman pou nou ranpli mezi kreyasyon nou.,This will invite Their power into our lives to help us through all our problems and ultimately to fulfill the measure of our creation.,This will invite the power of the Self in our lives to help us through all our troubles and finally to complete the measure of our creation.,This will bring Their power into our lives to help us through every hardship and ultimately fulfill our purpose | It will invite Their power into our lives to guide us through all our troubles and help us reach our full purpose,69.84126984126983,False
836,"Chemen sa a mennen nan òdonans, alyans, ak bèl benediksyon tanp yo—e finalman nan lavi etènèl (gade nan3 Nepfi 11:20–40).","This path leads to ordinances, covenants, and the wonderful blessings of the temple—and ultimately to eternal life (see 3 Nephi 11:20–40).","This path leads to ordinance, covenant, and glorious sanctuary blessingsand ultimately to eternal life (see in3 Nephi 11:2040).","This path leads to temple ordinances, covenants, and wonderful blessings—and ultimately to eternal life | This path leads to ordinances, covenants, and the blessings of the temple, and finally to eternal life",77.36625514403292,False
837,"Chak pwodwi ki soti nan Infinite-Electronic.hk te bay yon peryòd garanti nan 1 ane .Pandan peryòd sa a, nou te ka bay gratis antretyen teknik si gen nenpòt pwoblèm sou pwodwi nou an.","Every product from Infinite-Electronic.hk provided a warranty period of 1 year. During this period, we could provide free technical maintenance if there is any problem about our product.","Every product from Infinite-Electronic.hk has been given a 1-year warranty period. During this period, we could provide free technical maintenance if there is any problem with our product.","Every product from Infinite-Electronic.hk came with a one-year warranty. During that time, we offered free technical support if there were any issues with the product. | All products from Infinite-Electronic.hk included a one-year warranty, and we provided free technical service during that period if any problems arose.",74.36619718309859,False
838,Wòl li kòm disip Kris la te vin pwen santral efò lavi li.,His role as a disciple of Christ became the central focus of his life's endeavors.,Her role as a disciple of Christ became the focal point of her life's efforts.,His role as a follower of Christ became the center of his life’s work | Being a disciple of Christ became the main focus of his life efforts,76.59574468085107,False
839,Mwen Ka Fè Bondye Konfyans,I Can Trust God,I Can Trust God,I Can Trust in God | I Can Rely on God,88.88888888888889,True
840,"Li renmen teyat la ak sinema, vwayaje se plezi l 'yo.","He loves the theater and movies, traveling is his hobby.","He likes the theater and movies, traveling is his hobby.","He enjoys theater and movies, and traveling is his favorite pastime | He likes going to the theater and the movies, and travel is one of his hobbies",80.37383177570094,True
841,Petèt manm klas la ta kapab pataje kijan yo te chèche repons pou kesyon levanjil yo ak kijan yo rete fidèl menm lè kèk nan kesyon yo rete san repons.,Perhaps class members could share how they have sought answers to gospel questions and how they remain faithful even when some of their questions remain unanswered.,Perhaps the classmates could share how they sought answers to their gospel questions and how they remained faithful even when some of the questions remained unanswered.,Class members could share how they’ve sought answers to gospel questions and stayed faithful even when some questions remain unanswered. | Members of the class could talk about how they’ve looked for answers to gospel questions and remained faithful even when some questions are still unanswered.,82.89473684210526,True
842,Senyè a te di Jozye kijan pou l te konkeri Jeriko.,The Lord told Joshua how to conquer Jericho.,The Lord told Joshua how to take Jericho.,The Lord told Joshua how to take Jericho | The Lord showed Joshua how to conquer Jericho,98.76543209876543,True
843,Sit entènèt la nan medyaman ki gen don Jan Friedlander ak Gloria Hemsher,The website of gifted mediums Jan Friedlander and Gloria Hemsher,The website of donated mediums John Friedlander and Gloria Hemsher,The website of psychic mediums Jan Friedlander and Gloria Hemsher | Jan Friedlander and Gloria Hemsher’s psychic medium website,87.02290076335878,True
844,Jwèt Vapè z Reactors,Steam Games z Reactors,Game Steam Z Reactor,Steam games | Steam reactors,85.0,True
845,Koulè: Brown poud,Color: Brown powder,Color: Brown powder,powder brown | light brown,56.25,False
846,santral ak pati Nò Ewop,Central and Northern Europe,Central and Northern Central Europe,Central and Northern Europe | Central and Northern Europe,87.09677419354838,True
847,Tèminal tip: Terminal tèminal (lòt kalite pou opsyon),Terminal type: Terminal block (other types for option),Terminal type: Terminal terminal (other types for option),Terminal type: Terminal block | Terminal type: Terminal strip,74.54545454545455,False
848,"gad wa a te antoure yo, yo te pran yo, yo te mare yo, epi yo te mennen yo nan prizon.","The king's guards surrounded them, seized them, bound them, and took them to prison.","The guard surrounded them, seized them, bound them, and put them in prison.","The king’s guards surrounded and arrested them, then took them to prison | The king’s men captured them, bound them, and hauled them off to jail",69.38775510204081,False
849,"Anseye timoun yo dezyèm kouplè kantik ""Dis-moi, Seigneur"" (Chants pour les enfants,176) la.","Teach the children the second verse of the hymn “Tell Me, Lord” (Children’s Songbook, 176).","Teach the children the second verse of the hymn Tis-me, Lord (Songs for the children,176).","Teach the children the second verse of the hymn “Tell Me, Lord” | Teach the children the second stanza of the hymn “Tell Me, Lord”",82.75862068965517,True
850,Pafwa izaje yo gen demand ki pa ka akomode.,Sometimes users have requests that cannot be accommodated.,Sometimes the elderly have demands that cannot be accommodated.,Sometimes users have requests that can’t be met | Sometimes users ask for things that aren’t possible,66.05504587155964,False
851,Arab Sante 2018 pral pran plas nan 29 Janvye - 01 Fevriye 2018. Ekspozisyon an gratis pou vizite si ou enskri anvan montre nan!,Arab Health 2018 will take place from 29 January - 01 February 2018. The exhibition is free to visit if you register before the show!,Arab Health 2018 will take place from 29 January - 01 February 2018. The exhibition is free to visit if you register before the show!,Arab Health 2018 will be held from 29 January to 1 February 2018. Admission is free if you register before the event! | Arab Health 2018 takes place from 29 January to 1 February 2018. The exhibition is free to attend if you register in advance!,84.49612403100775,True
852,nunja: mwen renmen ou sit entènèt tèm nan...,nunja: I love your website theme...,Nunja: I love your website theme...,I really like your website theme... | I love the look of your website theme...,80.0,True
853,OO6 OpenELEC 6 r21462 ge2cede2 pou WeTek jwe ak videyo dous,OO6 OpenELEC 6 r21462 ge2cede2 for WeTek plays and videos smoothly,OO6 OpenELEC 6 r21462 ge2cede2 for WeTek Play with smooth video,"OO6 OpenELEC 6 r21462 ge2cede2 for WeTek Play with smooth video playback | OO6 OpenELEC 6 r21462 ge2cede2 for WeTek Play, smooth video playback",100.0,True
854,"Filed under: Jeneral Mesaj Atenn Avèk: dons, minè, liberasyon, SA A, Trac, WordPress 3.0, WP-super-cache","Filed under: General Posts Tagged With: donations, minor, release, SA, Trac, WordPress 3.0, WP-super-cache","Filed Under: General Messages Tagged With: donations, minor, release, sa a, trac, wordpress 3.0, wp-super-cache","Filed under: General Posts Tagged With: donations, minor, release, SA, Trac, WordPress 3.0, WP-super-cache | Categorized under: General Posts Tagged With: donations, minor, release, SA, Trac, WordPress 3.0, WP-super-cache",94.93087557603687,True
855,Mande yo pou yo chèche siy lafwa ak siy laperèz pandan y ap li Matye 14:22–33 la.,Ask them to look for signs of faith and signs of fear as they read Matthew 14:22–33.,Ask them to look for signs of faith and signs of fear as they read Matthew 14:2233.,Ask them to look for signs of faith and fear as they read Matthew 14:22–33. | Have them look for evidence of faith and fear while reading Matthew 14:22–33.,93.67088607594937,True
856,Longchamp Jug 1.5 L,Longchamp Jug 1.5 L,Longchamp Jug 1.5L,Longchamp 1.5L pitcher | Longchamp 1.5L jug,87.5,True
857,Entènèt Pwotokòl (IP),Internet Protocol (IP),Internet Protocol (IP),Internet Protocol (IP) | IP address,100.0,True
858,"Kesyon yo mande anpil - Henan Coal Rechèch Keming Mechanical co, Ltd","Frequently Asked Questions - Henan Coal Research Keming Mechanical Co., Ltd.","FAQs - Henan Coal Research Keming Mechanical Co., Ltd",Frequently Asked Questions | FAQ,37.5,False
859,Èldè Jeffrey R. Holland,Elder Jeffrey R. Holland,Elder Jeffrey R. Holland,Elder Jeffrey R. Holland | Elder Jeffrey R. Holland,100.0,True
860,"TJS, Matye 3:34–36. Konpare avèk Matye 3:8–9","JST, Matthew 3:34–36. Compare with Matthew 3:8–9","TJS, Matthew 3:3436. Compare with Matthew 3:89.","JST, Matthew 3:34–36. Compare with Matthew 3:8–9 | JST, Matthew 3:34–36. Compare with Matthew 3:8–9",94.6236559139785,True
861,"Nan fason nou pa totalman konprann, pwogresyon spirityèl nou nan kote sa a enfliyans moun nou ye isit la.","In ways we don't fully understand, our spiritual progression in this place is influenced by the people we are with here.","In a way we do not fully understand, our spiritual progress in this place influences who we are here.","In ways we don’t fully understand, our spiritual growth here is shaped by the people around us. | In ways we can’t fully explain, the people we’re with here influence our spiritual journey.",70.93023255813952,False
862,"Frè m ak sè m, jèn adilt byeneme m yo, m vle ede nou ""vole dwat"" nan mitan tanpèt inevitab dènye jou yo. Nou se pilòt. Nou gen responsablite pou nou panse ak konsekans chak chwa nou fè. Mande tèt nou: ""Si m fè chwa sa a, ki pi move bagay ki ka rive?"" Chwa jis nou yo ap kenbe nou pou nou pa pèdi wout nou.","My beloved brothers and sisters, my beloved young adults, I want to help you “fly straight” through the inevitable storms of the last days. We are pilots. We have the responsibility to consider the consequences of every choice we make. Ask yourself, “If I make this choice, what is the worst that could happen?” Our righteous choices will keep us from losing our way.","Brothers and sisters, young adults alike, I want to help us ""fly straight"" amid the inevitable storms of the last days. We are pilots. We have a responsibility to think about the consequences of each choice we make. Ask ourselves, ""If I make this choice, what's the worst that can happen?"" Our just choices will keep us from losing our way.","My dear brothers and sisters, my beloved young adults, I want to help you stay on course through the inevitable storms of the last days. We are all pilots, and we must think about the consequences of every choice we make. Ask yourself, “If I make this choice, what’s the worst that could happen?” Our righteous choices will keep us from getting lost. | My beloved brothers and sisters, especially you young adults, I want to help you navigate the storms of the last days and keep flying straight. We are pilots, so we need to consider the consequences of every decision. Ask yourself, “If I choose this, what is the worst outcome?” Good choices will keep us from losing our way.",80.88235294117648,True
863,Basavanagudi Legliz Kris la,Basavanagudi Church of Christ,Basavanagudi Church of Christ,"Basavanagudi Church of Christ | Church of Christ, Basavanagudi",100.0,True
864,Zenk Glycinate Sipleman eleman nitritif,Zinc Glycinate Nutrient Supplement,Zinc Glycinate Nutrient Supplements,Zinc Glycinate Supplement | Zinc Nutritional Supplement,83.33333333333334,True
865,"Nou rekonèt ke vi prive a se enpòtans pli ekstrèm, epi nou pa vann oswa lwe nenpòt enfòmasyon pèsonèl moun","We recognize that privacy is of the utmost importance, and we do not sell or rent any personal information.","We recognize that privacy is of utmost importance, and we do not sell or rent anyones personal information","We recognize that privacy is extremely important, and we do not sell or rent personal information. | We understand that privacy matters greatly, and we never sell or lease anyone’s personal information.",87.68472906403942,True
866,Itilize Dat Relèv Pwopoze,Use Proposed Respite Date,Using the Proposed Release Date,Use Proposed Break Date | Use Suggested Time Off Date,77.77777777777779,False
867,"Avanse Decoder optik, kòm byen ke fasil sou-plas la-otantifikasyon smartphone, yo se kèk nan rezon ki fè yo ki GSSC karakteristik yo te itilize sou dè milya de pwodwi mak ak dokiman atravè lemond. GSSC te bay patante teknoloji sekirite nan gouvènman otorize konpayi enprime sekirite ak gwo kòporasyon pou plis pase 35 ane.","Advanced optical decoding, as well as easy on-the-spot smartphone authentication, are some of the reasons GSSC features are used on billions of branded products and documents worldwide. GSSC has provided patented security technology to government-authorized security printing companies and major corporations for over 35 years.","Advanced optical decoder, as well as easy on-the-spot smartphone authentication, are some of the reasons why GSSC features are being used on billions of brand products and documents worldwide. GSSC has been providing patented security technology to government authorized security printing companies and large corporations for over 35 years.","Advanced optical decoding and easy smartphone authentication are among the reasons GSSC features appear on billions of branded products and documents worldwide. GSSC has supplied patented security technology to government-approved security printers and major corporations for more than 35 years. | GSSC features are used on billions of branded products and documents around the world because they offer advanced optical decoding and simple on-the-spot smartphone authentication. For over 35 years, GSSC has provided patented security technology to government-authorized security printing firms and large corporations.",81.88976377952756,True
868,Temwayaj Prezidan Boyd K. Packer nan reyinyon dirijan yo nan konferans jeneral Avril 2015 la pa pibliye.,President Boyd K. Packer's testimony at the leadership meeting in the April 2015 general conference has not been published.,President Boyd K. Packer's testimony at the leading meetings of the April 2015 General Conference is not published.,President Boyd K. Packer’s testimony at the April 2015 general conference leadership meeting was not published | President Boyd K. Packer’s testimony from the April 2015 leadership session of general conference was not published,79.11111111111111,False
869,"Lè timoun yo chante chan sou prensip levanjil yo, Sentespri a ap rann temwayaj sou verasite yo.","When children sing songs about gospel principles, the Holy Ghost will bear witness of their truthfulness.","When the children sing hymns about the principles of the gospel, the Holy Spirit will testify about the truths.","When children sing songs about gospel principles, the Holy Spirit testifies of their truth. | When children sing about gospel principles, the Holy Ghost bears witness that they are true.",76.23762376237624,False
870,Efase Pwogram Etid la,Delete the Study Program,Delete the Study Program,Delete the Study Plan | Remove the Study Program,88.37209302325581,True
871,"Deskripsyon nan jwèt la Kitty tirè a liy. Kouman yo jwe jwèt la sou entènèt Jwe enteresan chat vybivaly, ou bezwen frape soti kòm byen vit ke posib tout ti chat yo. Sou paj sa a ou ka jwe sou entènèt pou gratis san enskripsyon an.","Description of the game Kitty Shooter line. How to play the online game Playing exciting cat vybivaly, you need to knock out as quickly as possible all the kittens. On this page you can play online for free without registration.","Description of the game The Kitty Shooter line. How to play the online game Play exciting cat vybivaly, you need to knock out as quickly as possible all the kittens. On this page you can play online for free without registration.","Description of the Kitty Shooter game. How to play this online game: in this fun cat-themed knockout game, you need to clear all the kittens as quickly as possible. You can play for free on this page without registering. | Kitty Shooter game description. Learn how to play this exciting online cat game and knock out all the kittens as fast as you can. Play free here with no registration required.",69.48775055679288,False
872,Kat jeyografik nan vatikan mize layout,Map of vatican museum layout,Map of Vatican museum layout,Vatican Museum map | Vatican Museums layout map,92.85714285714286,True
873,"Pandan tout ane a, timoun yo te aprann sa Senyè a te revele atravè Pwofèt Joseph Smith.","Throughout the year, the children learned what the Lord revealed through the Prophet Joseph Smith.","Throughout the year, the children learned what the Lord had revealed through the Prophet Joseph Smith.","All year long, the children learned what the Lord revealed through the Prophet Joseph Smith. | Throughout the year, the children learned about what the Lord revealed through the Prophet Joseph Smith.",94.11764705882352,True
874,Lean Jesyon Waste,Lean Waste Management,Lean Waste Management,Lean Waste Management | Efficient Waste Management,100.0,True
875,Nou gen diferan sektè ki reprezante,We have different sectors represented,We have different sectors represented,We have representatives from different sectors | Different sectors are represented,84.93150684931507,True
876,Paran an antre nimewo dosye Legliz li apre l fin konekte avèk kont timoun nan.,The parent enters their Church record number after logging in to the child's account.,The parent enters the Church file number after logging in to the child's account.,"The parent enters their church record number after signing in to the child’s account | After logging in to the child’s account, the parent enters their church record number",86.41975308641976,True
877,Prezidan Dallin H. Oaks te anseye: Nan travay redanmsyon mò yo gen anpil tach ki dwe fèt.,President Dallin H. Oaks taught: In the work of the redemption of the dead there is much work to be done.,President Dallin H. Oaks taught: In the work of redemption there are many tasks to be done.,President Dallin H. Oaks taught: There is much to be done in the work of redeeming the dead. | President Dallin H. Oaks taught: The work of redeeming the dead still has much to be done.,82.87292817679558,True
878,"Gen anpil chans pou bèje yo te moun òdinè, tankou anpil nanm ki rekòmandab ki pase jounen yo ap chèche lavi.","It is likely that the shepherds were ordinary people, like many commendable souls who spend their days seeking life.","There is a good chance that shepherds were ordinary people, like so many despicable souls who spend their days searching for life.","The shepherds were probably ordinary people, like many decent souls trying to make a living. | It’s likely the shepherds were just regular folks, like many good people out there trying to get by.",63.46153846153846,False
879,bilding nan Direksyon Jeneral TCDD,TCDD General Directorate building,the building of the TCDD General Directorate,TCDD headquarters building | TCDD headquarters,62.33766233766234,False
880,"Paske li te di konsa, istwa pèp li a dwe ekri sou lòt plak li yo, e m dwe prezève plak sa yo pou m pase yo bay desandan m yo, depi nan yon jenerasyon jouk nan yon lòt jenerasyon.","For he said, the history of his people should be written upon his other plates, and I should preserve these plates to pass them on to my descendants, from one generation to another.","Because he said, the history of his people must be written on his other plates, and I must preserve these plates to pass on to my descendants, from one generation to the next.","He said his people’s history should be recorded on the other plates, and I was to keep these plates for my descendants | He said the story of his people belonged on the other plates, and I should preserve these plates for future generations",69.15254237288136,False
881,14. epis santi bon 15. epis etajè 16. lavaj likid,14. spices 15. spice rack 16. washing up liquid,14. spices 15. shelf spices 16. liquid scrubber,spices | spice rack | dish soap,51.61290322580645,False
882,Sal matènite pantalon,Maternity pants,Maternity Pants,maternity pants|pregnancy pants,100.0,True
883,Michael Bartonolis biyografi Et Michael Bartonolis lis atik kategori,Michael Bartonolis biography and Michael Bartonolis article list category,Michael Bartonolis's biography and Michael Bartonolis's list of article categories,Michael Bartonoli biography | Michael Bartonoli article list category,80.91603053435115,True
884,Pale ansanm de bagay pwofèt la te di ki enspire oumenm oubyen timoun yo.,Talk together about things the prophet said that inspire you or the children.,Talk along things the prophet said that inspire you or the children.,Talk together about things the prophet said that inspire you or the children. | Discuss together the things the prophet said that inspire you or the children.,92.06349206349206,True
885,"Iran FM TV Iran MN TELEVIZYON - tipik chanèl nan mizik la-nan lwazi-fòma, epi kòm youn nan kèk a,ki te emisyon sou satelit pou anpil ane.","Iran FM TV Iran MN TELEVISION - typical channel in the music-entertainment-format, and as one of the few, which has been broadcasting on satellite for many years.","Iran FM TV Iran MN TV - typical channel in the music-entertainment-format, and as one of the few,which has been broadcast on satellite for many years.","Iran FM TV Iran MN Television, a typical music-and-entertainment channel and one of the few that has been broadcasting via satellite for many years | Iran FM TV Iran MN Television, a standard music and entertainment channel, and one of the few to have aired on satellite for many years",78.11447811447812,False
886,"Pè Selès la menm kontinye veye sou moun ki nan wayòm terès yo e pran swen yo atravè ministè Jezikri ak lòt èt selès (gade Doktrin ak Alyans 76:77, 87) ak sou moun ki nan wayòm telès yo atravè ministè Sentespri a ak zanj (gade Doktrin ak Alyans 76:86, 88).","Heavenly Father continues to watch over and care for those in the terrestrial kingdom through the ministry of Jesus Christ and other celestial beings (see Doctrine and Covenants 76:77, 87) and for those in the telestial kingdom through the ministry of the Holy Ghost and angels (see Doctrine and Covenants 76:86, 88).","The heavenly Father continues to watch over those in the terrestrial realms and to take care of them through the ministry of Jesus Christ and other heavenly beings (see Doctrine and Covenants 76:77, 87) and over those in the heavenly realms through the ministry of the Holy Spirit and angels (see Doctrine and Covenants 76:86, 88).","Heavenly Father still watches over and cares for those in the terrestrial kingdom through the ministry of Jesus Christ and other celestial beings, and for those in the telestial kingdom through the ministry of the Holy Ghost and angels | Heavenly Father continues to care for those in the terrestrial kingdom through Jesus Christ and other heavenly beings, and for those in the telestial kingdom through the Holy Ghost and angels",69.56521739130434,False
887,tan pase kontinye pase nou eseye,"time passes, keep going, we try",Time has passed and were still trying,"time goes on, we keep trying | as time passes, we keep moving forward",58.46153846153845,False
888,Okipasyon Akitivite Bezwen,Occupation Activities Needed,Occupation Pursuits Need,Occupational Therapy Activities Needed | Needed Occupational Activities,65.0,False
889,"Envite timoun yo pou yo kanpe, epi mande yo pou yo imajine ke youn nan janm yo reprezante koute pawòl Sovè a epi lòt janm nan reprezante mete pawòl la an pratik.","Invite the children to stand, and ask them to imagine that one of their legs represents listening to the Savior’s words and the other leg represents putting the words into practice.","Invite the children to stand, and ask them to imagine that one leg represents listening to the Savior's words and the other leg represents putting the word into practice.",Ask the children to stand and imagine that one leg stands for listening to the Savior’s words and the other for putting them into action | Have the children stand and picture one leg as hearing the Savior’s words and the other as living them out,78.94736842105263,False
890,"Men, nan apre, anpil te temwaye de eksperyans spirityèl puisan ki te ede yo simonte ezitasyon yo, epi ki te ba yo kouraj pou yo te aksepte pratik sa a.","But later, many testified to powerful spiritual experiences that helped them overcome their hesitations and gave them the courage to accept this practice.","But in subsequent years, many have witnessed powerful spiritual experiences that have helped them overcome their doubts, and that have given them the courage to accept this practice.","Later, many shared powerful spiritual experiences that helped them overcome their doubts and gave them the courage to embrace this practice. | In time, many testified to profound spiritual experiences that eased their hesitation and gave them the courage to accept this practice.",81.36645962732919,True
891,"Se poutèt sa, pa t gen okenn chans pou vòlè yo te fè piyay, e pou yo te jwenn manje, eksepte pou yo vin goumen avèk Nefit yo kareman; Nefit yo te fè yon sèl gwoup, yo te tèlman anpil, yo te gen rezèv pwovizyon, cheval, bèf ak tout kalite bèt pou yo te kapab reziste pou sèt ane; nan tan sa, yo te espere detwi vòlè yo nan peyi a; e se konsa dizuityèm ane a te pase.","Therefore, there was no chance for the robbers to plunder, and to obtain food, save it were to come and fight with the Nephites; and the Nephites were in one body, so numerous that they had provisions, horses, cattle, and all manner of beasts, to last them for seven years; in which time they hoped to destroy the robbers out of the land; and thus the eighteenth year passed away.","Therefore, there was no chance for the robbers to steal, and for them to find food, except to come and fight with the Nephites fast; the Nephites were one group, they were so numerous, they had provisions, horses, cattle, and all kinds of livestock that they could withstand for seven years; at that time, it was expected to destroy the robbers in the land; and so the eighteenth year passed.","So there was no way for the robbers to plunder or get food unless they came to fight the Nephites head-on; and the Nephites were united and so numerous, with enough supplies and livestock to hold out for seven years, hoping in that time to wipe the robbers out of the land; and so the eighteenth year ended. | Thus the robbers had no chance to raid or find provisions except by openly battling the Nephites, who were gathered together in great numbers and had enough supplies, horses, cattle, and other animals to sustain them for seven years, during which they hoped to drive the robbers from the land; and so the eighteenth year came to an end.",67.81609195402298,False
892,"Eta Corporation ""Roskosmos"" Komisyon an te idantifye yon plan nan machinn nan machin espas (KA) anba Pwogram la Espas Federal (FCP), pwogram sib federal (FTP), koperasyon entènasyonal yo ak pwojè komèsyal nan mwa janvye - Mas 2018 ane.","The State Corporation ""Roskosmos"" Commission has identified a plan for the launch of space vehicles (KA) under the Federal Space Program (FCP), federal target programs (FTP), international cooperation and commercial projects in January - March 2018.","The State Corporation Roskosmos Commission has identified a plan of deployment of spacecraft (KA) under the Federal Space Program (FCP), federal target program (FTP), international cooperation and commercial projects in January  March 2018 year.","The Roscosmos Commission identified the launch schedule for spacecraft under the Federal Space Program, federal target programs, international cooperation, and commercial projects for January–March 2018 | Roscosmos Commission set the planned spacecraft launch schedule for January–March 2018 under the Federal Space Program, federal target programs, international cooperation, and commercial projects",81.69642857142857,True
893,"Lojisyèl an pwoteje yon aparèy kont viris yo ak modil move, netwaye sistèm nan, jere aplikasyon yo, epi sove enèji nan batri.","The software protects a device from viruses and malicious modules, cleans the system, manages applications, and saves battery power.","The software to protect a device against the viruses and malware modules, clean the system, manage the applications, and save the battery energy.","The software protects your device from viruses and malware, cleans up the system, manages apps, and saves battery life | This software helps protect your device from viruses and malicious software, optimize the system, manage applications, and conserve battery power",76.44787644787645,False
894,"FIFA World Cup 2018 Orè nan Malezi Tan, Live info chanèl televizyon","FIFA World Cup 2018 Schedule in Malaysia Time, Live TV Channel Info","FIFA World Cup 2018 Timetable in Malaysia Time, Live info tv channels","FIFA World Cup 2018 Malaysia Time Schedule, Live TV Channel Info | FIFA World Cup 2018 Schedule in Malaysia Time, Live TV Channel Details",82.6086956521739,True
895,Nou rekonèt prezans Otorite Jeneral yo ak Ofisye Jeneral Legliz yo ki prezan la a maten an.,We acknowledge the presence of the General Authorities and General Officers of the Church who are present here this morning.,We acknowledge the presence of the General Authorities and General Officers of the Churches present here this morning.,We recognize the General Authorities and General Officers of the Church who are here this morning. | We acknowledge the presence of the Church’s General Authorities and General Officers here this morning.,85.06787330316742,True
896,"Mwen temwaye ke fidelite nan alyans ak òdonans yo nan levanjil retabli Sovè a ap ba nou kapasite pou nou avanse nan travay Senyè a, pou nou kenbe fèm nan Li kòm Pawòl Bondye, epi pou nou pa pran nan pyèj advèsè a.","testify that faithfulness to the covenants and ordinances of the Savior’s restored gospel will enable us to move forward in the Lord’s work, to hold fast to Him as the Word of God, and to avoid being caught in the snares of the adversary.","I testify that faithfulness to the covenants and ordinances of the gospel to restore the Savior will give us the ability to advance in the Lord's work, to stand firm in Him as the Word of God, and not to fall into the enemy's trap.","I testify that faithfulness to the covenants and ordinances of the Savior’s restored gospel will help us move forward in the Lord’s work, hold fast to Him as the Word of God, and avoid the adversary’s traps. | I bear witness that staying true to the covenants and ordinances of the Savior’s restored gospel will empower us to press forward in the Lord’s work, cling to Him as the Word of God, and escape the snares of the adversary.",75.34246575342466,False
897,Li te di disip li yo pou yo te priye.,He told his disciples to pray.,He told his disciples to pray.,He told his followers to pray | He told his disciples to pray,98.30508474576271,True
898,Videyo ankadreman to: 30fps,Video frame rate: 30fps,Video frame rate: 30fps,Video frame rate: 30 fps | Frame rate: 30 fps,95.65217391304348,True
899,Poukont opere solè Limyè yo deyò gen yon tan jou mwayèn kouri nan 8-10 èdtan solè ekleraj jaden flè apre chaje konplètman.,Independently operated solar outdoor lights have an average daily run time of 8-10 hours of solar landscape lighting after fully charged.,The independently operated solar outdoor lights have an average running time of 8-10 hours solar landscape lighting after fully charged.,Independently operated solar outdoor lights typically run for 8–10 hours after a full charge | Solar garden lights usually provide 8–10 hours of light once fully charged,69.29824561403508,False
900,"Se poutèt sa, koute, O pèp mwen an, ki fè pati nan kay Izrayèl la, tande pawòl mwen yo; paske pawòl Ezayi yo pa klè pou nou, men yo klè pou tout moun ki ranpli avèk lespri pwofesi a.","Therefore, listen, O my people, who are of the house of Israel, hear my words; for the words of Isaiah are not plain to you, but they are plain to all who are filled with the spirit of prophecy.","Therefore, listen, O my people, who are part of Israel, to my words; for the words of Isaiah are not clear to us, but they are clear to all who are filled with the spirit of prophecy.","So listen, my people of the house of Israel, and hear my words; for Isaiah’s words are not clear to you, but they are clear to all who are filled with the spirit of prophecy. | Therefore, hear me, O my people of the house of Israel; Isaiah’s words are not plain to you, but they are plain to all who have the spirit of prophecy.",82.91316526610643,True
901,Jwèt Halloween Archer sou entènèt,Game Halloween Archer online,Game Halloween Archer online,Halloween Archer game online | Online Halloween Archer game,82.14285714285714,True
902,"Montre timoun yon foto Jezikri, epi pataje yon rezon ki fè L pote lajwa pou ou.","Show the children a picture of Jesus Christ, and share one reason why He brings you joy.","Show your child a picture of Jesus Christ, and share a reason why He carries joy for you.","Show the children a picture of Jesus Christ and share one reason He brings you joy. | Show the children a picture of Jesus Christ, and tell them one reason He brings you joy.",79.06976744186046,False
903,Yo pral retire papa pou timoun sa yo.,They will remove the father for these children.,They will remove the father for these children.,They’re going to take the father away from these children | They’re going to separate the father from these children,77.5,False
904,"Men, li disparèt lamenm devan yo.",But he immediately disappeared from before them.,But he suddenly disappeared before their eyes.,But he vanished right before their eyes | But he disappeared instantly before them,70.58823529411764,False
905,"Yo pwopoze pou nou relve Alan R. Walker kòm Swasanndis Otorite Rejyonal. Moun ki ta renmen eksprime apresyasyon yo pou Frè Walker pou sèvis li , tanpri endike sa.","It is proposed that we release Alan R. Walker as an Area Authority Seventy. Those who would like to express their appreciation for Brother Walker's service, please indicate so.","It is proposed that we reinstate Alan R. Walker as Seventy Regional Authority. Those who would like to express their appreciation to Brother Walker for his services, please state this.","It is proposed that we release Alan R. Walker as an Area Seventy. Those who would like to express appreciation for Brother Walker’s service, please indicate so. | We propose to release Alan R. Walker as an Area Seventy. If you would like to express your appreciation for Brother Walker’s service, please indicate it.",81.97674418604652,True
906,"Lè Jezikri te anseye kijan nou ta dwe rete tann Dezyèm Vini L lan, Li te di, "" Menmjan sa te fèt nan epòk Noe a, se konsa sa pral ye tou nan aparisyon Pitit Gason Lòm nan"" (Joseph Smith—Matye 1:41).","When Jesus Christ taught how we should look forward to His Second Coming, He said, “As it was in the days of Noah, so shall it be also at the coming of the Son of Man” (Joseph Smith—Matthew 1:41).","When Jesus Christ taught us how we should wait for the Second Coming, He said, As it was in the days of Noah, so shall it be also in the appearance of the Son of man (Joseph SmithMatthew 1:41).","When Jesus Christ taught how we should prepare for His Second Coming, He said, “Just as it was in Noah’s day, so it will be at the coming of the Son of Man” (Joseph Smith—Matthew 1:41). | When Jesus Christ taught about His Second Coming, He said, “As it was in the days of Noah, so it will be at the coming of the Son of Man” (Joseph Smith—Matthew 1:41).",82.45125348189416,True
907,Ekriti yo rele plan sa a plan sali.,The scriptures call this plan the plan of salvation.,Scripture calls this plan a salient plan.,The scriptures call this the plan of salvation | Scripture calls this the plan of salvation,75.60975609756098,False
908,"Epi tou, yo te jete yo nan twou bèt sovaj, men, yo te jwe avèk bèt sovaj yo menm jan yon timoun jwe avèk yon ti mouton; e yo te soti nan pami yo san domaj.","And also, they were cast into the dens of wild beasts, but they played with the wild beasts as a child plays with a lamb; and they came out from among them unharmed.","And they were cast into the pit of wild beasts, but they played with the wild beasts like a child plays with a lamb; and they came out of their midst without damage.","They were thrown to the wild beasts, but the beasts did them no harm | They played among wild beasts and came out unharmed",61.18721461187215,False
909,1635 Mikado Spiel Pick leve baton ak Bwat timoun granmoun pale jwèt bwa jwèt,1635 Mikado Spiel Pick up stick and Box children adult talking toy wooden toy,1635 Mikado Spiel Pick up sticks and boxes children adults Vintage Toy Wooden Toy,Mikado pick-up sticks | Pick-up sticks game,64.93506493506493,False
910,Lè manm ki te pataje non an retire pataj la epi li enprime li pou itilizasyon pèsonèl.,When the member who shared the name removes the share and prints it for personal use.,When members who have shared the name remove the partition and print it for personal use.,When the person who shared the name takes it back and prints it for personal use | When the member who shared the name withdraws the share and prints it for themselves,76.92307692307692,False
911,"men, nou te soufri, epi tou, nou te chaje ak lakrent, pou se pa t jijman Bondye ki te tonbe sou tè nou pou anvayi nou jouk nan yon destriksyon total.","but we suffered, and also were filled with fear, lest the judgment of God should fall upon our land to overwhelm us unto utter destruction.","But we suffered, and also we were filled with fear, lest the judgment of God should fall upon our earth to invade us until a total destruction.",but we suffered and were terrified that God’s judgment would come upon our land and destroy us | we endured hardship and feared that God’s judgment would fall on our country and wipe us out,61.80257510729614,False
912,Epi m te fache tou; paske w te aksepte ofrann li a epi w pa t aksepte pa m nan; pinisyon m nan pi rèd pase sa m kapab sipòte.,And I was angry too; because you accepted his offering and did not accept mine; my punishment is more severe than I can bear.,And I was also angry; because you accepted his offering and you were not accepted by me; my punishment was more severe than I can bear.,"I was angry too, because you accepted his offering and not mine; my punishment is more than I can bear. | I was angry as well, since you accepted his offering but rejected mine; this punishment is too much for me to bear.",79.83193277310924,False
913,"Apresa, envokasyon an ap fèt pa Eldè Matthew L. Carpenter yon manm nan Swasandis yo.","The invocation will then be given by Elder Matthew L. Carpenter, a member of the Seventy.","Subsequently, the invocation will be made by Elde Matthew L. Carpenter a member of the Swasandis.","The invocation will then be offered by Elder Matthew L. Carpenter, a member of the Seventy. | Elder Matthew L. Carpenter, of the Seventy, will then give the invocation.",78.45303867403315,False
914,"Tranbolon lajman konsidere tankou yonn nan pi estewoyid anabolizan janm kreye. An reyalite, li se senk fwa pi fò pase testostewòn akòz rapò an androjèn nan 500 500 konpare ak sa yo ki an 100 100. Pou kulturist, an patikilye, sa a se yon esteroyid popilè tou senpleman paske ki jan byen vit yo ka pake sou pwogrè nan misk ak fòs. Li tou benefisye moun ki vle boule grès pi vit pase sa yo ta natirèlman.","Trenbolone is widely considered to be one of the most potent anabolic steroids ever created. In fact, it is five times more potent than testosterone due to its androgenic ratio of 500 to 500 compared to 100 to 100. For bodybuilders in particular, this is a popular steroid simply because of how quickly they can pack on muscle and strength gains. It is also beneficial for those who want to burn fat faster than they would naturally.","Trenbolone is widely considered one of the most powerful anabolic steroids ever created. In fact, it is five times stronger than testosterone due to the androgen ratio of 500 to 500 compared to that of 100 to 100. For bodybuilders, in particular, this is a popular steroid simply because of how quickly they can pack on muscle gains and strength. It also benefits those who want to burn fat faster than they would naturally.","Trenbolone is widely regarded as one of the most powerful anabolic steroids ever made. In fact, it is five times stronger than testosterone because of its androgenic ratio of 500 to 500 compared with 100 to 100. For bodybuilders especially, it is a popular steroid because it helps them gain muscle and strength very quickly. It is also useful for people who want to burn fat faster than they naturally would. | Trenbolone is generally considered one of the strongest anabolic steroids ever created. It is said to be five times more potent than testosterone, with an androgenic ratio of 500 to 500 versus 100 to 100. Bodybuilders like it in particular because it can rapidly increase muscle mass and strength, and it can also help speed up fat loss.",81.59806295399515,True
915,Mishit tire nan GK a yo kòmanse jwèt la.,Mishit shoots at the GK to start the game.,Mishit shoots at the GK to start the game.,Mishit takes a shot at the goalkeeper to kick off the game | Mishit fires at the keeper to start the match,76.19047619047619,False
916,Li te kòmanse gouvène; pèp la te kòmanse pwospere; epi pèp la te vin rich anpil.,He began to rule; the people began to prosper; and the people became very rich.,He began to rule; the people began to prosper; and the people became very rich.,"He began to rule, and the people prospered | His reign brought prosperity and great wealth to the people",63.23529411764706,False
917,"Enpòtan: Nenpòt ki moun ki toujou deprime, deprime oswa menm deprime ta dwe vizite doktè fanmi li.","Important: Anyone who is consistently depressed, down, or even depressed should visit their family doctor.","Important: Anyone who is still depressed, depressed or even depressed should visit their family doctor.","Important: Anyone who feels persistently depressed or down should see their family doctor. | Important: If you’re feeling depressed or low all the time, you should visit your family doctor.",76.6839378238342,False
918,"Kou sa a mentored deja pran plas, men ou toujou jwenn kontni an Kominikasyon isit la...","This mentored course has already taken place, but you can still find the Communication content here...","This mentored course has already taken place, but you still get the Communication content here...","This mentored course has already happened, but you can still find the Communication content here... | This mentored course has already taken place, but the Communication content is still available here...",87.62886597938144,True
919,Vin Tounen Disip Jezikri pou Lavi,Become a Disciple of Jesus Christ for Life,Become Returned Disciple of Jesus Christ for Life,Become a lifelong disciple of Jesus Christ | Follow Jesus Christ for life,78.35051546391753,False
920,Egzèsis dribbling ki enkòpore kondisyone varye degre kòm vle. Amelyore dribbling ...,Dribbling exercises that incorporate conditioning to varying degrees as desired. Improve dribbling...,Dribbling exercise that incorporates conditioning to varying degrees as desired. Improving dribbling ...,Dribbling drills with adjustable conditioning levels. Improve dribbling... | Dribbling exercises with varying conditioning as needed. Improve dribbling...,72.92817679558011,False
921,Online jwèt Kwit manje pitza italiens. Jwe sou entènèt jwèt gratis Kwit manje pitza italiens. Download jwèt Kwit manje pitza italiens. Jwèt Ti fi - ht.kot-i-pios.com,Online game Cooking Italian Pizza. Play online free game Cooking Italian Pizza. Download game Cooking Italian Pizza. Games Girls - en.kot-i-pios.com,Game Cooking Pizza Italiana. Play online free game Cooking Pizza Italiana. Download game Cooking Pizza Italiana. Games Girls - en.kot-i-pios.com,Online game Cooking Italian Pizza | Play free online Cooking Italian Pizza game,66.66666666666667,False
922,Jwèt Kung Fu Panda 2 - Crazy Driver sou entènèt,Game Kung Fu Panda 2 - Crazy Driver online,Kung Fu Panda 2 - Crazy Driver game online free,Kung Fu Panda 2 Crazy Driver game online | Play Kung Fu Panda 2 Crazy Driver online,93.18181818181819,True
923,"Laura Poli Jan 21, 2020 5","Laura Poli Jan 21, 2020 5","Laura Poli Jan 21, 2020 5","Laura Poli Jan 21, 2020 5 | Laura Poli Jan 21, 2020 5",100.0,True
924,Pa kè-5 – www.songaah.com,By heart-5 – www.songaah.com,© 2019 Song Lyrics - Blog,memorized | from memory,30.000000000000004,False
925,"Epi ankò, m di nou, pou sèvitè m nan Edward Partridge rete nan ofis m te nonmen l la. Epi se pral konsa, si l transgrese, yon lòt moun pral nonmen nan plas li. Se konsa sa ye. Amèn.","And again, I say unto you, let my servant Edward Partridge stand in the office to which I have appointed him. And it shall come to pass, if he transgresses, another shall be appointed in his stead. So be it. Amen.","And yet, I tell you, for my servant Edward Partridge to remain in office I appointed him there. And so it will be, if he transgresses, someone else will be appointed in his place. So it is. Amen.","And again, I say to you, let my servant Edward Partridge remain in the office I have appointed him to. If he transgresses, another will be appointed in his place. So be it. Amen. | Again, I say to you, let my servant Edward Partridge continue in the office I have assigned him. If he breaks faith, someone else will take his place. Amen.",78.82037533512064,False
926,Ki istwa ou ta ka pataje sou youn nan zansèt ou yo?,What story could you share about one of your ancestors?,What story would you share about one of your ancestors?,What story could you tell about one of your ancestors? | What story can you share about one of your ancestors?,92.5925925925926,True
927,ak Soudan - Larivyè Nil River Valley transpò Corporation opere yon Ferry chak semèn ant Aswan (peyi Lejip) ak ravin Halfa (Soudan). Li plis sou peyi Lejip la Ferry a Soudan,and Sudan - The Nile River Valley Transport Corporation operates a weekly ferry between Aswan (Egypt) and Halfa Gorge (Sudan). Read more about the Egypt to Sudan Ferry,Sudan - Nile River Valley Transport Corporation operates a weekly ferry between Aswan (Egypt) and Halifa (Sudan). Read more about the Egypt Ferry to Sudan,"and Sudan - The Nile Valley Transport Corporation runs a weekly ferry between Aswan, Egypt and Wadi Halfa, Sudan. Read more about the Egypt-Sudan ferry | and Sudan - The Nile River Valley Transport Corporation operates a weekly ferry service between Aswan in Egypt and Wadi Halfa in Sudan. Learn more about the ferry from Egypt to Sudan",85.71428571428572,True
928,"Lachin 904L en fe Fabricants, ke founisè ak faktori - pwodwi - Beall endistri gwoup co, limite anpil","China 904L Stainless Steel Manufacturers, Suppliers and Factory - Products - Beall Industry Group Co., Limited",China 904L Stainless Steel Manufacturers and Suppliers - Price - Beall Industry Group,"China 904L Stainless Steel Manufacturers, Suppliers and Factory - Products - Beall Industry Group Co., Limited | China 904L Stainless Steel Manufacturers, Suppliers and Factory - Products - Beall Industry Group Co., Limited",78.82352941176471,False
929,"Selon rapò a, ki kantite lòd nan ""Yon Belt Ak Yon Road"" peyi patnè konstriksyon lè l sèvi avèk kwa-fontyè konsomasyon E-commerce nan JD nan 2018 se 5.2 fwa ke nan 2016. Anplis de sa nan a ...","According to the report, the number of orders in ""One Belt And One Road"" construction partner countries using cross-border e-commerce consumption on JD in 2018 is 5.2 times that of 2016. In addition to the...","According to the report, the number of orders from ""One Belt And One Road"" partner construction countries using cross-border e-commerce consumption in JD in 2018 is 5.2 times that of 2016. In addition to the ...","According to the report, orders from Belt and Road partner countries using JD’s cross-border e-commerce consumption in 2018 were 5.2 times higher than in 2016. In addition to the... | The report says that in 2018, orders from Belt and Road partner countries placed through JD’s cross-border e-commerce were 5.2 times the 2016 level. Besides that, the...",82.6530612244898,True
930,Jwèt kategori kabin.,Game category cabin.,Game category cabin.,category game cabin | game category cabin,97.43589743589743,True
931,"Senpleman itilize yon sit entènèt ki pral jenere pi bon 9 kolaj la pou ou, oswa telechaje yon app fè li sou smartphone ou. Si ou te itilize Instagram ane pase a, ou gen plis chans deja wè kèk kont pataje nan fen ane a pi bon nèf foto yo nan ane a, ak yon konte nan nimewo yo nan posts sou ane a e menm sòm total la nan renmen pou la ane, swa nan 2017, oswa petèt nan 2016....","Simply use a website that will generate the best 9 collage for you, or download an app to do it on your smartphone. If you've used Instagram in the past year, you've most likely already seen some accounts share at the end of the year their best nine photos of the year, with a count of the number of posts over the year and even the total amount of likes for the year, either in 2017, or maybe in 2016....","Simply use a website that will generate the best 9 collage for you, or download an app to do it on your smartphone. If you have used Instagram last year, you most likely have already seen some year-end shared accounts of the best nine photos of the year, and a count of the number of posts over the year and even the sum of likes for the year, either in 2017, or maybe in 2016....","Just use a website that will create your Best Nine collage for you, or download an app to make one on your smartphone. If you used Instagram last year, you’ve probably already seen people sharing their year-end Best Nine photos, along with the number of posts they made during the year and even the total number of likes they got, whether in 2017 or maybe 2016.... | Simply use a website that generates your Best Nine collage, or download an app on your phone to do it. If you were on Instagram last year, you’ve likely seen accounts posting their Best Nine photos at the end of the year, along with how many posts they shared and even the total likes they received for the year, whether in 2017 or perhaps 2016....",76.0752688172043,False
932,"Kounyeya, ou gen aksè nan FamilySearch ansanm avèk lòt pwodui ak sèvis Legliz SDJ yo ofri yo.",You now have access to FamilySearch along with other products and services offered by the LDS Church.,Now you have access to FamilySearch along with other products and services offered by the SDJ Church.,You now have access to FamilySearch and other LDS Church services | You now have access to FamilySearch and other products and services from the LDS Church,84.78260869565217,True
933,"Dekwa pou achte osinon an gwo entèferans pa chè wifi, jammers telefòn selilè, Kòdone mwayen pou detekte koupi, blòk wifi siyal, wifi scrambler nan Shengda Shiji co, Ltd, ki se yonn nan pi popilè wifi founisè entèferans nan peyi Lachin.","Welcome to buy or wholesale cheap wifi jammers, cell phone jammers, GPS jammers, wifi signal blockers, wifi scramblers from Shengda Shiji Co., Ltd, which is one of the most famous wifi jammers suppliers in China.","Welcome to buy or wholesale cheap wifi interference, cell phone jammers, barcode detection device, block wifi signal, wifi scrambler from Shengda Shiji Co.,Ltd, which is one of the famous wifi interference suppliers in China.","Welcome to buy or wholesale cheap WiFi jammers, cell phone jammers, GPS jammers, WiFi signal blockers, and WiFi scramblers from Shengda Shiji Co., Ltd. | Buy or wholesale affordable WiFi jammers, cell phone jammers, GPS jammers, WiFi blockers, and WiFi scramblers from Shengda Shiji Co., Ltd.",67.50629722921914,False
934,Gratis University of Bèlen,Free University of Berlin,Free University of Berlin,Free University of Berlin | Berlin Free University,100.0,True
935,Jan 8:29; italik ajoute.,John 8:29; italics added.,John 8:29; italics added.,John 8:29; italics added | John 8:29; emphasis added,97.95918367346938,True
936,NCS Vag 1 NCS Vag 1,NCS Wave 1 NCS Wave 1,NCS Wave 1 NCS Wave 1,NCS Wave 1 NCS Wave 1 | NCS Wave 1 NCS Wave 1,100.0,True
937,Inivèsite Maharishi Entènasyonal (ansyen Maharishi University of Management) te fonde nan 1971 epi li se akredite pa la Pi wo Komisyon Aprantisaj.,Maharishi International University (formerly Maharishi University of Management) was founded in 1971 and is accredited by the Higher Learning Commission.,Maharishi International University (formerly Maharishi University of Management) was founded in 1971 and is accredited by the Higher Learning Commission.,"Maharishi International University was founded in 1971 and is accredited by the Higher Learning Commission. | Founded in 1971, Maharishi International University (formerly Maharishi University of Management) is accredited by the Higher Learning Commission.",91.48936170212765,True
938,Èske w ap egzije pou pri sa a peye de fwa?,Are you demanding that this price be paid twice?,Will you have to pay this price twice?,Are you asking to be paid twice? | Do you expect this price to be paid twice?,60.526315789473685,False
939,anprer nan ras Madagascar Pou Zoo gode a,next in the Madagascar race for the Zoo Cup,Penguins of Madagascar Race For The Zoo,next in line for the Madagascar race for the Zoo Cup | the next Madagascar race contender for the Zoo Cup,82.05128205128204,True
940,"Souvan, ""temwayaj senp"" (Alma 4:19) yon timoun ka gen yon enfliyans pwofon sou lòt yo.","Often, a child's ""simple testimony"" (Alma 4:19) can have a profound influence on others.","Often, ""simple testimony"" (Alma 4:19) a child can have a profound influence on others.","Often, a child’s simple testimony can deeply influence others | A child’s simple testimony can have a powerful impact on others",65.71428571428571,False
941,Mande timoun yo pou yo chèche Jezikri nan foto a.,Ask the children to look for Jesus Christ in the picture.,Ask the children to look for Jesus Christ in the picture.,Ask the children to find Jesus in the picture | Have the children look for Jesus in the picture,86.0,True
942,Esenler Erokspor 12 distri,Esenler Erokspor 12 districts,Esenler Erokspor 12 district,"Esenler Erokspor 12 districts | Esenler Erokspor, District 12",100.0,True
943,"Souvan nou konsakre pi bon efò nou nan yon pastan, yon espò, nan enterè pwofesyonèl, ak pwoblèm kominote oswa politik. Tout bagay sa yo ka bon ak onorab, men, èske yop kite tan ak enèji pou sa ki ta dwe priyorite absoli nou yo?","We often devote our best efforts to a hobby, a sport, professional interests, and community or political issues. All of these may be good and honorable, but are they leaving time and energy for what should be our absolute priorities?","Often we devote our best efforts to a pastry, a sport, professional interests, and community or political issues. All these things may be good and honorable, but does yoap spare time and energy for what should be our absolute priority?","We often put our best effort into hobbies, sports, work interests, and community or political causes. These may all be good and honorable, but do they leave time and energy for what should matter most to us? | We may devote a lot of ourselves to hobbies, sports, career goals, and civic or political concerns. Those things can be worthwhile, but do they leave room for our top priorities?",75.97254004576659,False
944,Jounal Bureau kalandriye,Desk calendar,The Desktop Calendar,desk calendar | desktop calendar,91.89189189189189,True
945,"Pou fè demand yon kopi, tanpri rele Biwo Prezidan an nan 801-240-2101.","To request a copy, please call the Office of the President at 801-240-2101.","To make a request for a copy, please call the President's Office at 801-240-2101.","To request a copy, please call the President’s Office at 801-240-2101. | For a copy request, contact the President’s Office at 801-240-2101.",91.3907284768212,True
946,"Nandrolon piki decanoate se fèt pou piki gwo twou san fon pafen sèlman, nan misk la gluteal de preferans. Dosaj yo ta dwe baze sou repons ki ka geri ou ak konsiderasyon de benefis nan rapò risk. Duration nan terapi pral depann de repons lan nan kondisyon an ak aparans nan reyaksyon negatif. Si posib, terapi yo ta dwe tanzantan. Nandrolon decanoate yo ta dwe konsidere kòm terapi adjunctive ak kantite adekwa nan eleman nitritif yo ta dwe boule yo nan lòd yo jwenn efè maksimòm ki ka geri. Pou egzanp, lè li itilize nan tretman an anemi refractory, konsomasyon fè adekwa ki nesesè pou yon repons maksimòm.","Nandrolone decanoate injection is intended for deep subcutaneous injection only, preferably into the gluteal muscle. Dosage should be based on therapeutic response with consideration of the benefit to risk ratio. Duration of therapy will depend on the response to the condition and the appearance of adverse reactions. If possible, therapy should be intermittent. Nandrolone decanoate should be considered adjunctive therapy and adequate amounts of nutrients should be consumed in order to obtain maximum therapeutic effect. For example, when used in the treatment of refractory anemia, adequate iron intake is necessary for a maximum response.","Nandrolone decanoate injection is designed for deep perfume injection only, to the gluteal muscle preferably. Dosage should be based on your therapeutic response and consideration of benefit to risk ratio. Duration of therapy will depend on the response to the condition and the appearance of adverse reactions. If possible, therapy should be intermittent. Nandrolone decanoate should be considered adjunctive therapy and adequate amount of nutrients should be consumed in order to obtain maximum therapeutic effect. For example, Nandrolone decanoate should","Nandrolone decanoate injection is intended for deep intramuscular injection only, preferably into the gluteal muscle. Dosage should be based on therapeutic response and the benefit-risk ratio. | Nandrolone decanoate should be given by deep injection, preferably in the gluteal muscle, with dosage and duration guided by response, side effects, and adequate nutrient intake for best results.",64.19400855920114,False
947,"Pataje sa w santi avèk Li, epi koute enpresyon L ap ba ou yo.","Share your feelings with Him, and listen to the impressions He gives you.","Share your feelings with Him, and listen to the impression He will give you.","Share your feelings with Him, and listen for what He tells you | Open your heart to Him and pay attention to His guidance",78.26086956521739,False
948,Non Legliz la North Warren legliz Kris la,The name of the Church is North Warren Church of Christ,Name of Church North Warren church of Christ,North Warren Church of Christ | North Warren Church of Christ Church,84.0909090909091,True
949,"Vladimir di Septanm 11, 2012 nan 8:37 sou Ofer, Gen!","Vladimir says September 11, 2012 at 8:37 am on Ofer, Gen!","Vladimir of September 11, 2012 at 8:37 am Ofer, Gen!","Vladimir says September 11, 2012 at 8:37 AM on Ofer, General! | Vladimir said September 11, 2012 at 8:37 AM on Ofer, General!",86.53846153846155,True
950,Ki pyès rad ki kapab lave ansanm pandan operasyon kouran yo?,What items of clothing can be washed together during current operations?,What clothing can be washed together during surgical procedures?,What clothes can be washed together during power outages? | Which clothes can be washed together when the electricity is on?,80.35714285714286,True
951,4. Long lavi epi yo dwe kapab gonfle plis pase 100 kawotchou PC kontinyèlman,4. Long life and be able to inflate more than 100 pcs tires continuously,4. Long life and be able to inflate more than 100 PC tires continuously,Long service life and continuous inflation of over 100 tires | Durable enough to inflate more than 100 tires continuously,77.77777777777779,False
952,"1. Machin nan se lajman aplikab pou koupe nan materyèl nonmetal nan divès endistri pa kouto mouri. Pou egzanp kwi, kawoutchou, plastik, anbalaj plastik, tekstil ak fib chimik elatriye.","1. The machine is widely applicable to cutting of nonmetal materials in various industries by die cutter. For example leather, rubber, plastic, plastic packaging, textile and chemical fiber etc.","1. The machine is widely applicable for cutting of nonmetal materials in various industries by die cutter. For example leather, rubber, plastic, plastic packaging, textiles and chemical fibers etc.","The machine is widely used for die-cutting nonmetal materials in many industries | This machine is suitable for cutting a wide range of nonmetal materials, such as leather, rubber, plastic, textiles, and chemical fibers",68.8622754491018,False
953,Lè sa a m ap fè bagay ki fèb yo vin fò pou yo (Etè 12:27).,Then will I make weak things become strong unto them (Ether 12:27).,Then I will make the weak things strong for them (Ephesians 12:27).,Then I will make weak things strong for them | I will turn their weaknesses into strengths,81.03448275862068,True
954,"Vètman – nou ka ajoute vètman rad seremoni yo nan envantè tanp la si kondisyon yo konfòm avèk prensip tanp lan epi tou si yo koresponn avèk envantè aktyèl la, otreman li ta dwe detwi.","Clothing – ceremonial clothing may be added to the temple inventory if its condition is in accordance with temple standards and also if it matches the current inventory, otherwise it should be destroyed.","Garment  we can add the ceremonial garment garment to the temple inventory if the requirements comply with the temple principle and also if they correspond to the actual inventory, otherwise it should be destroyed.","Ceremonial clothing may be added to the temple inventory if it meets temple standards and matches the current inventory; otherwise, it should be destroyed. | Ceremonial garments can be included in the temple inventory if they comply with temple standards and align with the existing inventory; if not, they should be destroyed.",66.32911392405063,False
955,Klike la a (pdf) li yon ekstrè gwo nan liv la pou gratis.,Click here (pdf) to read a large excerpt from the book for free.,Click here (pdf) to read a great excerpt from the book for free.,Click here to read a free PDF excerpt from the book | Click here to read a large free excerpt from the book,79.66101694915254,False
956,"Èske ou ale nan wholesale ak achte bon mache ak dernye mono solè panèl ak-wo kalite ki soti nan yon pwofesyonèl monokristinal selil solè silikon, panno solè monokristin silikon, monokristalin Silisyòm pv panno konpayi ak faktori? Sunnysam Teknoloji se youn nan dirijan manifaktirè sa yo ak founisè nan Lachin.","Are you going to wholesale and buy cheap and newest mono solar panel with high-quality from a professional monocrystalline silicon solar cell, monocrystalline silicon solar panels, monocrystalline silicon pv panels company and factory? Sunnysam Technology is one of the leading such manufacturers and suppliers in China.","Are you going to wholesale and buy cheap and newest mono solar panel with high-quality from a professional monocrystalline silicon solar cells, monocrystalline silicon solar panels, monocrystalline silicon pv panels company and factory? Sunnysam Technology is one of the leading such manufacturers and suppliers in China.","Looking to buy affordable, high-quality monocrystalline solar panels wholesale from a trusted manufacturer? Sunnysam Technology is one of China’s leading suppliers. | Need cheap, top-quality mono solar panels in bulk from a professional manufacturer? Sunnysam Technology is a leading solar panel supplier in China.",55.59105431309904,False
957,8. Klike sou la OK bouton nan pwochen an Microsoft Word bwat dyalòg fini fini an epi ranplase.,8. Click the OK button in the next Microsoft Word dialog box to finish the completion and replace.,8. Click the OK button in the next Microsoft Word dialog box to finish the finish and replace.,Click OK in the next Microsoft Word dialog box to finish and replace | Click the OK button in the next Microsoft Word dialog box to complete the replacement,83.9506172839506,True
958,"Depi nan epòk zansèt ou yo, ou te abandone òdonans mwen yo, e nou pa t kenbe yo. Senyè tout Lame yo di, retounen vin jwenn mwen, e m ap retounen vin jwenn nou. Men, nou di: kòman pou nou fè retounen an?","From the days of your fathers you have forsaken my ordinances, and have not kept them. Return to me, says the Lord of hosts, and I will return to you. But you say, How shall we return?","From the days of your fathers, you have abandoned my ordinances, and you have not kept them. Lord of hosts says, Return to me, and I will return to you. But we say, how shall we do the return?","Ever since your ancestors’ time, you’ve turned away from my commands and haven’t kept them. Return to me, says the Lord of Hosts, and I will return to you. But you ask, How are we supposed to return? | From the time of your forefathers, you have abandoned my laws and failed to obey them. Come back to me, says the Lord of Hosts, and I will come back to you. Yet you say, How can we come back?",66.84073107049609,False
959,Ede yo planifye kisa yo pral fè pou moun yo panse a.,Help them plan what they will do for the person they are thinking of.,Help them plan what they will do for the people they think of.,Help them plan what to do for the person on their mind | Help them figure out what to do for the person they’re thinking about,75.21367521367522,False
960,Dècorations pale maryaj (7),Wedding decoration (7),Vintage Wedding Decorations (7),wedding decor | wedding decorations,78.43137254901961,False
961,"3 Ba pouvwa konsomasyon, segondè efikasite, tranpaj ak tranpaj yo, pou redui enfliyans nan Vibration motè sou ponp lan ak enpak la sou motè a lè ponp cavitation Vibration an","3 Low power consumption, high efficiency, damping and damping, to reduce the influence of motor vibration on the pump and the impact on the motor when the pump cavitation vibration","3 Low power consumption, high efficiency, damping and damping, to reduce the influence of the Vibration Motor on the pump and the impact on the engine air cavitation pump vibration","Low power consumption, high efficiency, vibration damping to reduce motor vibration impact on the pump and cavitation effects on the motor | Low energy use, high efficiency, with damping to minimize motor vibration on the pump and the impact of pump cavitation on the motor",70.46979865771812,False
962,8. 124 desen san Patipri a (Disparèt: 15-20yèm),8. 124 drawings without the Fair (Disappeared: 15-20th),8. 124 cartoons at the Fair (Opens: 15-20th),124 drawings without bias | 124 fair drawings,43.24324324324324,False
963,"Prensipal pwodwi optik nou yo se tout kalite esferik ak sa ki pa lantiy esferik, VR 3D lantiy, ki ap dirije lantiy, transparan pwodwi Acrylic ( travay atizay, nan kay la ak otèl founiti, papye, atik nan itilize chak jou, elatriye ) , HUD pwojeksyon lantiy, kas sekirite par, espò lantiy (Ski lunèt Lens, Natasyon lantiy, Bisiklèt kous lantiy), Linèt solèy lantiy, Endistriyèl pwoteksyon lantiy, Divès lantiy sifas koube espesyal ki gen fòm, plastik pwodwi, ak mwazi.","Our main optical products are all kinds of spherical and non-spherical lenses, VR 3D lenses, LED lenses, transparent acrylic products (artwork, household and hotel supplies, stationery, daily use items, etc.), HUD projection lenses, safety helmet lenses, sports lenses (Ski goggles lenses, Swimming lenses, Bicycle racing lenses), Sunglasses lenses, Industrial protective lenses, Various special-shaped curved surface lenses, plastic products, and molds.","Our main optical products are all kinds of spherical and non-spherical lenses, VR 3D lenses, LED lenses, transparent acrylic products (artworks, household and hotel supplies, stationery, items of daily use, etc.), HUD projection lenses, safety casing, sports lenses (Ski glasses Lens, Swimming lenses, Bicycle racing lenses), Sunglasses lenses, Industrial protection lenses, Various special curved surface lenses.","Our core optical products include spherical and aspherical lenses, VR 3D lenses, LED lenses, acrylic products, HUD projection lenses, safety visor lenses, sports lenses, sunglasses lenses, industrial protective lenses, custom curved lenses, plastic products, and molds | We specialize in a wide range of optical products, including spherical and aspherical lenses, VR 3D lenses, LED lenses, acrylic items, HUD projection lenses, helmet visor lenses, sports lenses, sunglasses lenses, industrial safety lenses, specially shaped curved lenses, plastic products, and molds",67.17791411042946,False
964,"Pou desizyon ki afekte letènite yo, li esansyèl pou nou gen yon pèspektiv Levanjil la.","For decisions that affect eternity, it is essential to have a Gospel perspective.","For decisions affecting eternity, it is essential that we have a gospel perspective.","For decisions with eternal consequences, a Gospel-centered perspective is essential | When decisions have eternal impact, it’s vital to view them through the lens of the Gospel",62.33766233766234,False
965,Pwochen: Molybdenum Alloy Plak ak Dra,Next: Molybdenum Alloy Plate and Sheet,Molybdenum Alloy Plate and Sheets,Next: Molybdenum Alloy Plates and Sheets | Next: Molybdenum Alloy Plate & Sheet,96.96969696969697,True
966,"Apre sa dirije yon diskisyon sou travay sali ak egzaltasyon an avèk youn oubyen plis nan kesyon sa yo oubyen pwòp kesyon pa w gade Manyèl Jeneral,, 10.2, 11.2ChurchofJesusChrist.org","Then lead a discussion about the work of salvation and exaltation using one or more of these questions or your own questions. See the General Handbook, 10.2, 11.2ChurchofJesusChrist.org.","Afterward, conduct a discussion about sali work and the exaltation with one or more of these questions or your own questions by viewing the General Manual., 10.2, 11.2ChurchofJesusChrist.org","Then lead a discussion on the work of salvation and exaltation using one or more of these questions, or your own. See the General Handbook, 10.2, 11.2. | Then facilitate a discussion about the work of salvation and exaltation using one or more of these questions, or questions of your own. See the General Handbook, 10.2, 11.2.",69.51566951566952,False
967,Nivo vitès WIFI,WIFI speed level,WIFI Speed Level,WiFi speed level | WiFi speed setting,100.0,True
968,"Papa a gen yon kò chè ak zo moun ka touche menm jan avèk pa lòm nan; Pitit Gason an tou; men, Sentespri a pa gen yon kò chè ak zo, sepandan li se yon pèsonaj lespri.","The Father has a body of flesh and bones that can be touched like man's; the Son also; but the Holy Ghost does not have a body of flesh and bones, but is a personage of spirit.","The Father has a flesh and bones just as no man has; the Son also; but the Holy Spirit does not have a flesh and bones, yet he is a spirit character.","The Father has a body of flesh and bones, as does the Son; but the Holy Ghost is a personage of spirit. | The Father and the Son have bodies of flesh and bones, but the Holy Ghost is a spirit personage.",65.66037735849058,False
969,"Kòm yon timoun-yuitan, m te fè erè pou m asime ke dlo batèm nan lave peche.","As an eight-year-old child, I made the mistake of assuming that the waters of baptism washed away sins.","As a child-yuitan, I made the mistake of assuming that water baptism washes away sins.","As an eight-year-old, I wrongly thought baptism washed away sins | When I was eight, I mistakenly believed baptismal water could cleanse sins",60.0,False
970,"Prezidans klas ak prezidans kowòm yo, chita ansanm epi diskite sou fason pou nou pi byen òganize aktivite konbine sa yo.","Class presidencies and quorum presidencies, sit together and discuss how we can best organize these combined activities.","Class Presidency and Presidency of the Counties, sit together and discuss how we can better organize these combined activities.","Class and quorum presidencies, meet together and discuss how to best organize these joint activities. | Class and quorum leaders, sit down together and plan the best way to organize these combined activities.",75.43859649122807,False
971,Maladi Coronavirus 2019 (COVID-19) – Kisa w bezwen konnen,Coronavirus Disease 2019 (COVID-19) – What you need to know,Coronavirus Disease 2019 (COVID-19)  What you need to know,Coronavirus Disease 2019 (COVID-19) – What You Need to Know | COVID-19: What You Need to Know,98.27586206896551,True
972,Mechan nan Kim,The villain in Kim,Mechan of Kim,the villain in Kim | Kim’s villain,53.84615384615385,False
973,Sao Paulo monoray,Sao Paulo monorail,Sao Paulo Monorail,São Paulo monorail | São Paulo light rail,94.44444444444444,True
974,"3 m (10 pi) auto, 5 m (15 pi) non auto","3 m (10 pi) auto, 5 m (15 pi) non auto","3 m (10 ft) auto, 5 m (15 ft) non auto","3 meters (10 feet) by car, 5 meters (15 feet) on foot | 3 m (10 ft) driving, 5 m (15 ft) walking",71.05263157894737,False
975,"Pake sa a konprann de modèl nan DHC-6 Twin Otter a, yon vèsyon nen kout sou ski ak yon vèsyon nen long sou kawotchou toundra. panèl Custom ak VC enkli ak plen dosye son DHC-6. Nouvo vòl dinamik bay reyalis ak bèl pèfòmans ak manyen.","This package includes two models of the DHC-6 Twin Otter, a short nose version on skis and a long nose version on tundra tires. Custom panel and VC included with full DHC-6 sound files. New flight dynamics provide realism and beautiful performance and handling.","This package comprises two models of the DHC-6 Twin Otter, a short nose version on skiing and a long nose version on toundra tires. Custom panel and VC included with full sound file DHC-6. New flight dynamics provide realistic and beautiful performance and handling.","This package includes two DHC-6 Twin Otter models, a short-nose ski version and a long-nose tundra tire version. Custom panel and VC included with full DHC-6 sound set. New flight dynamics deliver realistic, excellent performance and handling. | Includes two DHC-6 Twin Otter variants: a short-nose ski model and a long-nose tundra tire model. Comes with a custom panel and VC plus complete DHC-6 sounds. Updated flight dynamics provide realistic, smooth performance and handling.",77.40667976424362,False
976,Pawòl Bondye a mennen m al jwenn Sovè a epi l ede m santi amou li.,The word of God leads me to the Savior and helps me feel His love.,God's Word led me to the Savior and helped me to feel his love.,God’s word leads me to the Savior and helps me feel His love | The word of God guides me to the Savior and lets me feel His love,91.05691056910568,True
977,"Mwen te chita tou dousman avèk santiman an, ke mwen te vin konprann kòm yon manifestasyon lanmou Bondye pou mwen.","I sat quietly with the feeling, which I came to understand as a manifestation of God's love for me.","I sat down quietly with the feeling, that I had come to understand as an expression of Gods love for me.","I sat quietly with a sense of God’s love for me | I sat in silence, feeling God’s love for me",59.13978494623655,False
978,Doktrin ak Alyans 63,Doctrine and Covenants 63,Doctrine and Covenants 63,Doctrine and Covenants 63 | D&C 63,100.0,True
979,Pwojè kabòn ble ki egziste deja ofri leson yo aprann ak egzanp meyè pratik: ref,Existing blue carbon projects offer lessons learned and examples of best practices: ref,Existing blue carbon projects offer lessons learned and best practice examples: ref,Existing blue carbon projects offer lessons learned and best practices: ref | Current blue carbon projects provide lessons learned and best-practice examples: ref,94.9367088607595,True
980,Modpas sa a dwe gen mwens pase 128 karaktè.,This password must be less than 128 characters.,This password must be less than 128 characters.,Password must be under 128 characters.|Password has to be fewer than 128 characters.,80.43478260869566,True
981,Sèks Gap nan Gaming - Pataje Fi a nan la s ...,Gender Gap in Gaming - The Female Share in the S...,Sex Gap in Gaming  Share The Woman In The S...,Gender Gap in Gaming - Female Representation in the S... | Gender Gap in Gaming - Women’s Share in the S...,75.55555555555556,False
982,gwosè sak papye: 65cm 45cm 10cm,paper bag size: 65cm 45cm 10cm,Paper bag size: 65cm 45cm 10cm,paper bag size: 65cm x 45cm x 10cm | paper bag dimensions: 65cm x 45cm x 10cm,89.65517241379311,True
983,"Se pou l asiste sèvitè m nan, Joseph, epi tou se pou sèvitè m nan, William Law ede sèvitè m nan, Joseph, pou l fè yon pwoklamasyon solanèl devan wa yo ki sou tè a, menm jan m te di ou anvan an.","Let him assist my servant Joseph, and also let my servant William Law assist my servant Joseph, in making a solemn proclamation before the kings of the earth, as I have told you before.","May he assist my servant Joseph, and also may my servant William Law assist my servant Joseph, to make a solemn proclamation before the kings of the earth, as I have told you before.",Let Joseph be helped by William Law in making a solemn proclamation to the rulers of the earth | Let William Law assist Joseph in delivering a formal proclamation before the kings of the earth,62.06896551724138,False
984,"Administrasyon lajan ki pou detèmine Kisa ki jan revni va sans pou dèpensè pou fè travay la te akonpli, ak frè sa yo an palan de kontab.","The administration of funds to determine how much income will be appropriate for the spender to get the work done, and these fees are in the hands of accountants.","Management of Money-Determining how income will undoubtedly be expended to get the work accomplished, and accounting regarding these fees.","Money management to make sure there’s enough income to get the job done, with the accounting handled by the accountants | Fund administration to determine the right amount of revenue needed to complete the work, with the fees managed by the accountants",53.65853658536586,False
985,"Gwo bèt pre-istorik lakòz jodi a, pi plis ak plis enterè yo. E te parèt jwèt sou entènèt sou dinozò. Jwe jwèt sou dinozò, ou pral aprann anpil bagay sou konpòtman an, epi abitid nan bèt sa yo ekstraòdinè. Ak nan lòd yo rive jwenn liy lan fini w ap gen obligasyon maksimòm konsantrasyon ak reprann.","Large prehistoric animals cause today, more and more interest. And appeared online games about dinosaurs. Playing games about dinosaurs, you will learn a lot about the behavior, and habits of these extraordinary animals. And in order to reach the finish line you will be required maximum concentration and recovery.","Large prehistoric creatures cause today, more and more interest to them. And appeared online games about dinosaurs. Playing games about dinosaurs, you will learn a lot about the behavior and habits of these extraordinary creatures. And in order to reach the finish line you will have to maximally concentrate and recapture.","Dinosaurs are capturing more and more interest these days, and online dinosaur games have become popular. By playing them, you can learn a lot about these extraordinary creatures’ behavior and habits, while also needing plenty of focus and quick reflexes to reach the finish line. | Dinosaurs are increasingly fascinating people today, which is why there are so many online dinosaur games. As you play, you’ll discover more about these amazing animals and need maximum concentration and agility to make it to the end.",59.44272445820433,False
986,"Atik, revizyon, konsèy","Articles, reviews, tips","Articles, reviews, tips","Articles, reviews, tips | Articles, reviews, advice",100.0,True
987,Hydro-komisyon di ke: dyèt naje 15pcs,Hydro-commission says: 15pcs swim jets,Hydro-massage says: 15pcs swimming jets,Hydro commission says: 15 swim jets | Hydro commission says: 15 jet nozzles,72.97297297297297,False
988,"Epi tout moun ki ta kwè nan Pitit Gason an e ki ta repanti nan peche yo, t ap sove; epi tout moun ki pa ta kwè epi ki pa ta repanti, t ap kondane; epi pawòl yo te soti nan bouch Bondye pou ale kòm yon dekrè ki fèm; se sa ki fè, yo dwe akonpli.","And whosoever would believe in the Son and repent of their sins, would be saved; and whosoever would not believe and repent, would be damned; and the words went forth from the mouth of God as a firm decree; wherefore, they must be fulfilled.","And all who would believe in the Son of Man and repent of their sins, would be saved; and all who would not believe and repent not, would be condemned; and the word that went out of God's mouth to go forth as a final decree; that is what must be accomplished.","Whoever believes in the Son and repents of their sins will be saved; whoever does not believe and repent will be condemned; and God’s words went forth as a firm decree, so they must be fulfilled | Anyone who believes in the Son and turns from sin will be saved, but anyone who refuses to believe and repent will be condemned; God has spoken it as an unbreakable decree, and it must come to pass",70.19867549668875,False
989,pake a ak kanal la 'Auto Plus' Mwen te ale nan 12653V,the package with the 'Auto Plus' channel I went to 12653V,The package with the channel 'Auto Plus' I went to 12653V,the Auto Plus package I went to 12653V | the package with Auto Plus I went to 12653V,86.0,True
990,"Deskripsyon nan jwèt la Sirèn nan Little liy. Kouman yo jwe jwèt la sou entènèt Trè bèl ak kolore devinèt jwèt, ki pentire yon sirèn ak zanmi ti kras li - yon pwason. Jwèt la se trè tankou yon timoun ki renmen desen ki pi ba a ak sa yo karaktè. Jwèt la tou te gen pezeul kote ou kapab jwenn diferans ki genyen nan foto w pèdi idantik, epi pou li touche pwen.","Description of the game The Little Mermaid line. How to play the game online Very beautiful and colorful puzzle game, which depicts a mermaid and her little friend - a fish. The game is very like a child who loves the cartoon and these characters. The game also has puzzles where you can find the differences in seemingly identical pictures, and for it earn points.","Description of the game The Little Mermaid line. How to play the online game Very nice and colorful puzzle game, which depicts a mermaid and her little friend - a fish. The game is very much like a child who likes the cartoon with these characters. The game also has puzzles where you can find the differences in your lost picture identical, and earn points.","Description of the Little Mermaid game. How to play the game online. A very beautiful and colorful puzzle game featuring a mermaid and her little fish friend. This game is perfect for children who love the cartoon and its characters. It also includes spot-the-difference puzzles where you can find differences in nearly identical pictures and earn points. | The Little Mermaid game description. How to play online. A bright, colorful puzzle game with a mermaid and her little fish friend. Kids who love the cartoon and its characters will enjoy it. The game also features spot-the-difference puzzles, where you can earn points by finding differences in almost identical images.",74.89481065918653,False
991,Ou te santi ke Sovè a te prèske rive nan plas kote w te kanpe a.,You felt that the Savior was almost at the place where you were standing.,You felt that the Savior almost arrived at the place where you stood.,You felt like the Savior was right there with you | You felt the Savior was almost beside you,67.22689075630252,False
992,Apresa li te aple kòm prezidan kowòm ansyen an.,He was then called as president of the elders quorum.,He was subsequently named as chairman of the former quorum.,He was then called to serve as elders quorum president | He was then appointed as president of the elders quorum,63.1578947368421,False
993,"Gade, se lajwa pèsonn pa resevwa, si se pa moun ki repanti e k ap chèche bonè ak imilite.","Behold, it is a joy that no one receives, except those who repent and seek happiness and humility.","Behold, there is joy no one receives, except those who repent and seek happiness and humility.",True joy comes only to those who repent and seek it with humility | Only the repentant and humble can receive this joy,65.40880503144655,False
994,Doktrin ak Alyans 133:20–33.,Doctrine and Covenants 133:20–33.,Doctrine and Covenants 133:2033.,Doctrine and Covenants 133:20–33 | D&C 133:20–33,96.875,True
995,"Lè yon jènfi antre nan pwogram Jènfi yo, yo ba li yon pandantif logo a epi yo ankouraje li pou l mete l kòm yon rapèl angajman li pou ""defann laverite ak lajistis,"" ki se deviz Jènfi yo.","When a young woman enters the Young Women program, she is given a logo pendant and encouraged to wear it as a reminder of her commitment to ""stand for truth and justice,"" which is the Young Women motto.","When a young woman joins the Youth Program, she is given a sticky logo and encouraged to wear it as a reminder of her commitment to ""defend truth and justice,"" which is the motto of Youth.","When a young woman joins the Young Women program, she is given a logo pendant and encouraged to wear it as a reminder of her commitment to “stand for truth and justice,” the Young Women motto. | When a young woman enters the Young Women program, she receives a logo pendant and is encouraged to wear it as a symbol of her commitment to “stand for truth and justice,” the Young Women motto.",83.28767123287672,True
996,Kreye achiv yo multivolume,Create multivolume archives,Create the multivolume archives,Create multi-volume archives | Build multi-volume archives,91.52542372881356,True
997,Evalye jwèt sa a: JWE: 3956,Rate this game: PLAYED: 3956,Rate this game: Played: 3956,Rate this game: PLAYED: 3956 | Review this game: PLAYED: 3956,100.0,True
998,"Envite yon timoun pou l vini pare pou l pataje istwa Twa Temwen yo (gade ""Chapit 7: Temwen Yo wè Plak Lò yo"" [Istwa Doktrin ak Alyans, 31–33], oubyen videyo ki koresponn nan nan ChurchofJesusChrist.org).","Invite a child to come prepared to share the story of the Three Witnesses (see “Chapter 7: The Witnesses See the Gold Plates” [Doctrine and Covenants Story, 31–33], or the corresponding video on ChurchofJesusChrist.org).","Invite a child to come and share the story of the Three Witnesses (see ""Chapter 7: The Witnesses Saw the Gold Plates"" [History of Doctrine and Covenants, 3133], or the corresponding video at ChurchofJesusChrist.org).",Invite a child to come prepared to tell the story of the Three Witnesses | Ask a child to be ready to share the story of the Three Witnesses,72.03389830508475,False
999,2009 IRI. Tout dwa rezève. Enprime nan Etazini Damerik. Apwobasyon anglè: 609. Apwobasyon tradiksyon: 609. Mia Maid Certificate. Haitian Creole. 08565 036,2009 IRI. All rights reserved. Printed in the United States of America. English Approval: 609. Translation Approval: 609. Mia Maid Certificate. Haitian Creole. 08565 036,2009 IRI. All rights reserved. Printed in the USA. Approval English: 609. Approval Translation: 609. Mia Maid Certificate. English. 08565 036,2009 IRI. All rights reserved. Printed in the USA. English approval: 609. Translation approval: 609. Mia Maid Certificate. Haitian Creole. 08565 036 | 2009 IRI. All rights reserved. Printed in the United States. English approval: 609. Translation approval: 609. Mia Maid Certificate. Haitian Creole. 08565 036,82.26415094339623,True
1000,Envite kèk nan yo pou pataje ide yo avèk tout klas la.,Invite some of them to share their ideas with the whole class.,Invite some of them to share their ideas with the whole class.,Ask a few of them to share their ideas with the class | Have some of them share their ideas with everyone in class,81.35593220338984,True
1001,"Montre yon fèy dim, epi diskite avèk fanmi ou sou ofrann yo bay Senyè a ak kijan ofrann sa yo ede bati wayòm Bondye a.","Show a tithing slip, and discuss with your family about offerings to the Lord and how these offerings help build the kingdom of God.","Show a dim sheet, and discuss with your family about the offerings to the Lord and how these offerings help build up the kingdom of God.",Show a tithing slip and talk with your family about offerings to the Lord and how they help build God’s kingdom. | Show a tithing slip and discuss with your family how offerings to the Lord help build the kingdom of God.,78.00829875518673,False
1002,Montre Enfòmasyon Kontak sou Kat Non Familyal yo,Show Contact Information on Family Name Cards,Display Contact Information on their Family Name Card,Display Contact Info on Family Name Cards | Show Contact Details on Family Name Cards,86.02150537634408,True
1003,"Ningbo Zhenhai Finotek machin co, Ltd se youn nan yo kap dirije peyi Lachin pòch bal vann collecteur manifaktirè yo ak Founisè ki nan la chin, akeyi acheter, ni an gwo personnalisès en pòch bal vav manifolds faktori nou.","Ningbo Zhenhai Finotek Machinery Co., Ltd is one of the leading China cartridge valve manifold manufacturers and suppliers in China, welcome to buy or wholesale customized cartridge valve manifolds from our factory.","Ningbo Zhenhai Finotek Machinery Co.,Ltd is one of the leading China cartridge valve manifolds manufacturers and suppliers in China, welcome to buy or wholesale customized bulk cartridge valve manifolds from our factory.","Ningbo Zhenhai Finotek Machinery Co., Ltd. is one of China’s leading manufacturers and suppliers of cartridge valve manifolds. Welcome to buy or wholesale custom cartridge valve manifolds from our factory. | Ningbo Zhenhai Finotek Machinery Co., Ltd. is a leading Chinese manufacturer and supplier of cartridge valve manifolds. We welcome you to purchase or wholesale customized cartridge valve manifolds directly from our factory.",81.41176470588235,True
1004,UCOSHIER Rejenab Netwayaj Siye disposable Netwayaj t...,UCOSHIER Regenerable Cleaning Wipes Disposable Cleaning T...,UCOSHIER Reusable Cleaning Wipe Disposable Cleaning T...,UCOSHIER Regenerable Cleaning Wipes Disposable Cleaning T...|UCOSHIER Reusable Cleaning Wipes Disposable Cleaning T...,98.21428571428571,True
1005,prefabrike kay Pou vann,Prefabricated houses for sale,Prefabricated house For sale,prefab homes for sale | prebuilt houses for sale,80.76923076923077,True
1006,"Se konsa genyen tou sa pompes ion nan kalsyòm sa yo tou sous-ensembles de ATPases, ki yo ap tankou Sodyòm a Potasyòm pompes.","So there are also these calcium ion pumps that are also subsets of ATPases, which are like sodium to potassium pumps.","So there are also ion pumps in calcium that are also sub-sets of ATPases, which are like sodium to potassium pumps.","So there are also calcium ion pumps, which are a type of ATPase, like sodium-potassium pumps. | There are also calcium pumps, which are ATPases, similar to sodium-potassium pumps.",75.0,False
1007,"Antanke enstriktè, li enpòtan pou w reflechi sou fason w ka ogmante kapasite w pou ede timoun yo bati lafwa yo nan Pè Selès la ak nan Jezikri.","As a teacher, it is important to think about how you can increase your ability to help children build their faith in Heavenly Father and Jesus Christ.","As instructors, it is important to think about how you can increase your ability to help your children build their faith in the Father and in Jesus Christ.","As a teacher, it’s important to consider how you can better help children strengthen their faith in Heavenly Father and Jesus Christ. | As a teacher, you should think about ways to improve your ability to help children develop faith in Heavenly Father and Jesus Christ.",70.17543859649122,False
1008,"If you need more money in Robocraft , oswa si ou vle chanje nivo oswa ajoute lòt karakteristik awizom nou gen bon nouvèl pou ou. Ekip nou an devlope Robocraft Hack astus .","If you need more money in Robocraft, or if you want to change levels or add other awesome features we have good news for you. Our team has developed Robocraft Hack Cheats.","If you need more money in Robocraft, or if you want to change levels or add other awesome features we have good news for you. Our team developed Robocraft Hack Cheats.","If you need more money in Robocraft, or want to change levels or add other awesome features, we’ve got good news for you. Our team has developed Robocraft hack cheats. | Need more money in Robocraft, or want to change levels and unlock other awesome features? Good news: our team has developed Robocraft hack cheats.",94.01197604790418,True
1009,Ki benediksyon nou resevwa lè nou kenbe kòmandman yo?,What blessings do we receive when we keep the commandments?,What blessings do we receive when we keep the commandments?,What blessings come from keeping the commandments? | What blessings do we receive by keeping the commandments?,89.65517241379311,True
1010,"Nan ane anvan yo, yo te difisil li yo, fleksib bwa yo itilize pou sèrkl barik e li te anpil yon pyonye kabin ekipe ak planche dirab bwa Hackberry. Te pyebwa nan premye kiltive nan 1636.","In earlier years, its hard, flexible wood was used for barrel hoops and many pioneer cabins were equipped with durable Hackberry wood flooring. The tree was first cultivated in 1636.","In previous years, its hard, flexible wood was used for barrel beams and was largely a pioneer cabin fitted with durable hackberry wood flooring. The tree was first cultivated in 1636.","In earlier times, its tough, flexible wood was used for barrel hoops, and many pioneer cabins had durable Hackberry floors. The tree was first cultivated in 1636. | In the past, its strong, bendable wood was used to make barrel hoops, and pioneer cabins often featured long-lasting Hackberry flooring. It was first cultivated in 1636.",80.34682080924856,True
1011,"Pwolonje pou 970 kilomèt kare atravè ti mòn yo Majestic nan sidès Rwanda, Nyungwe National Park se blòk la pi gwo nan forè montayeu nan East oswa Afrik santral, ak youn nan ansyen ki pi, date tounen nan anvan Laj la glas dènye.","Stretching for 970 square kilometers across the majestic hills of southeastern Rwanda, Nyungwe National Park is the largest block of montane forest in East or Central Africa, and one of the most ancient, dating back to before the last Ice Age.","Extending for 970 square kilometres across the majestic hills in southeastern Rwanda, Nyungwe National Park is the largest block of montane rainforest in East or central Africa, and one of the oldest, dating back to before the last Ice Age.","Stretching across the majestic hills of southeastern Rwanda, Nyungwe National Park is the largest expanse of montane forest in East or Central Africa, and one of the oldest, dating back to before the last Ice Age. | Covering 970 square kilometers in the scenic hills of southeastern Rwanda, Nyungwe National Park is East and Central Africa’s largest montane forest block and among the oldest, predating the last Ice Age.",87.85871964679912,True
1012,Alma te di ke se Senyè a ki t ap deside si Koriyò te dwe pale ankò.,Alma said that the Lord would decide whether Korihor should speak again.,Alma said that it was the Lord who would decide whether Korio should speak again.,Alma said the Lord would decide if Korihor would speak again. | Alma said the Lord would determine whether Korihor should speak again.,83.44370860927152,True
1013,"Chè frè m ak sè m yo, pandan yon egzèsis pou tès strès pou kè, kantite travay kè a ogmante.","My dear brothers and sisters, during a cardiac stress test, the workload of the heart increases.","Dear brothers and sisters, during an exercise for stress tests for the heart, the heart's workload increases.","My dear brothers and sisters, during a heart stress test, the heart’s workload increases. | Dear brothers and sisters, during a cardiac stress test, the heart works harder.",82.82828282828282,True
1014,"""Pawòl Sajès la,"" Ankre nan Lafwa Misyonè yo oswa yon manm Legliz la ka ede ou jwenn yon kopi liv sa a.","The Word of Wisdom, Anchored in the Faith Missionaries, or a member of the Church can help you obtain a copy of this book.","""The Word of Wisdom,"" Faith-Based Missionaries or a member of the Church can help you get a copy of this book.","The Word of Wisdom, the Faith Missionaries, or a Church member can help you get a copy of this book. | The Word of Wisdom, Faith Missionaries, or a member of the Church can help you obtain a copy of this book.",92.5925925925926,True
1015,Mowoni mande Paoran pou l ranfòse twoup Elaman yo—Lamanit yo pran vil Nefiya a—Mowoni fache kont gouvènman an.,Moroni asks Pahoran to strengthen the Helamanite troops—The Lamanites capture the city of Nephihah—Moroni is angry with the government.,Mooni urged Paoran to reinforce the Elamanite troopsThe Lamanites took NephihahMooni was angry with the government.,Moroni asks Pahoran to reinforce Helaman’s troops—the Lamanites take Nephihah—Moroni is angry with the government | Moroni requests help from Pahoran for Helaman’s forces—the Lamanites seize Nephihah—Moroni is upset with the government,86.8421052631579,True
1016,Gouvènè Ayhan te vizite estasyon tren vitès Sivas Ankara; Sivas Gouvènè Salih yo nan lòd yo egzaminen aktivite yo kontinyèl ak planifye nan tout Sivas ak bay sèvis piblik nan pi bon fason pou benefis sitwayen yo. [Plis ...],Governor Ayhan visited the Sivas Ankara High Speed Train Station; Sivas Governor Salih in order to examine the ongoing and planned activities throughout Sivas and to provide public services in the best way for the benefit of citizens. [More...],Governor Ayhan visited Sivas Ankara High Speed Train Station; Sivas Governor Salih in order to examine the ongoing and planned activities throughout Sivas and provide public services in the best way for the benefit of citizens. [more...],Governor Ayhan visited the Sivas-Ankara High-Speed Train Station; Governor Salih of Sivas inspected ongoing and planned projects across Sivas to ensure public services are delivered in the best possible way for citizens. [More...] | Governor Ayhan toured the Sivas-Ankara high-speed rail station; Sivas Governor Salih reviewed current and planned work throughout the province to improve public services for residents. [More...],75.37473233404711,False
1017,Oswa Rele 1-877-614-0623 TTY 711 8am-8pm: 7 Jou Okt-Mas; L-V Avr-Sept,Or Call 1-877-614-0623 TTY 711 8am-8pm: 7 Days Oct-Mar; Mon Apr-Sep,Or Call 1-877-614-0623 TTY 711 8am-8pm: 7 Days Oct-March; L-V Apr-Sept,"Or call 1-877-614-0623 TTY 711, 8am-8pm, 7 days a week Oct-Mar; Mon-Fri Apr-Sep | Or call 1-877-614-0623 TTY 711, 8am-8pm, daily Oct-Mar; weekdays Apr-Sep",82.85714285714285,True
1018,Pwoteje inisyativ biznis lejitim,Protect legitimate business initiatives,Protecting legitimate business initiatives,Protect legitimate business ventures | Safeguard lawful business initiatives,83.33333333333334,True
1019,Rekòmandasyon an Pwogrè yo idantifye manm ki gen rekòmandasyon k ap ret tann apwobasyon yo.,Recommendations in Progress identifies members with recommendations awaiting approval.,The Progress Recommendation identifies members whose recommendations are pending approval.,Recommendations Pending Approval | Members with Pending Recommendations,66.18705035971223,False
1020,"Evidaman, evèk la kenbe kle yo pou travay sali a nan pawas la, men li delege responsablite ak otorite a pou travay sa bay prezidan kowòm ansyen yo yon fason pou evèk la ka pase plis tan avèk fanmi pa li, fòtifye jèn yo, epi sèvi kòm jij nan Izrayèl.","Of course, the bishop holds the keys for the work of salvation in the ward, but he delegates the responsibility and authority for that work to the elders quorum president so that the bishop can spend more time with his own family, strengthen the youth, and serve as a judge in Israel.","Obviously, the bishop holds the keys to the work of the parish hall, but he delegates responsibility and authority for that work to former quorum presidents so that the bishop can spend more time with his family, fortify youth, and serve as judge of Israel.","Of course, the bishop holds the keys for the work of salvation in the ward, but he delegates that responsibility to the elders quorum president so he can spend more time with his family, strengthen the youth, and serve as a judge in Israel. | The bishop keeps the keys for the ward’s salvation work, but he assigns that responsibility to the elders quorum president so he can focus more on his family, support the youth, and act as a judge in Israel.",77.2635814889336,False
1021,jèn k ap itilize telefòn (smartphone),young people using smartphones,youth using phone (smartphone),teens on their phones | young people on smartphones,70.17543859649122,False
1022,"Ijans limyè pouvwa pake pou limyè a desann ak Spotlight anba pouvwa pou 3W 3Hours ijans limyè - pwodwi - Shenzhen Dengfeng pouvwa ekipman pou co, Ltd","Emergency Light Power Pack for Downlight and Spotlight Under Power for 3W 3Hours Emergency Light - Products - Shenzhen Dengfeng Power Supply Co., Ltd.","Emergency Light Power Pack For LED Down Light With Spotlight Down Power For 3W 3Hours Emergency Light - Products - Shenzhen Dengfeng Power Supply Co.,Ltd","Emergency Light Power Pack for Downlights and Spotlights, 3W 3-Hour Backup | Emergency Power Pack for Downlights and Spotlights, 3W 3-Hour Emergency Lighting",63.45381526104418,False
1023,"Janvye 2017 Won ""Top Machann a"" ak pi pito ""kalite siperyè Supplier"" pou iBeacon.","January 2017 Won the ""Top Seller"" and preferred ""High Quality Supplier"" for iBeacon.","January 2017 Won the ""Top Seller"" and the top ""High Quality Supplier"" for iBeacon.","January 2017 won the “Top Seller” and preferred “High Quality Supplier” award for iBeacon | In January 2017, received the “Top Seller” and “High Quality Supplier” recognition for iBeacon",78.70967741935485,False
1024,"Dapre kabinè avoka a, jèl la se yon fòmil propriètaires, ak pwopriyete li yo, ansanm ak bati-an siyal-kondisyone asik la, reyalize 0.008hPa RMS bri presyon.","According to the firm, the gel is a proprietary formula, and its properties, along with the built-in signal-conditioning circuitry, achieve 0.008hPa RMS pressure noise.","According to the firm, the gel is a proprietary formula, and its properties, together with the built-in signal-conditioning asik, achieve 0.008hPa RMS noise pressure.","According to the law firm, the gel is a proprietary formula, and its properties, along with the built-in signal-conditioning circuitry, achieve 0.008 hPa RMS pressure noise. | According to the attorneys, the gel is a proprietary blend, and together with the integrated signal-conditioning circuitry, it achieves 0.008 hPa RMS pressure noise.",90.36144578313254,True
1025,Konpayi fabrikasyon: Marktech Optoelectronics,Manufacturer: Marktech Optoelectronics,Manufacturers: Marktech Optoelectronics,Manufacturer: Marktech Optoelectronics | Made by Marktech Optoelectronics,98.7012987012987,True
1026,"Detay emballage: Estanda ekspòtasyon carton, yon sèl ti moso pa carton","Packaging Details: Standard export carton, one piece per carton","Packaging Details: Standard export carton, one piece per carton","Packaging details: Standard export carton, one piece per carton | Packaging: Standard export carton, one piece per carton",100.0,True
1027,Bondye te ban m libète pou m chwazi,God gave me the freedom to choose.,God has given me free will to choose,God gave me the freedom to make my own choices | God gave me the right to choose,71.64179104477613,False
1028,"Nan reyinyon sa yo, ou ka fè echanj konsèy avèk lòt enstriktè sou nenpòt pwoblèm w ap rankontre.","At these meetings, you can exchange advice with other instructors about any problems you are encountering.","At these meetings, you can exchange advice with other instructors on any problems you encounter.","At these meetings, you can share advice with other instructors about any problems you’re facing. | At these meetings, you can exchange tips with other instructors about any issues you’re having.",87.43169398907104,True
1029,"Pou plis bagay sou sijè sa a, gade Ansèyman, pa gen pi gwo apèl, paj 50–59.","For more on this topic, see Teaching, No Greater Call, pages 50–59.","For more on this subject, see Teachings, no greater appeal, page 5059.","For more on this topic, see Teaching, No Greater Call, pages 50–59. | For additional information on this subject, see Teaching, No Greater Call, pages 50–59.",88.57142857142857,True
1030,Penny vant ozanchè asistan Hosting Tèm ak Kondisyon yo,Penny Auction Assistant Hosting Terms and Conditions,Penny Auction Wizard Hosting Terms and Conditions,Penny Auction Assistant Hosting Terms & Conditions | Terms and Conditions for Hosting a Penny Auction Assistant,83.6734693877551,True
1031,Pil: 10Ah Li-ion pil,Battery: 10Ah Li-ion battery,Battery: 10Ah Li-ion battery,10Ah Li-ion battery|10Ah lithium-ion battery,80.85106382978724,True
1032,NJ Lame Nasyonal,NJ National Army,the NJ National Blade,National Army | Army National,64.51612903225806,False
1033,15-11-2011 Hits: 14257 Teknik Fini Sirèn pou Darren Pitfield,15-11-2011 Hits: 14257 Siren Finishing Technique for Darren Pitfield,15-11-2011 Hits:14460 Technical Finishing Drills Darren Pitfield,Siren Finish Technique for Darren Pitfield | Darren Pitfield’s Siren Finish Technique,54.71698113207547,False
1034,JIS G3444 sanm Steel Kabòn Steel,JIS G3444 Seamless Carbon Steel,JIS G3444 Seamless Carbon Steel Sheet,JIS G3444 Seamless Carbon Steel|JIS G3444 Carbon Steel Seamless,91.17647058823529,True
1035,ISO21287 Estanda kontra Bouteilles ADN,ISO21287 DNA Bottle Contract Standard,ISO21287 Standard Compact Bottles DNA,DNA Bottle Contract Standard | Standard DNA Bottle Contract,63.63636363636363,False
1036,Ou deja konnen w ap bèl m ',You already know you're beautiful to me.,You already know youre adorable to me,You already know you’re beautiful to me | You know I think you’re beautiful,79.36507936507937,False
1037,"Si w pa gen Grefye Admin Done, klike sou Admin Done (Data Admin).","If you do not have Data Admin Clerk, click on Data Admin.","If you don't have Admin Done Clerk, click Admin Done (Data Admin).","If you don’t have a Data Admin Clerk, click Data Admin | If you don’t have a Data Admin Clerk, select Data Admin",76.66666666666666,False
1038,"Konprann gaz kabonik absorption sou fòm cation monovalan nan fleksib zeolit RHO a nan kondisyon ki gen rapò ak kaptire kabòn ki sòti nan kondwi gaz MWA Lozinska, E. Mangano, JPS Mowat, AM Shepherd, RF Howe, SP Thompson, JE Parker, S. Brandani ak PA Wright , J. Am. Chem. Soc. 2012, 134 (42), 17628-17642","Understanding carbon dioxide adsorption as monovalent cations in flexible RHO zeolites under conditions relevant to carbon capture from gas-fired power plants M.A. Lozinska, E. Mangano, J.P.S. Mowat, A.M. Shepherd, R.F. Howe, S.P. Thompson, J.E. Parker, S. Brandani and P.A. Wright, J. Am. Chem. Soc. 2012, 134(42), 17628-17642","Understanding the carbon dioxide uptake in the form of monovalent cations in the RHOs flexible zeolite in conditions related to the capture of carbon dioxide from the MWA Lozinska, E. Mangano, J.P.S. Mowat, A.M. Shepherd, R. F. Howe, S. P. Thompson, J. E. Parker, S. Brandani and P. A. Wright, J. Am. Chem. Soc. 2012, 134 (42), 17628-17642",Understanding carbon dioxide adsorption in flexible RHO zeolites under conditions relevant to carbon capture from gas-fired power plants | Carbon dioxide adsorption in flexible RHO zeolites under gas-fired power plant carbon capture conditions,57.14285714285714,False
1039,R:Byen yo anbake nan ou ka chaje nan Shenzhen oswa Guangzhou.,A:The goods are shipped to you and can be loaded in Shenzhen or Guangzhou.,A:Welcome to your shipping can be packed in Shenzhen or Guangzhou.,The goods can be shipped to you from Shenzhen or Guangzhou | We can load the goods in Shenzhen or Guangzhou and ship them to you,62.903225806451616,False
1040,Gade Malachi 4:6; Doktrin ak Alyans 2:3.,See Malachi 4:6; Doctrine and Covenants 2:3.,Refer to Malachi 4:6; Doctrine and Covenants 2:3.,See Malachi 4:6; Doctrine and Covenants 2:3. | See Malachi 4:6; Doctrine and Covenants 2:3.,93.47826086956522,True
1041,Ou te konfime moun sa a pa yon match.,You have confirmed this person is not a match.,You have confirmed this person by a match.,You confirmed this person isn’t a match.|You’ve confirmed this person is not a match.,85.36585365853658,True
1042,"Sa se yon bon garanti sigma, sigma kosyon, Lè sa a nou gen Idwojèn sa a nan dèyè, ki tou pwal pou fòme yon bon sigma garanti.","This is a good sigma bond, sigma bond, and then we have this hydrogen at the back, which is also going to form a good sigma bond.","That's a sigma bond, sigma bond, then we have this hydrogen in the tail, which is also going to form a sigma bond.","This is a strong sigma bond, and then we have this hydrogen in the back, which will also form a strong sigma bond. | That’s a good sigma bond, and the hydrogen behind it will also make a good sigma bond.",78.94736842105263,False
1043,"Misyon, Vizyon, ak valè","Mission, Vision, and Values","Mission, Vision and Values ","Mission, Vision, and Values | Our Mission, Vision, and Values",96.15384615384616,True
1044,16-08-2011 Hits: 25591 Ti gwoup defann - nivo 2 Heinz Fractz,16-08-2011 Hits: 25591 Small group defender - level 2 Heinz Fractz,16-08-2011 Hits:25459 Small Group Defending - Level 2 Heinz Fractz,small group defender level 2 | defender of the little group level 2,58.18181818181818,False
1045,Retire raje ak tout bagay ki ta ka bloke limyè solèy selès la.,Remove weeds and anything that might block the sunlight.,Remove weeds and anything that might block the sun's rays.,Clear away anything that blocks the sunlight | Remove anything that gets in the way of the light,65.97938144329896,False
1046,Nou gen dwa poko rive kote nou espere e swete ye nan lefiti a.,We may not have reached where we hope and wish to be in the future.,We may not yet have gotten to where we hoped and hoped in the first place.,"We may not be there yet, but we will be | We haven’t reached our goal yet, but we hope to get there",55.63909774436091,False
1047,"pwodiksyon endistriyèl Lachin nan te grandi 6 pousan nan mwa jen ki sòti nan yon ane pi bonè, ak yon pwedi de 6.5 pousan, moute soti nan 6.8 pousan. Nan mitan yo, asye, siman, ki pa-fèr metal, otomobil, machin ak volim pwosesis brut lwil ak lòt endistri kle tout ralanti desann. Sepandan, asye bit producti ...Li plis","China's industrial output grew 6 percent in June from a year earlier, with a forecast of 6.5 percent, up from 6.8 percent. Among them, steel, cement, non-ferrous metals, automobiles, machinery and crude oil processing volume and other key industries all slowed down. However, crude steel produ...Read more","China's industrial production grew 6 percent in June from a year earlier, with a forecast of 6.5 percent, up from 6.8 percent. Among them, steel, cement, non-ferrous metal, automobile, machinery and the process volume of crude oil and other key industries all slowed down. However, steel bit produti...Read more","China’s industrial production rose 6% in June from a year earlier, below the 6.5% forecast and down from 6.8%. Major sectors including steel, cement, nonferrous metals, autos, machinery and crude oil processing all slowed. However, crude steel output… | China’s industrial output increased 6% year on year in June, missing the 6.5% estimate and easing from 6.8%. Key industries such as steel, cement, nonferrous metals, automobiles, machinery and crude oil refining all weakened. Still, crude steel produ…",69.62699822380107,False
1048,"Gade, m di li, kòm sèvitè m nan, Martin Harris vle yon temwayaj nan men m, ke oumenm, Sèvitè m nan Joseph Smith, pitit la, te resevwa plak ou temwaye e sètifye ke ou te resevwa nan men m yo;","Behold, I say unto you, as my servant, Martin Harris desires a testimony from me, that you, my servant Joseph Smith, Jun., have received the plates which you testify and certify that you have received from me;","Behold, I say to him, as my servant, Martin Harris wants a testimony from me, that you, my servant of Joseph Smith, the offspring, have received your plaque to testify and certify that you have received from me;","Behold, I say unto you, my servant Martin Harris wants me to bear witness that you, my servant Joseph Smith Jr., have received the plates you say you received from me | Listen, I tell you, my servant Martin Harris is asking for a testimony from me that you, my servant Joseph Smith Jr., received the plates you testify you got from me",74.80106100795756,False
1049,Sou entènèt jwèt Tetris - jwe pou gratis san yo pa enskripsyon jwèt,Online game Tetris - play for free without registration games,Online game Tetris - play for free without registration.,"Tetris online game - play free without registration | Play Tetris online for free, no sign-up required",82.2429906542056,True
1050,Piscine Global Ewòp 2018,Global Swimming Europe 2018,Piscine Global Europe 2018,Global Swimming Europe 2018 | European Global Swimming 2018,65.38461538461539,False
1051,"Se poutèt sa nou beni si nou respekte kòmandman m yo, Papa m te kòmande m pou m ba nou yo.","Therefore you are blessed if you keep my commandments, which my Father has commanded me to give you.","Therefore we are blessed if you obey my commands, which my Father instructed me to give to you.","So you are blessed if you obey my commandments, which my Father commanded me to give you. | Therefore, you are blessed if you keep my commandments, which my Father instructed me to give you.",88.42105263157895,True
1052,"Kèkfwa lè n ap sèvi, nou gen pou n chita sou chèz diferan.","Sometimes when we serve, we have to sit in different chairs.","Sometimes when we are serving, we have to sit in different chairs.","Sometimes when we serve, we have to take different roles | Sometimes in service, we have to sit in different places",81.35593220338984,True
1053,"Epi nenpòt moun ki kwè nan non m, ki pa doute anyen, m ap konfime tout pawòl mwen yo pou li, jouk nan dènye bout tè a.","And whoever believes in my name, and does not doubt, I will confirm all my words to him, even to the ends of the earth.","And whoever believes in my name, doubting nothing, I will uphold all my words to him, even to the ends of the earth.","And anyone who believes in my name and doesn’t doubt, I will fulfill everything I have said for them, even to the ends of the earth. | Whoever trusts in my name without doubting, I will make all my words come true for them, even to the farthest ends of the earth.",70.99567099567099,False
1054,N ap pwononse non Li pi sensèman.,We will pronounce His name more sincerely.,I will pronounce it more sincerely.,We’ll say His name more sincerely | We’ll speak His name with greater sincerity,61.76470588235294,False
1055,Manm klas yo ta ka revize Mozya 3:1–20.,Class members could review Mosiah 3:1–20.,Members of the class might review Mosaic 3:120.,Class members could review Mosiah 3:1–20. | The class could go over Mosiah 3:1–20.,65.90909090909092,False
1056,Distans nan degoute,Drip distance,The Dripper Distance,far away | at a distance,68.75,False
1057,"Ekriti yo ka difisil pou konprann pafwa, sitou pou timoun yo.","Scripture can be difficult to understand sometimes, especially for children.","The scriptures can sometimes be difficult to understand, especially for children.","Scripture can be hard to understand sometimes, especially for kids. | Sometimes the Scriptures are difficult to understand, especially for children.",89.93288590604027,True
1058,Pa fè afear'd (diskou Caliban nan entrigan yo nan tanpèt la Shakespeare la) pou bason ak gita.,Be not afear'd (Caliban's speech to the intriguers in Shakespeare's The Tempest) for bassoon and guitar.,Dont fare afeard (Calibans speech to the intruders of Shakespeares The Tempest) for bassoon and guitar.,Don’t be afraid | Fear not,60.46511627906976,False
1059,Nou te gen yon bèl fineray ki te onore lavi papa m.,We had a beautiful funeral that honored my father's life.,We had a beautiful funerary that honored my fathers life.,We held a beautiful memorial service for my father | We had a lovely funeral honoring my father’s life,75.47169811320755,False
1060,Tim kochon Conrad,Conrad's Pig,Tim Piglet Conrad,Conrad’s pig | Conrad’s hog,64.70588235294117,False
1061,"jwe Wargame 1942 ak koòdone li yo se fasilite diferan endèskriptibl ak disponiblite tout enfòmasyon ki enpòtan ki itil, fè yon diferans nan jwèt lòt menm jan an.","Playing Wargame 1942 and its interface is characterized by indescribable ease and the availability of all relevant and useful information, making it stand out from other similar games.","Play Wargame 1942 and its interface is different unscriptural facilities and availability of all relevant useful information, making a difference from other similar games.","Playing Wargame 1942 is incredibly easy, with all the useful information right at your fingertips. | Wargame 1942 stands out from similar games thanks to its smooth interface and clear, helpful information.",56.68789808917197,False
1062,grip sezon lete,summer flu,Summer flu,summer cold | summer bug,82.35294117647058,True
1063,"wi, epi li te egzòte nou pou nou gen lafwa ak lapasyans—.","yea, and he exhorted us to have faith and patience—.","Yes, and it exhorts us to have faith and patience.","yes, and he urged us to be faithful and patient— | yeah, and he encouraged us to have faith and patience—",80.0,True
1064,"Finalman n ap vin kapab ""an posesyon tout bon bagay.""","Finally we will be able to ""take possession of every good thing.""","Finally we will be able to ""possess all good things.""","Finally, we’ll be able to claim all the blessings | At last, we’ll be able to receive everything good",68.62745098039215,False
1065,"Si wi, ou gen dwa enprime fòm nan nenpòt lè sou yon enprimant.","If so, you may print the form at any time on a printer.","If yes, you may print the form at any time on a printer.","If so, you can print the form anytime on a printer. | If yes, you’re allowed to print the form at any time on a printer.",89.7196261682243,True
1066,. Gratis jwèt sou entènèt Palisade gadyen legal 2 (),. Free online game Palisade Guardian 2 (),. Free online game Palisade Guardian 2 ().,Free online game Palisade Guardian 2 | Palisade Guardian 2 free online game,93.67088607594937,True
1067,Jwèt Romeo sou jwèt la kouri Online,Game Romeo on the Run Online,Game romeo on the run game Online,Romeo Run Online | Romeo on the Run Online,84.21052631578947,True
1068,Jounal Rancor Raid,Rancor Raid Diary,The Rancor Raid,Rancor Raid Log | Rancor Raid Journal,84.61538461538461,True
1069,"Paske, sa w voye deyò pral retounen jwenn ou ankò, epi l ap restore;","For what you send out will come back to you again, and it will be restored;","For what you sent out will return to you again, and will be restored;",What goes around comes around | You reap what you sow,49.056603773584904,False
1070,"Lè Pè Leyi te resevwa enstriksyon pou l te pran fanmi l e pou l te pati al nan dezè a, omwen yon pati nan rezon an sete ke Jerizalèm t apral detwi.e 1 Nefi 2.","When Father Lehi was instructed to take his family and depart into the wilderness, at least part of the reason was that Jerusalem would be destroyed. 1 Nephi 2.","When Jehoshaphat was instructed to take his family and go into the wilderness, at least part of the seventh reason that Jerusalem would not be destroyed.e 1 Nephi 2.","When Father Lehi was told to take his family and leave for the wilderness, part of the reason was that Jerusalem was going to be destroyed. 1 Nephi 2. | When Lehi was instructed to gather his family and go into the wilderness, one reason was that Jerusalem would soon be destroyed. 1 Nephi 2.",82.23684210526316,True
1071,5 Bwòs Kouto - Zèb Kouto,5 Brush Cutter - Grass Cutter,5 Brush Cutter - Grass Cutter,brush cutter | grass trimmer,83.63636363636364,True
1072,Bloons Tower defans,Bloons Tower Defense,Bloons Tower Defense,Bloons Tower Defense | Bloons TD,100.0,True
1073,Tout moun - Star jwèt,Everyone - Star Game,Everybody - Star Games,Everybody | All-Star Game,77.27272727272727,False
1074,Designs yon plan detaye nan kay la,Designs a detailed plan of the house,Designs a detailed plan of the house,draws up a detailed house plan | creates a detailed floor plan of the house,83.33333333333334,True
1075,"Endikatè 2000VAC, 1 min ant pati ap viv ak tè.","Indicator 2000VAC, 1 min between live parts and ground.","Indicator 2000VAC, 1 min between live parts and ground.","2000VAC indicator, 1 min between live parts and ground | 2000VAC indicator, 1 minute between live parts and ground",88.46153846153845,True
1076,2 pou pi devan santral atake jwè (Ble).,2 central forward attacking players (Blue).,2 forward central attacking player (Blue).,2 central attacking forwards (Blue) | 2 central strikers (Blue),75.32467532467533,False
1077,Apresa ekri nan paj apre a kat oubyen plis sijè adisyonèl ou pral aprann epi anseye sou yo pandan de pwochen ane yo (gade paj 68).,Then write on the next page four or more additional topics you will learn and teach about over the next two years (see page 68).,Then write on the back page four or more additional topics you will learn and teach on over the next two years (see page 68).,"Then write on the next page four or more additional topics you will learn and teach about over the next two years. | On the next page, list four or more additional topics you’ll study and teach over the next two years.",88.70292887029288,True
1078,Jwèt Sal pou Timoun yo Jwenn objè Online,Kids Room Find Objects Online Games,Game Children's Room Find Objects Online,Kids’ Hidden Object Games Online | Online Find-the-Object Games for Kids,58.33333333333333,False
1079,2 moun sa yo te mouri avèk plis pase 3 ane distans.,These 2 people died more than 3 years apart.,These 2 people were killed more than 3 years apart.,These two people died over three years apart | The two deaths were more than three years apart,73.6842105263158,False
1080,Biwo admisyon TIGP,TIGP Admissions Office,TIGP Admissions Office,TIGP Admissions Office | TIGP Admissions Desk,100.0,True
1081,Biznis Ayiti-DR fwontyè mache yo ak trafik nan paralizi Detay,Haiti-DR Business Border Markets and Traffic Paralyzed Details,Businesses Haiti-DR border markets and traffic in paralysis Details,Haiti-Dominican Republic border trade and traffic brought to a standstill | Border markets and traffic between Haiti and the DR paralyzed,61.19402985074627,False
1082,Mwen konnen ke Bondye te tande priyè nou yo jou swa sa a epi li te pwoteje nou nan mitan moman pi terib yo nan tanpèt la.,I know that God heard our prayers that night and protected us in the midst of the most terrible moments of the storm.,I know that God has heard our prayers that night and has protected us through the most terrible moments of the storm.,I know God heard our prayers that night and kept us safe through the worst of the storm | I know God answered our prayers that night and protected us during the storm’s most terrifying moments,76.47058823529412,False
1083,"Nan klike Voye a, mwen verifye ke m gen pèmisyon pou itilize adrès email moun sa a.","By clicking Send, I verify that I have permission to use this person's email address.","In clicking Send, I verify that I have permission to use this persons email address.","By clicking Send, I confirm I have permission to use this email address. | By clicking Send, I certify that I’m authorized to use this person’s email address.",83.63636363636364,True
1084,"Si ou gade moute 'romans' pawòl Bondye a nan diksyonè a li se ki nan lis kòm tou de yon non ak yon vèb! Se konsa, ki sa egzakteman se romans?",If you look up the word 'romance' in the dictionary it is listed as both a noun and a verb! So what exactly is romance?,If you look up the word romancy in the dictionary it is listed as both a noun and a verb! So what exactly is romance?,"If you look up “romance” in the dictionary, it’s listed as both a noun and a verb! So what exactly is romance? | If you check the dictionary, “romance” is both a noun and a verb—so what does romance really mean?",92.51101321585902,True
1085,Tèks: William Goode.,Text: William Goode.,Text: William Goode.,Text: William Goode. | Written by William Goode.,100.0,True
1086,"TJS, Matye 7:4–8. Konpare avèk Matye 7:3–5","JST, Matthew 7:4–8. Compare with Matthew 7:3–5","TJS, Matthew 7:48. Compare with Matthew 7:35.","JST, Matthew 7:4–8. Compare with Matthew 7:3–5 | JST, Matthew 7:4–8. See also Matthew 7:3–5",94.3820224719101,True
1087,Lachin kawotchou Air Ponpye Founisè ak Konpayi fabrikasyon - Pri Wholesale kawotchou Air Ponp - fòtin,China Rubber Air Pump Suppliers and Manufacturers - Wholesale Price Rubber Air Pump - Fortune,China Rubber Air Pump Suppliers and Manufacturers - Wholesale Price Rubber Air Pump - fortune,China Rubber Air Pump Suppliers and Manufacturers - Wholesale Price Rubber Air Pump - Fortune | China Rubber Air Pump Suppliers and Manufacturers - Wholesale Price Rubber Air Pump - Fortune,100.0,True
1088,"10. Color: wouj, nwa, blan, twal ble, Glod, Green, Personnalisè.","10. Color: Red, Black, White, Blue, Gold, Green, Customized.","10. Color: Red, Black, White, Blue, Glod, Green, Customized.","Color options: Red, Black, White, Blue, Gold, Green, Customized | Available colors: Red, Black, White, Blue, Gold, Green, Custom",90.2654867256637,True
1089,"Pil pou flach kapasite 7.2V NiMH, NiCd, ityòm pil pou flach","Battery capacity 7.2V NiMH, NiCd, lithium battery","Battery capacity 7.2V NiMH, NiCd, Lithium battery",7.2V rechargeable flashlight battery | 7.2V NiMH/NiCd/lithium flashlight battery,71.42857142857143,False
1090,"Ou kapab li pawòl sa yo nan Sòm 18, 23, ak 27.","You can read these words in Psalms 18, 23, and 27.","You can read these words in Psalms 18, 23, and 27.","You can find these words in Psalms 18, 23, and 27. | You can read these words in Psalms 18, 23, and 27.",100.0,True
1091,"Epi, se te konsa, Mowoni te gen viktwa sou youn nan pi gwo lame Lamanit yo; li te pran vil Melèk la ki te youn nan pi gwo pwoteksyon Lamanit yo nan peyi Nefi a, epi tou, li te bati yon kachèt solid pou l te kenbe prizonye l yo.","And it came to pass that Moroni had a victory over one of the largest armies of the Lamanites; he took the city of Melek, which was one of the greatest strongholds of the Lamanites in the land of Nephi, and also built a strong hold to hold his prisoners.","And so, Moroni was victorious over one of the largest armies of the Lamanites; he captured the city of Melek, which was one of the greatest strongholds of the Lamanites in the land of Nephi, and also built a stronghold to hold the captives.","Moroni defeated one of the largest Lamanite armies, captured the city of Melek, and built a stronghold to keep his prisoners | Moroni won a major victory over the Lamanites, took Melek, and constructed a fortified prison for the captives",60.55437100213219,False
1092,Chèche Lespri a epi Konte sou Li,Seek the Spirit and Rely on Him,Seek the Spirit and Count on It,Seek the Spirit and Trust Him | Seek the Spirit and Depend on Him,81.35593220338984,True
1093,Pwojè èrbus A321 motè fèmen apre dekolaj,Airbus A321 engine shuts down after takeoff,Project Airbus A321 engines shut down after takeoff,Airbus A321 engine failure after takeoff | Airbus A321 engine shuts down shortly after takeoff,82.35294117647058,True
1094,pi bon kalite plastik flote dragaj tiyo flote,best quality plastic float dredging pipe float,The best quality plastic float dredging pipe float,best quality plastic dredging pipe float | premium plastic float for dredging pipes,88.88888888888889,True
1095,"Metòd la chofaj elektwomayetik se pi bon pase dife louvri. Avantaj la se monte tanperati se vit, pa gen dife toutouni, pa gen okenn lafimen ak pousyè, pa gen okenn gaz danjere, pa gen okenn radyasyon tèmik nan anviwònman an ki antoure.","The electromagnetic heating method is better than open fire. The advantage is that the temperature rise is fast, there is no naked fire, no smoke and dust, no harmful gases, no thermal radiation to the surrounding environment.","The electromagnetic heating method is better than open fires. The advantage is that temperature rise is fast, no naked fires, no smoke and dust, no harmful gases, no thermal radiation to the surrounding environment.","The electromagnetic heating method is better than open flame. It heats up quickly, with no open fire, smoke, dust, harmful gases, or heat radiation to the surrounding area. | Electromagnetic heating is preferable to open fire. It raises temperature quickly and produces no naked flame, smoke, dust, harmful gases, or surrounding thermal radiation.",77.00258397932816,False
1096,Men kijan soufrans Li fè yon diferans nan lavi chak jou w?,But how does His suffering make a difference in your daily life?,But how does suffering make a difference in your daily life?,How does His suffering affect your everyday life? | In what way does His suffering matter in your daily life?,77.47747747747748,False
1097,"Premye, nan vèsè 17, Seyè a beni Pyè, afime konesans li se yon kesyon pa nan entwisyon imen, men nan revelasyon divin.","First, in verse 17, the Lord blesses Peter, affirming that his knowledge is a matter not of human intuition, but of divine revelation.","First, in verse 17, the Lord blessed Peter, affirming his knowledge is not a matter of human intuition, but of divine revelation.","First, in verse 17, the Lord blesses Peter, affirming that his understanding comes not from human intuition, but from divine revelation. | First, in verse 17, the Lord blesses Peter, saying that his insight is not based on human reasoning, but on divine revelation.",81.3953488372093,True
1098,Pou n koute—sa anfòm!,To listen—that's fine!,To listenits okay!,Sure thing | That’s fine by me,37.5,False
1099,2790 Testaman pou a plugin Kodi 16 pou E2 Mnigma,2790 Testimonials for the Kodi 16 plugin for E2 Mnigma,2790 Additions to the plugin Kodi 16 for E2 Mnigma,2790 Testimonials for the Kodi 16 plugin for E2 Mnigma | 2790 Reviews for the Kodi 16 plugin for E2 Mnigma,70.70707070707071,False
1100,paj aktivite: Bondye ede m kenbe kòmandman yo,activity page: God help me keep the commandments,Activity page: Help me to keep the commandments,activity page: God help me obey the commandments | activity page: God help me follow your commandments,87.2340425531915,True
1101,modèl: Ekri an lèt detache,Pattern: Print,Pattern: Print,Print | Type out,52.63157894736843,False
1102,pa Gourou Pibliye 22.01.2015 Mete ajou 03.08.2016,by Guru Published 22.01.2015 Updated 03.08.2016,by GuRu Published 22.01.2015 Updated 03.08.2016,by Guru | by Guru,66.66666666666667,False
1103,"Prive Manm: Manm ki benefisye de karakteristik yo nan sit la pou yon frè sèten,","Private Member: Member who benefits from the features of the site for a certain fee,","Private Member: Members who benefit from the features of the site for a certain fee,",Paid Member | Premium Member,64.0,False
1104,Jezikri ofri yon mwayen pou nou soulaje anba pwa peche.,Jesus Christ offers a way for us to be relieved from the burden of sin.,Jesus Christ offers a way for us to relieve from the weight of sin.,Jesus Christ offers relief from the burden of sin | Jesus Christ provides a way to be freed from the weight of sin,80.62015503875969,True
1105,Non lye w mande apa ka menm bagay avèk jiridiksyon jewografik la nan okenn nivo.,The name of the link you are requesting may not be the same as the geographic jurisdiction at any level.,No wonder this may be the same thing as the geographical jurisdiction of any level.,The requested link name may not match the geographic jurisdiction at any level | The link name you’re asking for may differ from the geographic jurisdiction at any level,69.86301369863014,False
1106,"Fèt nan jou 4 Out 1899 la nan Whitney, Idaho, Ezra Taft Benson te aprann byen bonè prensip travay di nan fèm fanmi an.","Born on August 4, 1899, in Whitney, Idaho, Ezra Taft Benson learned early the principles of hard work on the family farm.","Born on the 4th day of August 1899 in Whitney, Idaho, Ezra Taft Benson learned early on the principles of hard work on the family farm.","Born on August 4, 1899, in Whitney, Idaho, Ezra Taft Benson learned the value of hard work early on the family farm. | Ezra Taft Benson was born on August 4, 1899, in Whitney, Idaho, and learned hard work early while growing up on the family farm.",82.07171314741035,True
1107,Gen anpil verite doktrinal enspiran nou jwenn nan Dotrin ak Alyans 137–38 la.,There are many inspiring doctrinal truths found in Doctrine and Covenants 137–38.,There are many inspirational doctrinal truths found in the Doctrine and Covenants 13738.,There are many inspiring doctrinal truths in Doctrine and Covenants 137–38. | Doctrine and Covenants 137–38 contains many inspiring doctrinal truths.,89.57055214723927,True
1108,Non Legliz la Montgomery Blvd. Legliz Kris la,Name of the Church Montgomery Blvd. Church of Christ,Name of Church Montgomery Blvd. Church of Christ,Montgomery Blvd. Church of Christ | Church of Christ on Montgomery Blvd.,81.4814814814815,True
1109,"fi ki konn kijan pou yo resevwa revelasyon pèsonèl, ki konprann pouvwa ak lapè dotasyon tanp;","women who know how to receive personal revelation, who understand the power and peace of the temple endowment;","who know how to receive personal revelation, who understand power and peace temple endowment;",women who know how to receive personal revelation and understand the power and peace of temple blessings | women who know how to receive personal revelation and appreciate the power and peace of temple ordinances,86.02150537634408,True
1110,"Yongnian Distri a, Handan City, Hebei Pwovens, Lachin.","Yongnian District, Handan City, Hebei Province, China.","Yongnian District, Handan City, Hebei Province, China.","Yongnian District, Handan, Hebei, China | Yongnian District, Handan City, Hebei Province, China",99.06542056074767,True
1111,Deklanche Mouri 2 Astus Hack Zouti,Dead Trigger 2 Cheats Hack Tool,Dekit Dead 2 Cheats Hack Tool,Dead Trigger 2 Cheat Tool | Dead Trigger 2 Hack Tool,62.96296296296296,False
1112,yon biznis Jet Egzekitif,a business Executive Jet,an Executive Jet Business,private jet business | executive jet business,95.83333333333334,True
1113,Epi repons la te vini byen klè: l ap menmjan ak papa li.,And the answer came clearly: he will be just like his father.,And the answer came plainly: hell be just like his father.,"He takes after his father | Like father, like son",48.97959183673469,False
1114,epi lang mwen te libere.,and my tongue was freed.,and long I have been freed.,and I could speak freely | and I was finally able to speak,53.06122448979591,False
1115,"Lanp gaz Pou Gaz Silenn faktori, Founisè - Lachin gaz lanp Pou Gaz Silenn manifakti","Gas Lamp For Gas Cylinder Factory, Suppliers - China Gas Lamp For Gas Cylinder Manufacturers","Gas Lamps For Gas Cylinder Factory, Suppliers - China Gas Lamps For Gas Cylinder Manufacturers",Gas Lamp for Gas Cylinders | Gas Cylinder Gas Lamp,72.91666666666667,False
1116,Aprann plis sou Research Suite epi benefisye yon kont gratis jodi a menm.,Learn more about Research Suite and get a free account today.,Learn more about Research Suite and benefit from a free account today.,Learn more about Research Suite and get a free account today | Find out more about Research Suite and sign up for a free account today,90.76923076923077,True
1117,"Nan kote ki konsakre yo, tankou tanp yo, chapèl yo, ak pwòp lakay nou, nou dwe anseye verite a ak kòmandman yo klèman e nan fason apwopriye , jan nou konprann yo gras ak plan sali a ki revele nan levanjil retabli a.","In consecrated places, such as temples, chapels, and our own homes, we should teach the truth and commandments clearly and appropriately, as we understand them through the plan of salvation revealed in the restored gospel.","In consecrated places, such as temples, chapels, and our own home, we must teach the truth and the commandments clearly and in an appropriate manner, as we understand them gras with the salient plan revealed in the restored gospel.","In sacred places like temples, chapels, and our homes, we should teach truth and commandments clearly and appropriately, as we understand them through the plan of salvation in the restored gospel. | In holy settings such as temples, chapels, and our homes, we ought to teach the truth and commandments plainly and in the right way, according to our understanding of the restored gospel’s plan of salvation.",78.68852459016394,False
1118,Don konesans (DA 46:18),Gift of knowledge (DA 46:18),The gift of knowledge (DA 46:18),gift of knowledge | knowledge gift,73.07692307692308,False
1119,"dekore PVC kouwòn ak kòn ak Berry te byen fèt ak dirab depi plastik ak detaye nan sa a kouwòn se plas sou ak lanati, e li se yon moso Dekorateur gwo. Senp, elegant ak rete vivan koulè natirèl nan twa estil ak bèl kouwòn liven moute lakay ou.","Decorated PVC wreath with cones and berries is well made and durable since the plastic and detailing of this wreath is in place with nature, and it is a great decorator piece. Simple, elegant and vivid natural colors in three styles and beautiful wreaths liven up your home.","Decorated PVC wreath with cone and berry has been well designed and durable since plastic and detailed in this wreath is spot on with nature, and it is a great decorative piece. Simple, elegant and vivid natural colors in three styles with beautiful liven wreath make your home.","Decorated PVC wreath with cones and berries, beautifully made and durable, adds a natural touch and elegant charm to your home | Simple, stylish, and vibrant in natural colors, this lovely wreath brightens up your home",58.550724637681164,False
1120,Ki eksperyans ki te ede w konnen ke Liv Mòmon an gen gwo valè?,What experiences have helped you know that the Book of Mormon has great value?,What experiences helped you to know that the Book of Mormon is of great value?,What experiences have helped you see the Book of Mormon’s great worth? | What experiences have helped you come to know the Book of Mormon is very valuable?,82.05128205128204,True
1121,"Men, Laman te di yo: Kite nou kenbe diven nou an jistan n al goumen avèk Nefit yo.",But Laman said unto them: Let us hold our wine until we go to battle with the Nephites.,"But Leman said to them, Let us keep our wine clean and go and fight against the Nephites.",Let’s save our wine until we fight the Nephites | Let’s keep our wine for when we go to battle with the Nephites,62.42038216560509,False
1122,Lèt alfabè grèk,Greek alphabet letters,The letter of the Greek alphabet,Greek letters | Greek alphabet letters,77.41935483870968,False
1123,legliz Kris Arizona,Church of Christ Arizona,church of Christ Arizona,Church of Christ Arizona | Christ Church Arizona,100.0,True
1124,Ki egzanp gason ak fi ki ap travay ansanm nan fason konplemantè pou yo fè travay Senyè a ou te wè?,What examples have you seen of men and women working together in complementary ways to do the Lord’s work?,What examples of men and women working together in a complementary way to do the Lord's work have you seen?,What examples have you seen of men and women serving together in complementary roles to do the Lord’s work? | What examples have you seen of men and women working side by side in complementary ways to carry out the Lord’s work?,78.50467289719626,False
1125,Solèy Shade konpansasyon - Lachin Hebei Samsung Metal Fil may,Sun Shade Netting - China Hebei Samsung Metal Wire Mesh,Sun Shade Netting - China Hebei Samsung Metal Wire Mesh,Sun Shade Netting | China Hebei Samsung Wire Mesh,90.10989010989012,True
1126,"Tit la nan sa a posts aktyèlman refere a yon nouvo konpòtman nan analizeur nou an, lè nou itilize rankontre yon (ki ta dwe gen yon espas ki pa kraze) nou aktyèlman kase fraz la nan de, ki se pito opoze an egzak nan sa ki bagay sa yo ta dwe. Se konsa, èspere ke sa a se kounye a fiks, epi n ap pa gen okenn ankò kraze!","The title of this posts actually refers to a new behavior in our parser, when we use encounter a (which should have a non-breaking space) we actually break the sentence in two, which is rather the exact opposite of what things should be. So hopefully this is now fixed, and we won't have any more breaks!","The title of this post actually refers to a new behavior in our parser, when we used to encounter a (which should have a non-breaking space) we actually broke the phrase in two, which is rather the exact opposite of what these things should be. So hopefully this is now fixed, and we'll no longer break!","The title of this post actually refers to a new behavior in our parser, where using a non-breaking space causes the sentence to split in two, which is the exact opposite of how it should work. Hopefully this is now fixed, and we won’t have any more breaks! | This post’s title refers to a new parser bug: when we use a non-breaking space, it splits the sentence in two, which is the opposite of what should happen. Hopefully that’s fixed now, and we won’t see any more breaks!",75.92592592592592,False
1127,Gerizon konplè ou ap depann de repantans konplè ou.,Your complete healing will depend on your complete repentance.,Your complete healing will depend on your complete repentance.,Your full healing depends on full repentance | Complete repentance is the key to complete healing,71.69811320754718,False
1128,"MIAMI, USA (defend.ht) - Ansyen Prezidan Jean-Bertrand Aristide pa idantifye pa non nan yon akizasyon federal ki voye kat Sid Florid biznisman ak de ansyen ofisyèl gouvènman ayisyen nan prizon oswa fè fas a kondanasyon, men avoka defans di ""ofisyèl B"" , yon sijè nan rapò sa yo, se ansyen prezidan an.","MIAMI, USA (defend.ht) - Former President Jean-Bertrand Aristide is not identified by name in a federal indictment that sends four South Florida businessmen and two former Haitian government officials to prison or face conviction, but defense lawyers say ""Official B,"" a subject of the reports, is the former president.","MIAMI, USA (defend.ht) - Former President Jean-Bertrand Aristide is not identified by name in a federal indictment that sent four South Florida businessmen and two former Haitian government officials to prison or face sentencing, but defense lawyers say ""official B"", a subject in the reports, is the former president.","MIAMI, USA (defend.ht) - Former President Jean-Bertrand Aristide is not named in a federal indictment that sends four South Florida businessmen and two former Haitian government officials to prison or face conviction, but defense lawyers say “Official B,” mentioned in the reports, is the former president. | MIAMI, USA (defend.ht) - Former President Jean-Bertrand Aristide is not identified by name in a federal indictment that could send four South Florida businessmen and two former Haitian officials to prison or face conviction, but defense attorneys say “Official B,” a subject of the reports, is the former president.",92.3076923076923,True
1129,Planifye kijan w pral fè sa.,Plan how you will do this.,Plan how you will do this.,Make a plan for it | Figure out how you’ll do it,69.76744186046511,False
1130,Epi Bondye yo te fè chak pyebwa pou fè je plezi epi pou nouriti grandi nan tè a; pyebwa lavi a te nan mitan jaden an tou ak pyebwa konesans byen ak mal la.,"And God made every tree to be pleasant to the sight and for food to grow out of the ground; the tree of life was also in the middle of the garden, and the tree of the knowledge of good and evil.",And God made every tree for sight delight and for food to grow in the ground; the tree of life was in the midst of the garden also and the tree of knowledge of good and evil.,"And God made every tree beautiful and fruitful in the garden; the tree of life was there too, along with the tree of the knowledge of good and evil. | God caused every tree to grow for beauty and food, and in the middle of the garden were the tree of life and the tree of the knowledge of good and evil.",73.91304347826086,False
1131,Sète pran nesans jou nan .,Sète was born on the day of .,Sète was born in .,was born on the day of | was born on the same day as,73.33333333333334,False
1132,Li renmen pitit li ki nan bezwen yo ak sa ki vle ede yo.,He loves his children in need and wants to help them.,He loves his children who are in need and is willing to help them.,He loves his needy children and wants to help them | He cares for his children in need and wants to support them,72.41379310344827,False
1133,Lachin Medsin Montre Konpayi fabrikasyon Founisè faktori Konpayi,China Medicine Display Manufacturers Suppliers Factory Company,China Medicine Displays Manufacturers Suppliers Factory Company,Chinese medicine manufacturers and suppliers | China medicine factory suppliers,72.07207207207207,False
1134,"Yon eskilti bèl, si nou akonpaye bote nye li yo ak gade bon li yo nou gen opòtinite pou al kontre yon kokenn eskòt modèl liksye nan Barcelona, mwen vle estrès bote ekstraòdinè li yo tou de figi ak fizik.","A beautiful sculpture, if we accompany her undeniable beauty and her good looks we have the opportunity to meet a fantastic luxury model escort in Barcelona, I want to stress her extraordinary beauty both face and body.","A beautiful sculpture, if we accompany her unusual beauty and her charming look we have the opportunity to meet a fantastic luxury escort model in Barcelona, I want to stress its extraordinary beauty both face and physique.","A stunning beauty with an unforgettable look, a luxury model escort in Barcelona | An extraordinary woman with striking face and body, a glamorous escort model in Barcelona",52.348993288590606,False
1135,Medikal-Ray Pwoteksyon pwodwi yo,Medical-Ray Protection Products,Medical-Ray Protection Products,Medical Radiation Protection Products | Medical X-Ray Protection Products,93.5483870967742,True
1136,Previous istwa Televizyon Transponder Nouvèl Satelit 10 Avril 2018,"Previous story Television Transponder Satellite News April 10, 2018",Previous story Transponder News Satellite TV 10 April 2018,"Previous TV Satellite News Story April 10, 2018 | Previous Television Satellite News Story April 10, 2018",63.716814159292035,False
1137,"Fè kafe, fè te","Make coffee, make tea","Make coffee, make tea",make coffee and tea | brew coffee and tea,85.0,True
1138,"Epi, kounyeya, mwenmenm Nefi, m te tris poutèt kè yo te di, se poutèt sa m te pale avèk yo, m di, wi, m te pale menm avèk Laman e avèk Lemyèl: Nou wè, nou se gran frè m, e kòman fè kè nou di konsa, epi panse nou tèlman avèg, mwen menm ki ti frè nou, pou m oblije pale nou, wi pou m oblije trase egzanp pou nou?","And now I, Nephi, being grieved because of the hardness of their hearts, therefore I spake unto them, saying, yea, even unto Laman and unto Lemuel: Behold, ye are my elder brothers, and how is it that ye are hardened in your hearts, and think ye are so blind, that I, being your younger brother, should speak unto you, yea, should set an example unto you?","And now, I, Nephi, was saddened because of what they said, so I spoke to them, I said, yes, I spoke even to Leman and to Lemuel: You see, we are older brothers, and how can our hearts say so, and think we are so blind, that I, being our little brother, am obliged to speak to you, am I obliged to draw an example for you?","I, Nephi, was grieved by their stubborn hearts, so I spoke to them, even to Laman and Lemuel: Look, you are my older brothers, so why are your hearts so hard and your minds so blind that I, your younger brother, have to speak to you and set an example for you? | Now I, Nephi, was saddened by their hard hearts, and I said to Laman and Lemuel: You are my elder brothers, so why are you so stubborn and so blind that I, the younger one, must speak to you and show you the way?",68.50258175559381,False
1139,"Kisa sa ta ka vledi nana nanm nou pou ""mayifye Senyè a""?","What might it mean for our souls to ""magnifie the Lord""?","What could it mean to nourish our souls to ""make the Lord glorious""?",What could it mean for our souls to glorify the Lord? | What might it mean for our souls to praise the Lord?,74.3801652892562,False
1140,Fonksyonèl èpoksi rezin,Functional epoxy resin,Functional epoxy resin,functional epoxy resin | epoxy resin with functional properties,100.0,True
1141,Epav nan tren nan Kongo a: 'Majorite Timoun ki mouri' ',Train wreck in Congo: 'Most of the dead are children',Epav in the Congos subway: Majority of Dead Children.,Most of the victims are children | Most of the dead were children,56.25,False
1142,Bonjan Ekip Teknik,Strong Technical Team,Strong Technical Team,Strong Tech Team | Solid Technical Team,86.48648648648648,True
1143,"Founiti Sunsoartech rapid asanble, ane eksperyans ak ekip pwofesyonèl pral garanti bon jan kalite a pwodwi kòm byen ke asanble rapid.","Sunsoartech supplies quick assembly, years of experience and professional team will guarantee the product quality as well as quick assembly.","Sunsoartech supplies rapid assembly, years of experience and professional team will guarantee the product quality as well as rapid assembly.","Sunsoartech offers fast assembly, years of experience, and a professional team to ensure product quality and quick setup. | With years of experience and a professional team, Sunsoartech guarantees quality products and rapid assembly.",74.70817120622569,False
1144,"Kòm yon pati nan plan w lan, panse pou w patisipe nan yon gwoup otonomi.","As part of your plan, consider participating in a self-help group.","As part of your plan, consider joining an autonomous group.","As part of your plan, consider joining a support group. | As part of your plan, think about taking part in a self-help group.",87.71929824561404,True
1145,Yo ta gen dwa eksplike klas la kisa objè yo pote yo anseye sou Jezikri epi li vèsè korespondans yo nan Ebre.,They could explain to the class what the objects they bring teach about Jesus Christ and read the corresponding verses in Hebrews.,They would be able to explain to the class what objects they bring to teach about Jesus Christ and read the corresponding verses in Hebrew.,They could explain to the class what the items they brought teach about Jesus Christ and read the matching verses in Hebrews | They could tell the class what the objects they brought symbolize about Jesus Christ and read the corresponding verses in Hebrews,83.20610687022901,True
1146,1 kim pou PE,1 PE foam,1 foam for PE,1 PE foam | 1 piece of PE foam,69.23076923076923,False
1147,Fè kopi kontra ak kowòdone asirè ou a epi mache ak yo sou ou.,Make copies of your insurance contract and coordinates and carry them with you.,Make copies of contracts with your insurers coordinator and walk with them on you.,Keep copies of your insurance policy and contact info with you | Carry your insurance papers and contact details with you,58.33333333333333,False
1148,"Envite timoun yo pou yo pote atansyon a bon konsekans yo, oubyen ""fwi"" ki soti ladan yo gras ak bon desizyon yo fè semèn sa a.","Invite the children to pay attention to the good consequences, or ""fruits,"" that came from the good decisions they made this week.","Invite the children to bring attention to the good consequences, or the ""fruits"" from which they grew up and the good decisions they made this week.",Encourage the children to notice the good results of the wise choices they made this week | Ask the children to reflect on the positive outcomes of the good decisions they made this week,64.43514644351464,False
1149,csgo jwèt aza Hack 2017,csgo gambling hack 2017,csgo gambling hack 2017,CSGO gambling hack 2017 | CSGO betting hack 2017,100.0,True
1150,"[Apr 11, 2018] Afriken Aktivite Semèn","[Apr 11, 2018] African Activities Week","[Apr 11, 2018] African Activity Week",African Activities Week | Africa Week,67.79661016949152,False
1151,Imwe Wedge Zantiy Wedge,Imwe Wedge Zantiy Wedge,Wedge Ankle Wedge,I’m not able to determine a reliable cultural English translation from the provided phrase alone.,42.42424242424242,False
1152,Gade Kowòdonatè Orè Travay yo,See Work Schedule Coordinators,See the Work Hours Coordinator,See the Work Schedule Coordinators | Check with the Work Schedule Coordinators,80.0,True
1153,Aroze krèm Bwòs Boulanjri Bakeware Patisri lwil oliv ...,Icing Cream Brush Baking Bakeware Pastry Oil ...,Aroze Cream Brush Baking Bakeware Pastry Oil ...,Icing Cream Brush | Baking Pastry Brush,69.23076923076923,False
1154,Fè timoun yo remake sa nou aprann osijè Jezikri nan istwa sa yo.,Have the children notice what we learn about Jesus Christ from these stories.,Have the children remake what we learn about Jesus Christ in these stories.,Have the children notice what these stories teach us about Jesus Christ | Help the children see what we learn about Jesus Christ from these stories,89.1891891891892,True
1155,"Northern Ireland se konpoze ak 26 distri, sòti nan minisipalite yo nan Belfast ak Londonderry ak konte yo nan Antrim, Armagh, Dawonn, Fermanagh, Londonderry, ak Tyrone. Ansanm yo yo souvan yo rele Ulster, menm si teritwa a pa gen ladan tout pwovens lan ansyen nan Ulster.","Northern Ireland is made up of 26 districts, consisting of the municipalities of Belfast and Londonderry and the counties of Antrim, Armagh, Down, Fermanagh, Londonderry, and Tyrone. Together they are often called Ulster, although the territory does not include the entire former province of Ulster.","Northern Ireland is composed of 26 counties, ranging from the municipalities of Belfast and Londonderry to the counties of Antrim, Armagh, Dawonn, Fermanagh, Londonderry, and Tyrone. Together they are often called Ulster, although the territory does not include all the former counties of Ulster.","Northern Ireland is divided into 26 districts, including the cities of Belfast and Londonderry and the counties of Antrim, Armagh, Down, Fermanagh, Londonderry, and Tyrone. Together, they are often referred to as Ulster, though the region does not cover the whole historic province of Ulster. | Northern Ireland consists of 26 districts, made up of Belfast and Londonderry and the counties of Antrim, Armagh, Down, Fermanagh, Londonderry, and Tyrone. These are commonly called Ulster, even though the area does not include all of the old province of Ulster.",79.59183673469387,False
1156,"Asire w ke tout manm klas yo santi yo se yon pati valab nan klas la, keseswa yo gen yon bagay pou yo pataje ou pa.","Make sure all class members feel like they are a valuable part of the class, whether they have something to share or not.","Make sure all class members feel they are a valuable part of the class, no matter they have something to share or not.","Make sure every student feels valued in the class, even if they don’t have anything to contribute | Ensure all class members feel included and important, whether or not they have something to share",68.83720930232558,False
1157,"Sete reyèlman yon moman rejwisans (Wilford Woodruff, Journal, Jiyè22, 1839, Church History Library).","It was truly a time of rejoicing (Wilford Woodruff, Journal, July 22, 1839, Church History Library).","Set really a time of rejoicing (Wilford Woodruff, Journal, July22, 1839, Church History Library).",It was truly a joyous occasion | It was truly a time of celebration,41.666666666666664,False
1158,"Monoplace: Entegre kòd, kontwolè tactile, otomatik lè kraze, kontwòl klima, evakyasyon oksijèn","Monoplace: Integrated rope, touch controller, automatic air break, climate control, oxygen evacuation","Monoplace: Integrated cord, touchscreen controller, automatic air breaker, climate control, oxygen evacuation","Monoplace: Integrated cable, touch controller, automatic air brake, climate control, oxygen evacuation | Monoplace: Built-in cord, touchscreen controller, automatic air release, climate control, oxygen venting",92.89099526066352,True
1159,Nan ki fason Chit la se yon benediksyon?,In what ways is the Fall a blessing?,In what way is Chit la a blessing?,How is the Fall a blessing? | In what way is the Fall a blessing?,85.29411764705883,True
1160,Men syèl la ka ba nou fòs ak sajès odela kapasite nou pou n ka konn kilè pou nou kenbe ak kijan pou nou lache.,But heaven can give us strength and wisdom beyond our ability to know when to hold on and when to let go.,But the heavens may give us strength and wisdom and our ability to know when to hold and how to let go.,Heaven can give us the strength and wisdom to know when to hold on and when to let go | God can give us the strength and wisdom to know when to hold on and when to let go,77.65957446808511,False
1161,"Parabòl ble ak move zèb la konsène ""dènye jou yo, kounyeya menm"" (Doktrin ak Alyans 86:4).","The parable of the wheat and the tares concerns “the last days, even now” (Doctrine and Covenants 86:4).","The parable of the blue and green grass concerns ""the last days, even now"" (Doctrine and Covenant 86:4).","The parable of the wheat and the tares concerns “the last days, even now” | The parable of the wheat and the tares applies to “the last days, right now”",72.34042553191489,False
1162,"""Chapit 4: Chèche Lespri a epi Konte sou Li,"" Preche Levanjil Mwen an","Chapter 4: Seek the Spirit and Rely on Him, Preach My Gospel","""Chapter 4: Seek the Spirit and Count on It,"" Preach My Gospel","Chapter 4: Seek the Spirit and Depend on Him, Preach My Gospel | Chapter 4: Seek the Spirit and Trust in Him, Preach My Gospel",89.43089430894308,True
1163,Toulouse atraksyon touris kat jeyografik,Toulouse tourist attractions map,Toulouse tourist attractions map,Toulouse tourist map | Toulouse attractions map,85.71428571428572,True
1164,Lapè tanp lan se yon pomad apezan pou nanm blese.,The peace of the temple is a soothing balm for wounded souls.,The Holy Spirit is an apologetic pomade for wounded souls.,The temple’s peace soothes wounded souls | The temple’s calm is a balm for the hurting soul,57.14285714285714,False
1165,"Paske se fè yon bagay lè w ta dwe fè lò bagay ki pi bon ke w gen kapasite pou w fè (Zeal without Knowledge, Approaching Zion66).","Because doing something when you should be doing it is the best thing you have the ability to do (Zeal without Knowledge, Approaching Zion66).","Because it's doing something when you should be doing the best thing that you have the ability to do (Zeal without Knowledge, Approaching Zion66).","Doing the right thing at the right time | Acting when you should, even if it’s not perfect",53.24675324675325,False
1166,New ans ev l 'a renmèt,New Year's Eve is coming soon.,New years ev him back,New Year's Eve is coming soon | New Year's Eve is almost here,80.0,True
1167,Aprann plis konsènan fason pou pwopoze kantik oswa chan orijinal pou konsiderasyon nan nouvo liv kantik ak liv chan pou timoun yo.,Learn more about how to propose hymns or original songs for consideration in new hymnbooks and children's songbooks.,Learn more about how to propose original hymns or songs for consideration in new hymn books and childrens hymn books.,Learn how to submit hymns or original songs for inclusion in new hymnbooks and children’s songbooks | Find out how to propose hymns or original songs for consideration in new hymnbooks and children’s songbooks,81.98198198198199,True
1168,"Nan istwa sa a, Frè Andersen te idantifye yon chema ki gen kat fraz nan chapit sa a ki paralèl ak epòk pa nou an.","In this story, Brother Andersen identified a four-sentence pattern in this chapter that parallels our own day.","In this story, Brother Andersen identified a scheme of four phrases in this chapter that parallels our era.","In this story, Brother Andersen pointed out a four-sentence pattern in this chapter that parallels our day. | In this story, Brother Andersen identified a four-sentence pattern in this chapter that mirrors our time.",80.37383177570094,True
1169,(Pou gason laj 11 zan ak pi gran),(For boys ages 11 and up),(For boys aged 11 and older),For boys 11 and older | For boys age 11 and up,85.71428571428572,True
1170,Se te avèk lafwa moun lontan yo te resevwa apèl daprè lòd Bondye.,It was by faith that ancient people received the calling according to the order of God.,It was with faith that men long ago were called by the command of God.,"It was by faith that the people of old received God’s call | By faith, the people of ancient times answered God’s call",59.50413223140496,False
1171,frèt woule sèk aliminyòm,cold rolled aluminum circle,Cold Rolled Aluminum Circles,cold-rolled aluminum circle | cold rolled aluminum disc,94.54545454545455,True
1172,Siyati paran an oswa responsab legal la,Signature of parent or legal guardian,Signature of parent or legal guardian,Parent/guardian signature | Signature of parent or guardian,91.17647058823529,True
1173,"Nan chak stasyon, envite timoun yo fè yon aktivite ki senp.","At each station, invite the children to do a simple activity.","At each station, invite the children to do a simple activity.","At each station, have the children do a simple activity | At every station, ask the children to do a simple activity",91.37931034482759,True
1174,"Kèk manm nan Legliz la aksepte kòm verite doktrin, prensip, ak temwayaj nou bay tout tan sou chè sa a nan Sant Konferans lan ak nan kongregasyon lokal yo atravè mond lan—men yo petèt toujou ap lite pou yo kwè ke verite etènèl sa yo aplike espesyalman a lavi yo ak sikonstans pa yo.","Some members of the Church accept as true the doctrines, principles, and testimonies we bear continually about this body in the Conference Center and in local congregations throughout the world—but they may still struggle to believe that these eternal truths apply specifically to their lives and circumstances.","Some members of the Church accept as truth the doctrine, principles, and testimony we give at all times about this in the Conference Center and in the local congregations around the worldbut they perhaps still struggle to believe that these eternal truths apply especially to their lives and circumstances.","Some Church members accept the doctrines, principles, and testimonies we share as true, but still struggle to believe those eternal truths apply to their own lives and circumstances. | Some members of the Church believe the teachings we give are true, yet they may still find it hard to see how those eternal truths relate personally to their own lives and situations.",67.21311475409837,False
1175,Pellet crumbler karakteristik 1. Doub roulo plonje plonje fèt nan konsantre divès kalite avantaj entèn ak ekstèn nan kalite li yo sou yon sèl e se yon nouvo tip-ekipman kraze ak bri ki ba ak efikasite segondè. 2. Li kapab kraze patikil gwo nan ti moun ki iregilye nan ...Plis,Pellet crumbler features 1. The double roller plunger crusher is designed to concentrate various internal and external advantages of its type into one and is a new-type crushing equipment with low noise and high efficiency. 2. It can crush large particles into small irregular ones in...More,Pellet crumbler feature 1. Dual roller diving gear is designed to concentrate various internal and external advantages of its kind on one and is a new type of crushing equipment with low noise and high efficiency. 2. It can crush large particles into small irregular ones in ...Read More,"Pellet crumbler features: 1. The double-roller crusher combines the best internal and external advantages of similar machines into one new type of crushing equipment, with low noise and high efficiency. 2. It can break large particles into smaller, irregular ones... | Pellet crumbler features: 1. This double-roller crusher brings together the strengths of various similar models in a new design, offering low noise and high efficiency. 2. It can crush large particles into smaller, uneven pieces...",79.78339350180505,False
1176,Double Ponp PPR Liy Pwodiksyon Liy,Double Pump PPR Pipe Production Line,Double Pump PPR Pipe Production Line,Double Pump PPR Pipe Production Line | Twin Pump PPR Pipe Manufacturing Line,100.0,True
1177,istwa pa Boyd K. Packer ki ilistre,story by Boyd K. Packer illustrated,Story by Boyd K. Packer illustrated,illustrated story by Boyd K. Packer | Boyd K. Packer illustrated story,82.85714285714285,True
1178,(Oubyen pase videyo a ankò.),(Or re-watch the video.),(Or broadcast the video again.),Or watch the video again | Or replay the video,76.36363636363637,False
1179,Kijan nou ka konnen si nou resevwa remisyon pou peche nou?,How can we know if we have received forgiveness for our sins?,How can we know if we receive remission for our sins?,How can we tell if our sins have been forgiven? | How do we know whether we’ve received forgiveness for our sins?,67.3076923076923,False
1180,Nou prezante tout modèl yo eskòt disponib Ibiza.,We present all the escort models available in Ibiza.,We present all the escort models available Ibiza.,We offer all available escort models in Ibiza | All escort models available in Ibiza,79.54545454545455,False
1181,Kontablite ak Finans (Atizay),Accounting and Finance (Arts),Accounting and Finance (Art),Accounting and Finance (Arts) | Accounting and Finance (Fine Arts),98.18181818181819,True
1182,1. pouvwa ak chay entèfas:,1. Power and load interface:,1. Power and load interface:,power and load interface | power/load interface,92.3076923076923,True
1183,"K. Kisa nou dwe konprann konsènan ti liv Jan te manje a, jan sa te mansyone nan 10èm chapit Apokalips la?","Q. What are we to understand about the little book that John ate, as mentioned in the 10th chapter of Revelation?","Q. What must we understand regarding the scroll that John ate, as mentioned in the 10th chapter of the Apocalypse?",What should we understand about the little book John ate in Revelation chapter 10? | What are we supposed to understand about the little book John ate in Revelation 10?,58.71559633027523,False
1184,"VALSKAITA, UAB - Tout konpayi enfòmasyon","VALSKAITA, UAB - All company information","VALSKAITA, UAB  All Company Information","VALSKAITA, UAB - Company Overview | VALSKAITA, UAB - Business Information",77.14285714285715,False
1185,"Jwe nan biwo a oswa nan kay la lè anwiye tout moun vle, se konsa isit la se yon sou entènèt Fwa blòk jwèt gratis pral vole pa byen vit.","Playing in the office or at home when bored everyone wants, so here is an online free game Fair Block will fly by quickly.","Play in the office or at home when boredom everyone wants, so here is an online free game Fair Block will fly by quickly.","Play at work or at home when you’re bored—everyone loves that, so here’s a free online Fair Block game to help the time fly by quickly. | Whether you’re in the office or at home and feeling bored, here’s a free online Fair Block game that’ll make the time fly by.",65.75342465753424,False
1186,"Lik dekri nou kisa disip beni sa yo te santi: ""Epi youn pran di lòt: èske nou pa t santi kè nou t ap boule andedan nou, lè l t ap mache avèk nou sou wout la, lè l t ap eksplike nou ekriti yo?""","Luke describes to us what these blessed disciples felt: “And they said one to another, ‘Did not our hearts burn within us while he followed us on the road, while he opened to us the scriptures?’”","The Bible describes how these blessed disciples felt: ""And they took each other: Did not our hearts burn within us, when he walked with us on the road, when he explained to us the scriptures?""",Didn’t our hearts burn within us? | Didn’t we feel our hearts burning inside us?,60.0,False
1187,TV flechèt Montre,TV Darts Show,Darts TV Show,Darts TV Show | TV Darts Program,100.0,True
1188,Pouvwa Sovè a pou anseye ak edifye lòt moun te soti nan fason li te viv ak nan kalite moun li te ye a.,The Savior's power to teach and edify others came from the way He lived and the kind of person He was.,The Saviors power to teach and edify others came from the way he lived and from the kind of person he was.,The Savior’s ability to teach and uplift others came from how He lived and who He was | The Savior’s power to teach and edify others came from the life He lived and the kind of person He was,93.26923076923077,True
1189,Prezidan Thomas S. Monson te di: Konesans nou sou levanjil la ak lanmou nou pou Pè Selès la ak pou Sovè nou an ap rekonfòte nou ak soutni nou e pote lajwa nan kè nou si nou mache dwat epi nou respekte kòmandman yo.,President Thomas S. Monson said: Our knowledge of the gospel and our love for Heavenly Father and our Savior will comfort and sustain us and bring joy to our hearts if we walk righteously and keep the commandments.,President Thomas S. Monson said: Our knowledge of the gospel and our love for the Heavenly Father and our Savior will comfort and sustain us and bring joy to our hearts if we walk uprightly and obey the commandments.,President Thomas S. Monson said: Our understanding of the gospel and our love for Heavenly Father and our Savior will comfort and strengthen us and bring joy to our hearts if we live righteously and keep the commandments. | President Thomas S. Monson said: Knowing the gospel and loving Heavenly Father and our Savior will sustain and comfort us and fill our hearts with joy as we walk uprightly and obey the commandments.,87.96296296296296,True
1190,"Septanm 4, 2010 nan 12:24 pm","September 4, 2010 at 12:24 pm","September 4, 2010 at 12:24 pm","September 4, 2010 at 12:24 PM | Sept. 4, 2010, 12:24 PM",100.0,True
1191,Paramèt pa defo pou ki kantite minit moun nan dwe rive anvan randevou an,Default setting for how many minutes the person should arrive before the appointment,Default parameter for the number of minutes the person must arrive before the appointment,Default appointment arrival time | Minutes to arrive before appointment,65.07936507936508,False
1192,"Prezidan Nelson te souliyen,""Okenn lòt travay pa pi enpòtan pase edikasyon parantal jis ak entansyonèl!""","President Nelson emphasized, “No other work is more important than righteous and intentional parental education!”","President Nelson emphasized,There is no other job more important than just and intentional parental education!","President Nelson emphasized, “No other work is more important than righteous, intentional parenting!” | President Nelson said, “Nothing is more important than teaching and raising children with purpose and righteousness!”",80.0,True
1193,"Epi, si te gen prèch sakre, oubyen gwo revelasyon, oubyen pwofesi, pou m ta ekri tit yo sou plak sa yo, epi pou m pa touche yo otan sa ta posib, pou lanmou Kris la epi pou byen pèp nou an.","And, if there were any sacred sermons, or great revelations, or prophecies, that I would write the titles upon these plates, and not touch them as much as possible, for the love of Christ and for the good of our people.","And if there were any sacred sermons, or great revelations, or prophecies, I would write their titles on the plates, and not touch them as much as possible, for the love of Christ and for the good of our people.","And if there were sacred sermons, great revelations, or prophecies, I would record them on these plates as best I could, for the love of Christ and the good of our people. | If there were holy sermons, great revelations, or prophecies, I would write them on these plates and preserve them as much as possible, out of love for Christ and for the welfare of our people.",82.46913580246913,True
1194,Fishdom kay Pwason,Fishdom Fish House,Fishdom House Fish,Fish House | Fish Home,85.71428571428572,True
1195,"Li kèk pati nan 1 Nefi 13:40 la ki anseye kijan Liv Mòmon an (Nefi rele ""dènye anal sa yo"") ede nou konprann ""verite klè ak presye"" yo ki disparèt nan Bib la.",Read parts of 1 Nephi 13:40 that teach how the Book of Mormon (Nephi called these “last records”) helps us understand the “plain and precious truths” that are missing from the Bible.,"Read parts of 1 Nephi 13:40 that teach how the Book of Mormon (nephi calls ""the last of these"") helps us to understand the ""clear and precious truths"" that have disappeared from the Bible.","Read some parts of 1 Nephi 13:40 that teach how the Book of Mormon, which Nephi called “these last records,” helps us understand the “plain and precious truths” that were lost from the Bible. | Read portions of 1 Nephi 13:40 that explain how the Book of Mormon, called “these last records” by Nephi, helps us understand the “plain and precious truths” missing from the Bible.",81.38297872340425,True
1196,"Apre sa, kè yo te vin adousi, epi yo te vin kwè nan Jezikri.","Then their hearts were softened, and they came to believe in Jesus Christ.","And their hearts were softened, and they believed in Jesus Christ.","Then their hearts were softened, and they came to believe in Jesus Christ. | Their hearts were softened, and they believed in Jesus Christ.",97.67441860465115,True
1197,"Chwa nou pou koute moun k ap moke bagay sakre yo ap anpeche nou jwenn limyè Sovè a ki bay lavi e ki sove a. Jan te ekri: ""Epi Jezi te pale avèk yo ankò, li te di yo, M se limyè mond lan; moun ki suiv mwen pap janm mache nan fènwa, men y ap gen limyè lavi a."" Sonje, moun ki vrèman renmen nou yo ka ede nou edifye lafwa nou.","Our choice to listen to those who mock sacred things will prevent us from finding the life-giving and saving light of the Savior. John wrote: “Then spake Jesus again unto them, saying, I am the light of the world: he that followeth me shall not walk in darkness, but shall have the light of life.” Remember, those who truly love us can help us build our faith.","Our choice to listen to those who are contemplating the sacred things will prevent us from accessing the Savior's life-giving and saving light. John wrote: ""And Jesus again spoke to them, and he said to them, I am the light of the world; those who follow me will not walk in darkness, but will have the light of life."" Remember, those who truly love us can help us to build up our faith.",Choosing to listen to those who mock sacred things can keep us from the Savior’s life-giving light. | Listening to those who ridicule sacred things can prevent us from finding the Savior’s light of life.,60.436137071651096,False
1198,Nou vin sou tè a pou nou aprann ak pwogrese.,We come to earth to learn and progress.,We came to earth to learn and progress.,We’re here to learn and grow | We come into this world to learn and progress,75.75757575757575,False
1199,Se biwo nou an ki chita nan vilaj bèl nan Mask. Google Maps kowòdone:,Our office is located in the beautiful village of Mask. Google Maps coordinates:,Our office is located in the beautiful village of Mask. Google Maps coordinates:,Our office is in the beautiful village of Mask | Our office is located in the scenic village of Mask,76.51006711409396,False
1200,"Devlopman teknolojik sa yo se bagay ekstraòdinè, men si nou pa fè atansyon, yo ka distrè nou pou nou pa reyalize potansyèl diven nou.","These technological developments are extraordinary, but if we are not careful, they can distract us from realizing our divine potential.","Such technological developments are extraordinary, but if we are not careful, they can distract us from realizing our divine potential.","These technological advances are amazing, but if we’re not careful, they can keep us from reaching our God-given potential. | These tech developments are incredible, but if we’re not careful, they can distract us from fulfilling our divine purpose.",79.52755905511812,False
1201,Vitès chwazi-pou detèmine Kisa zouti ak ekipman ' jan de s te gen yon bezwen pou fè yon travay.,Speed selection - to determine what tools and equipment 's types are needed to perform a job.,Speed Selection-Determining tools and equipments kind had a need to do a job.,speed selection to determine what tools and equipment are needed for a job | choosing the right speed to determine what tools and equipment are needed for a task,76.82119205298014,False
1202,Ashampoo MP3 kouvèti Moun Krak,Ashampoo MP3 Cover Man Crack,Ashampoo MP3 Cover Moun Crack,Ashampoo MP3 Cover Man Crack | Ashampoo MP3 Cover Man Keygen,94.73684210526316,True
1203,Repete aktivite a avèk istwa Moyiz ak sèpan eren an (gade Numbers 21:5–9) ak Nefi ak plak eren yo (gade 1 Nefi 3–4; 5:21–22).,Repeat the activity with the stories of Moses and the brass serpent (see Numbers 21:5–9) and Nephi and the brass plates (see 1 Nephi 3–4; 5:21–22).,Repeat the activity with the story of Moses and the scorpion (see Numbers 21:59) and Nephi and the scorpion plates (see 1 Nephi 34; 5:2122).,Repeat the activity with the stories of Moses and the bronze serpent (see Numbers 21:5–9) and Nephi and the brass plates (see 1 Nephi 3–4; 5:21–22). | Do the activity again using the stories of Moses and the bronze serpent (see Numbers 21:5–9) and Nephi and the brass plates (see 1 Nephi 3–4; 5:21–22).,86.42857142857143,True
1204,De sa 1 minit èdtan 17,1 minute 17 hours ago,From 1 minute to 17 hours,a minute and 17 hours ago | 1 minute and 17 hours ago,80.0,True
1205,Karaktè LCD ekspozisyon BCB0801-C01,Character LCD display BCB0801-C01,Character LCD Display BCB0801-C01,LCD character display BCB0801-C01 | BCB0801-C01 character LCD display,87.87878787878788,True
1206,"Nan kòmansman an nan senkyèm syèk la, oswa pi bonè, fèt la nan Komemorasyon nan nan Mari–ki se, komemorasyon an nan pase l '–te prezante nan Liturgy nan Eastern, mete l 'nan mitan pi ansyen an nan jou fèt ofisyèl Legliz la.10 Anviwon ane a 400, Chrysippus lavil Jerizalèm kòmante sou Sòm 132, ""Bwat Kontra a se vre wi: wa, Bwat Kontra a pi presye, te-Vyèj a tout tan Theotokos; Lach la ki te resevwa trezò a nan tout viv apa"" (Sou Sòm 131(132)).","At the beginning of the fifth century, or earlier, the feast of the Commemoration of Mary–that is, the commemoration of her passing–was introduced into the Eastern Liturgy, placing it among the oldest of the Church’s official feast days.10 Around the year 400, Chrysippus of Jerusalem commented on Psalm 132, “The Ark of the Covenant is truly royal, the most precious Ark, the ever-Virgin Theotokos; the Ark that received the treasure of all holy living” (On Psalms 131(132)).","At the beginning of the fifth century, or earlier, the feast of the Commemoration of Marythat is, the commemoration of her passingwas introduced in the Eastern Liturgy, placing her among the oldest of the Churchs official feasts.10 Around the year 400, Chrysippus of Jerusalem commented on Psalm 132, The Ark is truly the king, the most precious Ark, the Most-Virgin of all time Theotokos; the Ark that received the treasure.","At the beginning of the fifth century, or earlier, the feast commemorating Mary’s passing was introduced into the Eastern liturgy, making it one of the Church’s oldest official feast days. Around the year 400, Chrysippus of Jerusalem commented on Psalm 132: “The Ark of the Covenant is truly royal, the most precious Ark, the ever-Virgin Theotokos; the Ark that received the treasure of all holy living” (On Psalms 131(132)). | By the early fifth century, or even before, the Eastern liturgy had already adopted the feast commemorating Mary’s death, placing it among the Church’s most ancient official feast days. Around 400, Chrysippus of Jerusalem wrote on Psalm 132: “The Ark of the Covenant is truly royal, the most precious Ark, the ever-Virgin Theotokos; the Ark that received the treasure of all holy living” (On Psalms 131(132)).",82.92079207920791,True
1207,Kisa k ta pral pase aprè?,What would happen next?,What would happen next?,What would happen next? | What was going to happen next?,100.0,True
1208,Fòm : Plak Etc.Custom fè,Shape: Plate Etc.Custom made,Shape:Plate Etc.Custom iron,Custom-made plate | Custom-made shape,56.60377358490566,False
1209,Wayòm Bondye a pral vini byento! Èske ou prè? 2020 Aplikatè pa DysineLab,The Kingdom of God is coming soon! Are you ready? 2020 App by DysineLab,The kingdom of God is coming soon! Are you ready? 2020 Applicant by DysineLab,The Kingdom of God is coming soon! Are you ready? | God’s Kingdom is coming soon! Are you ready?,79.71014492753623,False
1210,Evenman sakre ant Dimanch Ramo ak Dimanch Pak yo se istwa ozana ak alelouya.,The sacred events between Palm Sunday and Easter Sunday are a story of hosannas and hallelujahs.,The sacred event between Ramo Sunday and Easter Sunday is the story of Ozana and Alleluia.,The sacred days between Palm Sunday and Easter Sunday are a story of hosannas and hallelujahs. | The holy week from Palm Sunday to Easter Sunday is a tale of praise and rejoicing.,82.68156424581005,True
1211,Men Benjamin L,Here is Benjamin L.,Men Benjamin L,Here’s Benjamin L. | Benjamin L is here.,85.71428571428572,True
1212,Seleksyone Tip Demann lan.,Select the Request Type.,Select the Type Request.,Choose Request Type | Select Request Category,62.5,False
1213,Ki efò nou kapab fè pou nou ekri istwa pèsonèl nou?,What efforts can we make to write our personal history?,What effort can we make to write our personal story?,How can we tell our own story? | What can we do to record our personal history?,77.55102040816327,False
1214,"Anplis, 13 tanp ki te deja anonse yo nan diferant etap preparasyon anvan konstriksyon yo kòmanse.","In addition, 13 previously announced temples are in various stages of preparation before construction begins.","Moreover, 13 temples have already been announced in different stages of preparation before construction begins.","In addition, 13 previously announced temples are at various stages of preparation before construction begins | Also, 13 previously announced temples are in different stages of preparation ahead of construction",70.32967032967032,False
1215,Mande lòt yo pou yo konte konbyen fwa Pòl te itilize mo jijea.,Ask the others to count how many times Paul used the word gijea.,Ask others to count how many times Paul used the word jijea.,Ask the others to count how many times Paul used the word judge | Tell the others to count how many times Paul used the word judge,92.43697478991596,True
1216,"Support Microsoft estanda koule achitekti kondwi (WDM achitekti), sipòte Microsoft WMENCODER, konpatib ak achitekti lojisyèl Windows VFW ak WDM mòd.","Supports Microsoft standard flow driven architecture (WDM architecture), supports Microsoft WMENCODER, compatible with Windows VFW software architecture and WDM mode.","Support Microsoft standard flow drive architecture (WDM architecture), support Microsoft WMENCODER, compatible with Windows VFW software architecture and WDM mode.","Supports Microsoft standard WDM architecture, supports Microsoft WMEncoder, compatible with Windows VFW software architecture and WDM mode | Supports Microsoft flow-driven WDM architecture, supports Microsoft WMEncoder, and works with Windows VFW software architecture and WDM mode",90.36544850498339,True
1217,Shaun bann mouton li sou entènèt. Jwèt Shaun mouton an. Online Shaun bann mouton li nan jwèt. Jwèt ti mouton Sean gratis. Jwèt sou mouton an.,Shaun the Sheep online. Game Shaun the Sheep. Online Shaun the Sheep game. Game Sean the Sheep free. Game about the sheep.,Shaun the Sheep online. Games Shaun the Sheep. Online Shaun the Sheep game. Games lamb Sean free. Games about the Sheep.,Shaun the Sheep online game | Free Shaun the Sheep game,86.27450980392157,True
1218,Suiv kat etap sa yo ki deja teste pou ou vin gen yon bon kòmansman.,Follow these four tried-and-tested steps to get you off to a good start.,Follow these four steps that have already been tested so that you get a good start.,Follow these four proven steps to get started well | Follow these four tried-and-true steps to get off to a good start,66.21621621621621,False
1219,M ka chèche repons kesyon yo sou levanjil la avèk Jezkri.,I can seek answers to questions about the gospel with Jesus Christ.,I can search for answers to questions about the gospel with Jizkri.,I can seek answers to gospel questions through Jesus Christ | I can find answers to gospel questions with Jesus Christ,62.903225806451616,False
1220,Paske moun pa antre soti nan prizon regilyèman chak semès.,Because people don't come in and out of prison regularly every semester.,Because people don't come in from prison regularly every semester.,People don’t go to prison every semester | Prison isn’t something people cycle through regularly,69.81132075471699,False
1221,"Si w ap tcheke Lachin pe kre liy fèy kadriyaj pwodiksyon, pri, pri, pou vann, oswa PDF, tanpri santi yo lib yo kontakte nou, nou se youn nan dirijan Hollow gri Fèy Pwodiksyon Liy lan, Plastik Liy pwodiksyon, gri Fèy Pwodiksyon Liy manifaktirè yo ak founisè.","If you are checking China PE hollow grid sheet production line, price, cost, for sale, or PDF, please feel free to contact us, we are one of the leading Hollow Grid Sheet Production Line, Plastic Production Line, Grid Sheet Production Line manufacturers and suppliers.","If you are checking China hollow pe sheet grid production line, price, cost, for sale, or PDF, please feel free to contact us, we are one of the leading Hollow Grid Sheet Production Line, Plastic Production Line, Grid Sheet Production Line manufacturers and suppliers.","If you’re looking for a China PE hollow grid sheet production line, price, cost, for sale, or PDF, please feel free to contact us. We are one of the leading manufacturers and suppliers of hollow grid sheet production lines and plastic production lines. | If you need information on China PE hollow grid sheet production lines, including pricing, cost, sales, or PDF details, please contact us anytime. We are a leading manufacturer and supplier of hollow grid sheet and plastic production lines.",77.61194029850746,False
1222,"Li difisil kounye a jwenn yon kay kote pa ta dwe fenèt-flè sou baz fenèt. Yo ajoute nan konfò nan apatman, epi tou li kreye yon atmosfè favorab kreyatif. Men, yo grandi nan kay ou pa kapab sèlman dragon, vyolèt oswa dieffenbachia. Pou tankou yon elvaj anfòm menm konkonm. Sa a se pa yon pwosedi konplike, espesyalman si w ap plante plant dekoratif pou ane sa yo.","It is difficult now to find a house where there would be no window-flowers on the windowsill. They add to the comfort of the apartment, and also create a favorable creative atmosphere. But they can be grown at home not only dragon, violet or dieffenbachia. For such a breeding fit even cucumbers. This is not a complicated procedure, especially if you are planting ornamental plants for years.","It's hard right now to find a home where there shouldn't be window-blosses on the basis of windows. They add to the comfort of apartments, and also create a favorable creative atmosphere. But they grow in your home can't just be dragon, violet or dieffenbachia. To be such a fit cucumber breeding even. This isn't a complicated procedure, especially if you're planting decorative plants for years.","It’s hard to find a home these days without flowers on the windowsill. They make an apartment feel cozy and create a pleasant, creative atmosphere. But you can grow more than just dracaena, violets, or dieffenbachia at home—cucumbers can be grown there too. It isn’t a complicated process, especially if you’ve been growing ornamental plants for years. | These days, it’s rare to find a home without plants on the windowsill. They add comfort and help create a warm, creative mood. And it’s not just dragon trees, violets, or dieffenbachia that can be grown indoors—cucumbers can be, too. It’s not a difficult task, especially for anyone experienced with growing decorative plants.",69.1588785046729,False
1223,"Konsa, m ap mande w, ki avantaj ki gen ladan?","So, I ask you, what are the benefits?","So I'll ask you, what are the advantages?","So, what’s the benefit? | So, what do you get out of it?",50.0,False
1224,"Epi, nan kèk jou sèlman, Pitit Gason Bondye a pral vini nan laglwa li;",And in a few days the Son of God will come in his glory;,"And in only a few days, the Son of God will come to his glory;","Soon, the Son of God will come in glory | In just a few days, the Son of God will return in glory",79.66101694915254,False
1225,"Pou pwodiksyon komik, Unesco te rele ilistratè talan ki soti nan diferan peyi: Lafrans, Madagascar, ...","For the production of comics, UNESCO called on talented illustrators from different countries: France, Madagascar, ...","For comics production, Unesco has invited talented illustrators from different countries: France, Madagascar, ...","For the comic production, UNESCO brought together talented illustrators from various countries: France, Madagascar, ... | To produce the comics, UNESCO enlisted talented illustrators from different countries: France, Madagascar, ...",88.99521531100478,True
1226,Logo Dipisi Shenyang Entènasyonal Piblisite ak ki ap dirije egzibisyon,Logo of Shenyang International Advertising and LED Exhibition,Logo Dipisi Shenyang International Advertising and LED Exhibition,Shenyang International Advertising and LED Expo | Shenyang Advertising and LED Exhibition,82.14285714285714,True
1227,Vaginal sekresyon ak elajisman clitoral nan fanm,Vaginal secretions and clitoral enlargement in women,Vaginal secretion and clitoral enlargement in women,vaginal discharge and clitoral swelling | vaginal secretions and enlarged clitoris,70.32967032967032,False
1228,"Nan peyi devlope yo, li ka parèt difisil pou yon moun imajine nan ki sitiyasyon tèrib timoun ki sòlda yo ap viv.","In developing countries, it may seem difficult to imagine the terrible conditions in which child soldiers live.","In developed countries, it may seem difficult for anyone to imagine the terrible situation of child soldiers.","In developing countries, it can be hard to imagine the terrible conditions child soldiers live in. | In developing countries, it may be difficult to picture the terrible conditions faced by child soldiers.",77.93427230046949,False
1229,Bib la di Bondye bay paran yo pitit kòm yon eritaj.,The Bible says that God gives parents children as an inheritance.,The Bible of God is given by parents to their children as a heritage.,Children are a gift from God | Children are a blessing from God,50.45045045045045,False
1230,Syèl la se pou Senyè a li ye . Li bay moun latè pou yo .,"The heavens are the Lord's, and the earth he has given to man.",The heavens belong to the Lord . He has given the earth to the people .,"The heavens belong to the Lord, and the earth he has given to mankind | Heaven is the Lord’s, but the earth was given to people",78.33333333333333,False
1231,"Se pou nou swiv lòd mwen ban nou . Se pou nou fè sa mwen di nou fè . Se pou nou mache dapre prensip mwen ban nou . Se mwen menm ki Senyè a , Bondye nou an .","You shall follow my commands , do my commands , and walk in my statutes . I am the Lord your God .",Let us do what I tell you to do. Let us walk according to the principles I command you to do. I am the Lord your God .,"You must obey my commands and live by my laws. I am the Lord your God. | Follow my commands and keep my statutes, for I am the Lord your God.",55.04587155963303,False
1232,M'ap prese obeyi kòmandman ou yo lè ou louvri lespri mwen .,I will quickly obey your commands when you open my mind.,I will hurry to obey your commands when you open my mind.,"I’ll eagerly follow your commands when you open my mind | Once you enlighten me, I’ll obey your commands quickly",80.35714285714286,True
1233,"Se sèlman lè nou fè sa, n ap ""ka rive chape anba tout bagay sa yo ki dwe rive a"". — Lik 21: 36.",Only by doing so will we “succeed in escaping all these things that are destined to occur.”​—Luke 21:36.,"Only by doing so will we be able to ""escape all these things that must occur"".  Luke 21:36.",Only then will we be able to escape all these things that are destined to happen | That is the only way we’ll succeed in getting through all these things that are about to take place,75.81699346405229,False
1234,"Lè zanmi w lan ouvri pòt pou ou e l envite w antre, ou santi w soulaje, paske kounye a ou konnen w an sekirite.","When your friend opens the door for you and invites you in, you feel relieved, because now you know you are safe.","When your friend opened the door for you and invited you in, you felt relieved, because now you know you are safe.","When a friend lets you in, you feel safe | A friend’s open door brings relief",52.63157894736843,False
1235,Jewova ap gen bonjan rezon pou l pèmèt moun ki chape vivan nan Amagedòn yo gen bon sante paske moun sa yo pral gen travay pou yo fè.,Jehovah will have good reason to allow Armageddon survivors to enjoy good health because they will have work to do.,There is good reason that Jehovah will allow survivors of Armageddon to have good health because these people will have work to do.,"Jehovah will have good reason to let Armageddon survivors stay healthy, since they’ll have work to do | Jehovah will have good reason to keep Armageddon survivors in good health, because they’ll have a lot of work ahead of them",61.832061068702295,False
1236,"Lè sa a , ni lame a ni rès pèp Izrayèl la moute lavil Betèl . Yo chita la devan Senyè a ap kriye . Jou sa a , yo rete san manje jouk aswè . Apre sa , yo boule bèt nan dife pou Senyè a , yo fè ofrann pou mande Senyè a padon .",Then the army and all the Israelites went up to Bethel and sat there before the Lord and wept. They fasted that day until evening. Then they offered burnt offerings to the Lord and made peace offerings to the Lord.,"Then neither the army nor the remnant of Israel went up to Bethel . And they sat there before the Lord , weeping . And they fasted that day , until evening . And they made burnt offerings to the Lord , and offered sacrifices to the Lord .","Then the army and the rest of the Israelites went up to Bethel, sat before the Lord and wept. They fasted until evening and then offered burnt offerings and peace offerings to the Lord | The army and all the Israelites went to Bethel, where they sat before the Lord, cried, fasted until evening, and then presented burnt offerings and peace offerings to the Lord",72.81323877068557,False
1237,"Men sa Jezi te di: Vini jwenn mwen, [...] m'a soulaje nou.","Jesus said: Come to me, [...] and I will refresh you.","But Jesus said: Come to me, [...] and I will relieve you.","Come to me, all who are weary, and I will give you rest | Come to me, and I will refresh you",72.0,False
1238,Èske w jèn oswa èske w gen yon bon ti laj?,Are you young or are you a good age?,Are you young or do you have a good old age?,Are you young or older? | Are you young or of a certain age?,69.23076923076923,False
1239,Pòl te anseye premye kretyen yo yon modèl pawòl ki pwofitab. Ki sa modèl sa a ye?,Paul taught the early Christians a pattern of beneficial speech. What is this pattern?,Paul taught the early Christians a pattern of profitable words. What is this pattern?,Paul taught the early Christians a pattern of beneficial speech. What is this pattern? | Paul taught the early Christians a model of helpful speech. What is this pattern?,87.05882352941177,True
1240,"Vèsè ki sèvi kòm baz pou atik sa a fè nou sonje Pawòl Bondye a ""pisan"".","The verse that serves as the basis for this article reminds us that God's Word is ""powerful.""","The verse that serves as the basis for this article reminds us of God's Word as ""stone"".",The verse that forms the basis of this article reminds us that God’s Word is powerful. | The verse at the heart of this article reminds us that God’s Word is powerful.,81.65680473372781,True
1241,"Pafwa, mwen santi m raz dèske m pa ka bay blag e dèske moun pa fin byen konprann sa m ap di.","Sometimes, I feel frustrated that I can't tell jokes and that people don't fully understand what I'm saying.",Sometimes I get bored that I cant joke and that people dont quite understand what I say.,Sometimes I feel frustrated that I can’t be funny and people don’t really understand me | Sometimes I get upset that I can’t make jokes and people don’t fully get what I’m saying,75.0,False
1242,"Konsa , koute sa mwen sòti pou m fè moun Edon yo , sa mwen fè lide fè moun lavil Teman yo . Sèten , ata timoun yo , yo pral trennen pot ale . Yo pral devaste tout peyi a devan je yo .","Therefore hear what I have come to do to Edom , and what I purpose to do to Teman : They will drag away even the children , and they will make the whole land desolate before their eyes .","Therefore , listen to what I am going to do to the Edomites , what I am going to do to the Temanites . Certainly , even the little ones , they will be swept away . They will devastate the whole land before their eyes .","So hear what I’m about to do to Edom and Teman: even the children will be carried off, and the whole land will be laid waste before their eyes. | Listen to what I have planned for Edom and Teman: their children will be taken away, and the land will be left in ruins before them.",54.84764542936288,False
1243,"si tout gason ki ka goumen pami nou yo janbe lòt bò larivyè Jouden an devan Senyè a , jouk Senyè a va fin kraze tout lènmi l yo devan li ,","If all the men of war among you cross over the Jordan before the Lord, until the Lord has defeated all his enemies before him,","if every able-bodied man among you shall cross the Jordan before the Lord, until the Lord has consummated all his enemies before him,","If all your fighting men cross over the Jordan before the Lord, until the Lord has defeated all his enemies before him | If all the warriors among you go across the Jordan before the Lord, until he has subdued all his enemies before him",79.03225806451613,False
1244,"Apre sa , Moyiz di Arawon konsa : - Pwoche bò lotèl la , fè yon ofrann pou peye pou tou sa ou fè ki mal , ak yon ofrann pou ou boule nèt pou Seyè a . Apre sa w'a fè menm bagay pou pèp la . Wi , mete ofrann pèp la devan Bondye , mande Bondye pou l' fè yo gras , jan Seyè a te bay lòd la .","Then Moses said to Aaron, ""Go to the altar and offer your sin offering and your burnt offering to the Lord. Then do the same for the people. Present the people's offering before God and make atonement for them, as the Lord commanded.""","And Moses said to Aaron , Come near the altar , and make an offering for your iniquity , and a holocaust to the Lord . And you shall do the same for the people . Yes , put the peoples offering before God , and ask God to make them gracious , as the Lord has commanded .","Then Moses said to Aaron, “Come to the altar and make your sin offering and burnt offering to the Lord. Then do the same for the people. Bring the people’s offering before God and make atonement for them, as the Lord commanded.” | Moses told Aaron, “Go up to the altar and offer your sin offering and burnt offering to the Lord. Then do the same for the people, presenting their offering before God to make atonement for them, just as the Lord commanded.”",73.79032258064517,False
1245,Ala kontan m t ap kontan si se konsa sa te ye lakay!,How happy I would be if it were like that at home!,Happy I wouldnt be happy if so what was home!,I’d be so happy if it were like that back home! | How wonderful it would be if things were like that at home!,62.22222222222222,False
1246,"Anplis de sa, yo te bezwen frè nan lòt peyi yo ede yo.","In addition, they needed brothers from other countries to help them.","In addition, they needed brothers in other countries to help them.","Besides that, they needed support from brothers abroad | They also needed help from fellow believers in other countries",58.015267175572525,False
1247,Poukisa nou pa konprann sa m'ap di nou la a ? Paske nou pa kapab tande pawòl mwen yo .,Why do you not understand what I am saying to you? Because you cannot hear my words.,Why don't you understand what I'm saying to you? Because you can't hear my words.,Why don’t you understand what I’m saying? Because you can’t hear my words. | Why can’t you understand what I’m telling you? Because you can’t hear what I’m saying.,91.61290322580645,True
1248,"Epitou, y ap aprann gen pasyans e yo pap dekouraje byen vit lè yo pa ka jwenn moun yo lakay yo ankò. — Galat 5: 22; gade kare ki gen tit: ""Li pa t dekouraje.""",They will also learn to be patient and not quickly give up when they cannot find their loved ones at home. —Galatians 5:22; see the box “He Did Not Give Up.”,"Also, they will learn to be patient and will not be discouraged quickly when they can no longer find their loved ones at home.  Galatians 5:22; see the box titled: He did not despair.",They will also learn patience and not give up easily when they can’t find their loved ones at home. | They will also learn to be patient and not lose heart quickly when their loved ones aren’t home.,64.68842729970326,False
1249,Annou konsidere ka Charlene ki te gen 44 an. Li te gen yon kansè e yo te di l li rete dis jou sèlman pou l viv.,Consider the case of 44-year-old Charlene. She had cancer and was told she had only ten days to live.,"Consider the case of Charlene, who was 44 years old. She was diagnosed with cancer and was told she only had ten days to live.","Let’s consider Charlene, who was 44. She had cancer and was told she had only ten days left to live. | Consider Charlene, a 44-year-old woman who had cancer and was told she had just ten days to live.",74.43946188340806,False
1250,Li ta saj pou nou li l chak jou.,It would be wise for us to read it every day.,It would be wise for us to read it every day.,We should read it every day. | It’s wise to read it daily.,68.49315068493152,False
1251,Bib la rakonte istwa lavi plizyè milye moun ki kite yon bèl egzanp nan fason yo te demontre kalite sa yo.,The Bible tells the life stories of thousands of people who set a fine example in demonstrating these qualities.,The Bible tells the life stories of thousands of men who left a marvelous example of how they demonstrated these qualities.,The Bible tells the stories of thousands of people who set a fine example by showing these qualities. | The Bible recounts the lives of thousands of people who gave a fine example in demonstrating these qualities.,77.67857142857143,False
1252,Ki sa ki ka motive nou pou nou bay Jewova ak kè kontan?,What can motivate us to give cheerfully to Jehovah?,What can motivate us to give to Jehovah with joy?,What can move us to give joyfully to Jehovah? | What can motivate us to give gladly to Jehovah?,83.33333333333334,True
1253,"Pou m kenbe entegrite m, sa mande pou m kontinye fikse je m sou objektif Bondye yo, e non pa sou dezi pa m.","Maintaining my integrity requires that I keep my eyes on God’s purposes, not on my own desires.","To maintain my integrity, I must continue to fix my eyes on God's purposes, and not on my own desires.","To stay true to myself, I need to keep my focus on God’s will, not my own desires. | Keeping my integrity means staying focused on God’s purpose, not my own wants.",63.63636363636363,False
1254,"Dapre menm pawòl Bondye a, syèl la ak tè a ki la kounyeya ap tann dife a. Yo la ap tann jou jijman an, lè tout mechan yo va disparèt.","By the same word of God, the heavens and the earth that are now are kept in store for fire, awaiting the day of judgment and the destruction of all ungodly men.","According to the same word, the heavens and the earth that now exist await fire. They await the day of judgment, when all the wicked will be destroyed.","The present heavens and earth are reserved for fire, waiting for the day of judgment and the destruction of the wicked | The current heavens and earth are being kept for fire until the day of judgment, when all the ungodly will be destroyed",71.280276816609,False
1255,"9, 10. a Ki sa fè volonte Bondye enplike?","9, 10. a What does God’s will involve?","9, a. What does doing God's will involve?",What does God’s will include? | What does God’s will entail?,71.42857142857143,False
1256,"Lè foul moun yo wè ni Jezi , ni disip li yo pa t' la , yo moute nan kannòt sa yo , y' al chache l' lavil Kapènawòm .","When the crowd saw that neither Jesus nor his disciples were there, they got into the boats and went to Capernaum to look for him.","When the crowd saw that neither Jesus, nor his disciples were there, they got into the boats and went to Capernaum, seeking him.","When the crowd realized Jesus and his disciples were gone, they got into boats and went to Capernaum to search for him. | Seeing that Jesus and his disciples were no longer there, the crowd boarded boats and headed to Capernaum to find him.",79.48717948717949,False
1257,Pa kite pesonn vire do bay favè Bondye a . Pa kite pesonn tounen tankou yon plant anmè k'ap pouse rasin k'ap anpwazonnen lòt yo .,Let no one fall away from the grace of God . Let no one become like a bitter plant that takes root and poisons others .,Dont let anyone turn to the grace of God. Dont let anyone become like a bitter plant that grows roots that will poison others.,Don’t let anyone turn away from God’s grace. Don’t let anyone become a bitter root that poisons others. | Let no one fall from God’s grace. Let no one grow into a bitter root that harms those around them.,75.9825327510917,False
1258,Sa m pral di la a se verite . Mwen pa kapab bay manti .,What I am about to say is the truth. I cannot lie.,What I'm going to say is true. I can't lie.,What I’m about to say is true. I can’t lie. | I’m telling the truth. I can’t lie.,86.04651162790698,True
1259,"Pou yon moun chèf nan legliz , se pou l san repwòch . Se pou l gen yon sèl madanm . Se pou l yon nonm serye , ki konn kenbe tèt li anplas , ki gen lòd . Se pou l konn resevwa moun lakay li . Se pou l konn ki jan pou l moutre moun verite a.","bishop must be blameless, the husband of one wife, a man of integrity, self-controlled, orderly, a homemaker, and able to teach the truth.","A man who is head of the church must be blameless. Must be a husband of one wife. Must be a man of integrity, restrained, orderly. Must be hospitable. Must know how to teach the truth.","An overseer in the church must be above reproach, faithful to his wife, respectable, self-controlled, orderly, hospitable, and able to teach the truth | A church leader should be blameless, devoted to one wife, disciplined, well-ordered, welcoming, and capable of teaching sound doctrine",58.08383233532935,False
1260,"Depi lè sa a , Jida t'ap chache yon bon okazyon pou l te ba yo Jezi .","From that time on, Judas was looking for a good opportunity to hand Jesus over to them.","From that time onward, Judas sought a convenient occasion to hand him over.","From then on, Judas kept looking for the right chance to betray Jesus | After that, Judas was waiting for an opportunity to turn Jesus over to them",52.991452991452995,False
1261,"Apre sa , Seyè a di m' konsa : - Moun Jida ak moun lavil Jerizalèm moute konplo sou do mwen .","Then the Lord said to me , "" The people of Judah and Jerusalem have plotted against me .",And the word of the Lord came to me thus:  Men of Judah and Jerusalem conspire against me .,"Then the Lord told me, “The people of Judah and Jerusalem have conspired against me.” | Then the Lord said to me, “The people of Judah and Jerusalem are plotting against me.”",76.57142857142857,False
1262,"Lefètke Bondye toupisan, li gen pouvwa pou l pwoteje sèvitè fidèl li yo kont tout ""zam y'a fè pou sèvi kont"" yo.","Because God is almighty, he has the power to protect his faithful servants from all ""weapons formed against them.""","Since God is almighty, he has the power to protect his faithful servants against all ""weapons of self-defense"".","Because God is all-powerful, he can protect his faithful servants from any attack | Since God is almighty, he can shield his faithful servants from every weapon formed against them",65.70048309178745,False
1263,Se sa k fè nou plis manje manje ki gen bonjan vitamin.,That's why we eat more foods that contain good vitamins.,This is why we eat more foods that contain rich vitamins.,That’s why we eat more nutritious foods | That’s why we eat more vitamin-rich foods,61.224489795918366,False
1264,Li te ka fasil pou n antre nan zafè monn nan epi pou n antre nan polemik.,It could have been easy for us to get involved in worldly affairs and get into controversy.,It would be easy to get into the hormone business and get into controversy.,It would have been easy for us to get caught up in worldly matters and controversy | It could have been easy for us to become involved in worldly affairs and disputes,54.666666666666664,False
1265,"O Jewova, yo kontinye mache avè w e yo gen favè w.","O Jehovah, they continue to walk with you and have your favor.","O Jehovah, they continue to walk with you and have your favor.","O Jehovah, they keep walking with you and enjoy your favor | O Jehovah, they continue to follow you and have your blessing",80.0,True
1266,"E lè finalman Mari ak Jozèf vin jwenn Jezi twa jou apre, yo jwenn li nan tanp lan ki ""chita nan mitan anseyan yo, l ap koute yo e l ap poze yo kesyon"". — Lik 2: 44 - 46.","And when Mary and Joseph finally found Jesus three days later, they found him in the temple “sitting in the midst of the teachers and listening to them and questioning them.”—Luke 2:44-46.","And when Mary and Joseph finally came to Jesus three days later, they found him in the temple, ""lying among the teachers, listening to them and asking them questions"".  Luke 2:44-46.","When Mary and Joseph finally found Jesus three days later, they found him in the temple, sitting among the teachers, listening to them and asking them questions. | Three days later, Mary and Joseph found Jesus in the temple, seated with the teachers, listening and asking questions.",89.59537572254335,True
1267,"Men sa yon Samaritèn te di Jezi yon lè: ""Mwen konnen Mesi a ap vini, li menm yo rele Kris la.""","Samaritan woman once said to Jesus, ""I know that Messiah is coming, who is called Christ.""","This is what a Samaritan woman once said to Jesus: I know that the Messiah is coming, he who is called the Christ.","I know that the Messiah is coming, who is called Christ. | I know the Messiah is coming, the one called Christ.",68.96551724137932,False
1268,"Pa egzanp, gwo malè te manke rive ni mesye ki te manke vyole madanm Abraram nan, ki te gran grann Jozèf, ni mesye ki te manke vyole madanm Izarak la, ki te grann Jozèf.","For example, great calamity nearly befell both the man who nearly raped Abraham's wife, who was Joseph's great-grandmother, and the man who nearly raped Isaac's wife, who was Joseph's great-grandmother.","For example, the tragedy that failed happened to either the man who failed to rape Abraham's wife, the grandmother of Joseph, or the man who failed to rape Isaac's wife, the grandmother of Joseph.","For example, disaster nearly struck both men who almost raped Abraham’s wife, Joseph’s great-grandmother, and Isaac’s wife, Joseph’s grandmother | For example, both men narrowly escaped a terrible fate after nearly assaulting Abraham’s wife, Joseph’s great-grandmother, and Isaac’s wife, Joseph’s grandmother",61.49425287356323,False
1269,"Okenn lòt relijyon pa t gen sans pou mwen, donk, m te di tèt mwen pa gen Bondye.","No other religion made sense to me, so I told myself there was no God.","No other religion made sense to me, so I told myself there is no God.","No other religion made sense to me, so I concluded there was no God. | Nothing about any other religion made sense to me, so I ended up telling myself there was no God.",89.05109489051095,True
1270,"Si yon moun ap fè ofrann sa a pou di Bondye mèsi , l'a ofri ba li gato san ledven , ti pen plat san ledven epi pat farin fri nan grès .","If a person offers this offering as a thank offering to God, he shall offer unleavened cakes, unleavened wafers, and fine flour fried in oil.","If anyone is making this offering of thanksgiving, he shall offer to him unleavened cakes, unleavened bread, and unleavened dough fried in oil.","If someone brings this as a thanksgiving offering to God, they should offer unleavened cakes, unleavened wafers, and fine flour fried in oil | If a person presents this as a thank offering to God, they must bring unleavened cakes, unleavened wafers, and flour mixed and fried in oil",69.96466431095406,False
1271,"Menm jan moun yo gen ide depaman sou dye ak deyès yo, se konsa tou yo gen ide depaman sou fason pou yo kominike ak yo.","Just as people have different ideas about gods and goddesses, they also have different ideas about how to communicate with them.","Just as people have superhuman ideas about the gods and goddesses, so also they have superhuman ideas about how to interact with them.","People have different beliefs about gods and goddesses, and about how to reach them | Different people have different views on gods and goddesses, and on how to communicate with them",66.3594470046083,False
1272,Ki sa k ap ede w kontinye suiv Kris?,What will help you continue to follow Christ?,What will help you to continue to follow Christ?,What will help you keep following Christ? | What will help you continue to follow Jesus?,86.95652173913044,True
1273,"8, 9. a Bay kèk eksperyans ki montre ki jan li enpòtan pou nou sèvi ak Bib la nan ministè nou. b Ki sa nou ka fè pou nou pi byen sèvi ak Pawòl Bondye a?","8, 9. a Give some experiences that show the importance of using the Bible in our ministry. b What can we do to make better use of God’s Word?","8, 9. A Give some experiences showing how important it is to use the Bible in our ministry. b What can we do to make better use of Gods Word?","8, 9. a Share some experiences that show why it’s important to use the Bible in our ministry. b What can we do to use God’s Word more effectively? | 8, 9. a Give examples that show the value of using the Bible in our ministry. b What can we do to make better use of God’s Word?",82.5278810408922,True
1274,Tout lajounen lwanj ou nan bouch mwen . M'ap fè konnen jan ou gen pouvwa .,"All day long your praise is in my mouth , and I will proclaim your power .",All day long I praise you in my mouth. I will make known your power.,"I praise you all day long, and I will proclaim your power | Your praise is always on my lips, and I will declare your mighty power",59.20000000000001,False
1275,"Pitit la te konn travay ak kè kontan avèk Papa a antanke ""ouvriye abil"" Papa a te renmen anpil la e antanke""Pawòl la"", sètadi Pòtpawòl li.","The Son worked joyfully with the Father as the Father's beloved ""master worker"" and as ""the Word,"" his Spokesman.","The Son used to work with joy with the Father as his beloved ""skilled laborer"" and as ""the Word"", that is, his spokesman.","The Son joyfully worked with the Father as his beloved master worker and as “the Word,” his spokesman | The Son happily served alongside the Father as his cherished skilled worker and as “the Word,” his spokesman",75.67567567567568,False
1276,"Kat mwa annapre, mwen te vin nome pyonye espesyal ak sèvitè kongregasyon nan yon ti kongregasyon ki nan vil Spittal an der Drau, yon vil ki nan pwovens Carinthia.","Four months later, I was appointed as a special pioneer and congregation servant in a small congregation in Spittal an der Drau, a town in the province of Carinthia.","Four months later, I was appointed special pioneer and congregation servant in a small congregation in the town of Spittal an der Drau, a town in the province of Carinthia.","Four months later, I was appointed as a special pioneer and congregation servant in a small congregation in Spittal an der Drau, in Carinthia. | Four months later, I was assigned as a special pioneer and congregation servant in a small congregation in Spittal an der Drau, Carinthia.",87.26114649681529,True
1277,"3, 4. a Ki sa ki montre Bib la kondane lè yon moun ap bwè nan pwen pou l sou?","3, 4. a What does the Bible show that drinking to the point of drunkenness condemns?","3, 4. What does the Bible show to condemn when someone drinks in lieu of drinking?",What does the Bible say about drinking to the point of drunkenness? | What does the Bible condemn when someone drinks until they are drunk?,77.92207792207793,False
1278,Gen anpil moun ki vin distrè nan kouri dèyè bagay materyèl e ki pa kite je yo fikse sou pri a.,Many people become distracted by the pursuit of material things and do not keep their eyes on the prize.,There are many people who become distracted from pursuing material things and do not let their eyes fix on the price.,Many people get distracted chasing material things and lose sight of what really matters | A lot of people are sidetracked by material pursuits and forget to keep their eyes on the prize,64.24870466321244,False
1279,"Sa klè, Jòb pa t konprann Tonm nan se yon lanfè dife, yon kote li t apral soufri pi rèd.","Clearly, Job did not understand that the Grave was a fiery hell, a place where he would suffer more severely.","Obviously, Job did not understand that Hell is a fiery hell, a place where he would suffer most.","Clearly, Job didn’t realize the Grave was a fiery hell, where he would suffer even more. | It was clear Job didn’t understand that the Grave was a burning hell, a place of even greater suffering.",68.96551724137932,False
1280,"Ou pran bèl rad koulè ou yo , ou dekore kote w'ap fè sèvis pou lòt bondye sou tèt mòn yo . Tankou yon fanm k'ap fè jennès , ou kouche la ak dènye moun ki vini .","You took your colorful clothes and adorned your high places on the mountaintops , and like a prostitute you lied there with the last person who came .","Or take your beautiful colored clothes, or decorate places where you will serve other gods on the mountain peaks. Like a young woman, you lie there with the last person to come .",You dressed up your shrines on the hilltops and played the harlot with every passerby | You adorned your high places and prostituted yourself to anyone who came along,47.55244755244755,False
1281,"Yon senmenn apre sa , disip Jezi yo te reyini ankò nan kay la . Fwa sa a , Toma te la tou . Tout pòt te fèmen akle . Jezi vini , li kanpe nan mitan yo , li di yo : — Lapè avèk nou .","A week later , again his disciples were together in the house . This time Thomas was there too . The doors were locked . Jesus came and stood among them and said to them , "" Peace be with you . ""","About a week later , the disciples were gathered together in the house again . This time , Thomas was with them . The doors were locked . Jesus came and stood in the midst of them , and said to them: Peace be with you .","A week later, the disciples were together again in the house. This time Thomas was there too. The doors were locked. Jesus came and stood among them and said, “Peace be with you.” | A week later, Jesus’ disciples were gathered again in the house, and Thomas was with them this time. The doors were locked, but Jesus came and stood among them, saying, “Peace be with you.”",81.61209068010076,True
1282,Poukisa li enpòtan pou n fè lafwa n vin pi solid?,Why is it important to strengthen our faith?,Why is it important to make faith more solid?,Why is it important to strengthen our faith? | Why is it important to build up our faith?,72.5,False
1283,"Si nou fè zanmi ak monn nan, sa kapab ban nou kèk avantaj, men se pou yon ti tan.","Making friends with the world may bring us some advantages, but only for a short time.","If we make friends with the world, this may give us some advantage, but only temporarily.","Making friends with the world may bring temporary benefits | Befriending the world can offer advantages, but only briefly",65.80645161290323,False
1284,"NAN kat Evanjil yo, se Evanjil Mak la ki pi kout.","OF the four Gospels, Mark's Gospel is the shortest.","OF THE four Gospels, Mark's Gospel is the shortest.","Of the four Gospels, Mark’s is the shortest | Mark’s Gospel is the shortest of the four Gospels",89.36170212765957,True
1285,"Poutan, disip Jezi yo ki t ap pale ak moun yo se te Galileyen.","Yet, the disciples of Jesus who were speaking to the people were Galileans.","Nevertheless, the disciples of Jesus who were speaking to the people were Galileans.",Yet Jesus’ disciples who were speaking to the people were Galileans | But the disciples of Jesus who were speaking to the people were Galileans,91.61290322580645,True
1286,"Men sa Lee di: Akoz travay mwen, chak jou mwen te rankontre kèk etranje ki vann antrepriz la machandiz kredi.","Lee said: Because of my work, every day I met some foreigners who sold goods to the company on credit.","Here's what Lee says: Because of my job, every day I met some foreigners who sold the credit merchandise venture.","Lee said: Because of my job, I met some foreign suppliers every day who sold goods to the company on credit. | Lee said: Due to my work, I came across a few foreign vendors each day who extended credit to the company.",64.51612903225806,False
1287,Gen yon sè ki fè konnen li te konn pè fè kòmantè nan etid Toudegad la.,One sister said that she used to be afraid to comment at the Watchtower Study.,There is a sister who says she was afraid to comment on the study Toudegad.,A sister said she used to be too shy to comment during the Watchtower Study | A sister said she used to be afraid to raise her hand at the Watchtower Study,57.33333333333333,False
1288,"Nan yon vizyon, Jewova fè Pyè konprann byen klè se pa ras yon moun oswa nasyonalite l ki enpòtan pou li.","In a vision, Jehovah made it clear to Peter that a person’s race or nationality are not important to him.","In a vision, Jehovah made it clear to Peter that race or nationality was important to him.","In a vision, Jehovah showed Peter that a person’s race or nationality doesn’t matter to him | In a vision, Jehovah made it clear to Peter that race and nationality are not important to him",90.0,True
1289,"Anplis, disip Jezi yo montre yo fidèl ak li lè yo reflete kalite li yo nan fanmi yo.","Moreover, Jesus’ followers show their loyalty to him by reflecting his qualities in their families.","Moreover, Jesus' followers show their loyalty to Him by reflecting His kindness in their families.","Moreover, Jesus’ followers prove their loyalty by showing his qualities in their families. | Jesus’ followers demonstrate their faithfulness to him by reflecting his qualities at home.",79.7872340425532,False
1290,Moun ki te ekri sòm nan te konnen jan pèp Bondye tan lontan an te gen favè Bondye.,The writer of the psalm knew how favored God’s people of old were.,The people who wrote the psalm knew how God's grace was shown to the ancient people.,The psalmist knew how blessed God’s people were in the past | The writer of the psalm knew how much favor God’s people of old had,57.14285714285714,False
1291,"Wi, reflechi seryezman sou moun sa a ki te andire jan de pawòl sa yo pechè yo t ap di kont li, pawòl ki kont pwòp enterè yo, pou NOU pa fatige e pou NOU pa dekouraje.","Yes, think seriously about this man who endured such words from sinners, words against their own interests, so that YOU may not grow weary and lose heart.","Yes, think seriously about this man who endured the kind of words that the peasants would say to himself, words that were against his own interests, so that WE would not tire out and NOT be discouraged.","Yes, consider carefully the one who endured such opposition from sinners, so you won’t grow weary and lose heart. | Think seriously about the one who endured such words from sinners, so you won’t get tired and discouraged.",58.89967637540453,False
1292,"Kèlkeswa kantite tan nou genyen depi n ap sèvi Jewova, nou chak ka mande tèt nou: 'Èske gen kèk domèn kote m ta dwe imite Jezi plis toujou yon fason pou m kontinye pwogrese nan domèn espirityèl?'","No matter how long we have been serving Jehovah, each of us can ask ourselves, 'Are there areas in which I could imitate Jesus more fully in order to continue to make spiritual progress?'","No matter how long we have been serving Jehovah, we can each ask ourselves, Are there areas in which I should imitate Jesus more and more a way to continue to progress in the spiritual realm?","No matter how long we’ve been serving Jehovah, each of us can ask ourselves, “Are there areas where I could imitate Jesus more fully so I can keep making spiritual progress?” | Regardless of how long we’ve served Jehovah, we can each ask ourselves, “Are there ways I could imitate Jesus even more closely to continue progressing spiritually?”",78.84057971014494,False
1293,"Sòlda, agoch: foto U.S.","Soldier, left: US photo","Soldier, boy: picture U.S.","Soldier, left: U.S. photo | Soldier, on the left: U.S. photo",69.23076923076923,False
1294,"Toupatou sou tè a, sèvitè Bondye yo vle pou abiman yo byen ranje, pou l pwòp, pou l akseptab e pou aparans yo kòrèk.","Everywhere on earth, God’s servants want their clothing to be neat, clean, acceptable, and presentable.","Across the earth, the servants of God want their dress to be neat, clean, acceptable and appearance is correct.","Everywhere in the world, God’s servants want to dress neatly, cleanly, and appropriately | Across the earth, God’s servants want their clothing to be tidy, clean, acceptable, and presentable",73.33333333333334,False
1295,"Veye pou pèsonn pa rann mal pou mal, men toujou chèche fè sa ki bon youn pou lòt e pou tout moun.","See that no one repays evil for evil, but always seek to do what is good for one another and for all.","Be careful that no one repays evil for evil, but always seek to do what is good for one another and for all.","Make sure no one pays back evil for evil, but always try to do good to each other and to everyone | Don’t repay wrong with wrong; instead, always seek to do what is good for one another and for all",73.83177570093457,False
1296,"Èske se pa t ""move rezònman"" ki te pouse moun sa yo aji konsa?","Wasn't it ""bad reasoning"" that drove these people to act this way?",Wasnt it the act of reasoning that moved these men to act?,Wasn’t it bad judgment that led these people to act this way? | Wasn’t it poor reasoning that made these people act like this?,70.6896551724138,False
1297,Bib la pa entèdi kretyen yo manje ansanm ak moun ki pa kwayan. — 1 Kor.,The Bible does not forbid Christians from eating with unbelievers.—1 Cor.,The Bible does not prohibit Christians from eating together with unbelievers.  1 Cor.,The Bible doesn’t forbid Christians from sharing a meal with unbelievers. | Christians are not forbidden by the Bible from eating with unbelievers.,79.26829268292683,False
1298,Ki leson n ka aprann apre n fin n egzamine istwa kat wa Jida yo pale de yo nan atik sa a?,What lessons can we learn from examining the history of the four kings of Judah mentioned in this article?,"What lessons can we learn after examining the four kings of Judah, of whom we shall speak in this article?",What lessons can we learn from reviewing the history of the four kings of Judah mentioned in this article? | What lessons can we draw from examining the history of the four kings of Judah mentioned in this article?,74.88151658767772,False
1299,Ki jan w ka reyisi lavi w pou toutan?,How can you succeed in your life forever?,How can you make your life a success forever?,How can you make your life a success forever? | How can you live a successful life forever?,100.0,True
1300,"An janvye 1965, nou te rive pran kontak ak filyal la.","In January 1965, we were able to contact the branch office.","In January 1965, we were able to make contact with the branch.","In January 1965, we managed to get in touch with the branch office. | In January 1965, we were able to reach the branch office.",82.35294117647058,True
1301,"Menm jan mwen renmen nou an, nou menm tou, se pou nou youn renmen lòt. Se konsa tout moun ap konnen nou se disip mwen, si nou gen lanmou nan mitan nou.","Just as I have loved you, you also are to love one another. By this everyone will know that you are my disciples, if you have love for one another.","As I have loved you, you also must love one another. By this all will know that you are my disciples, if you have love among yourselves.","Love one another as I have loved you. This is how everyone will know you are my disciples, if you love one another. | Just as I have loved you, you should love each other. That’s how people will know you are my disciples—by the love you have for one another.",72.32472324723247,False
1302,"Abram ak Nakò te fè pozisyon . Abram marye ak Sarayi , Nakò marye ak Milka , pitit fi Aran . Aran te gen yon lòt pitit ankò yo te rele Jiska .","Abram and Nahor settled down . Abram married Sarai , Nahor married Milcah , the daughter of Haran . Haran had another son named Iscah .","Abram and Nahor stood . Abram married Sarai , Nahor married Milcah , daughter of Haran . Haran had another son named Jiska .","Abram and Nahor settled down. Abram married Sarai, and Nahor married Milcah, Haran’s daughter. Haran also had another child named Iscah | Abram and Nahor established themselves. Abram took Sarai as his wife, while Nahor married Milcah, the daughter of Haran. Haran had another son named Iscah",77.68595041322314,False
1303,Se yon bagay li pa t ap atann ditou.,It was something he didn't expect at all.,If something he wouldnt expect at all.,He never saw it coming | It was totally unexpected,50.66666666666666,False
1304,Se paske kantite tan nou viv fè nou pa wè kesyon tan an menm jan ak Jewova ditou.,It is because the length of our lives has made us not see the issue of time as Jehovah does.,It is because of the length of time we live that we do not view the question of time in the same way as Jehovah at all.,"Our short lives make us see time differently from Jehovah. | Because we live such brief lives, we don’t view time the way Jehovah does.",60.204081632653065,False
1305,"Finalman, li te resi aksepte sa jenòm nan t ap di l la, men li te mande malere a pou l peye amann poutèt li pa t gen dokiman legal yo.","Finally, he finally accepted what the young man was telling him, but he asked the unfortunate man to pay a fine for not having the legal documents.","Finally, he received acceptance that the genome was not going to tell him, but he asked the poor man to pay fine for not having the legal documents.","At last, he accepted what the young man was saying, but he still made the poor man pay a fine for not having the proper papers. | In the end, he agreed with the young man, but he fined the poor fellow for lacking the required documents.",66.18181818181819,False
1306,"Ki jan nou fè egare konsa? Nou konmanse ak pouvwa Lespri Bondye a, kounyeya nou vle fini ak pwòp fòs kouray nou?","How can we be so foolish? We began by the power of the Spirit, and now we want to finish by our own strength?","How are we so eager? We started with the power of the Spirit, now we want to finish with our own strength?","How could we be so foolish? We started by the Spirit’s power, and now we want to finish in our own strength? | How can we be this foolish? We began with the Spirit’s power, and now we’re trying to finish on our own?",71.69811320754718,False
1307,"Dayè, Bib la fè konnen: ""Fè awogans, gonfle lestonmak yo sou moun, se sa ase mechan yo ap chache fè. Tou sa se peche."" — Pwo.","After all, the Bible says: “The wicked seek to be arrogant and puffed up with pride. All of this is sin.”—Prov.","Yes, the Bible says: Blow up, inflate the nostrils on men, that is what the impious are seeking to do. All this is sin.  Prov.","After all, the Bible says that the wicked are full of pride and arrogance. | The Bible says the wicked are always trying to act proud and superior.",50.0,False
1308,"Nan dènye jou n ap viv la yo, ""sila ki gen klèvwayans yo"", sètadi kretyen wen yo,""klere tankou flanbo"" e yo ""fè anpil moun vin ap pratike jistis"". Pami moun sa yo, gen yon""gwo foul"" ""lòt mouton"".","In these last days, “those having insight,” anointed Christians, “shine as illuminators” and “bring many to righteousness.” Among these are “a great crowd” of “other sheep.”","In the last days we live in, ""the remnant of the cleavageans"", namely the Christians, ""shine like torches"" and ""make many to practice justice"". Among these people, there is a""great crowd"" of ""other sheep"".","In these last days, those with insight, anointed Christians, shine as lights and lead many to righteousness. Among them are a great crowd of other sheep.|In these last days, the discerning ones, anointed Christians, shine like beacons and help many live righteously. Included among them is a great crowd of other sheep.",66.48648648648648,False
1309,"Leif, ki fèt nan yon peyi ki nan pati nò Ewòp, te kwè anpil nan teyori evolisyon an e li te konsidere Labib kòm yon liv lejann.","Leif, born in a country in northern Europe, strongly believed in the theory of evolution and considered the Bible to be a book of legends.","Leif, born in a country in northern Europe, believed heavily in the theory of evolution and considered the Bible as a book of legends.","Leif, who was born in a Northern European country, strongly believed in evolution and saw the Bible as a book of myths. | Leif, a native of a country in Northern Europe, was a firm believer in evolution and regarded the Bible as a collection of legends.",73.9622641509434,False
1310,"Mwen tande yon vwa ki sòti nan mitan kat bèt vivan yo ki t'ap di : — Yon mezi diri pou yon jounen travay . Twa mezi pitimi pou yon jounen travay . Men , pa manyen ni lwil la ni diven an .","heard a voice from the midst of the four living creatures say, ""A measure of rice for a day's work. Three measures of millet for a day's work. But do not touch the oil and the wine.""",I heard a voice from among the four living creatures saying:  One measure of rice for one day . Three measures of rice for one day . But do not touch the oil or the wine .,"A day’s wages for a measure of rice, three measures of millet for a day’s work, but don’t touch the oil or the wine | A full day’s labor for just a little rice and millet, but leave the oil and wine alone",66.89895470383276,False
1311,"Mete sou sa, priye Jewova konsènan sitiyasyon an.","Also, pray to Jehovah about the situation.","In addition, pray to Jehovah regarding the situation.","Also, pray to Jehovah about it. | Also, pray to Jehovah about the situation.",77.08333333333334,False
1312,"Sepandan, avèk letan, yo vin itilize mo a pou fè referans ak kay kote moun yo rasanble pou yo adore Bondye.","However, over time, the word came to refer to houses where people gathered to worship God.","However, over time, the word came to be used to refer to the house where people gathered to worship.","Over time, the word came to mean churches where people gathered to worship God | Eventually, it came to refer to places of worship where people gathered to praise God",78.16091954022988,False
1313,"Pou nou koute, sa mande pou nou konsantre, men, efò nou fè nan sans sa a vo lapèn.","Listening requires concentration, but the effort is worth it.","Listening requires focus, but the effort we make in this regard is worth it.","Listening takes concentration, but it’s worth the effort | You have to focus to listen, but it pays off",53.65853658536586,False
1314,"Lè nou suiv konsèy saj sa a, sa ka evite n fè gwo depans pou zafè tribinal.",Following this wise advice can help you avoid costly legal proceedings.,"By following this wise counsel, we may avoid incurring great expenses in court cases.",Following this wise advice can help you avoid costly court cases | Heeding this wise advice can save you from expensive legal trouble,63.08724832214765,False
1315,"Lè sa a , granprèt la chire rad ki te sou li a , li di : L'ap pale mal sou Bondye . Sa nou bezwen lòt temwen fè : Nou fèk tande ak zòrèy nou jan l' pale mal sou Bondye .","Then the high priest tore his clothes and said , "" He has blasphemed . What further need do we have of witnesses ? We have heard with our own ears the blasphemy he has spoken . """,Then the high priest rent his clothes and said: He speaks blasphemously. What we need other witnesses to do is: We have just heard with our ears how he speaks blasphemously .,"Then the high priest tore his robes and said, “He has blasphemed! Why do we need any more witnesses? We have heard the blasphemy ourselves.” | Then the high priest tore his clothes and said, “He has spoken blasphemy! What more witnesses do we need? We heard it with our own ears.”",71.38263665594855,False
1316,Ki fason nou ka kontrekare lespri monn nan?,How can we counteract the spirit of the world?,How can we counteract the spirit of the world?,How can we resist the spirit of the world? | How can we stand against the spirit of the world?,86.36363636363636,True
1317,"Pa mete nan tèt nou se lapè mwen vin mete sou latè. Mwen pa vin mete lapè, men mwen vin mete divizyon.","Do not think that I have come to bring peace on earth. I did not come to bring peace, but division.","Remember, I came to bring peace on earth. I did not come to bring peace, but division.","Don’t think I came to bring peace on earth. I came not to bring peace, but division. | Do not assume I came to bring peace to the earth; I came to bring division, not peace.",81.17647058823529,True
1318,"Men, olye de sa, li te remèsye m pou bon travay mwen fè.","But instead, he thanked me for the good work I did.","But instead, he thanked me for the good work I do.","Instead, he thanked me for my good work | But instead, he thanked me for the good job I did",90.9090909090909,True
1319,Pye oliv sa a yo plante nan jaden an reprezante akonplisman objektif Bondye anrapò ak alyans li te fè ak Abraram nan.,This olive tree planted in the garden represents the fulfillment of God's purpose in connection with the covenant he made with Abraham.,This olive tree planted in the garden represents the fulfillment of God's purpose in relation to the covenant he made with Abraham.,This olive tree in the garden symbolizes God’s promise to Abraham being fulfilled | The olive tree planted in the garden stands for the fulfillment of God’s covenant with Abraham,75.55555555555556,False
1320,"Konsa, selon Labib, sèl remèd pou lanmò se rezirèksyon.","Thus, according to the Bible, the only remedy for death is resurrection.","Thus, according to the Bible, the only remedy for death is the resurrection.","So, according to the Bible, the only cure for death is resurrection. | According to the Bible, resurrection is the only answer to death.",90.27777777777779,True
1321,"Men avètisman yo te jwenn: ""Pinga nou pwoche bò kot bagay nou dwe detwi yo, yon fason pou nou pa vin gen dezi"" pou nou pran kèk nan bagay sa yo.","The warning they found was: ""Do not come near the things that are to be destroyed, so that you do not become greedy"" to take some of these things.","But the warning signs were found: ""Let us not approach things as we must destroy them, a way that we do not become desirous"" to take some of these things.","Don’t go near the things that are to be destroyed, or you’ll be tempted to take some | Stay away from the doomed things so you won’t be tempted to grab any",52.01465201465201,False
1322,"Pou fèt lalin nouvèl lan , l'a ofri yon jenn towo bèf , sis ti mouton ak yon belye mouton , yo tout san ankenn enfimite .","For the New Moon Festival he shall offer one young bull , six lambs and one ram , all without blemish .","To celebrate the new moon, he sacrifices a young bull, six lambs and a ram, all without blemishes.","For the New Moon celebration he shall offer a young bull, six lambs, and one ram, all without defect | At the New Moon festival, he is to present a young bull, six lambs, and one ram, all unblemished",74.87179487179488,False
1323,"Lè de moun ki marye yo travay ann ekip, y ap tankou de moun k ap dirije yon avyon ki suiv menm plan pou yo rive kote yo prale a.","When two married people work as a team, they are like two pilots flying an airplane, following the same plan to reach their destination.","When two couples work together as a team, they're like two people driving an airplane that follow the same plan to get to where they're going.","A married couple working together is like two pilots flying the same plane toward the same destination | When husband and wife team up, they’re like co-pilots following one flight plan to reach their goal",57.89473684210527,False
1324,Ti pale sa a te bay bon rezilta. Kòlèg la te enpresyone pou efò Kyle te fè pou l rezoud pwoblèm nan.,This small talk paid off. The colleague was impressed by Kyle's efforts to resolve the problem.,This small talk gave good results. The colleague was impressed by Kyles efforts to solve the problem.,The small talk paid off. | The colleague was impressed by Kyle’s efforts.,80.82191780821918,True
1325,"Dallin H. Oaks, ""No Other Gods,"" Ensign oswaLiahona, Nov. 2013, 72–75;","Dallin H. Oaks, ""No Other Gods,"" Ensign or Liahona, Nov. 2013, 72–75;","Dallin H. Oaks, ""No Other Gods,"" Ensign or Liahona, Nov. 2013, 7275;","Dallin H. Oaks, ""No Other Gods,"" Ensign or Liahona, Nov. 2013, 72–75 | Dallin H. Oaks, ""No Other Gods,"" Ensign or Liahona, Nov. 2013, 72–75",98.52941176470588,True
1326,"Kounye a, nou rive nan kesyon prensipal la: Poukisa ""Jij tout tè a"" te soumèt limanite anba lavi sa a ki chaje ak lapenn epi ki bay desepsyon?","Now, we come to the main question: Why did the ""Judge of all the earth"" subject humanity to this life filled with sorrow and disappointment?",Now we come to the main question: Why has the Judge of the whole earth subjected mankind to this life of sorrow and disappointment?,"Now we come to the main question: Why did the Judge of all the earth subject humanity to this sorrowful, disappointing life? | Now we come to the central question: Why did the Judge of all the earth place humanity under this life of sorrow and disappointment?",81.67938931297711,True
1327,"Nan lòt bò a, gen Jewova, Jezi Kris, Wa nou an, kretyen Bondye chwazi ki deja resisite nan syèl la ak plizyè milye zanj.","On the other side are Jehovah, our King Jesus Christ, anointed Christians already resurrected to heaven, and thousands of angels.","On the other hand, there are Jehovah, Jesus Christ, our Lord, God's chosen Christians who are already resurrected in heaven with thousands of angels.","On the other side are Jehovah, our King Jesus Christ, anointed Christians already in heaven, and thousands of angels. | On the other side are Jehovah, Jesus Christ our King, anointed Christians who have already been resurrected to heaven, and thousands of angels.",80.82191780821918,True
1328,Pèsonn pa ka anpeche Jewova reyalize objektif li.,No one can stop Jehovah from fulfilling his purpose.,No one can prevent Jehovah from achieving his purpose.,No one can stop Jehovah from carrying out his purpose | No one can prevent Jehovah from accomplishing his purpose,87.03703703703704,True
1329,"Mwen te la lè li t'ap mete syèl la nan plas li , lè li t'ap trase liy kote syèl la kontre ak latè a .","I was there when he was setting the heavens in their place, when he was drawing the line where heaven meets earth.","I was there when he put the sky in its place, when he drew the line where the sky meets the earth.","I was there when he set the heavens in place, when he drew the horizon line | I was there when he laid out the sky, when he marked the boundary between heaven and earth",73.46938775510203,False
1330,""" Gade ki jan yon seri de tradiksyon Labib tradui Efezyen 1: 7: ""Gremesi Kris ki mouri pou nou an, nou delivre, nou resevwa padon pou peche nou yo.","See how a number of Bible translations translate Ephesians 1:7: Through Christ who died for us, we have redemption, the forgiveness of our sins.",""" Notice how a set of Bible translations translates Ephesians 1:7: By Christ Jesus died for us, we are redeemed, we receive the remission of our sins.","Through Christ who died for us, we are redeemed and forgiven for our sins | Thanks to Christ’s death for us, we have redemption and forgiveness of sins",54.400000000000006,False
1331,"Si se ak pwòp efò pa nou, nou pap janm ka retire tach peche a kite.","If it is by our own efforts, we will never be able to remove the stain of sin.","If it is not with our own efforts, we will never be able to remove the stain of the kite.",We can never cleanse ourselves of sin by our own efforts | Our own efforts will never remove the stain of sin,72.22222222222221,False
1332,Mesye a te kontan e sa te pouse l ekri pawòl nou sot mansyone la yo nan yon lèt li te voye nan Sal Wayòm Temwen Jewova ki nan zòn nan.,The man was delighted and was moved to write the above-mentioned words in a letter he sent to the local Kingdom Hall of Jehovah’s Witnesses.,The gentleman was delighted and was moved to write down our words from the mentions in a letter he sent to the local Kingdom Hall of Jehovah's Witnesses.,The man was so pleased that he wrote those words in a letter to the local Kingdom Hall of Jehovah’s Witnesses | He was delighted and felt compelled to send those words in a letter to the nearby Kingdom Hall of Jehovah’s Witnesses,70.99236641221374,False
1333,Ki sa nou chak dwe fè?,What should each of us do?,What do we each have to do?,What should each of us do? | What is each of us supposed to do?,64.15094339622642,False
1334,Se nan okazyon kote Jezi te antre nan tanp lan e li te chase ni moun ki t ap achte ni moun ki t ap vann nan tanp lan.,It was on this occasion that Jesus entered the temple and drove out those who were buying and selling in the temple.,It was on occasion that Jesus entered into the temple and drove out those who were buying and selling in the temple.,"On this occasion, Jesus entered the temple and drove out the buyers and sellers | It was then that Jesus went into the temple and drove out those buying and selling there",81.37254901960785,True
1335,"Li di yo tou : — Nou byen konnen jan pou nou vire kòmandman Bondye yo voye jete , pou nou ka kenbe pwòp pawòl pa nou yo .","He also said to them: — You know how to set aside the commandment of God, that you may keep your own sayings.","He also says: We know well how to turn away from Gods commandments, so that we may keep our own words.",You know how to disregard God’s commandment to hold on to your own traditions | You know how to set aside God’s commandment in order to keep your own teachings,59.78260869565217,False
1336,"Kit nou rich, kit nou pòv, kit nou jèn, kit nou gen anpil laj sou tèt nou, kit nou an sante, kit sante nou pa bon, nou kapab gen yon relasyon sere sere ak Jewova.","Whether we are rich or poor, young or old, healthy or unhealthy, we can have a close relationship with Jehovah.","Whether we are rich or poor, whether we are young or old, whether we are healthy or unhealthy, we can have a close relationship with Jehovah.","Whether we’re rich or poor, young or old, healthy or not, we can have a close relationship with Jehovah. | No matter our age, health, or financial situation, we can enjoy a close relationship with Jehovah.",83.26530612244898,True
1337,"Nou menm , moun Siyon yo , fè fèt ! Fè kè nou kontan poutèt sa Senyè a , Bondye nou an , fè pou nou . Li ban nou kantite lapli nou te bezwen nan sezon lotòn . Li ban nou gwo lapli loray ak lapli nan sezon prentan , jan l te konn fè l anvan an .","Rejoice , O daughter of Zion , and be glad in the LORD your God , who has given you the autumn rain , the first rain , and the latter rain , as he has given you before .","O Zion , be joyful ! Be glad because of what the Lord our God has done for you . He gives you the quantity of rain you need in autumn . He gives you the heavy rain in autumn and spring , as he has done before .","Rejoice, O people of Zion, and be glad in the Lord your God | Be joyful, people of Zion, and rejoice in the Lord your God",50.83333333333333,False
1338,"Bondye rele vout la syèl . Yon lannwit pase , yon maten rive . Se te dezyèm jou a .","God called the expanse sky. There was evening and there was morning, the second day.","God called out to the sky . A night passed , a morning came . It was the second day .","God named the expanse the sky. Evening passed and morning came; it was the second day. | God called the expanse sky. Evening came and morning followed, marking the second day.",78.82352941176471,False
1339,N ap pi byen konprann pawòl Jezi ki rapòte nan Lik 6: 35 lan lè nou al gade sa k te di nan Lwa Moyiz la.,We can better understand Jesus’ words recorded at Luke 6:35 by considering what was said in the Mosaic Law.,We will better understand Jesus' words related in Luke 6:35 when we look at what he said in the Law.,We can better understand Jesus’ words in Luke 6:35 by looking at what the Mosaic Law said | Jesus’ words at Luke 6:35 are clearer when we consider what the Mosaic Law said,77.17391304347827,False
1340,"Byenke Jewova vrèman elve, moun ki gen kè sensè ki vle pwoche bò kote l kapab fè sa.","Although Jehovah is truly exalted, sincere people who want to draw close to him can do so.","Although Jehovah is indeed exalted, sincere people who want to draw near to him can do so.","Though Jehovah is highly exalted, sincere people who want to draw near to him can do so. | Although Jehovah is exalted, sincere people who sincerely want to come close to him can do so.",93.25842696629213,True
1341,"Apot Pyè te ankouraje ansyen yo tou pou yo pa ""chèche jwenn avantaj nan move kondisyon"", men pou yo pran swen twoupo a""avèk anpresman"".",The apostle Peter also urged elders not to “seek advantage by means of dishonest gain” but to “care for the flock” “with eagerness.”,"The apostle Peter also urged the elders not to ""seek advantage in bad conditions"", but to take care of the flock""with empowerment"".",seek dishonest gain | care for the flock eagerly,56.25,False
1342,Pawòl Bondye a te rive penetre yon dirijan akoz yon bon defans Pòl te prezante.,The word of God was able to penetrate a leader because of a good defense presented by Paul.,The word of God had penetrated a leader because of a good defense Paul presented.,God’s word got through to a leader because Paul made a strong defense | A leader was reached by God’s word thanks to Paul’s effective defense,59.11949685534591,False
1343,Kenbe entegrite nou antanke kretyen pi enpòtan lontan pase vin popilè nan je moun ki pap viv ann amoni ak lwa Jewova yo.,Maintaining our integrity as Christians is far more important than being popular in the eyes of those who do not live by Jehovah’s laws.,Keeping our integrity as Christians is far more important than becoming popular in the eyes of those who do not live in harmony with Jehovah's laws.,Keeping our integrity as Christians matters far more than being popular with those who don’t live by Jehovah’s standards. | Staying faithful as Christians is much more important than winning approval from people who don’t follow Jehovah’s laws.,78.46153846153847,False
1344,"L'a sove lavi tout moun ki nan bezwen. — Sòm 72: 12, 13.","He will save the lives of all who are in need. —Psalm 72:12, 13.","He will save the lives of all who are in need.  Psalm 72:12, 13.",He will rescue those in need | He will save the needy,61.224489795918366,False
1345,"Nou dwe retire rankin, move san ak tout kalite mechanste nan nou.","We must remove resentment, bad blood, and all kinds of cruelty from ourselves.","We must remove rankin, mucous blood and all kinds of mechanste from us.","We must let go of resentment, ill will, and cruelty | We need to rid ourselves of bitterness, bad blood, and all forms of cruelty",52.112676056338024,False
1346,"Lè nou konn sa ki gen priyorite, nonsèlman sa ka ankouraje nou pou n bay sèvis Jewova a plis tan, men sa ap ede nou tou pou nou jwenn tan pou etid pèsonèl nou.",Knowing what our priorities are can not only motivate us to devote more time to Jehovah’s service but also help us to find time for personal study.,"Knowing what has priority will not only encourage us to devote more time to the service of Jehovah, but it will also help us to find time for our personal study.","Knowing our priorities can motivate us to spend more time in Jehovah’s service and make time for personal study. | When we know what comes first, it can encourage us to devote more time to Jehovah’s service and also help us find time for personal study.",76.28865979381443,False
1347,"Pen yo te genyen nan moman sa a, se menm kalite pen yo te fèk itilize pou Pak la.",The bread they had at that time was the same kind of bread that had just been used for the Passover.,The bread they had at that time was the same kind of bread that had just been used for the Passover.,The bread they had then was the same kind used for Passover | They were eating the same kind of bread that had just been used for Passover,80.68181818181819,True
1348,Ki responsablite tout entandan Bondye yo genyen?,What is the responsibility of all of God's stewards?,What are the responsibilities of all God's people?,What responsibility do all of God’s stewards have? | What is the duty of all God’s stewards?,69.76744186046511,False
1349,Èske m ka tounen semèn pwochèn pou m ka montre w rezon ki fè nou sèten Bondye pral mete fen nan tout soufrans talè konsa ?,Can I come back next week to show you why we can be sure that God will end all suffering soon?,Can I come back next week and show you why we are certain that God will end all suffering so soon ?,Can I come back next week to show you why we’re sure God will end all suffering soon? | May I return next week to explain why we can be certain God will soon bring an end to all suffering?,85.86956521739131,True
1350,"Lanmou se yon pati nan ""fwi lespri a"".","Love is part of the ""fruit of the spirit.""","Love is part of the ""fruit of the spirit"".",Love is one of the fruits of the Spirit | Love is part of the Spirit’s fruit,86.41975308641976,True
1351,"Bondye menm gen pouvwa pou l' ban nou tout kalite benediksyon an kantite . Li fè sa , pa sèlman pou nou ka toujou genyen tou sa nou bezwen , men pou nou ka gen rès ki rete pou n' fè tout kalite bon zèv .","And God is able to make all blessings abound to us, so that always having all we need, we may have an abundance for every good work.","God himself has the power to give us all kinds of blessings in abundance. He does this, not only so that we can always have everything we need, but so that we may have the rest to do every kind of good work.","God can bless us abundantly so we always have enough and can do good works | God is able to provide generously, giving us all we need and more for every good deed",48.76543209876543,False
1352,"Menm jan ak Mat, ki evènman k ap bay kè kontan w ap tann?","Like Martha, what joyful event are you looking forward to?","Like Matt, what event will give you the joy you are looking for?",What happy event are you looking forward to? | What joyful occasion are you waiting for?,58.00000000000001,False
1353,31 Èske latè pral detwi?,31 Will the earth be destroyed?,31 Will the earth be destroyed?,Will the world end? | Is the earth going to be destroyed?,70.96774193548387,False
1354,"Ezekyas , wa peyi Jida a , te bay mil ( 1.000 ) towo bèf ak sètmil ( 7.000 ) mouton pou yo bay pèp la manje . Lòt otorite yo menm bò pa yo te bay mil towo bèf ak dimil mouton . Anpil prèt te mete tèt yo nan kondisyon pou sèvis Seyè a .",Hezekiah king of Judah gave a thousand bulls and seven thousand sheep to the people . The other officials gave a thousand bulls and ten thousand sheep . Many priests consecrated themselves to the Lord .,"Hezekiah , the king of Judah , gave one thousand oxen and seven thousand sheep to feed the people . Other authorities by the same side gave one thousand oxen and ten thousand sheep . Numerous priests set themselves in condition for the service of the Lord .","Hezekiah, king of Judah, provided a thousand bulls and seven thousand sheep for the people, and the other leaders contributed a thousand bulls and ten thousand sheep. Many priests also consecrated themselves to the Lord. | King Hezekiah of Judah gave the people a thousand bulls and seven thousand sheep, while the other officials supplied a thousand bulls and ten thousand sheep. Many priests also dedicated themselves to the Lord.",69.60167714884695,False
1355,"Elizabèt te demontre li fidèl nan yon lòt sans, e li merite felisitasyon pou sa.","Elizabeth proved faithful in another way, and she deserves commendation for that.","Elizabeth has proved faithful in another respect, and she deserves to be congratulated for that.","Elizabeth showed loyalty in another way, and she deserves praise for it. | Elizabeth proved faithful in a different way, and she deserves recognition for that.",75.55555555555556,False
1356,"Lè nou kontinye sèvi Jewova malgre nou pèdi anpil bagay nan domèn materyèl, ki sa nou montre?","When we continue to serve Jehovah despite material losses, what do we demonstrate?","By continuing to serve Jehovah despite material losses, what are we showing?","When we keep serving Jehovah even after losing a lot materially, what does that show? | What do we prove by continuing to serve Jehovah despite material losses?",83.96946564885496,True
1357,Jewova pap abandone w,Jehovah will not abandon you.,Jehovah will not abandon you,The Lord will never leave you | God will not forsake you,62.745098039215684,False
1358,Jewova te kreye lèzòm pòtre ak li e l ba yo kapasite espirityèl pou yo santi lanmou l ak fason l ap pran swen yo epi pou yo reyaji ak sa.,Jehovah created humans in his image and gave them the spiritual capacity to feel and respond to his love and care.,Jehovah created humans in his image and gave them the spiritual capacity to feel his love and the way he cared for them and to react to it.,Jehovah made humans in his image and gave them the spiritual ability to sense and respond to his love and care | Jehovah created people in his likeness and equipped them to feel and answer his loving care,73.01587301587303,False
1359,"Jodi a, annou bay ""yon atansyon ki plis pase sa nou abitye bay""","Today, let's give ""more attention than we are used to""","Today, lets give a heed that is more than we are accustomed to give",give it extra attention | pay closer attention,45.652173913043484,False
1360,"Konsa, Jewova kanpe bò kote nou.","So, Jehovah stands by us.","Therefore, Jehovah is standing beside us.","So, the Lord is with us. | So, God is on our side.",47.61904761904761,False
1361,"Byenke Jewova te pèmèt yo gen yon moun kòm wa sou tèt yo, li te fè Samyèl avèti yo pou yo pa kouri dèyè ""vanite"", sa vle di dèyè bagay ki pap itil yo anyen. — Li 1 Samyèl 12: 21.","Although Jehovah allowed them to have a human king, he had Samuel warn them not to pursue “vanity things,” that is, things that would not benefit them. —Read 1 Samuel 12:21.","Although Jehovah allowed them to have someone as their king, he had Samuel warn them not to pursue ""vanity"", that is, after things that are useless to them.  Read 1 Samuel 12:21.","Although Jehovah allowed them to have a human king, he had Samuel warn them not to chase after worthless things, things that would do them no good. | Although Jehovah allowed them to have a human king, he had Samuel warn them not to pursue empty things, things that would not benefit them.",73.81703470031546,False
1362,Ki sa k ka ede timoun yo devlope bon abitid pou yo etidye?,What can help children develop good study habits?,What can help children develop good studying habits?,What can help kids build good study habits? | How can children develop good study habits?,88.17204301075269,True
1363,Li te aji san pitye e li pa t montre li te regrèt sa l te fè a.,He acted ruthlessly and showed no remorse for what he had done.,He acted ruthlessly and did not show he regretted what he had done.,He was ruthless and showed no remorse | He acted mercilessly and felt no regret,62.71186440677966,False
1364,"Blese a geri lè l resisite sou twazyèm jou a e rezirèksyon sa a tou trase wout pou gen yon aksyon definitif ki fèt kont ""sila ki gen mwayen pou fè moun mouri a, anpalan de Dyab la"". — Ebre 2: 14.","The wounded one is healed by his resurrection on the third day, and this resurrection also paves the way for definitive action to be taken against “the one having the means to cause death, that is, the Devil.”—Hebrews 2:14.","The wound is healed by his resurrection on the third day and this resurrection also paves the way for a definitive action to be taken against ""the power of death, which belongs to the devil"".  Hebrews 2:14.","The wounded one is healed by rising on the third day, and this resurrection also opens the way for decisive action against “the one who has the power to bring death, that is, the Devil.”—Hebrews 2:14. | He is healed through his resurrection on the third day, and that resurrection also makes way for final action against “the one who has the power to cause death, that is, the Devil.”—Hebrews 2:14.",77.33990147783251,False
1365,"Sepandan, kretyen yo rekonèt se sèl Wayòm Bondye a ki ka rezoud pwoblèm lèzòm yo e ki ka garanti vrè jistis la.","However, Christians recognize that only God’s Kingdom can solve mankind’s problems and guarantee true justice.","However, Christians recognize that only the Kingdom of God can solve the problems of mankind and guarantee true justice.",Christians believe only God’s Kingdom can solve humanity’s problems and bring true justice | Christians know that only God’s Kingdom can fix mankind’s problems and ensure real justice,65.71428571428571,False
1366,"Lè yon moun di : Mwen menm , mwen konn Bondye , epi pou anmenmtan an li pa fè sa Bondye mande l fè a , moun sa a se yon mantò . Verite a pa nan li .","If someone says , "" I know God , "" and does not do what God commands , that person is a liar , and the truth is not in him .","When someone says: I know God , and yet he does not do what God asks him to do , that person is a liar . The truth is not in him .","If someone says, “I know God,” but doesn’t do what God commands, that person is a liar, and the truth is not in them. | Anyone who claims to know God but refuses to obey Him is lying, and the truth is not in them.",78.54251012145748,False
1367,"Li te fè l konnen li pa t'ap mouri san l pa wè Kris la , moun Bondye te chwazi pou l voye a.","He told him that he would not die before he had seen the Christ, the one whom God had chosen to send.","He had told her that she would not die without having seen the Christ, whom God had chosen to send.",He told him he wouldn’t die before seeing the Messiah | He said he would live to see the Christ God had sent,64.63414634146342,False
1368,"Apre sa li gade m epi li di m: ""Samdi pwochen se ou menm k ap fè diskou a.""","Then he looked at me and said, ""Next Saturday, you're the one giving the speech.""","Then he looked at me and said, Next Saturday is your speech.","Then he looked at me and said, ""You're giving the speech next Saturday."" | Then he looked at me and said, ""You're the one speaking next Saturday.""",74.13793103448276,False
1369,"Vejetasyon ki te vin pouse yo, jan nou wè sa nan Jenèz 1: 11, 12, kontribye pou fè gen anpil oksijèn ki disponib.","The vegetation that grew, as we see at Genesis 1:11, 12, contributed to the abundance of oxygen available.","The vegetation that grew up around them, as we see in Genesis 1:11, 12, contributed to making so much oxygen available.","The vegetation that grew, as we see in Genesis 1:11, 12, helped make plenty of oxygen available. | The plants that grew, as mentioned in Genesis 1:11, 12, contributed to the abundance of oxygen in the air.",78.13953488372093,False
1370,Èske w kwè Jezi pral resisite moun ki mouri yo?,Do you believe that Jesus will resurrect the dead?,Do you believe that Jesus will raise the dead?,Do you believe Jesus will bring the dead back to life? | Do you believe Jesus will raise the dead?,94.25287356321839,True
1371,"Nou menm , nou di : Nan kat mwa ankò , nou pral fè rekòt . Enben , mwen menm , mwen di nou : Pwonmennen je nou gade jaden yo byen . Rekòt yo gentan pare , yo bon pou ranmase .","You say , "" In four months , and then the harvest will come . "" But I tell you , "" Look around and see the fields , for they are already white for harvesting .","You , we say: In four months , we will be harvesting . Well , I , I say to you: Take a look at the fields carefully . The harvests are already ready , they are ready for harvesting .",Look around—the harvest is already ready. | The fields are ripe for harvest now.,73.10344827586206,False
1372,Yon bon anseyan bay bon egzanp.,A good teacher sets a good example.,A good teacher gives a good example.,A good teacher leads by example | Good teachers set the example,77.61194029850746,False
1373,Gade sa yo di nan dènye pati vèsè a.,Look at what is said in the last part of the verse.,Note what they say in the last part of the verse.,See what they say at the end of the verse | Look at the last part of the verse,76.54320987654322,False
1374,"Kidonk, pinga pèsonn chèche jwenn glwa nan men lèzòm. Paske, tout bagay se pou NOU.","Therefore, let no one seek glory from men, for all things are yours.","Therefore, ask no one to seek glory from men. For everything belongs to YOU.","So don’t look to people for glory, because everything belongs to us. | Therefore, no one should seek praise from others, since all things are ours.",61.8421052631579,False
1375,"Kounyeya , bay lòd pou yo pran tout bèt nou gen nan jaden ak tout lòt bagay nou gen deyò mete yo anndan kay pou pwoteje yo . Paske , yon gwo lagrèl pral tonbe sou tout moun ak sou tout bèt ki deyò . Yo pral mouri .","Now therefore command that all your livestock which are in the field and all your goods which are in the field be brought into the house for protection , for there will be a great hailstorm upon all men and beasts which are in the field , and they shall die .","Now, order that all the animals we have in the garden and everything else we have outside put them inside to protect them . Because a big hail will fall on everyone and on all the animals out there . They will die .","Now, order that all your livestock and everything else out in the fields be brought inside to protect them, because a severe hailstorm is coming on everyone and every animal outside, and they will die. | Tell them to bring all the animals and anything else from the fields into the house for safety, because a terrible hailstorm is about to strike everyone and every beast outside, and they will die.",69.23076923076923,False
1376,Bondye bay nou chak valè lefètke l ban nou libète pou nou deside.,God gives each of us value by giving us freedom to decide.,God has given us every living thing because he has given us the freedom to choose.,God gives each of us worth by giving us free will. | God values each of us by giving us the freedom to choose.,66.25766871165644,False
1377,"Avèk Bondye bò kote nou , n'a fè bèl bagay nan lagè . Se li menm k'ap kraze lènmi nou yo anba pye l' .","With God on our side , we will do valiantly in battle , and he will crush our enemies under our feet .","With God around us, you will do marvels of war. He will crush our enemies under his feet .","With God on our side, we will prevail in battle | God will defeat our enemies for us",61.63522012578616,False
1378,"Nan 2 Pyè 1: 5 - 7, yo mansyone metriz, ki gen ladan l kapasite yon moun genyen pou l di non, ansanm ak lafwa, moralite, konesans, andirans, atachman pou Bondye, afeksyon fratènèl ansanm ak lanmou.","At 2 Peter 1:5-7, self-control, which includes the ability to say no, is mentioned along with faith, morality, knowledge, endurance, godly devotion, brotherly affection, and love.","In 2 Peter 1:5 - 7, they mention mastery, including the ability to say no, along with faith, morality, knowledge, endurance, attachment to God, brotherly affection and love.","At 2 Peter 1:5-7, self-control, including the ability to say no, is mentioned along with faith, morality, knowledge, endurance, devotion to God, brotherly affection, and love. | In 2 Peter 1:5-7, self-control, including the ability to say no, is listed together with faith, morality, knowledge, perseverance, godly devotion, brotherly affection, and love.",84.39306358381504,True
1379,"E kanta pou fòs ponyèt Jewova, pou ki moun li te fè l parèt aklè?' .","And as for the strength of Jehovah's arm, to whom has he made it manifest?' .","And the song of the armor of the Lord, to whom has he made himself appear?",And who has seen the power of Jehovah’s arm? | Who has Jehovah revealed his mighty power to?,53.623188405797094,False
1380,Ki fason ou kapab montre w dilijan nan travay predikasyon an?,How can you show diligence in the preaching work?,How can you show yourself diligent in the preaching work?,How can you be diligent in the preaching work? | How can you show diligence in the ministry?,87.37864077669903,True
1381,"Yon bon fason nou kapab vin konnen ki kalite Papa Jewova ye, se lè nou reflechi sou sa Jezi te revele konsènan vrè Dye a.",A good way to get to know what kind of Father Jehovah is is to reflect on what Jesus revealed about the true God.,A good way to come to know the kind of Father that Jehovah is is by reflecting on what Jesus revealed about the true God.,A good way to learn what kind of Father Jehovah is is to think about what Jesus revealed about the true God. | One good way to understand what kind of Father Jehovah is is by reflecting on what Jesus revealed about the true God.,88.51063829787233,True
1382,Sa k fè nou di sa se paske Jewova te sèvi avè l pou ekri istwa enspire sa a.,We can say this because Jehovah used him to write this inspired account.,We say this because he was the one who was used by Jehovah to write this inspired story.,We can say that because Jehovah used him to write this inspired account. | We can say this because Jehovah used him to write this inspired account.,71.42857142857143,False
1383,"Te gen anpil prèt , anpil moun Levi ak anpil chèf fanmi ki te fin vye granmoun . Yo te konnen ansyen Tanp lan anvan li te kraze . Lè yo wè fondasyon Tanp lan ap moute ankò devan je yo , genyen ki te dlo nan je . Men anpil lòt t'ap rele sitèlman yo te kontan .","There were many priests , Levites , and heads of fathers ' houses who were old . They had known the old temple before it was destroyed . When they saw the foundation of the temple being rebuilt before their eyes , some wept . But many shouted for joy .","There were many priests , many Levites , and many elders . They knew the former Temple before it was destroyed . When they saw the foundation of the Temple rising again before their eyes , some were filled with tears . But many others shouting with joy .","There were many elderly priests, Levites, and family heads who had seen the former temple before it was destroyed. When they saw the temple’s foundation being laid again, some wept. But many others shouted with joy. | Many old priests, Levites, and clan leaders had known the original temple before it was torn down. As they watched the new foundation go up, some cried, while others cheered loudly with joy.",74.62686567164178,False
1384,"Li klè, Bib la pale de Satan kòm yon kreyati espirityèl ki reyèl.","Clearly, the Bible speaks of Satan as a real spirit creature.","Clearly, the Bible speaks of Satan as a real spiritual creature.","Clearly, the Bible describes Satan as a real spiritual being. | The Bible clearly presents Satan as a real spirit creature.",82.64462809917356,True
1385,"Jodi a, nan dènye akonplisman pwofesi sa a, se pa yon nasyon an patikilye k ap benefisye jistis san patipri Bondye a, men se moun ki soti nan tout nasyon.","Today, in the final fulfillment of this prophecy, it is not one particular nation that benefits from God’s impartial justice, but people from all nations.","Today, in the final fulfillment of this prophecy, it is not a particular nation that will benefit from God's impartial justice, but people from all nations.","Today, in the prophecy’s final fulfillment, God’s impartial justice is not for one nation alone, but for people from every nation | In the prophecy’s ultimate fulfillment, it is people from all nations—not just one nation—who receive God’s impartial justice",61.05263157894737,False
1386,Lanmò Jezi se evènman ki pi enpòtan nan listwa. Jezi te mouri pou l ka fè lavi lèzòm tounen jan l te dwe ye a.,The death of Jesus is the most important event in history. Jesus died to restore human life to its rightful place.,Jesus' death is the most important event in history. Jesus died so that human life could be restored to what it should have been.,Jesus’ death is the most important event in history. He died to restore humanity to its rightful place. | The death of Jesus is the greatest event in history. He died to put human life back where it belongs.,72.41379310344827,False
1387,"Apre l fin priye Jewova, li te santi kè l poze.","After praying to Jehovah, he felt peace.","After praying to Jehovah, he felt at ease.","After praying to Jehovah, he felt at peace. | After praying to Jehovah, he felt calm.",95.23809523809523,True
1388,"Kidonk, byenke Enòk pa t gen tout konesans nou genyen jodi a, li te gen ase konesans pou l poze fondman pou yon fwa solid.","So, although Enoch did not have all the knowledge we have today, he had enough knowledge to lay the foundation for a solid faith.","Thus, though Enoch did not have all the knowledge we have today, he did have enough knowledge to lay the foundation for a solid future.","So, even though Enoch didn’t have all the knowledge we have today, he had enough to build a strong faith. | Although Enoch didn’t know everything we know now, he had enough understanding to establish a solid faith.",73.33333333333334,False
1389,"Se sa k fè, omwen kat ladan yo, tankou Filisti, Mowab, Amòn ak Edòm, sispann egziste antanke pèp.","As a result, at least four of them, including Philistia, Moab, Ammon, and Edom, ceased to exist as peoples.","Therefore, at least four of them, such as Philistines, Moabites, Ammonites and Edomites, ceased to exist as peoples.","As a result, at least four of them, including Philistia, Moab, Ammon, and Edom, disappeared as nations | So at least four of them—Philistia, Moab, Ammon, and Edom—no longer existed as peoples",71.64179104477613,False
1390,Poze etidyan an kesyon pou w ede l konprann tèks biblik kle yo e pou l aplike yo pèsonèlman.,Ask the student questions to help him understand key Bible texts and apply them personally.,Ask the student questions to help him understand the key Bible texts and to apply them personally.,Ask the student questions to help him understand key Bible passages and apply them personally | Ask the student questions to help him understand key Bible verses and apply them personally,92.06349206349206,True
1391,Vi yo pa fonde sou kondisyon enstab ki gen nan sistèm de choz sa a.,Their lives are not based on the unstable conditions of this system of things.,Views are not based on the unstable conditions of this system.,Their lives aren’t built on this unstable world | Their lives don’t depend on this shaky system,61.29032258064516,False
1392,Pawòl Bondye a gen pouvwa',The Word of God has power',The word of God is empowered,God’s word is powerful | The Bible has power,59.57446808510638,False
1393,"Apolòs te ""chofe anpil grasa lespri a"", e""li t ap anseye bagay ki konsène Jezi yo avèk presizyon"".","Apollos was “aglow with the spirit,” and “he was teaching the things about Jesus with accuracy.”","Apollos was ""burdened with the grace of the Spirit"", and ""he would teach the things concerning Jesus accurately"".",Apollos was full of zeal and taught accurately about Jesus | Apollos was fervent in spirit and taught the things about Jesus correctly,61.29032258064516,False
1394,Sa ki te rive premye kretyen yo montre sa byen.,What happened to the early Christians illustrates this well.,What happened to the first Christians illustrates this well.,What happened to the first Christians shows this clearly. | The experience of the early Christians makes this clear.,84.68468468468468,True
1395,"Konsa, sa pwofèt Ezayi te di a rive vre pou yo: N'a tande nan zòrèy nou, men, nou p'ap konprann. N'a gade ak je nou, men, nou p'ap wè.","And in them is fulfilled what was spoken by the prophet Isaiah: ""You will indeed hear, but you will not understand; you will indeed see, but you will not perceive.""","Thus, what was spoken through the prophet Isaiah is fulfilled for them: You will hear with ears, but you will not understand. You will look with your eyes, but you will not see.","You’ll hear it, but you won’t understand it | You’ll see it, but you won’t perceive it",63.95348837209303,False
1396,"Apre sa , Amasya voye misyon bay Joas , pitit Joakaz , pitit pitit Jeou , wa peyi Izrayèl la , li mande l batay .","Then Amaziah sent messengers to Joash , the son of Jehoahaz , the son of Jehu , king of Israel , to invite him to battle .","Then Amaziah sent messengers to Joash , the son of Jehoahaz , the son of Jehu , king of Israel , to ask him to fight .","Then Amaziah sent a challenge to Joash, king of Israel, asking him to fight | Amaziah sent word to Joash, the king of Israel, to come out and battle",68.04123711340206,False
1397,Èske w sèten ou vle voye lèt sa yo kòm kourye elektwonik?,Are you sure you want to send these letters as emails?,Are you sure you want to send these letters as e-mail?,Are you sure you want to send these messages by email? | Are you sure you want to email these letters?,87.03703703703704,True
1398,"Revelasyon 21: 3, 4 bay plis detay. Men sa li di: Bondye li menm ap avèk [limanite].","Revelation 21:3, 4 gives further details. It says: “God himself will be with [mankind].","Revelation 21:3, 4 gives further details. Here it says: God himself will be with [limitation].","Revelation 21:3, 4 gives more details. It says: “God himself will be with mankind.” | Revelation 21:3, 4 gives more details. It says: “God himself will be with people.”",86.54970760233918,True
1399,YON SOLISYON: Santi w alèz pou w pale ak konjwen w sou sa ki enkyete w.,A SOLUTION: Feel free to talk to your spouse about your concerns.,SOLUTION: Feel free to talk to your spouse about your concerns.,Talk openly with your spouse about what’s bothering you. | Don’t hesitate to discuss your concerns with your spouse.,54.86725663716814,False
1400,Paske li pat twonpe Bondye ki te chwazi l pou travay sa a. Li fè travay li byen tankou Moyiz ki te fè tout travay li byen nan kay Bondye a.,"Because he did not deceive God who chose him for this work. He did his work well, just as Moses did all his work well in the house of God.","For he did not deceive God who chose him for this work. He does his work well, just as Moses did his every work well in the house of God.","He was faithful to the task God gave him, just as Moses was faithful in God’s house. | He carried out his calling well, like Moses who faithfully did all his work in God’s house.",50.4,False
1401,"Pou yon moun reyisi, sa depann anpil de sa li bay priyorite nan lavi l.","For a person to succeed, it depends a lot on what they prioritize in their life.","For a person to succeed, it depends very much on what he prioritizes in his life.",Success depends a lot on what you prioritize in life | What you focus on in life plays a big role in your success,64.66165413533835,False
1402,"Li reponn Jezi : - Mèt , mwen swiv tout bagay sa yo depi m' te ti katkat .","He answered Jesus, ""Teacher, I have kept all these things since I was a child.""","He said to Jesus ,  Master , I have followed all these since I was fourteen years old .","He replied, “Teacher, I’ve obeyed all these things since I was a little boy.” | He answered, “Teacher, I’ve followed all these rules since I was young.”",65.40880503144655,False
1403,"Pami tout bèt toupatou sou latè ki mache sou vant , men sa ki pa bon pou nou manje : tout kalite zagoudi , sourit ak leza ,","Of all the animals that walk on their backs, these are the ones that you may not eat: all kinds of lizards, mice, and lizards,","Among all the animals all over the world that walk on the stomach, including those that are not good for us to eat: all kinds of worms , mice and deities ,","Of all the creatures that crawl on the ground, these are the ones you must not eat: all kinds of lizards, mice, and geckos | Among all the animals that move close to the ground, these are the ones you may not eat: every kind of lizard, mice, and geckos",62.589928057553955,False
1404,"Sepandan, si nou bliye vrè objektif nou genyen an e si nou pa rete fèm nan fason nou te kenbe ""lavi toutbon an"", gen yon danje ki pare ap tann nou.","However, if we forget our true purpose and if we do not remain steadfast in the way we have held on to ""real life,"" there is danger waiting for us.","However, if we forget the real purpose we have and if we do not remain steadfast in the way we have maintained the ""good life"", there is a danger waiting for us.","If we lose sight of our true purpose and stop holding firmly to real life, danger awaits us | If we forget why we’re here and don’t stay true to real life, we’re in danger",51.04602510460251,False
1405,"Se pou nou rekonèt Seyè a , Bondye nou an , se sèl Bondye ki genyen , sèl Bondye k'ap toujou kenbe pawòl li . Wi , l'ap toujou kenbe kontra li pase a . L'ap toujou renmen moun ki renmen l' , moun ki fè tou sa l' mande yo fè , de pitit an pitit , pandan mil jenerasyon .","Know that the Lord our God is God, the faithful God. He keeps his covenant of love with those who love him and keep his commandments, to a thousand generations, to a thousand generations.","Let us know that the Lord our God is the only God , the only God who always keeps his word . Yes , he always keeps his covenant . He always loves those who love him , who do everything he asks them to do , from generation to generation , for thousands of generations .","Know that the Lord our God is the one true God, faithful to his covenant of love | The Lord our God is the only God, always true to his promises and loving to those who obey him",60.997067448680355,False
1406,"Aprann pitit ou gen imilite (paran), N6","Teach your children to be humble (parents), N6","Teach your child to be humble (parent), N6",Teach your children humility | Teach your kids to be humble,74.28571428571429,False
1407,"Nan Jan 5: 22, 23, men pawòl Jezi te di ki ede n byen konprann sa: Papa a pa jije pèsonn, men li remèt tout jijman an nan men Pitit la, yon fason pou tout moun ka onore Pitit la menm jan yo onore Papa a.","At John 5:22, 23, Jesus’ words help us to understand this clearly: The Father judges no one, but has committed all judgment to the Son, so that all may honor the Son just as they honor the Father.","In John 5:22, 23, Jesus' words help us to understand this: The Father judges no one, but he entrusts judgment to the Son, so that everyone can honor the Son as they honor the Father.","At John 5:22, 23, Jesus’ words help us understand this clearly: The Father judges no one, but has entrusted all judgment to the Son, so that everyone may honor the Son just as they honor the Father. | At John 5:22, 23, Jesus’ words make this clear: The Father judges no one, but has given all judgment to the Son, so that all people may honor the Son just as they honor the Father.",86.81318681318682,True
1408,"Apre Jezi te fin bay egzanp pye rezen an, li te fè konnen, antanke moun k ap preche mesaj Wayòm nan, n ap gen kè kontan.","After giving the illustration of the vine, Jesus indicated that as Kingdom proclaimers, we will be happy.","After Jesus gave the illustration of the vine, he indicated that, as preachers of the kingdom message, you will be happy.","After using the vine illustration, Jesus showed that as Kingdom proclaimers, we will be happy. | After giving the vine example, Jesus made it clear that those who preach the Kingdom message will be happy.",66.66666666666667,False
1409,Yo te pale l nan nò Mezopotami ak ozanviwon ansyen vil Antyòch kote te gen anpil moun ki vin kwè nan bon nouvèl la nan premye syèk epòk nou an.,"It was spoken in northern Mesopotamia and around the ancient city of Antioch, where many people came to believe in the good news in the first century C.E.","It was spoken in northern Mesopotamia and around the ancient city of Antioch, where many people were converted to the gospel in the first century CE.","It was spoken in northern Mesopotamia and around ancient Antioch, where many people accepted the good news in the first century C.E. | It was used in northern Mesopotamia and near ancient Antioch, where many people came to believe the good news in the first century C.E.",86.83274021352312,True
1410,"Men kounyeya , Timote fenk rive sot lakay nou , li fè kè m kontan , li ban m bòn nouvèl , li di m jan nou gen konfyans ak renmen . Li di m jan nou menm tou nou toujou chonje m , jan nou anvi wè m , menm jan mwen menm mwen anvi wè nou .","But now Timothy has come from you and has made me glad and has brought me good news and has told me about your faith and love , how you always remember me and long to see me , just as I also long to see you .","But now Timothy has just arrived from home , he makes me happy , he brings me good news , he tells me about your faith and love . He tells me how you also always remember me , how you long to see me , how I also long to see you .","Timothy has just come back from you and has cheered me up with the good news of your faith and love, and of how you always remember me and want to see me, just as I want to see you too. | Timothy has recently returned from you and brought me great joy with news of your faith and love, telling me how you keep me in mind and long to see me, just as I long to see you.",64.8780487804878,False
1411,"Depi lè sa a , moun pèp Izrayèl yo vire do bay moun fanmi David yo jouk jounen jòdi a .","From that time on , the people of Israel rebelled against the house of David to this day .","From that time onward, the sons of Israel have turned from the sons of David even to this day.","Since then, the people of Israel have been in rebellion against the house of David to this day | From that day on, Israel has remained in revolt against the house of David to this day",66.66666666666667,False
1412,"""Kouri yon fason pou n ka genyen l.""",Run in a way that we can win it.,Run some way to win it.,Run to win | Run hard so we can win,64.70588235294117,False
1413,"Li mande yo : — Kilè ti gason an refè ? Yo reponn li : — Yè apremidi , bò inè konsa , lafyèb la tonbe .","He asked them, ""When did the boy get better?"" They replied, ""Yesterday afternoon, at about one o'clock, the fever left him.""","He asked them:  When did the boy recover ? They said to him:  Yesterday afternoon , around four oclock , the fever dropped .","He asked them when the boy recovered. | They said he got better yesterday afternoon, around one o’clock.",82.52427184466019,True
1414,"Pa gen dout nou tout nou dakò ak prensip ki vle pou nou pwòp ni nan domèn fizik, ni nan domèn moral, ni nan domèn espirityèl la yon fason pou nou ka fè Bondye plezi.","No doubt we all agree with the principle that we need to be clean physically, morally, and spiritually in order to please God.","There is no doubt that we all agree with the principle that we want to be our own either in the physical realm, in the moral realm, or in the spiritual realm in a way that we can please God.","We all agree that we need to be clean in body, mind, and spirit to please God | Everyone agrees we should keep ourselves pure physically, morally, and spiritually to please God",53.06122448979591,False
1415,"Men, kiyès k ap fè premye pa pou yo retounen byen ankò e pou yo fè lapè?",But who will take the first step to return to good health and make peace?,But who will be the first to not return safely and make peace?,Who will make the first move to heal things and make peace? | Who will be the first to step up and make things right?,74.3801652892562,False
1416,"L'ap pran pitit fi nou yo pou fè odè , pou fè manje ak pou fè pen pou li .","He will take our daughters to make perfumes, to cook food, and to bake bread for him.","He will take our daughters to smell , to cook and to make bread for him .",He’ll take our daughters to serve him in the home | He’ll take our daughters to do household work for him,68.25396825396825,False
1417,"Benediksyon pou nou menm ki grangou kounyeya, paske n'a jwenn manje an kantite. Benediksyon pou nou menm k'ap kriye kounyeya, paske nou pral nan kè kontan.","Blessed are you who are hungry now, for you will be filled. Blessed are you who are weeping now, for you will be filled with joy.","Blessed are you who are hungry now, because you will find plenty to eat. Blessed are you who weep now, because we will be filled with joy.","Blessed are you who hunger now, for you will be satisfied. Blessed are you who weep now, for you will laugh. | Happy are you who are hungry now, because you will be fed. Happy are you who are crying now, because you will rejoice.",70.91633466135458,False
1418,Nou gen ankò lapen ki remoute manje men ki pa gen zago fann an de . Vyann li pa bon pou nou manje .,We also have rabbits that chew their food but do not have cloven hooves. Their meat is not good for us to eat.,We have yet to have rabbits that roam their food but have not yet split into two. Meat is not good for us to eat.,"We also have rabbits that chew the cud but do not have split hooves. Their meat is not fit to eat. | Rabbits chew the cud but do not have cloven hooves, so they are not to be eaten.",69.19431279620854,False
1419,"Men , Bondye ki moutre jan li ka meprize grannèg yo , li menm ki fè yo moute desann nan dezè a , san yo pa konn kote yo prale a ,","But God, who shows how to despise the great, makes them wander in the wilderness, not knowing where they are going,","But the God who taught us how to despise our grandparents, he is the one who led them up into the wilderness, without knowing where they were going,",But God humbles the mighty and leads them astray in the wilderness | God brings down the proud and makes them wander lost in the desert,55.263157894736835,False
1420,De ki bagay pwofon Pòl te pale nan twazyèm chapit lèt li te ekri kretyen Efèz yo?,What profound things did Paul discuss in the third chapter of his letter to the Ephesians?,What was Paul's prophecy about in the third chapter of his letter to the Ephesians?,What profound things did Paul talk about in the third chapter of his letter to the Ephesians? | What deep matters did Paul discuss in chapter 3 of his letter to the Ephesians?,80.72289156626506,True
1421,Yon bon nouvèl pou moun ki pòv yo,Good news for the poor,Good News for the poor,Good news for the poor | Good news for the needy,100.0,True
1422,"Apre pitit gason Jakòb yo te fin fè yon vwayaj byen long ap mache, yo te rive ann Ejip.","After a long journey, Jacob's sons arrived in Egypt.","After the sons of Jacob had made a long journey on foot, they arrived in Egypt.","After a long journey, Jacob's sons arrived in Egypt. | Jacob's sons finally reached Egypt after a long trip.",64.12213740458014,False
1423,"Malerezman, jenerasyon ki te nan dezè a pa t montre li enterese gen yon wayòm ki t ap yon modèl pou lòt nasyon yo e ki t ap anba dominasyon Bondye.","Unfortunately, the generation in the wilderness showed no interest in having a kingdom that would be a model for other nations and that would be under God's rule.","Unfortunately, the generation that was in the wilderness did not show interest in having a kingdom that would be a model for the Gentiles and would be under God's rule.","Unfortunately, the wilderness generation had no interest in a kingdom that would serve as a model for other nations and be ruled by God. | Sadly, the generation in the wilderness showed no desire for a kingdom that would set an example for other nations and be under God’s rule.",73.8562091503268,False
1424,"Men, Ouchayi te ret fidèl, li te yon moun ki te dispoze riske lavi l pou l fè yon misyon ki t apral kraze konplo ki te fèt la.","But Oushayi remained loyal, a man willing to risk his life to carry out a mission that would foil the plot.","But Hushai was faithful, a man willing to risk his life to do a mission that would break the conspiracy.","But Oushayi stayed loyal, willing to risk his life to carry out a mission that would thwart the scheme. | Oushayi remained faithful, ready to put his life on the line to complete a mission that would stop the plot.",74.25742574257426,False
1425,"Sepandan, li te mande l pou l vann tout sa li te genyen pou l te bay pòv lajan an.","However, he asked him to sell everything he had and give the money to the poor.","However, he asked her to sell all she had and give the money to the poor.","However, he told him to sell everything he owned and give the money to the poor. | But he asked him to sell all his possessions and give the money to the poor.",79.45205479452055,False
1426,"Fi farawon an di manman an konsa : - Pran ti pitit sa a , mete l' nan tete pou mwen . m'a peye ou pou sa . Madanm lan pran ti pitit la , li ba l' tete .","Pharaoh's daughter said to the mother, ""Take this child and nurse him for me. I will pay you for it."" The woman took the child and nursed him.","The daughter of Pharaoh said to the mother ,  Take this child and nurse him for me , and I will pay you for it . The woman took the child and gave him her breast .","Pharaoh’s daughter told the mother to nurse the child for her, promising to pay her. The woman took the child and nursed him. | Pharaoh’s daughter asked the mother to take the baby and breastfeed him for her, and said she would pay her. The mother took the baby and nursed him.",63.39869281045751,False
1427,Poukisa nou kapab di Salomon se yon bon egzanp pou nou?,Why can we say that Solomon is a good example for us?,Why can we say that Solomon is a good example for us?,Why can we say Solomon is a good example for us? | Why is Solomon a good example for us?,95.04950495049505,True
1428,"Lè nou ansanm avèk yo nan reyinyon oswa nan asanble, nou kapab ba yo bonjan ankourajman.","When we are with them at meetings or assemblies, we can give them valuable encouragement.","When we join them at meetings or assemblies, we can give them valuable encouragement.","When we’re with them at meetings or gatherings, we can really encourage them | Being together with them at meetings or assemblies lets us give them meaningful encouragement",80.23952095808383,True
1429,"Pa gen anyen nan antèman yon kretyen ki ta dwe twouble konsyans lòt kwayan ki la yo oswa ki ta dwe fè lòt moun trebiche, anpalan de moun ki konnen kwayans ak ansèyman nou yo anrapò ak mò.","There is nothing in a Christian funeral that should disturb the consciences of other believers present or that should stumble others, including those who are aware of our beliefs and teachings regarding the dead.","There is nothing at a Christian's funeral that should confuse the consciences of other believers or that should disturb others, such as those who know our beliefs and teachings about the dead.","A Christian funeral should not offend or trouble the consciences of those present, especially those who know our beliefs about the dead. | Nothing at a Christian funeral should cause believers to stumble or be disturbed, particularly those familiar with our teachings about the dead.",67.24137931034483,False
1430,"Antretan, mwen te kontinye mennen aktivite m chak jou e mwen pa t kwè yo t ap rele m.","In the meantime, I continued to carry out my daily activities and did not believe they would call me.","Meanwhile, I continued to conduct my daily activities and I didn't think they would call me.","Meanwhile, I went on with my daily routine and didn’t think they’d call me. | In the meantime, I kept up with my everyday activities and didn’t expect them to call me.",75.44910179640718,False
1431,"Poutèt sa, granmoun ki pami nou yo kapab fè menm priyè sa a salmis la te fè nan moman li te kòmanse vin granmoun: Se ou menm ki espwa m, o Souvren Seyè Jewova [...] Pa voye m jete lè m vin granmoun.","Therefore, the elderly among us can pray as the psalmist did when he began to grow old: “You are my hope, O Sovereign Lord Jehovah . . . Do not throw me away in the time of old age.”","Therefore, the elderly among you can do the same prayer that the psalmist did when he first began to grow old: O my hope, O Sovereign Lord Jehovah [...] Do not cast me out when I grow old.","So our elders can pray as the psalmist did when he grew old: “You are my hope, O Sovereign Lord Jehovah . . . Do not forsake me in my old age.” | Therefore, those of us who are elderly can pray as the psalmist did when he began to age: “You are my hope, O Sovereign Lord Jehovah . . . Do not abandon me when I am old.”",75.0,False
1432,"Seyè a voye yon moun pou sove pèp la . Se konsa , moun peyi Izrayèl yo soti anba men pèp Siri a . Yo tanmen viv ankò ak kè poze tankou anvan .","The Lord sent a deliverer to the people , and the people of Israel escaped from under the hand of the Syrians , and they lived in peace again , as before .",The Lord sent a deliverer to the people . And so the people of Israel were delivered from the hand of the Syrians . They were restored to life and peace as before .,"The Lord sent a savior to rescue the people, and Israel lived in peace again | The Lord raised up a deliverer for the people, and the Israelites once more lived in peace",58.30721003134796,False
1433,"Men sa nou jwenn nan Eklezyas 12: 1: ""Pandan ou jenn gason an, pa janm bliye Bondye ki te kreye ou la.""","Here is what we find in Ecclesiastes 12:1: ""While you are young, never forget your Creator.""","This is what we find in Ecclesiastes 12: 1: ""As you are young, do not forget the God who created you there.""","While you’re young, never forget your Creator. | Remember your Creator while you are still young.",53.16455696202531,False
1434,Poukisa li saj pou nou pa vanje lè y ap pèsekite nou?,Why is it wise not to retaliate when we are persecuted?,Why is it wise that we do not retaliate when persecuted?,Why is it wise not to get even when we’re persecuted? | Why is it wise to refrain from revenge when we’re persecuted?,73.39449541284404,False
1435,"Men sa Pyè te ekri: 'Toutotan mwen poko mouri, mwen kwè se yon devwa pou m fè nou chonje bagay sa yo pou dòmi pa pran nou.","Peter wrote: 'I consider it right, while I am still alive, to remind you of these things so that you may not fall asleep.'","But Peter wrote: Even before I die, I believe it is my duty to remind you of these things so that you do not fall asleep.","Peter wrote: “As long as I’m still alive, I feel it’s my duty to keep reminding you of these things so you don’t drift off.” | Peter wrote: “While I’m still here, I believe it’s my responsibility to keep bringing these things to mind so you stay alert.”",69.23076923076923,False
1436,Poukisa fason Jonatan te reyaji anvè David la te diferan nèt ak fason Abnè te reyaji anvè David la?,Why was Jonathan's reaction to David so different from Abner's?,Why was the way Jonathan reacted to David completely different from the way Abner reacted to David?,Why did Jonathan respond to David so differently than Abner did? | Why was Jonathan’s reaction to David so different from Abner’s?,67.90123456790124,False
1437,"Kidonk, ann kontinye batay!","So, let's keep fighting!","Kidonk, ann keep fighting!","So, let’s keep going! | Let’s keep up the fight!",59.57446808510638,False
1438,"Men non pitit Eyoud yo : Naaman , Ajija ak Gera . Yo te chèf branch fanmi ki t'ap viv nan zòn Geba a . Apre sa , yo mete yo deyò , y'al rete Manarat . Se Gera , papa Ouza ak Akiyoud , ki te mennen yo al rete Manarat la .","The sons of Ehud : Naaman , Ahijah , and Gera . They were heads of families living in the area of Geba . They were then driven out and settled in Manahath . Gera , the father of Uzza and Ahihud , took them and settled there .","The sons of Ehud: Naaman , Agijah , and Gerar . They were the leaders of the tribes who lived in the area of Geba . And they were expelled , and they settled in Manarat . It was Gerar , the father of Uzzah and Akihud , who led them to settle in Manarat .","The sons of Ehud were Naaman, Ahijah, and Gera, heads of families living in Geba. They were driven out and settled in Manahath. Gera, the father of Uzza and Ahihud, led them there | Ehud’s sons—Naaman, Ahijah, and Gera—were family heads in Geba. They were forced out and moved to Manahath, where Gera, father of Uzza and Ahihud, settled them",70.18348623853211,False
1439,"Apre sa, Jezi kite foul moun yo dèyè, li antre nan kay la. Disip li yo pwoche bò kote l, yo di l konsa: — Esplike nou parabòl move zèb nan jaden an.","Then Jesus left the crowd and went into the house. His disciples came to him and said, “Explain to us the parable of the weeds in the field.”","Then he left the crowd and went into the house. And his disciples came to him and said to him, Explain to us the parable of the weeds in the garden.","Then Jesus left the crowd and went into the house. His disciples came to him and said, “Explain the parable of the weeds in the field.” | After that, Jesus left the crowd and went inside the house. His disciples came to him and asked, “Explain to us the parable of the weeds in the field.”",89.13043478260869,True
1440,"W'ap pè moute sou bagay ki twò wo pou ou pa gen tèt vire . Menm mache nan granchemen ap yon danje pou ou . Tout cheve nan tèt ou ap vin blan , w'ap pèdi fòs kouray ou . Pa gen anyen ki ka fè l tounen ankò . W'ap desann nan dènye kay kote ou pral rete pou tou tan an . Lè sa a , moun ap mache rele nan tout lari .","You will be afraid to climb on things that are too high for fear of dizziness. Even walking on the highway will be dangerous for you. All your hair will turn white, you will lose your strength. Nothing can bring it back. You will go down to the last house where you will stay forever. Then people will walk and shout in all the streets.","You will be frightened of things too high to have your head turned. Even walking through the cobblestones will be a danger to you. Your hair will become white, you will lose your strength. Nothing can make it back. You will descend to the last house where you will stay forever. Then people will walk screaming through the streets.","You’ll grow old and frail, and death will come for you. | You’ll become weak with age, until you’re laid to rest forever.",48.7603305785124,False
1441,"Mete sou sa, li te mete yon pano nan vitrin nan ki fè konnen nenpòt moun ki ka pwouve doktrin Trinite a biblik l ap peye moun sa a 100 liv ostralyen. Arthur te rejte doktrin sa a Bib la pa anseye a yon fason ki fèm.",He also put up a sign in the window announcing that he would pay 100 Australian pounds to anyone who could prove the Bible-based doctrine of the Trinity. Arthur firmly rejected this unscriptural doctrine.,"In addition, he put a sign in the window that said that anyone who can prove the doctrine of the Trinity Biblically will pay this person 100 pounds. Arthur rejected this doctrine the Bible by teaching it a firm way.",He also posted a sign in the window offering 100 Australian pounds to anyone who could prove the Trinity from the Bible. Arthur strongly rejected this unbiblical doctrine. | He put a notice in the shop window saying he would pay 100 Australian pounds to anyone who could prove the Trinity was taught in the Bible. Arthur firmly opposed this doctrine.,58.07962529274005,False
1442,"Moun lòt peyi yo ap achte figi m . Kou yo tande vwa m , yo obeyi m .","Foreigners will buy my face. As soon as they hear my voice, they obey me.",Foreigners will buy my face . The ears will hear my voice and obey me .,"People from other countries will recognize me. As soon as they hear me speak, they listen to me. | Foreigners will respect my reputation. Once they hear my voice, they do what I say.",63.38028169014085,False
1443,"""KI SIY k ap siy prezans ou e k ap siy fen sistèm nan?"" .",WHAT will be the sign of your presence and the end of the system of things? .,"""WHAT IS SIGNING YOUR PRESENCE AND SIGNING THE END OF THE SYSTEM?"" .",What will be the sign of your presence and the end of the world? | What will be the sign of your coming and the end of the age?,71.42857142857143,False
1444,"Jezi kite kote l te ye a . Antan li t'ap pase konsa , li wè yon nonm yo te rele Matye ki te chita nan biwo kontribisyon an . Jezi di l konsa : — Swiv mwen . Matye annik leve , li swiv Jezi .","Jesus left that place and passed by and saw a man named Matthew sitting at the tax office. Jesus said to him, ""Follow me."" Matthew got up and followed Jesus.","Jesus left where he was . As he was passing by , he saw a man named Matthew sitting at the tax desk . Jesus said to him: Follow me . Matthew stood up and followed him .","Jesus left there and, as he was walking along, saw a man named Matthew sitting at the tax collector’s booth. Jesus said to him, “Follow me.” Matthew got up at once and followed Jesus. | Jesus went on from there and saw a man called Matthew sitting at the tax office. Jesus told him, “Come, follow me,” and Matthew immediately got up and followed him.",78.3132530120482,False
1445,IMAJINE w ap egzamine plan yon kay ou pral fè.,IMAGINE that you are examining the plans for a house you are going to build.,IMAGINE you are considering the design of a house that you are going to make.,Imagine you’re looking over the plans for a house you’re about to build | Picture yourself reviewing the blueprint for a house you plan to build,64.33566433566433,False
1446,"Se sa k te rive yon jèn sè ki rele Arielle, k ap viv ann Afrik delwès.","That is what happened to a young sister named Arielle, who lives in West Africa.","This happened to a young woman named Arielle, who lives in West Africa.","That’s what happened to a young woman named Arielle, who lives in West Africa. | This is what happened to a young woman named Arielle, who lives in West Africa.",97.84172661870504,True
1447,Ou mèt gen asirans Jewova pa atann pou nou pafè.,Be assured that Jehovah does not expect us to be perfect.,Or be assured that Jehovah does not expect us to be perfect.,"You can be sure Jehovah doesn’t expect us to be perfect | Rest assured, Jehovah doesn’t expect perfection from us",83.47826086956522,True
1448,"Yo te apwopriye paske li fasil pou yon moun remake yon lòt moun avid oswa yon lòt moun tonbe nan konvwatiz, men li pa fasil pou l rekonèt li menm li gen pwoblèm sa yo.","They were appropriate because it is easy for a person to notice another person being greedy or falling into covetousness, but it is not easy to recognize that one has these problems themselves.","They were appropriate because it is easy for someone to remake another greedy person or another person to fall into conventional beliefs, but it is not easy to recognize himself having these problems.","It’s easy to spot greed in others, but hard to see it in yourself. | People can easily notice greed in someone else, but not in themselves.",50.35971223021583,False
1449,Sèn soti nan vizit Joselènnan Antaktik la.,Scenes from Jocelin's visit to Antarctica.,Scenes from Joselenn's visit to Antarctica.,Scenes from Jocelyn’s trip to Antarctica | Highlights from Jocelyn’s visit to Antarctica,83.54430379746836,True
1450,"Se konsa Moyiz sòti , li di pèp la tou sa Senyè a te di l . Li pran swasanndis nan chèf fanmi pèp Izrayèl la , li mete yo kanpe fè wonn kay Bondye a .","So Moses went out and told the people all that the Lord had said to him , and he took seventy of the elders of Israel and set them around the house of God .",So Moses went out and told the people everything that the Lord had said to him . He took seventy men from the elders of Israel and set them up to encircle the house of God .,"So Moses went out and told the people everything the Lord had said to him | Moses then went out and relayed the Lord’s words to the people, and he gathered seventy of Israel’s elders around God’s house",71.65109034267914,False
1451,"Yo chase anpil demon, yo pase luil sou anpil moun malad e yo geri yo.","They cast out many demons, anointed many sick people with oil, and healed them.","They cast out many demons, they anointed many sick people and they healed them.","They drove out many demons, anointed many sick people with oil, and healed them | They cast out many demons, put oil on many sick people, and healed them",86.66666666666667,True
1452,Li te wè lè Izrayelit yo te travèse rivyè Jouden an e li te wè mirak Jewova te fè lè sa a.,He saw the Israelites cross the Jordan River and saw the miracles Jehovah performed at that time.,He had seen when the Israelites crossed the Jordan and had seen the miracles that Jehovah had done at that time.,He witnessed the Israelites crossing the Jordan and the miracles Jehovah performed then | He saw the Israelites cross the Jordan and the miracles Jehovah worked at that time,80.0,True
1453,"Men , Seyè a , Bondye nou an , te refize koute Balaram , epi li fè madichon an tounen benediksyon pou nou , paske Seyè a , Bondye nou an , renmen nou .","But the Lord our God refused to listen to Balaam and turned the curse into a blessing for us , because the Lord our God loves us .","But the Lord our God refused to listen to Balaam , and he turned the curse into a blessing for us , because the Lord our God loves us .","But the Lord our God would not listen to Balaam and turned the curse into a blessing for us, because he loves us | The Lord our God refused Balaam’s curse and turned it into a blessing for us, because he loves us",87.09677419354838,True
1454,"Vòlè a vini sèlman pou l vòlè, pou l touye e pou l detwi. Mwen menm mwen vini pou moun yo ka gen lavi, e pou yo ka genyen l nètale.","The thief comes only to steal and kill and destroy. I have come that they may have life, and have it to the full.","The thief comes only to steal, to kill, and to destroy. I am come that they may have life, and that they may have it immortal.","The thief comes only to steal, kill, and destroy. I came so they may have life, and have it abundantly. | The thief comes only to steal, kill, and destroy. I came so they may have life to the fullest.",82.1917808219178,True
1455,"Nan moman sa a, e pandan plizyè ane annapre, mwen te panse m te oblije rete djanm poutèt ti sè m nan. Se sa k fè mwen te antere sa m te santi.","At that moment, and for many years afterward, I thought I had to stay strong for my little sister. That's why I buried my feelings.","At that time, and for many years thereafter, I thought I would have to stay silent because of my younger sister. That's why I buried my feelings.","At the time, and for years after, I felt I had to be strong for my little sister, so I kept my feelings bottled up. | Back then and for a long time after, I believed I had to hold it together for my little sister, so I buried my emotions.",64.51612903225806,False
1456,Y' al mande Seyè a si pa gen lòt moun ankò . Seyè a reponn : - Men Sayil kache dèyè pwovizyon yo !,"They asked the Lord if anyone was still there. The Lord answered, ""Saul is hiding behind the provisions!""",They went to inquire to the Lord whether there was anyone else . And the Lord said: But Saul is hiding behind the provisions !,He’s hiding in plain sight | He’s hiding behind the supplies,58.62068965517242,False
1457,Pwofèt Malaki te pale de enspeksyon sa a kòm yon netwayaj nan domèn espirityèl.,The prophet Malachi spoke of this inspection as a spiritual cleansing.,The prophet Malachi spoke of this inspection as a cleansing of the spiritual realm.,The prophet Malachi described this as a spiritual purification | Malachi spoke of this as a cleansing of the spirit,76.47058823529412,False
1458,"Mesye sa yo menm , yo tankou bèt ki san konprann , k'ap viv dapre ensten yo epi ki la sou latè pou moun kenbe touye . Yo pale mal sou bagay yo pa konnen , yo gen pou yo peri menm jan ak bèt .","These men are like brute beasts , living according to their instincts , and are on earth to be caught and killed . They speak evil of things they do not know , and they will perish like beasts .","These men , like unwise beasts , live according to their instincts and are worldly for man to keep slaughtering . They speak maliciously about things they do not know , they are destined to perish like beasts .","They’re like wild animals, driven by instinct and destined to be destroyed. | They talk trash about things they don’t understand, and they’ll end up perishing like animals.",56.79758308157099,False
1459,"Ocheya te ankouraje yo pou yo sipliye Jewova konsa: ""Padone erè nou yo epi aksepte sa ki bon nan men nou. E nou menm bò kote pa nou n ap ofri pawòl ki sot nan bouch nou tankou jèn towo."" — Och.","Hosea urged them to plead with Jehovah: “Forgive our error and accept what is good from us. And we, for our part, will offer the young bulls of our mouths.”—Hos.",Hoshea urged them to supplicate to Jehovah: Forgive us our errors and accept the good from us. And we yourselves shall offer the words of our mouth like young bulls.  Hos.,Please forgive our sins and accept our praise. | Forgive our wrongdoing and receive our words of praise.,54.807692307692314,False
1460,"Lè w fè yon erè, menmsi se ta yon erè ki tou piti, se sèten ou t ap renmen pou lòt moun montre yo konprann ou oubyen menm bliye sa w fè a.","When you make a mistake, even if it's a small one, you would surely like others to understand you or even forget what you did.","When you make a mistake, even if it is a minor mistake, it is certain that you will not like it for others to show that they understand you or even forget what you have done.","When you mess up, even a little, you’d want people to be understanding or just let it go. | If you make a mistake, even a small one, you’d hope others would show you some understanding and move on.",57.761732851985556,False
1461,"Pyè t'ap swiv Jezi yon ti jan lwen lwen , jouk yo rive nan lakou kay granprèt la . Li antre nan lakou a tou , li chita ak gad yo pou l' wè kouman sa t'apral fini .","Peter followed Jesus at a distance , as far as the courtyard of the high priest . He also went in and sat with the guards to see the outcome .","Peter followed Jesus a little distance away, until they reached the court of the high priest. He also went into the courtyard and sat down with the guards to see how this would end.","Peter followed Jesus from a distance, all the way to the high priest’s courtyard. He went inside and sat with the guards to see what would happen. | Peter trailed Jesus from far off to the high priest’s courtyard, then went in and sat with the guards to watch how it would all end.",70.9480122324159,False
1462,"Jan Seyè a te bay Moyiz lòd la , yo te tire osò devan Seyè a pou yo te ka konnen ki pòsyon ki tapral pou nèf branch fanmi ki te rete yo ak lòt mwatye branch nan fanmi Manase a .","As the Lord commanded Moses , they cast lots before the Lord to determine the inheritance for the nine remaining tribes and the half - tribe of Manasseh .","As the Lord had commanded Moses , they drew lots before the Lord to determine the inheritance for the remaining nine tribes and the other half of the tribe of Manasseh .",They cast lots before the Lord to decide the inheritance for the nine remaining tribes and the half-tribe of Manasseh | They drew lots before the Lord to determine the portions for the nine remaining tribes and the half-tribe of Manasseh,77.48344370860927,False
1463,"Sepandan, apre chak frè te fin bay opinyon pa yo e yo te kite lespri sen gide yo pou yo pran yon desizyon, yo pa t plede ensiste sou ide yo te gen nan tèt yo a.","However, after each brother had expressed his opinion and allowed holy spirit to guide them in making a decision, they did not insist on their own ideas.","However, after each brother gave their own opinion and let the Spirit guide them to make a decision, they did not insist on the ideas they had in their head.","However, after everyone shared their views and let holy spirit guide the decision, they didn’t insist on their own ideas. | After each brother gave his opinion and let holy spirit lead the way, they didn’t push their own ideas.",74.0484429065744,False
1464,Ki vrè rezon ki fè ti jèm nan seche nan dezyèm kalite tè ki nan egzanp Jezi a?,What is the real reason why the little seed withers in the second type of soil in Jesus' parable?,What is the real reason for the germ feeding in the second kind of soil in Jesus' illustration?,What’s the real reason the seed withers in the second kind of soil in Jesus’ parable? | Why does the seed dry up in the second type of soil in Jesus’ parable?,78.4090909090909,False
1465,"Apre sa, li di: ""Jezi, sonje m lè w vin wa.""","Then he said, ""Jesus, remember me when you come into your kingdom.""","And he said, Jesus, remember me when you come into your kingdom.","Jesus, remember me when you come into your kingdom. | Lord, remember me when you come into your kingdom.",88.69565217391305,True
1466,"Lè m te sot nan kongrè a, mwen te detèmine pou m defann lafwa m nan lekòl mwen.","When I left the convention, I was determined to defend my faith at my school.","When I got out of congress, I was determined to stand up for my faith in my school.","When I came back from the convention, I was determined to stand up for my faith at school. | After the convention, I was determined to defend my faith at school.",75.90361445783132,False
1467,Berya te papa Refak ki te papa Rechèf . Rechèf te papa Tela ki te papa Takan .,"Beriah was the father of Rephah, who was the father of Resheph, who was the father of Telah, who was the father of Tahan.","Beriah was the father of Rephach , who was the father of Recep . Recep was the father of Tela , who was the father of Tacan .","Beriah was the father of Rephah, who was the father of Resheph, who was the father of Telah, who was the father of Tahan. | Beriah fathered Rephah, Rephah fathered Resheph, Resheph fathered Telah, and Telah fathered Tahan.",91.05691056910568,True
1468,"Nan yon zòn ann Afrik, yo te gaye yon bann vye manti sou Temwen Jewova yo. Pa egzanp, yo te di se Dyab la y ap sèvi.","In one area of Africa, many false accusations were spread about Jehovah’s Witnesses, such as that they served the Devil.","In one part of Africa, they were spreading a great deal of falsehood about Jehovah's Witnesses. For example, they said that they were serving the Devil.","In one part of Africa, a lot of false rumors were spread about Jehovah’s Witnesses, including claims that they served the Devil | In an area of Africa, many lies were circulated about Jehovah’s Witnesses, such as saying they were serving the Devil",68.40148698884758,False
1469,"Paske, tout moun lespri Bondye ap gide se pitit Bondye yo ye.",For all who are led by the Spirit of God are children of God.,For all who are led by the Spirit of God are children of God.,All who are led by God’s Spirit are God’s children | Those guided by the Spirit of God are children of God,83.76068376068376,True
1470,"Sepandan, istoryen yo dakò pa gen okenn moun ki konnen dat Jezi te fèt.","However, historians agree that no one knows the exact date of Jesus' birth.","However, historians agree that no one knows that Jesus was born.","However, historians agree that no one knows the exact date Jesus was born | Still, historians agree that nobody knows Jesus’ exact birthday",85.71428571428572,True
1471,"Apre sa , Jezi pran senk pen yo ak de pwason yo . Li leve je li anlè , li rann Bondye gras . Epi li separe pen yo bay disip yoditribye bay moun yo . Li fè menm bagay la tou ak de pwason yo .","Then Jesus took the five loaves and the two fish , looked up and gave thanks , and distributed the loaves to the disciples and the crowds . He did the same with the two fish .","And Jesus took the five loaves and the two fishes . And lifting up his eyes , he gave thanks . And he divided the loaves and gave them to the people . He did the same with the two fishes .","Then Jesus took the five loaves and two fish, looked up to heaven, gave thanks, and handed them out to the disciples and the crowd. | Jesus took the five loaves and two fish, gave thanks, and distributed them to the disciples and the people.",64.32748538011697,False
1472,Mwen kontan anpil dèske m ede anpil moun pou yo vwe lavi yo bay Jewova e pou yo batize.,I have had the great joy of helping many people to dedicate their lives to Jehovah and get baptized.,I am very happy to have helped so many people to dedicate their lives to Jehovah and be baptized.,I’ve been very happy to help many people dedicate their lives to Jehovah and get baptized | It has brought me great joy to help many people dedicate their lives to Jehovah and be baptized,86.02150537634408,True
1473,"Li te yon bèl distans lè li wè Jezi . Li kouri , li vin mete ajenou devan li .","He saw Jesus from a great distance away, and ran and knelt before him.",It was a fair distance when he saw Jesus. He ran and knelt down before him.,"He saw Jesus from far away and ran up to kneel before him | From a distance, he saw Jesus, ran over, and knelt down before him",78.83211678832117,False
1474,Se kòmsi lavi m te fini.,It was as if my life was over.,It was the end of my life.,It felt like my life was over | I felt like my life was over,60.86956521739131,False
1475,"Yo te meprize l, e yo te konsidere l tankou li pa t vo anyen.","They despised him, and considered him worthless.","They despised him, and they regarded him as worthless.",They looked down on him and treated him like he was worthless | They despised him and saw him as having no value,66.66666666666667,False
1476,David te wè sa Bondye ta pral fè a. Se konsa li te di Kris la te gen pou l leve sòti vivan nan lanmò lè l di : Yo p'ap kite l kote mò yo ye a. Kò li p'ap tounen pouriti .,"David saw what God was going to do. So he spoke about the resurrection of the Christ, saying, ""He was not abandoned to Hades, nor did his flesh see corruption.""",David saw what God was going to do to him. That is why he said that Christ would be raised from the dead by saying: He will not be left in the grave. His body will not rot .,"David saw what God was going to do. So he spoke about Christ’s resurrection, saying, “He was not left in the grave, and his body did not decay.” | David foresaw what God would do, and he spoke of Christ’s resurrection: “He was not abandoned to the realm of the dead, nor did his body rot.”",69.03225806451613,False
1477,Bon konprann ou ak richès ou pi plis pase sa yo te di m lan. .,Your wisdom and wealth exceed what I was told.,Your wisdom and wealth are much more than they have told me. .,You’re even wiser and wealthier than I’d heard | Your wisdom and riches are greater than I was told,66.07142857142857,False
1478,"Li te di tou: ""Moun ki gen imilite yo ap posede tè a, e y ap kontan anpil akoz yo pral viv nan yon lapè total.""","He also said: “The meek will possess the earth, and they will indeed find their exquisite delight in the abundance of peace.”","He also said: ""People of humility will possess the earth, and they will rejoice because they will live in total peace.""",The humble will inherit the earth and enjoy great peace | The meek will possess the land and live in perfect peace,58.37320574162679,False
1479,"Sa vle di, Bondye sèvi ak Jezi pou l reyalize objektif li.",This means that God uses Jesus to accomplish his purpose.,This means that God uses Jesus to achieve his purpose.,This means God uses Jesus to fulfill his purpose | God uses Jesus to carry out his plan,82.35294117647058,True
1480,Li te mande disip yo pou priye konsa: Se pou wayòm ou an vini.,He asked his disciples to pray like this: Your kingdom come.,He told his disciples to pray: Let your kingdom come.,Your kingdom come | May your kingdom come,63.63636363636363,False
1481,"Tande, san frè w la ap rele nan pye m etan l atè a. .","Listen, your brother's blood is crying out at my feet as he lies on the ground.","Behold, your brother's blood is crying out to me from the ground. .","Listen, your brother’s blood is crying out from the ground | Hear me, your brother’s blood is crying out where he lies on the ground",84.12698412698413,True
1482,"Samyèl di Sayil : — Se mwen menm Senyè a te voye pou vide lwil sou tèt ou pou ou te ka wa sou pèp Izrayèl la . Kounyeya , koute pawòl Senyè a .","Samuel said to Saul , "" I am the one the Lord sent to anoint you king over Israel . Now then , listen to the word of the Lord . ""","Samuel said to Saul: I am the Lord who sent you to pour oil on your head so that you may reign over Israel. Now therefore , listen to the word of the Lord .","Samuel said to Saul, “I’m the one the Lord sent to anoint you king over Israel. Now listen to the Lord’s word.” | Samuel said to Saul, “I was sent by the Lord to anoint you king over Israel. Now pay attention to what the Lord says.”",68.42105263157895,False
1483,"Sa m vrèman apresye lakay li sèke toutpandan l renmen m, li renmen Jewova pi plis toujou.","What I really appreciate about him is that while he loves me, he loves Jehovah even more.","What I really appreciate about her home is that while she loves me, her love for Jehovah is even more intense.","What I really admire about him is that even though he loves me, he loves Jehovah more | What I appreciate most about him is that while he loves me, he loves Jehovah even more",80.61224489795919,True
1484,"NAN epòk n ap viv la, zafè rete pwòp la pa yon bagay ki popilè ditou.","IN THE times we live in, staying clean is not at all popular.","IN THE 21st century, keeping things clean is not a popular thing at all.","These days, staying clean isn’t really in style. | In today’s world, keeping clean just isn’t popular.",58.53658536585367,False
1485,M'a ba ou bon konsèy.,I will give you good advice.,I will give you good advice.,I’ll give you some good advice | Let me give you some good advice,82.14285714285714,True
1486,"Yo jete l deyò jaden an, yo touye li. — Atò, kisa mèt jaden an pral fè yo?",They threw him out of the vineyard and killed him. — So what will the owner of the vineyard do to them?,"They threw him outside the vineyard and killed him. Well then, what will the owner of the vineyard do to them?",They threw him out of the vineyard and killed him. So what will the vineyard owner do to them? | They cast him out of the vineyard and killed him. What will the owner of the vineyard do to them?,87.92270531400966,True
1487,"Vrèmanvre, si nou fidèl ak Jewova e nou suiv enstriksyon li ban nou yo pa mwayen òganizasyon l lan, l ap ban nou lavi ki pap janm fini an e l ap fidèl avè n nètale!","Indeed, if we are loyal to Jehovah and follow the instructions he gives us through his organization, he will give us everlasting life and will be loyal to us forever!","Truly, if we are faithful to Jehovah and follow his instructions to us through his organization, he will give us eternal life and will be faithful and immortal!","Truly, if we stay loyal to Jehovah and follow the guidance he gives through his organization, he will grant us everlasting life and remain loyal to us forever! | Indeed, if we are faithful to Jehovah and obey the direction he gives through his organization, he will give us eternal life and stay loyal to us forever!",77.27272727272727,False
1488,Men sa w ka mande tèt ou: 'Èske m fè efò pou m pa fè pati monn nan?,You might ask yourself: 'Do I strive to be no part of the world?,But you can ask yourself: Am I striving to be no part of the world?,You may ask yourself: “Am I trying not to be part of the world?” | “Do I make an effort to stay separate from the world?”,84.61538461538461,True
1489,"Men sa Bib la di moun ki fè pati pèp Bondye a: ""Rejte konduit ki dezonore Bondye, [...] rejte dezi ki nan monn nan, e [...] viv avèk bonsans ak jistis ak atachman pou Bondye nan sistèm sa a, pandan n ap tann esperans ki bay kè kontan an, e pandan n ap tann gran Dye a ansanm ak Sovè nou an, Kris Jezi, parèt nan laglwa. Kris te bay tèt li pou nou pou l ka delivre nou anba tout sa lalwa kondane e pou l ka pirifye yon pèp pou li menm, yon pèp ki rele l pa l, ki zele pou l fè bèl travay."" .","The Bible tells God’s people: “Repudiate ungodliness, . . . reject worldly desires, and . . . live with soundness of mind, righteousness, and godly devotion amid this present system of things, while we await the happy hope and glorious revelation of the great God and our Savior, Christ Jesus. Christ gave himself for us that he might deliver us from all that is under the law and purify for himself a people for his own possession, zealous for fine works.” .","The Bible says to those who are part of God's people: ""Refrain from conduct that dishonors God, [...] reject the desires of the world, and [...] live with goodness and justice and attachment to God in this system, while we wait for the joyful hope, and for the great God and our Savior, Christ Jesus, to appear in glory. Christ gave himself for us to redeem us from all that law condemns and to purify a people for himself, a people that is holy and holy.""","The Bible says to God’s people: “Reject ungodliness, reject worldly desires, and live with good judgment, righteousness, and devotion to God in this world, while we wait for the joyful hope and the glorious appearance of our great God and Savior, Christ Jesus. Christ gave himself for us to free us from all lawlessness and to cleanse for himself a people who belong to him, eager to do good works.” | God’s Word tells his people to turn away from ungodliness and worldly desires, and to live wisely, righteously, and in devotion to God while we look forward to the blessed hope and the glorious coming of our great God and Savior, Jesus Christ. He gave himself for us to redeem us from every kind of lawlessness and to make us his own special people, eager to do what is good.",67.15686274509804,False
1490,"Apre sa, zanj yo kite bèje yo, yo tounen nan syèl la. Epi, bèje yo di youn lòt: ""Ann al Betleyèm dwat pou nou ka wè bagay sa a ki fèt la, bagay Jewova fè n konnen an.""","Then the angels left the shepherds and returned to heaven. The shepherds said to one another, “Let us go straight to Bethlehem and see this thing that has happened, which the Lord has made known to us.”","Then the angels departed from the shepherds and returned to heaven. And the shepherds said to one another, Let us go straight to Bethlehem and see the thing that is done there, which the Lord has revealed to us.","Then the angels left the shepherds and went back to heaven. The shepherds said to one another, “Let’s go straight to Bethlehem and see what has happened, what the Lord has told us about.” | After the angels had gone back to heaven, the shepherds said to each other, “Let’s hurry to Bethlehem and see this thing that has taken place, the thing the Lord has made known to us.”",80.51282051282051,True
1491,"Nan kèlkeswa ka a, desizyon jij yo t ap pran an te dwe koresponn toutbon ak aksyon yo t ap jije a.","In any case, the decision the judges were making had to be fully consistent with the action being judged.","In either case, the decisions of the judges should be consistent with the actions of the judges.","In any case, the judges’ decision had to fit the act being judged | Whatever the case, the judges’ ruling had to match the offense exactly",59.375,False
1492,"Ki sa Jezi ap fè jodi a, e ki kesyon sa soulve?","What is Jesus doing today, and what questions does this raise?","What is Jesus doing today, and what question does that raise?","What is Jesus doing today, and what questions does that raise? | What is Jesus doing today, and what questions does that bring up?",98.36065573770492,True
1493,"Èske sa deja rive, ou achte yon kado pou yon bon zanmi epi, lè l resevwa l, ou wè kontantman ak apresyasyon parèt sou vizaj li?","Has it ever happened to you, you bought a gift for a good friend and, when he receives it, you see the happiness and appreciation appear on his face?","Has this already happened, or did you buy a gift for a good friend and, when he receives it, you see happiness and appreciation displayed on his face?",Have you ever bought a gift for a close friend and seen how happy and grateful they were when they got it? | Have you ever given a good friend a gift and watched their face light up with joy and appreciation?,54.28571428571429,False
1494,"7, 8. a Ki sa petèt ki fè gen kèk Juif ki te vle kontinye pratike kèk bagay ki te nan Lalwa Moyiz la?","7, 8. a What may have caused some Jews to want to continue practicing some aspects of the Mosaic Law?","7, 8. What perhaps made some Jews who wanted to continue practicing some things contained in the Law?",What may have led some Jews to keep observing parts of the Mosaic Law? | What might have made some Jews want to continue following certain aspects of the Mosaic Law?,64.28571428571428,False
1495,David te rete fidèl devan Jewova menm lè Sayil te kontinye aji avèk enjistis pandan plizyè ane.,David remained loyal to Jehovah even when Saul continued to act unjustly for years.,David remained faithful to Jehovah even though Saul continued to act unjustly for many years.,David stayed loyal to Jehovah even when Saul acted unjustly for years. | David remained faithful to Jehovah despite Saul’s years of injustice.,73.61963190184049,False
1496,"tanpri , koute lapriyè yo , kote ou ye nan syèl kote ou rete a , padonnen yo , fè sa ou gen pou fè a . Bay chak moun sa yo merite , paske ou konnen sa ki nan kè yo chak . Se ou menm sèlman ki konnen sa ki nan fon kè moun .","Please listen to their prayer from heaven , your dwelling place , forgive them , and do what you have to do . Give each person what they deserve , because you know what is in their hearts . You alone know what is in the hearts of people .","Please , listen to their prayers , wherever you are in heaven , wherever you reside , forgive them , do what you have to do . Give each one what he deserves , because you know what is in each one 's heart . You alone know what is in each one 's heart .","Please hear their prayer from your dwelling place in heaven, forgive them, and deal with them as you see fit. Give each person what they deserve, for you know what is in their hearts. | Hear their prayer from heaven, forgive them, and judge them according to what is in their hearts, since only you know the depths of human hearts.",62.80623608017817,False
1497,"Depi kounye a, moun nou ye pa anndan an kapab gen pisans grasa lespri sen pandan n ap patisipe nan aktivite espirityèl yo ki ban nou fòs.","From now on, the person we are on the inside can be made powerful by holy spirit as we engage in spiritual activities that strengthen us.","From now on, those of us who are inside can be empowered by the grace of the Holy Spirit as we participate in the spiritual activities that give us strength.","From now on, our inner self can be strengthened by holy spirit as we take part in spiritual activities | Going forward, our inner person can be empowered by holy spirit through spiritual activities that build us up",66.66666666666667,False
1498,"[...] Yo te rantre nan fè sakrifis pou imaj Baal yo, e yo te kòmanse fè lafimen sakrifis pou imaj taye yo.","[...] They joined in sacrificing to the Baals, and they began to make sacrificial smoke to the carved images.","[...] They joined in making sacrifices to the images of Baal, and began to make incense sacrifices to the hallowed images.",They worshiped Baal idols and offered sacrifices to carved images | They took part in idol worship and burned offerings to carved images,53.475935828877,False
1499,Ki sa ki gen nan bonjan krent pou Bondye a?,What is the true fear of God?,What is there in the fear of God?,What does it mean to truly fear God? | What is genuine reverence for God?,63.63636363636363,False
1500,Ki evènman kaptivan ki pral genyen byento?,What exciting events are coming up soon?,What fascinating event is about to happen?,What exciting events are coming up soon? | What fun events are happening soon?,63.888888888888886,False
1501,"""Kote trezò nou ye, se la kè n ap ye tou."" — LIK 12: 34.","Where your treasure is, there your heart will be also. —LUKE 12:34.","Where your treasure is, there will your heart be also.  LUKE 12:34.",What you value most is where your heart will be | Your heart follows what you treasure most,59.13043478260869,False
1502,Jezi pa t di li t ap nome yon esklav mechan.,Jesus did not say that he would appoint an evil slave.,Jesus did not say that he would call a mean slave.,Jesus didn’t say he would appoint a wicked servant | Jesus didn’t say he would choose an evil slave,75.0,False
1503,konn gen sijè ladan yo ki enfòme nou sou yon kantite pwoblèm sante ak maladi ki byen presi.,They often include topics that inform us about a number of specific health issues and diseases.,They often contain topics that inform us about a number of specific health problems and diseases.,They often cover topics that inform us about specific health problems and diseases | They usually include subjects that teach us about certain health issues and illnesses,88.26815642458101,True
1504,"Sepandan, se pa t yo menm ki te mouri an premye.","However, they were not the first to die.","However, they were not the first to die.","However, they weren’t the first ones to die | But they weren’t the first to die",88.0,True
1505,"Kidonk, veye pou bagay ki ekri nan liv pwofèt yo pa rive NOU. Men sa ki ekri:","Therefore, be careful that what is written in the prophets does not come upon you. It is written:","Therefore, watch out that the things written in the books of the prophets do not happen to YOU. Here is what is written:",So be careful that what is written in the prophets does not happen to you. | Beware that what is written in the prophets may come upon you.,73.21428571428572,False
1506,"Ki opozisyon Jezi te konnen li t ap jwenn sou tè a, e ki jan sa t ap gen pou fini?","What opposition did Jesus know he would face on earth, and how would it end?","What opposition did Jesus know he would encounter on earth, and how would it end?","What opposition did Jesus know he would face on earth, and how would it end? | What kind of opposition did Jesus know he would encounter on earth, and how would it end?",97.46835443037975,True
1507,Li lage pyès monnen moun k ap chanje lajan yo atè e li chavire tab yo.,He poured out the money changers' coins and overturned their tables.,He dropped the coins of the moneychangers to the ground and overturned the tables.,He spilled the money changers’ coins and overturned their tables | He dumped out the money changers’ coins and flipped over their tables,72.6027397260274,False
1508,"Nan konsè mizik wòk la, lokal la te chaje ak fatra e te gen anpil lafimen sigarèt.","At the rock music concert, the venue was littered with trash and there was a lot of cigarette smoke.","At the rock music concert, the venue was filled with garbage and there was a lot of cigarette smoke.","At the rock concert, the place was full of trash and cigarette smoke | The rock show venue was messy and smoky",69.04761904761905,False
1509,"Li reponn yo : Se moun ki geri m' lan wi ki di m' ranmase nat mwen , mache m' ale .","He answered them, ""The man who made me well told me to pick up my mat and walk.""","He said to them , It is the healers who tell me to take up my stretcher and walk away .",He told me to pick up my mat and walk | The man who healed me told me to take up my mat and go,59.06040268456376,False
1510,"O Seyè , Bondye ki bay tout moun lavi , tanpri , chwazi yon nonm ki ka mennen pèp la ,","O Lord, God of all life, please choose a man who can lead the people,","O Lord, God of life, please choose a man who will lead your people,","O Lord, God of all life, please appoint a leader for the people | O Lord, God of all life, please choose someone to lead the people",78.78787878787878,False
1511,"Fason Jewova te boule ak medam sa yo ansanm ak benediksyon li te vide sou yo montre sa ki plis fè l plezi se kalite espirityèl yon moun gen lakay li, kit moun nan se gason, kit li se fi.","Jehovah’s dealings with these women and the blessings he bestowed upon them show that what pleases him most is the spiritual qualities of a person, whether male or female.","The way that Jehovah was moved with these ladies and the blessings He poured out on them showed what most pleases Him is the spiritual quality of a person having a home, whether the person is male or female.","Jehovah’s treatment of these women and the blessings he gave them show that what matters most to him is a person’s spiritual qualities, whether male or female. | Jehovah’s dealings with these women and the blessings he poured out on them show that he values spiritual qualities above all, regardless of whether someone is a man or a woman.",67.86632390745501,False
1512,"Mwen fè chante ak sa ou mande m fè , nan kay ki pa lakay mwen .","I sing and do what you ask me to do, in a house that is not my home.","I sing and do what you asked me to do , at home outside my home .",I do as I’m told in someone else’s house | I go along and do what’s asked of me in a place that isn’t mine,56.666666666666664,False
1513,"""San mank, pou tout pèp nan montay sa a, Jewova Chèf lame yo pral fè yon festen manje ki plen luil, yon festen diven yo kite poze nan ma a, yon festen manje ki plen luil e ki plen mwèl, yon festen diven yo kite poze nan ma a e yo filtre."" — Izayi 25: 6, NW.","Surely, in this mountain, Jehovah of armies will make for all the peoples a banquet of well-oiled dishes, a banquet of wine kept on the dregs, a banquet of well-oiled dishes filled with marrow, a banquet of wine kept on the dregs, filtered. —Isaiah 25:6.","""San mank, for all the people of this mountain, the Lord of hosts will make a feast of unleavened bread, a feast of unleavened bread, a feast of unleavened bread and unleavened bread, a feast of unleavened bread and unleavened bread.""  Isaiah 25:6.",a lavish feast for all peoples | a rich banquet for everyone,50.847457627118644,False
1514,"Ki sa Jezi te vle di lè l te di ""koup sa a reprezante nouvo alyans lan ki fèt grasa san m ki pral koule pou nou"" an?","What did Jesus mean when he said, ""This cup is the new covenant in my blood, which is poured out for you""?","What did Jesus mean when he said, This cup represents the new covenant made by my blood which is poured out for us?","What did Jesus mean when he said, “This cup represents the new covenant made through my blood, which is poured out for you”? | What did Jesus mean when he said, “This cup is the new agreement sealed by my blood, which is being poured out for you”?",92.17391304347827,True
1515,"Lè sa a , Jeremi rakonte ki jan Seyè a te pale avè l' . Seyè a te di l' konsa :","Then Jeremiah told how the Lord had spoken to him. The Lord said to him,",Then Jeremiah related how the Lord had spoken to him . The Lord said to him thus:,"Then Jeremiah recounted how the Lord had spoken to him. The Lord said to him,|Then Jeremiah told how the Lord had spoken to him. The Lord said to him,",91.92546583850931,True
1516,"Yon lòt bò, toujou felisite pitit ou lè yo suiv règ yo.","On the other hand, always praise your child when they follow the rules.","On the other hand, always congratulate your children when they follow the rules.","On the flip side, always praise your child when they obey the rules. | On the other hand, make sure to praise your child whenever they follow the rules.",80.0,True
1517,Kite lespri Bondye fè w vin gen kran,Let God's spirit make you bold.,Let the Spirit of God make you gen kran,Be courageous with God’s help | Let God give you courage,50.79365079365079,False
1518,"Nan tout lòt nasyon yo , yo t'ap nonmen non ou pou jan ou te bèl . Pou bèl ou pa t' ka pi bèl pase sa paske se mwen menm ki te fè ou bèl konsa . Se mwen menm , Seyè sèl Mèt la , ki di sa .","You were famous among all the nations for your beauty , for you could not be more beautiful than this , for I myself made you beautiful , declares the Lord God .","In the midst of all the nations you shall be called by your name for how beautiful you were. For your beauty could not be more beautiful than that, for I am the One who made you so beautiful. I, the Lord God , say these things.","You were renowned among the nations for your beauty, for I had made you exceedingly beautiful, declares the Lord God. | You were known among all nations for your beauty, because I had made you beautiful, declares the Lord God.",54.50346420323326,False
1519,"Sa te pase nan lanne Sagon , wa peyi Lasiri , te bay kòmandan chèf lame li a lòd pou l' te al atake lavil Asdòd nan peyi moun Filisti yo . Epi li pran l' .",It happened in the year that Sargon king of Assyria sent the commander of his army to attack Ashdod in the land of the Philistines and captured it.,"It happened in the year that Argon , king of the Assyrians , ordered the captain of his army to go up against Ashtoroth of the Philistines and take it .""","In the year King Sargon of Assyria sent his commander to attack Ashdod in Philistia and captured it | When King Sargon of Assyria sent his army commander to attack Ashdod in Philistia, he took the city",56.126482213438734,False
1520,Ni yo pa limen lanp pou mete li anba tab. Men yo mete li sou etajè pou li klere tout moun nan kay la.,"Neither do people light a lamp and put it under a table, but on a stand, and it gives light to everyone in the house.",Nor do they light the lamp to put it under the table. But they put it on the shelf so that it illuminates everyone in the house.,Don’t hide your light; let it shine for everyone | A lamp is meant to be placed where it can light up the whole house,48.756218905472636,False
1521,"Se konsa , mwen menm , m'ap mouri bò isit la , mwen p'ap janbe lòt bò larivyè Jouden an . Men , nou menm , n'ap janbe lòt bò larivyè a , nou pral pran bon peyi sa a pou nou .","So I will die here , I will not cross the Jordan , but you will cross over and take possession of this good land .","So I am going to die here , I will cross the Jordan . But we are going to cross the Jordan , and we will take this beautiful land for ourselves .","So I’ll die here, but you’ll cross over and take the good land. | I won’t make it across the Jordan, but you will go on to claim that land.",60.44776119402986,False
1522,"""Pa mwayen pawòl Jewova syèl la te fèt, e pa mwayen lespri bouch li tout lame ki nan syèl la te fèt."" — SÒM 33: 6, NW.","By the word of Jehovah the heavens themselves were made, and by the spirit of his mouth all their army. —PSALM 33:6.","""By the word of the Lord the heavens were made, and by the spirit of his mouth the entire heavenly host was made.""  PSALM 33:6.","By Jehovah’s word the heavens were made, and by the breath of his mouth all their host. | By the word of Jehovah the heavens were created, and by the spirit from his mouth all the heavenly army.",73.59307359307358,False
1523,"Men ki kesyon salmis David te poze yon lè: O Jewova, kiyès ou va envite nan tant ou?","The psalmist David once asked: “O Jehovah, whom will you invite into your tent?”","What question did the psalmist David once ask: O Jehovah, whom will you invite into your tent?","The psalmist David once asked: “O Jehovah, who may dwell in your tent?” | David once asked: “O Jehovah, who is welcome in your tent?”",75.60975609756098,False
1524,"Men sa yon chèf fanmi te admèt: Si nou te ka tounen dèyè pou nou chanje yon bagay, ebyen, depi nan kòmansman maryaj nou, mwen t ap fè yon fason pou nou bati yon bon pwogram pou etid familyal nou.","One family head admitted: “If we could go back and change one thing, I would have made sure that we had a good family study schedule from the beginning of our marriage.”","This is what one elderly man admitted: If we could go back and change something, well, from the beginning of our marriage, I would make a way for us to build a good program for our family study.","One family head admitted that if they could change one thing, they would have started a good family Bible study routine from the very beginning of their marriage. | A family head said that if they could go back and do one thing differently, they would have set up a regular family study program right from the start of their marriage.",53.77049180327869,False
1525,Yo te kontinye fè sa pandan dizan.,They continued to do this for ten years.,They continued to do this for ten years.,They kept doing this for ten years | They went on doing this for ten years,80.51948051948052,True
1526,Piga nou gen lòt bondye pase mwen menm selman .,You shall have no other gods before me.,For we have no other gods besides myself .,You shall have no other gods besides me | Do not worship any other gods but me,80.48780487804879,True
1527,Jewova egzèse souvrènte l diferan fason nan diferan epòk.,Jehovah exercises his sovereignty in different ways at different times.,Jehovah exercised his sovereignty differently in different eras.,Jehovah rules in different ways at different times | Jehovah exercises his rule differently in different eras,88.33333333333333,True
1528,Senyè a va beni tout rekòt nou ak tout sa n'ap manje .,The Lord will bless all our crops and all our food.,The Lord will bless all our produce and all that we eat.,May the Lord bless our harvest and our food | The Lord will bless everything we grow and eat,62.745098039215684,False
1529,"Lè sa a , n'a chante pou nou pase wa lavil Babilòn lan nan betiz , n'a di : Gade ki jan moun ki t'ap maltrete nou an disparèt ! Gade ki jan yo desann kòlèt li non !","Then you will take up this taunt against the king of Babylon and say , "" How our oppressor has perished ! How he has fallen from his throne ! ""","Then you will sing to the king of Babylon in sport, saying: Look how our oppressors vanished! Look how they lowered his collar !","Then you’ll sing this taunt against the king of Babylon: “How our oppressor has fallen!” | Then you’ll mock the king of Babylon, saying, “How our tyrant has been brought down!”",61.47186147186148,False
1530,"Malè pou nou , nou menm dirèktè lalwa ak farizyen , bann ipokrit ! Nou sanble tonm yo blanchi nan simityè . Deyò yo parèt byen bèl , anndan yo plen ak zosman mò ak tout kalite vye bagay pouri .","Woe to you , scribes and Pharisees , hypocrites ! You are like whitewashed tombs , which indeed appear beautiful on the outside , but inside are full of dead men 's bones and all uncleanness .","Woe to you , scribes and Pharisees , hypocrites ! We look like the whitewashed tombs in cemeteries . Outside they look beautiful , inside they are filled with deadly zombies and all kinds of obscure things .","Woe to you, teachers of the law and Pharisees, you hypocrites! You are like whitewashed tombs—beautiful on the outside, but full of death and corruption inside. | Woe to you, scribes and Pharisees, hypocrites! You look clean and attractive on the outside, but inside you are full of dead bones and filth.",65.51724137931035,False
1531,"Depi yon kretyen fè tout sa l kapab pou l sove maryaj li lè l jwenn pwoblèm, Jewova ap ede l grasa lespri sen e l ap ede l aplike prensip ki nan Bib la.","As long as a Christian does his best to save his marriage when it is in trouble, Jehovah will support him by means of his holy spirit and will help him to apply Bible principles.","Since a Christian is doing everything he can to save his marriage when he encounters problems, Jehovah will help him, in his holy spirit, to apply Bible principles.","If a Christian does everything possible to save his marriage when problems arise, Jehovah will support him with holy spirit and help him apply Bible principles. | When a Christian does his best to preserve his marriage in times of trouble, Jehovah will back him with holy spirit and help him put Bible principles into practice.",76.54320987654322,False
1532,Èske w itilize bwochi sa a nan ministè a?,Are you using this brochure in the ministry?,Are you using this brochure in the ministry?,Do you use this brochure in ministry? | Are you using this brochure for ministry?,89.41176470588236,True
1533,Yon farizyen te envite Jezi vin manje avè li . Jezi ale lakay farizyen an ; li chita bò tab la pou l' manje .,A Pharisee invited Jesus to eat with him. Jesus went into the Pharisee's house and sat down to eat.,A Pharisee invited Jesus to dine with him . Jesus went into the Pharisee's house and reclined at the table to dine with him .,A Pharisee invited Jesus to dinner. Jesus went to the Pharisee’s house and sat down to eat. | A Pharisee asked Jesus to come eat with him. Jesus went to his house and took his place at the table.,75.92592592592592,False
1534,"Oswa nou gendwa fè pwogrè, men, lè n egzamine tèt nou pi plis, nou remake nou ka toujou amelyore relasyon n gen ak Bondye.","Or we may be making progress, but when we examine ourselves more closely, we realize that we can still improve our relationship with God.","Or we may be making progress, but by examining ourselves more closely, we realize we can still improve our relationship with God.","We may be making progress, but when we take a closer look at ourselves, we realize we can still strengthen our relationship with God. | We might be improving, yet upon closer self-examination, we see there is still room to grow in our relationship with God.",74.4186046511628,False
1535,Ki jan Abraram ak fanmi l te rive kenbe yon lafwa solid?,How did Abraham and his family maintain strong faith?,How did Abraham and his family maintain a strong faith?,How did Abraham and his family keep their faith strong? | How did Abraham and his family stay strong in faith?,87.85046728971963,True
1536,Se pa bagay ki antre nan bouch yon moun ki ka mete l nan kondisyon pou l pa ka sèvi Bondye . Men se sa k sòti nan bouch li ki ka mete l nan kondisyon sa a.,It is not what goes into a person's mouth that can make him unfit to serve God. It is what comes out of his mouth that can make him unfit.,It is not what goes into a man's mouth that can make him unfit to serve God. It is what comes out of his mouth that can make him unfit.,"It’s not what goes into a person that defiles them, but what comes out | What you say matters more than what you eat",60.3448275862069,False
1537,"Grannèg yo voye domestik yo al chache dlo . Lè yo rive nan sitèn yo , yo pa jwenn yon gout dlo . Yo tounen ak veso yo vid . Yo wont , yo pa konn sa pou yo di . Yo bouche figi yo .","The nobles sent their servants to fetch water . When they came to the cisterns , they found not a drop of water . They returned with their vessels empty . They were ashamed , they did not know what to say . They covered their faces .","The grandparents send their servants to fetch water. When they reach their tank , they do not find a drop of water. They return with empty vessels. They are ashamed , they do not know what to say. They cover their faces .",They came back empty-handed | They returned ashamed and empty-handed,52.94117647058824,False
1538,"Ki sa k fè moun ki fè pati ""lòt mouton"" yo jwenn byenfè nan parabòl dis fi vyèj yo tou?",Why do those of the “other sheep” also benefit from the parable of the ten virgins?,"How can those of the ""other sheep"" benefit from the parable of the ten virgins?",Why do the “other sheep” also benefit from the parable of the ten virgins? | Why do the “other sheep” also gain from the parable of the ten virgins?,84.9673202614379,True
1539,"Men, Potifa ansanm ak Ejipsyen ki rich yo t ap viv nan yon seri bèl kay ki pentire ak koulè vif.","But Potiphar and the wealthy Egyptians lived in beautiful, brightly painted houses.",But both Potiphar and the prosperous Egyptian did not live in a beautiful series of colorfully painted houses.,"But Potiphar and the rich Egyptians lived in beautiful, brightly painted homes. | Potiphar and the wealthy Egyptians lived in lovely houses painted in bright colors.",71.95767195767195,False
1540,"Se nou menm Senyè a, Bondye nou an, te chwazi nan tout pèp ki sou latè pou li fè nou tounen yon pèp ki rele l pa l. — Det.",It is you whom Jehovah our God has chosen out of all the peoples on the face of the earth to become a people for his own possession.—Deut.,"You, the Lord our God, have chosen from among all the peoples of the earth to make of you a people unto his name.  Deut.",It is you whom the LORD our God has chosen from all the peoples on earth to be his own people | The LORD our God has chosen you from all the peoples on earth to be his treasured people,71.81818181818183,False
1541,"Mwen pi pitit pase moun ki pi pitit nan tout pèp Bondye a . Men atousa , se mwen menm Bondye bay privilèj sa a , pou m' fè moun lòt nasyon yo konnen bon nouvèl richès Kris la , richès moun p'ap janm fin konprann .","am the least of all the saints , but to me God gave this privilege , to preach to the Gentiles the unsearchable riches of Christ .","I am the greatest of all the saints . Nevertheless , if God has given me this privilege , to preach to the Gentiles the gospel of the riches of Christ , the riches of men that will never be comprehended .","I am the least of all God’s people, yet God gave me this privilege to share the unfathomable riches of Christ with the Gentiles | Though I am the least among all the saints, God gave me the privilege of proclaiming to the Gentiles the boundless riches of Christ",62.19512195121951,False
1542,"Menm jan yon manman konsole pitit li, se konsa tou, m ap kontinye konsole nou.' — Ezayi 66: 12, 13.","“As a mother comforts her child, so I will continue to comfort you.” —Isaiah 66:12, 13.","As a mother comforts her child, so also will I continue to comfort you.  Isaiah 66:12, 13.","As a mother comforts her child, so I will keep comforting you. | Like a mother comforts her child, I will continue to comfort you.",79.47019867549669,False
1543,Chèf legliz yo te konn rele kòlpòtè yo machann liv pou yo te pase yo nan rizib.,Church leaders used to call colporteurs booksellers to ridicule them.,The clergy would call the bookseller colporteurs to pass them into the pond.,Church leaders used to mock colporteurs by calling them booksellers | Church leaders used to ridicule colporteurs by calling them booksellers,53.94736842105263,False
1544,"Jezi di yo : — Enben , mwen menm tou , mwen p'ap di nou avèk ki otorite m'ap fè bagay sa yo .","Jesus said to them, ""Neither will I tell you by what authority I do these things.""","Jesus said to them, Then I also will not tell you by what authority I do these things.",I won’t tell you either | Neither will I tell you by what authority I do these things,77.30061349693251,False
1545,Gen Juif ki tou senpleman pa t konprann Jezi e ki pa t konprann ansèyman l yo.,Some Jews simply did not understand Jesus and his teachings.,A Jew who simply did not understand Jesus and did not understand his teachings.,Some Jews just didn’t understand Jesus and his teachings | Some Jews simply failed to understand Jesus and his teachings,75.0,False
1546,"Men, Jewova pa t kite peche David te fè yo pase san l pa fè anyen.",But Jehovah did not let David's sins go unpunished.,But Jehovah did not let David's sins go unpunished.,But Jehovah did not leave David’s sins unpunished | Jehovah did not let David get away with his sins,90.0,True
1547,"Men sa l di: Pou m te ka fini fòmasyon mwen te kòmanse pran antanke elektrisyen an, mwen te oblije kontinye travay antanke apranti.","He says: In order to complete the training I started as an electrician, I had to continue working as an apprentice.","He said: To finish the training I started as an electrician, I had to continue working as an apprentice.","To finish my electrician training, I had to keep working as an apprentice. | I had to continue as an apprentice to complete my electrician training.",68.53932584269663,False
1548,"Seyè a pale ak Moyiz , li di l' :","The Lord spoke to Moses, saying:","The Lord spoke to Moses, saying to him:","The Lord said to Moses, | The Lord spoke to Moses, saying:",90.14084507042254,True
1549,"N'a sanble tout moun , fanm kou gason , timoun kou granmoun , ansanm ak moun lòt nasyon k'ap viv nan lavil nou yo , pou yo ka tande l , pou yo ka aprann gen krentif pou Senyè a , Bondye nou an , pou yo kenbe lalwa a , epi pou yo fè tou sa ki ladan l .","Gather all the people together , men and women , children and old , and the foreigners who live in your towns , so that they may listen and learn to fear the Lord your God and to keep and do all his laws .","All shall be gathered together , men , women , children and adults , and strangers living in our cities , that they may hear it , that they may learn to fear the Lord our God , to keep the law , and to do all that is in it .","Gather everyone together, young and old, men and women, including the foreigners living among you, so they can hear, learn to fear the Lord your God, and obey all his laws | Assemble all the people—men, women, children, elders, and outsiders in your towns—so they may listen, learn reverence for the Lord your God, and follow everything in his law",59.846547314578004,False
1550,"Pandan Dezyèm Gè mondyal la, gen yon bonm ki te eksploze kay nou te rete a, se sa k fè yo te voye m al rete lakay grann mwen jiskaske m fin fè klas mwen.","During World War II, a bomb exploded in the house where we lived, so I was sent to live with my grandmother until I finished my schooling.","During World War II, a bomb exploded in the house we lived in, so I was sent to live in my grandmother's house until I finished my classes.","During World War II, our house was bombed, so I was sent to live with my grandmother until I finished school. | During World War II, a bomb hit our home, and I stayed with my grandmother until I completed my schooling.",76.03305785123968,False
1551,"Men, m ap plis fè sa paske se responsablite m, tandiske sè m nan ap plis fè sa paske l renmen yo.","But I do it more because it's my responsibility, while my sister does it more because she loves them.","But I will do more because it is my responsibility, whereas my sister will do more because she loves them.","I do it more out of duty, while my sister does it more out of love. | I’m more driven by responsibility, whereas my sister is more driven by affection.",63.1578947368421,False
1552,"Sòlda peyi Elam yo moute sou cha yo ak sou chwal yo . Banza yo ak flèch yo tou pare , y'ap vini . Lame peyi Ki a pran zam pou pare kou yo .","The soldiers of Elam come with chariots and horses , with bows and arrows ready . The army of Chia prepares its weapons .","The armies of Elam are riding on their chariots and horses. Their lances and arrows are ready, and they are coming. The army of Elam is armed to prepare their necks.","The Elamite army advances with chariots and horses, bows at the ready | The army of Ki arms itself for battle",57.798165137614674,False
1553,Ki lè relasyon ak yon kòlèg travay vin pa apwopriye?,When does a relationship with a coworker become inappropriate?,When does the relationship with a coworker become inappropriate?,When does a relationship with a coworker cross the line? | When does a coworker relationship become inappropriate?,80.0,True
1554,Fason yo kuit pen an.,The way they bake the bread.,Ways to cook the bread.,the way they do things | how things are done,48.78048780487805,False
1555,"Èske w t ap di moun ki mande w konsèy la ""si m te ou m ta...""?","Would you tell someone who asked you for advice ""if I were you I would...""?","Wouldn't you have said to the person who asked you for the advice ""if I were you I would...""?","Would you say to someone asking for advice, “If I were you, I’d…” | Would you tell someone seeking advice, “If I were in your shoes, I’d…”",67.46987951807229,False
1556,"Mwen pa manke kontan pou Este-fanas , Fòtinatis , Akaykis ki vin wè mwen . Yo fè m santi se tankou si se nou menm menm ki te la avèk mwen .","I am very happy that Estephanas, Fortinatis, and Achaicus came to see me. They made me feel as if they were with me.","I am delighted that Este-Fanas , Fortunatus , Achaicus have come to see me . They make me feel as if you are the ones who were there with me .","I was so glad to see Estephanas, Fortinatis, and Achaicus come visit me. They made me feel like we were together | I was really happy that Estephanas, Fortinatis, and Achaicus came to see me. It felt like they were right there with me",67.43295019157088,False
1557,"Ki jan moun Bondye chwazi pou al nan syèl yo ede ""lòt mouton"" yo fè sa ki dwat?",How do the anointed help the “other sheep” to do what is right?,"How does God choose people to go to heaven to help the ""other sheep"" do what is right?",How do the anointed help the “other sheep” do what is right? | In what way do the anointed help the “other sheep” do what is right?,71.23287671232876,False
1558,"Nou kapab ap fè yon bagay nou gen tout dwa nou pou nou fè, e nou pa vyole okenn prensip biblik.","We may be doing something we have every right to do, and we are not violating any biblical principles.","We can do something we have every right to do, and we do not violate any biblical principle.","We may be doing something perfectly within our rights, and it doesn’t violate any biblical principles. | We might be doing something we have every right to do, and it doesn’t go against any biblical principles.",83.69565217391303,True
1559,Yo vin chonje pawòl Jezi te di yo .,They remembered the words Jesus had spoken.,They remembered what Jesus had said to them.,They remembered what Jesus had said. | They recalled Jesus’ words.,93.02325581395348,True
1560,Nou konprann nou pi bon pase m' . Nou di se paske mwen antò kifè m'ap pase tray sa a .,You think you are better than me. You say it is because I am wrong that I am going through this trouble.,We understand you better than I do. We say it's because I know how I am going to pass this tray.,You think you’re better than me. You say I’m going through this because I’m the one at fault. | You act like you’re above me. You say this trouble is happening to me because I’m wrong.,55.00000000000001,False
1561,"Yo dezabiye l , yo mete yon gwo rad koulè wouj vyolèt sou li .",They stripped him and put a large purple robe on him.,They stripped her and put a large purple coat on her.,They stripped him and dressed him in a purple robe | They took off his clothes and put a purple robe on him,65.11627906976744,False
1562,Chemen pou n jwenn padon nèt la ouvri devan nou lè n demontre lafwa nan ranson an.,The way to complete forgiveness is open to us when we exercise faith in the ransom.,The path to complete forgiveness opens before us when we exercise faith in the ransom.,The path to full forgiveness is open to us when we show faith in the ransom | We can receive complete forgiveness by putting faith in the ransom,80.74534161490683,True
1563,Nou jwenn rekonfò lefètke nou konnen evènman dekourajan yo montre delivrans nou toupre.,We find comfort in knowing that discouraging events show that our deliverance is near.,We find comfort in knowing that discouraging events show that our deliverance is imminent.,We take comfort in knowing that discouraging events mean our deliverance is near. | We are comforted by the fact that discouraging events show our deliverance is close.,84.52380952380952,True
1564,Jezi di yo : — Ak ki bagay peyi kote Bondye Wa a sanble ? Kisa m ta di l sanble ankò ?,"Jesus said to them, ""What is the kingdom of God like? What else can I say it is like?""",Jesus said to them:  And what does the kingdom of God look like? What should I say it looks like again ?,What is the kingdom of God like? What else can I compare it to? | What is God’s kingdom like? What else can I say it’s like?,60.11560693641618,False
1565,"Apre sa , mwen fè yon lòt rèv . Mwen wè sèt grap ble byen plen , byen mi ki t'ap pouse ansanm sou yon sèl pye ble a .","After this I had another dream: and behold, seven heads of grain, full and ripe, were growing on one stalk.","Then I dreamed another dream. I saw seven clumps of grain, full of grain, sprouting together on a single clump of grain.","I had another dream: seven full, ripe heads of grain were growing on one stalk | Then I had another dream: I saw seven healthy, ripe grain heads growing on a single stalk",64.11483253588517,False
1566,"Men annapre, Jozèf, yon mesye ki te rich anpil ki te moun Arimate, te mete kò Jezi nan pwòp kav pa l, yon kav yo te fèk fouye nan yon mas wòch.","But later, Joseph, a very wealthy man from Arimathea, laid Jesus’ body in his own tomb, a tomb that had been freshly dug out of a rock mass.","Later, Joseph, a rich man from Arimathea, laid Jesus' body in his own tomb, a tomb newly excavated in a cave.","Later, Joseph of Arimathea, a wealthy man, placed Jesus’ body in his own newly cut tomb | Afterwards, Joseph of Arimathea, a rich man, laid Jesus’ body in his own rock-hewn tomb",65.02463054187191,False
1567,EJIP AK ASIRI SE DE PREMYE TÈT YO,EGYPT AND ASSYRIA ARE THE FIRST TWO,EJYP AND ASSURE ARE THE FIRST FIRST THEMSELVES,the first two powers | the two leading nations,52.77777777777778,False
1568,"Nòmalman, selon Bib la, onè ak kolaborasyon nou bay gen yon limit ki rezonab.","Naturally, according to the Bible, the honor and cooperation we give have a reasonable limit.","Normally, according to the Bible, the honor and collaboration we give has a reasonable extent.","Normally, according to the Bible, the respect and cooperation we give have reasonable limits. | Naturally, the Bible teaches that the honor and cooperation we offer should have sensible limits.",84.44444444444444,True
1569,Li konpare lanmò ak yon wa k ap dirije limanite.,He compares death to a king ruling over humanity.,He compares death to a king ruling humanity.,He likens death to a king ruling over mankind | He compares death to a sovereign who rules humanity,75.86206896551724,False
1570,"Men m ap montre nou kiyès pou nou krenn: Krenn sila a ki, apre li fin touye, li gen pouvwa pou l jete nan jeyèn nan.","But I will show you whom to fear: Fear him who, after he has killed, has authority to throw into hell.","But I will show you who we ought to fear: The fear that, after killing, has the power to dispose of the gene.","I’ll show you who to fear: fear the one who, after killing, has the power to cast into hell | I’ll tell you whom to fear: fear the one who can kill and then throw into hell",73.73737373737373,False
1571,M gen anpil bèl souvni konsènan epòk sa a tankou bon sant pòm ki te konn gaye nan kay la.,"I have many fond memories of that time, such as the sweet smell of apples that used to permeate the house.",I have many beautiful memories of that era such as the fragrant apple that used to spread around the house.,"I have many fond memories of that time, like the sweet smell of apples that used to fill the house. | I have lots of fond memories of that period, such as the sweet apple scent that used to drift through the house.",70.29702970297029,False
1572,"Jan nou wè la a, Pòl fè konprann chwa diferan pa dwe yon obstak pou inite nou depi pa gen prensip kretyen ki vyole.","As we see here, Paul makes it clear that different choices should not be an obstacle to our unity as long as no Christian principles are violated.","As we see here, Paul makes clear that different choices should not be an obstacle to our unity since no Christian principle is violated.","As we see here, Paul makes it clear that different choices should not stand in the way of our unity as long as no Christian principles are violated. | As we can see, Paul shows that differing choices should not hinder our unity, provided no Christian principles are broken.",83.08823529411764,True
1573,"Toutfwa, jodi a tou, travay predikasyon mesaj Wayòm nan rive pwospere e li pote anpil jwa pou moun ki patisipe ladan l.","However, today too, the work of preaching the Kingdom message is thriving and bringing great joy to those who share in it.","Nevertheless, today too, the preaching of the Kingdom message is thriving and brings much joy to those who take part in it.","However, even today, the preaching work is thriving and bringing great joy to those involved in it. | Yet today as well, the Kingdom preaching work is flourishing and bringing much joy to those who take part in it.",72.64957264957265,False
1574,"Piga nou janm sèvi lòt bondye , piga nou janm adore bondye lòt nasyon yo !","You shall never serve other gods, nor worship the gods of other nations!","Let us not serve other gods, let us not worship the gods of the nations!",Never serve any other gods | Never worship the gods of other nations,80.0,True
1575,"Etandone fen sistèm sa a prèske rive, se pa ti rekonesan nou rekonesan anvè Jewova dèske l pèmèt nou pi byen konprann parabòl sa a tikras pa tikras e dèske l te fè yo ekri parabòl nou jwenn nan Matye chapit 24 ak chapit 25 yo!","Since the end of this system of things is near, how grateful we are to Jehovah for gradually allowing us to understand this parable better and for having it recorded in Matthew chapters 24 and 25!","Given that the end of this system is near, how grateful we are to Jehovah for allowing us to better understand this parable verse by verse and for having the parable recorded in Matthew chapters 24 and 25!","With the end of this system so near, we’re deeply grateful to Jehovah for helping us understand this parable better little by little and for having it recorded in Matthew chapters 24 and 25! | Since the end of this system is close, how thankful we are to Jehovah for gradually helping us understand this parable more clearly and for having it written down in Matthew chapters 24 and 25!",80.0,True
1576,"Sa gen plizyè milye ane, gen yon Levit ki te gen yon dezi ki te enposib pou l rive satisfè.","Thousands of years ago, a Levite had a desire that was impossible to satisfy.","Thousands of years ago, there lived a Levite whose wish was impossible to fulfill.",A Levite longed for something he could never have | A Levite had an impossible desire,54.54545454545454,False
1577,"Pakonsekan, menm jan ak David, n ap di avèk konfyans: Mwen mete konfyans mwen nan Bondye.","Therefore, like David, we say with confidence: I trust in God.","Hence, like David, we shall say with confidence: I trust in God.","So, like David, we can confidently say: I trust God. | Therefore, like David, we say with confidence: I trust in God.",91.52542372881356,True
1578,Montre nou gen ekilib,Show us balance,Show us the balance of genes,Show us balance | Let us see balance,75.0,False
1579,"Pou l te ensiste sou sa, men sa l te di: ""Jiskaske souf mwen koupe, mwen pap lage entegrite m!"" — Jòb 27: 5.","Emphasizing this, he said: “Until I expire I shall not take away my integrity from myself!” —Job 27:5.","To insist on this, he did say: Until I die, I will not renounce my integrity!  Job 27:5.",I will never give up my integrity! | I’ll hold on to my integrity till the day I die!,47.61904761904761,False
1580,Anpil istwa ki konsève pou pwofi nou nan Bib la ban nou yon seri egzanp touchan konsènan moun ki te renmen Jewova e ki t ap sèvi l fidèlman malgre sitiyasyon difisil.,Many accounts preserved for our benefit in the Bible provide us with touching examples of those who loved Jehovah and served him faithfully despite difficult circumstances.,The many stories preserved in the Bible give us a touching series of examples of people who loved Jehovah and who were serving him faithfully despite difficult situations.,Many Bible accounts preserved for our benefit give us touching examples of people who loved Jehovah and remained faithful despite difficult circumstances. | The Bible contains many accounts that warmly show us people who loved Jehovah and served him faithfully even in hard times.,73.84615384615385,False
1581,"Sou premye jou a , n'a reyini tout moun pou vin adore Seyè a . Lè sa a , pesonn p'ap gen dwa fè okenn gwo travay .",On the first day you shall gather all the people together to worship the Lord . No one shall do any laborious work on that day .,"On the first day, you shall assemble everyone to worship the Lord . Then no one shall be allowed to do any great work .","On the first day, gather everyone to worship the Lord; no one is to do any hard work. | On the first day, assemble the people to worship the Lord, and no one may do any laborious work.",74.50980392156863,False
1582,"Senyè a pral lage pèp Izrayèl la paske Jewoboram te fè anpil peche , lèfini li te pote pèp Izrayèl fè sa ki mal tou .","The Lord will abandon Israel because of the sins of Jeroboam, who has sinned greatly and has led Israel into sin.","The Lord will deliver Israel because of the sins of Jehoram , who led Israel to do evil also .","The Lord will forsake Israel because of Jeroboam’s great sins, for he led Israel into evil | The Lord will abandon Israel because Jeroboam sinned greatly and caused Israel to sin",71.65775401069519,False
1583,"Bondye devwale m sekrè travay li a , pou m te ka konnen plan li te gen sere nan kè li . Se sou plan sa a mwen deja ekri nou kèk mo pi wo a .","God has revealed to me the secret of his work , so that I may know the plan he has hidden in his heart . It is about this plan that I have already written to you a few words above .","God revealed to me the secret of his work, so that I might know his plan which was hidden in his heart. And about this plan I have already written you a few words above.","God has shown me the mystery of his plan, so I could understand the purpose he kept in his heart. | God revealed to me the secret of his work, so I might know the plan hidden in his heart.",66.92607003891051,False
1584,"Lè yo kite Matana , y' ale Nakalyèl . Lè yo kite Nakalyèl , yo moute Bannòt .","And they departed from Mattanah , and went to Nachaliel . And they departed from Nachaliel , and went up to Banoth .","Leaving Matannah, they went to Nahaliel. Leaving Nahaliel, they ascended to Banot.",They moved on from one place to the next | They journeyed onward from Mattanah to Nachaliel and then up to Banoth,58.730158730158735,False
1585,"Wa David te kopye liv Lalwa a pou tèt li e li te konnen, nan liv sa a, Jewova te di pawòl sa yo: ""Se Senyè a k'ap tire revanj sou yo, se li k'ap fè yo peye sa yo fè."" .","King David copied the Book of the Law for himself and knew that in that book, Jehovah said these words: “The Lord will take vengeance on them, he will repay them for what they have done.” .","King David had copied the book of the Law to himself and he knew, in that book, that Jehovah said these words: It is the Lord who takes vengeance, and he will repay them for their deeds.","King David copied the Law for himself and knew that in that book Jehovah had said, “The Lord will avenge them; he will repay them for what they have done.” | King David made a copy of the Book of the Law for himself and knew that Jehovah had said in it, “The Lord will take vengeance on them and pay them back for what they did.”",73.94957983193278,False
1586,"Bon , fanm sa a , moun ras Abraram , ki gen dizwitan depi Satan mare l anba yon maladi , mwen pat dwe delivre l yon jou repo ?","Shouldn't I have healed this woman, a descendant of Abraham, who has been bound by Satan for eighteen years, on the Sabbath?","Well, this woman, a woman of the race of Abraham, whom Satan has bound for eighteen years, should I not free her a day of rest?",Shouldn’t I have healed this woman on the Sabbath? | Wasn’t it right to heal this daughter of Abraham on the Sabbath?,50.28571428571429,False
1587,"Yon lè moun peyi Izrayèl yo tapral antere yon moun mouri , yo wè yonn nan bann moun Moab yo , yo prese lage kadav la nan tonm Elize a epi yo met deyò . Kadav la al tonbe sou zosman Elize yo . Lamenm , mò a leve vivan , li kanpe sou de pye l' .","And it came to pass , as the children of Israel were burying a man , that they saw a band of Moabites , and cast the body into the grave of Elisha , and fled . And the body fell upon the bones of Elisha , and immediately the dead man came to life , and stood on his feet .","When the men of Israel were about to bury a dead man , and saw one of the Moabites , they hurried down the body from Elijah 's tomb and cast it out . The body fell on Elijah 's lap . And when the dead rose again , he stood on his feet .","As they were burying a man, they spotted a band of Moabites, so they quickly threw the body into Elisha’s tomb and ran off. When the body touched Elisha’s bones, the dead man came back to life and stood up on his feet. | While Israelites were burying a man, they saw Moabite raiders, hurriedly dropped the body into Elisha’s grave, and fled. The body fell on Elisha’s bones, and the dead man immediately revived and stood up.",59.91189427312775,False
1588,Poukisa efò nou fè pou nou ede mouton yo ki te kite patiraj kretyen an gen anpil valè?,Why are our efforts to help sheep who have strayed from the Christian fold so valuable?,Why are the efforts we make to help the sheep who have left the Christian pasture so valuable?,Why is it so worthwhile to help those who have drifted away from the Christian congregation? | Why are our efforts to help those who have strayed from the Christian fold so valuable?,76.24309392265194,False
1589,Èske li te vin enfidèl vre?,Did he really become unfaithful?,Did he become infidel indeed?,Did he really cheat? | Was he really unfaithful?,48.97959183673469,False
1590,Nou te ofri peryodik nou yo nan lari.,We offered our magazines on the streets.,We offered our periodicals on the streets.,We sold our magazines on the street | We peddled our magazines in the streets,67.53246753246754,False
1591,"Okontrè , manm ki parèt pi fèb nan kò nou , se yo ki pi nesesè .","On the contrary, the members of our body that seem to be weaker are the ones that are most necessary.","On the contrary, the limbs that seem weaker in our body are the most needed.","On the contrary, the parts of the body that seem weaker are the most indispensable | On the contrary, the weaker-looking parts of the body are the ones we need most",74.32432432432432,False
1592,"Olye de sa, poze tèt ou kesyon sa yo: 'Poukisa travay sa a nesesè?","Instead, ask yourself these questions: 'Why is this work necessary?","Instead, ask yourself the following questions: Why is this work necessary?","Instead, ask yourself this: “Why is this necessary?” | Instead, ask yourself: “Why do this work?”",80.0,True
1593,"Senyè a, Bondye nou an, la nan mitan nou!",The Lord our God is among us!,The Lord our God is with us!,The Lord is with us! | God is among us!,83.33333333333334,True
1594,Y'ap rete nan peyi a tout tan tout tan. — Sòm 37: 29.,They will reside forever on the land. —Psalm 37:29.,They shall dwell in the land forever and ever.  Psalm 37:29.,They will live there forever | They will remain in the land forever,60.41666666666667,False
1595,"Pa jije m' sou sa m' fè , se sèvitè ou mwen ye . Pa gen moun ki inonsan devan je ou .","Do not judge me by what I have done , for I am your servant . No one is innocent in your sight .","Dont judge me by what I do , if I am your servant . Nobody is innocent before your eyes .","Don’t judge me by my actions, for I am your servant. No one is innocent before you. | Judge me not by what I’ve done, for I am your servant. No one stands innocent in your sight.",82.55813953488372,True
1596,"Se konsa , Reyoum , gouvènè a , ak Chimchayi , ki te sekretè pwovens la , ekri lanperè Atagzèsès osijè lavil Jerizalèm . Men sa ki te nan lèt la :",So Rehum the governor and Shimshai the scribe wrote to King Artaxerxes concerning Jerusalem. This is what was in the letter:,"So Rehoum, the governor, and Shimshayi, the provincial secretary, wrote to Emperor Artaxerxes about Jerusalem . Here is what was in the letter :",So Rehum the governor and Shimshai the scribe wrote to King Artaxerxes about Jerusalem. This is what the letter said: | Rehum the governor and Shimshai the secretary wrote to King Artaxerxes concerning Jerusalem. This was the content of the letter:,80.46875,True
1597,Se apre Jezi fin dekri sitiyasyon negatif sa yo li te fè deklarasyon ki dwe te fè disip yo etone a.,It was after Jesus described these negative situations that he made the statement that must have surprised the disciples.,It was after Jesus described such negative situations that he made statements that must have surprised the disciples.,"After Jesus described these negative situations, he made a statement that must have surprised the disciples. | Once Jesus had described these negative situations, he made a statement that must have surprised the disciples.",89.77777777777777,True
1598,"Gen pitye pou mwen pou m' ka viv , paske mwen pran tout plezi m' nan lalwa ou .","Have mercy on me that I may live, for I delight in your law.","Have mercy on me that I may live , because I find all my delight in your law .","Have mercy on me so I may live, for I delight in your law | Show me mercy so I can live, because your law is my delight",77.94117647058823,False
1599,"Yon sèl bagay mwen konnen: Nan chak vil kote mwen pase, Sentespri avèti m' se prizon ak anpil soufrans k'ap tann mwen.","One thing I know: In every city I pass through, the Holy Spirit warns me that prison and much suffering await me.","One thing I know: In every city that I pass, the Holy Spirit warns me that there is a prison and many sufferings awaiting me.","I know one thing for sure: everywhere I go, the Holy Spirit tells me prison and hardship are waiting for me. | One thing I’m certain of: in every city I visit, the Holy Spirit warns me that prison and suffering lie ahead.",76.59574468085107,False
1600,"Gen yon lòt rezon enpòtan ki pouse nou kontinye patisipe nan ministè a: nou vle ak tout kè nou pote soulajman bay ni moun ki bouke anba tout move nouvèl k ap vide sou yo san rete, ni moun k ap soufri pou yon rezon oswa pou yon lòt.","There is another important reason why we continue to participate in the ministry: we wholeheartedly want to bring relief to those who are tired of all the bad news that is constantly pouring in on them, as well as to those who are suffering for one reason or another.","There is another important reason that moves us to continue to participate in the ministry: we wholeheartedly want to bring relief to those who are overwhelmed by the bad news that is constantly being spread about them, or to those who are suffering for one reason or another.","There’s another important reason we keep taking part in the ministry: we sincerely want to bring relief to those worn down by the constant stream of bad news, as well as to those suffering in one way or another. | Another key reason we continue in the ministry is that we truly want to comfort people who are overwhelmed by nonstop bad news and those who are suffering for any reason.",70.2258726899384,False
1601,"Yo t'ap chante chante Moyiz , sèvitè Bondye a , ansanm ak chante ti Mouton an . Bondye , Mèt ki gen tout pouvwa , tou sa ou fè , se bèl bagay ! Ou menm ki wa tout nasyon , plan travay ou yo dwat , se verite yo ye .","They sing the song of Moses the servant of God and the song of the Lamb . "" Wonderful are your works , Lord God Almighty ! Righteous and true are your thoughts , King of the nations .","They sang the songs of Moses , the servant of God , and the song of the Lamb . God , almighty Lord , what you do , is marvelous ! O king of the nations , your plans are righteous , if true .","They sang the song of Moses, God’s servant, and the song of the Lamb. “Great and marvelous are your deeds, Lord God Almighty! Just and true are your ways, King of the nations.” | They were singing the song of Moses, the servant of God, and the song of the Lamb. “How wonderful are your works, Lord God Almighty! Your ways are righteous and true, King of the nations.”",68.25396825396825,False
1602,c Ki byenfè w jwenn lè w li Pawòl Bondye a ak lè w medite sou li?,c What benefits do you get from reading God's Word and meditating on it?,c. What are the benefits of reading God's Word and meditating on it?,What benefits do you gain from reading and meditating on God’s Word? | What good comes from reading and meditating on God’s Word?,68.8,False
1603,Fanmi yo gen gwo pwoblèm.,Families have big problems.,Families are in serious trouble.,Families are dealing with serious issues | Family life is full of problems,68.75,False
1604,Tout moun ki kontinye opoze ak pèp Bondye a ap jwenn pi gwo kalamite ki egziste a.,All those who continue to oppose God's people will experience the greatest calamity there is.,Anyone who continues to oppose the people of God will face the greatest disaster that ever existed.,Anyone who keeps opposing God’s people will face the worst disaster imaginable | Those who persist in opposing God’s people will suffer the greatest calamity,66.66666666666667,False
1605,"Mwen pran Bondye pou temwen sou lavi m : se pou m te ka menaje nou kifè mwen chanje lide , mwen pa rive Korent .",I call God to witness against my life that it was to save you that I changed my mind and did not come to Corinth.,"I take God as a witness about my life: if I were to be able to handle ourselves as I changed my mind, I would not have arrived at Corinth .","I swear before God that I changed my mind to spare you, so I didn’t come to Corinth | God is my witness that I changed my plans to spare you, and that’s why I didn’t come to Corinth",51.47679324894514,False
1606,"Anplis de sa, m te mande Felisa, sè m nan, padon dèske m te di l anpil move bagay.","In addition, I apologized to my sister Felisa for saying so many bad things to her.","In addition, I asked Felisa, my sister, to apologize for saying so many bad things to her.",I also apologized to my sister Felisa for saying so many hurtful things to her. | I apologized to my sister Felisa for all the bad things I said to her.,67.45562130177515,False
1607,Dezyèm atik la montre kòman nou ka rive reziste devan tantasyon Satan konn itilize nan efò l ap fè pou l fè n pèdi relasyon nou gen ak Bondye a.,The second article shows how we can resist the temptations that Satan uses in his efforts to destroy our relationship with God.,The second article shows how we can withstand the temptations that Satan uses in his efforts to cause us to lose our relationship with God.,The second article shows how we can resist the temptations Satan uses to try to ruin our relationship with God. | The second article explains how we can stand up to the temptations Satan uses in his efforts to break our relationship with God.,83.14606741573034,True
1608,"Yo te rete nan lavil Ziklag , nan lavil Mekona ak nan ti bouk ki te sou kont li yo ,","They lived in Ziklag, Mekonah, and its villages.","They settled in Ziklag, in Mechona, and in the surrounding villages,","They settled in Ziklag, Mekonah, and nearby villages | They lived in Ziklag, Mekonah, and the surrounding villages",86.61417322834646,True
1609,"Lè sa a , fanm lan di l' : Gen lè ou se yon pwofèt , msye ?","Then the woman said to him, ""Are you a prophet, sir?""","Then the woman said to him, ""Are you a prophet, sir ?""","Then the woman said to him, “Are you a prophet, sir?” | The woman said to him, “You must be a prophet, sir?”",96.22641509433963,True
1610,"Ki eksperyans ki montre lè nou gen kran, sa kapab fè moun n ap preche yo chanje atitid?",What experiences show that having boldness can change the attitude of those to whom we preach?,What experience has shown that having a clamp can make preachers change their attitude?,What experiences show that boldness can change the attitude of those we preach to? | What experiences show that being bold can change the attitude of the people we preach to?,71.23287671232876,False
1611,"Fo konsolatè l yo te fè l anpil mal, poutan, lè Jewova te mande Jòb priye pou yo, li te fè sa.","His false comforters had caused him much pain, yet when Jehovah asked Job to pray for them, he did so.","Job was greatly hurt by his consolators, yet when Jehovah asked Job to pray for them, he did so.","His false comforters had caused him much pain, yet when Jehovah asked Job to pray for them, he did so. | Job’s false comforters had hurt him deeply, but when Jehovah asked him to pray for them, he did.",72.91666666666667,False
1612,"Li enteresan pou n konnen nan moman Dyab la te tante Jezi pou l fè wòch tounen pen an, Kris te refize sèvi ak pisans li genyen pou l fè mirak la pou l satisfè dezi pèsonèl li.","It is interesting to note that when the Devil tempted Jesus to turn stones into bread, Christ refused to use his miraculous power to satisfy his personal desires.","It is interesting to know that at the time when the devil tempted Jesus to turn stones into bread, Christ refused to use his powers to perform miracles to satisfy his personal desires.","It’s interesting to note that when the Devil tempted Jesus to turn stones into bread, Christ refused to use his power to perform a miracle for his own benefit. | It’s worth noting that when the Devil tempted Jesus to turn stones into bread, Christ did not use his miraculous power to satisfy his own personal needs.",85.54572271386431,True
1613,"Menm moun nou konnen ki pi bon nan mitan nou an , moun ki pa janm nan kont ak pesonn lan , enben menm li menm , l'a fèmen kè l' , li p'ap konn frè , li p'ap konn madanm li te renmen an , ni ankenn pitit nan sa ki rete l' yo ,","Even the one we know to be the best among us, the one who never quarrels with anyone, will close his heart, he will not know his brother, he will not know the wife he loved, nor any of his remaining children,","Even the man we know best among us, the man who never gets into trouble with the person, even he himself, he closes his heart, he will not know his brother, he will not know his beloved wife, nor any of his remaining children, he said.",Even the best of us can become cold and forget his own family | Even the kindest person may shut his heart and no longer recognize his loved ones,50.364963503649626,False
1614,"Lè Jezi te sou tè a, li te demontre kalite estrawòdinè Papa l ki nan syèl la genyen yo yon fason ki pafè.","When Jesus was on earth, he perfectly reflected the wonderful qualities of his heavenly Father.","When Jesus was on earth, he demonstrated the extraordinary qualities of his heavenly Father in a perfect manner.","When Jesus was on earth, he perfectly showed his heavenly Father’s wonderful qualities. | While on earth, Jesus perfectly displayed the wonderful qualities of his Father in heaven.",65.625,False
1615,"Lè wa Akaz te lavil Damas pou l te kontre ak Tiglat-Pilesè , wa peyi Lasiri a , li wè lotèl ki te la a . Li leve plan lotèl la , li voye l bay Ouri , prèt la .","When King Ahaz went to Damascus to meet Tiglath-pileser king of Assyria, he saw the altar that was there. He took up the pattern of the altar and sent it to Uri the priest.","When Ahaz was in Damascus to meet Tiglath-pileser king of Assyria, he saw the altar there. He repaired the altar and sent it to Uriah the priest.","When King Ahaz went to Damascus to meet Tiglath-pileser, king of Assyria, he saw the altar there. He took the altar’s design and sent it to Uriah the priest. | When King Ahaz was in Damascus to meet Tiglath-pileser, king of Assyria, he saw the altar there and sent its pattern to Uriah the priest.",86.89655172413792,True
1616,"Moun ki vin rich nan prete moun lajan , nan bay kout ponya , se anpile y'ap anpile lajan pou moun ki konn pran ka malere .","People who become rich by lending money to others, by giving bribes, are piling up money for those who know how to take care of the poor.","People who get rich by borrowing money from others, by giving puny money, by stacking up and stacking up money for the poor people.",People who get rich by lending money and taking bribes are just stacking up wealth for those who know how to exploit the poor. | Those who make money off loans and bribes are only building fortunes for people who prey on the poor.,60.60606060606061,False
1617,"Sa ban nou yon lòt rezon ankò pou nou mete konfyans nou nan Jewova, e se yon garanti ki montre espwa nou pa pou granmesi. — Travay 17: 31; Women 5: 5; 1 Korentyen 15: 3 - 8.","This gives us further reason to trust in Jehovah, and it is a guarantee that our hope is not in vain. —Acts 17:31; Romans 5:5; 1 Corinthians 15:3-8.","This gives us yet another reason for trusting in Jehovah, and it is a guarantee of our hope not for salvation.  Acts 17:31; Romans 5:5; 1 Corinthians 15:3 - 8.","This gives us even more reason to trust in Jehovah, and it assures us that our hope is not in vain. | This gives us another reason to put our trust in Jehovah, and it guarantees that our hope is not wasted.",65.39923954372624,False
1618,"Pa kite pèsonn pou plante jaden ! Pa kite pèsonn pou ranmase lè sezon rekòt rive ! Lè lagè a va pete , tout moun lòt nasyon yo va chache chemen pa yo , y'a kouri met deyò al lakay yo .","Let no one plant the field , let no one gather the harvest , and when the war breaks out , all the nations will flee to their own homes .","Leave no one to plant! Leave no one to reap when harvest arrives! When war breaks out, all the Gentiles will find their own path and run away from their homes.","Don’t let anyone sow the fields or reap the harvest; when war breaks out, the foreigners will all run back home | Let no one plant or harvest anything; once war begins, the outsiders will flee to their own countries",59.25925925925925,False
1619,"Bezaleyèl fè lòtèl pou boule ofrann yo an bwa zakasya . Li fè l' kare kare : Li te mezire sèt pye sis pous longè , sèt pye sis pous lajè , kat pye sis pous wotè .","Bezalel made the altar of burnt offering of acacia wood. He made it square: its length was seven feet six inches, its width seven feet six inches, and its height four feet six inches.","Bezalel made altars for burnt offerings made of wood zakasya. He made it square: It measured seven feet six inches long, seven feet six inches wide, four feet six inches tall.","Bezalel made the altar of burnt offering from acacia wood. It was square, measuring seven and a half feet long, seven and a half feet wide, and four and a half feet high. | Bezalel built the altar for burnt offerings out of acacia wood. It was square, seven and a half feet by seven and a half feet, and four and a half feet tall.",63.66366366366366,False
1620,"Annefè, Pyè deklare: ""Jou Jewova a ap vini tankou yon vòlè"". — 2 Pyè 3: 10.","Indeed, Peter declared: “Jehovah’s day will come as a thief.”​—2 Peter 3:10.","Hereby, Peter declares: ""Jehovah's day will come like a thief"".  2 Peter 3:10.","Indeed, Peter said: “Jehovah’s day will come like a thief in the night.” | Peter said: “Jehovah’s day will come unexpectedly, like a thief.”",74.12587412587412,False
1621,( 29 ) Se Senyè a ki wa . Se li ki donminen sou tout nasyon .,"( 29 ) The Lord reigns , and he rules over all the nations .",(29) The Lord alone reigns . He alone rules over all nations .,The Lord is king and rules over all nations | The Lord reigns over every nation,73.58490566037736,False
1622,"Men , mwen pral pase yon lòd . Mwen pral vannen moun Izrayèl ki nan mitan lòt nasyon yo tankou yo vannen grenn nan laye . Pa menm yon bon grenn p'ap tonbe atè .","But I will give the command , and I will sift the house of Israel among the nations , as one sifts grain in a sieve , and not a single good grain will fall to the ground .",But I will issue an order . I will disperse the house of Israel among the nations as they disperse the seed of the vine . Not even a single seed shall fall to the ground .,"I will command it, and I will sift Israel among the nations like grain in a sieve, and not a single good grain will fall to the ground | I will give the order and shake Israel among the nations as grain is sifted, so that not one good kernel will be lost",63.39869281045751,False
1623,"Nou menm k'ap fè sèvis sou mòn yo , nan mitan pyebwa yo , m'ap fè moun vin piye richès nou yo ak trezò nou yo poutèt peche nou te fè sou mòn yo toupatou nan peyi a .","You who worship on the mountains and among the trees , I will bring plunder on your wealth and treasures because of the sins you have committed on the mountains and throughout the land .","We worship on the mountains, among the trees, and I will make people come and take away our wealth and our treasures because of the sins we have committed on the mountains all over the land.","You who worship on the hills and under the trees, I will let your riches be plundered because of the sins you have committed throughout the land | Those who offer worship on the mountains and among the trees will have their wealth and treasures taken away for the sins committed across the country",67.88990825688073,False
1624,"Se ak li Bondye te kreye tou sa ki nan syèl la ak sou latè , sa nou wè ak sa nou pa wè . Se ak li li kreye tout lespri yo ki chita ap donminen , ki gen otorite , ki chèf epi ki gen pouvwa . Se ak Kris la Bondye te kreye yo tout , epi se pou li li te kreye yo .","For by him all things were created, that are in heaven and that are in earth, visible and invisible, and by him all principalities and powers and rulers and authorities. For in him all things were created, and for him all things were created.","By him God created all things in heaven and on earth , what we see and what we do not see . By him he created all the spirits that are sovereigns , authorities , rulers and powers . By him God created all things , and by him they were created .","Through him God created everything in heaven and on earth, both seen and unseen. Through Christ, he created all the spiritual powers and authorities. | By Christ, God made all things in heaven and on earth, visible and invisible, including every ruler and power. Everything was created through him and for him.",66.21315192743764,False
1625,"E Satan, prensipal ènmi w lan, ap sèvi ak yon zam ki se yon gwo danje pou ou.","And Satan, your main enemy, is using a weapon that is very dangerous to you.","And Satan, your main enemy, is using a weapon that is very dangerous to you.","And Satan, your greatest enemy, is using a very dangerous weapon against you. | Satan, your chief enemy, is using a weapon that poses a serious threat to you.",77.63157894736842,False
1626,"b Kiyès ki jwenn byenfè grasa nouvo kontra a, e ki jan yo 'kenbe l fèm'?","b Who benefit from the new covenant, and how do they “lay hold” of it?","Who are the lowest beneficiaries of the new covenant, and how do they hold fast to it?","Who benefits from the new covenant, and how do they hold fast to it? | Who receives the blessings of the new covenant, and how do they cling to it?",83.11688311688312,True
1627,Sa w pral aprann yo ap ede w aji yon fason k ap fè kè Jewova Dye kontan. — Pwovèb 27: 11.,What you will learn will help you to act in a way that makes Jehovah God’s heart rejoice. —Proverbs 27:11.,What you will learn will help you to act in a way that will please Jehovah God.  Proverbs 27:11.,What you learn will help you live in a way that brings joy to Jehovah God’s heart. | What you learn will help you act in a way that pleases Jehovah God and makes his heart rejoice.,74.3455497382199,False
1628,"Lè yon moun di : mwen menm , mwen konn Bondye , epi pou anmenmtan an li pa fè sa Bondye mande l' fè a , moun sa a se yon mantò . Verite a pa nan li .","If someone says , "" I know God , "" and does not do what God commands , that person is a liar , and the truth is not in him .","When someone says: I know God , and yet he does not do what God asks him to do , that person is a liar . The truth is not in him .","If someone says they know God but doesn’t obey Him, they’re lying, and the truth isn’t in them. | You can’t claim to know God and ignore what He commands; that’s a lie, and there’s no truth in that person.",62.22222222222222,False
1629,"Gen yon kantite wa kananeyen ki te met ansanm ak lame wa Yabin nan, ki te sanble pi fò pase yo.","A number of Canaanite kings joined King Jabin's army, which seemed stronger than them.","There were a number of Canaanite kings who joined the army of King Jabin, who seemed to be stronger than them.","A number of Canaanite kings joined forces with King Jabin’s army, which seemed stronger than theirs | Several Canaanite kings allied themselves with King Jabin’s army, which appeared stronger than them",74.75728155339806,False
1630,"Dezyèm gwoup moun yo, se lanmou yo gen lakay yo ki fè y ap anonse Kris, paske moun sa yo konnen yo te chwazi m pou m ka defann bon nouvèl la.","The second group of people, it is because of their love that they preach Christ, because they know that they have been chosen to defend the good news.","The second group of people, it is the love they have for their own home that makes them proclaim Christ, because they know that I have been chosen to defend the gospel.","The second group is preaching Christ out of love, because they know I was chosen to defend the gospel. | The second group of people are proclaiming Christ because of their love, since they know I was appointed to defend the good news.",62.96296296296296,False
1631,"M ap wè si l pap aji.' — Sòm 13: 1, 2; Aba.","I will see whether he will not act.’ —Psalm 13:1, 2; Hab.","I will see whether he will act.'  Psalm 13:1, 2; Aba.",I’ll see if he does nothing. | Let’s see whether he’ll act.,58.53658536585367,False
1632,"Jezi reponn yo : — Se pa ni peche pa l ni peche manman l ak papa l ki lakòz sa . Li fèt avèg , se pou moun ka wè sa pouvwa Bondye a ka fè nan li .","Jesus answered them , "" It was neither this man 's sin nor his parents ' , but that people might see the power of God in him . ""","Jesus said to them: It is not his sin , nor his parents sin that causes this . He is born blind , so that people may see what God can do in him .","It wasn’t because of his sin or his parents’ sin, but so God’s power could be shown through him. | Neither he nor his parents caused this; he was born blind so God’s power could be revealed in him.",60.902255639097746,False
1633,"Kenbe pawòl Kris la ak tout richès li yo byen fèm nan kè nou . Se pou nou yonn aprann nan men lòt , se pou nou yonn bay lòt konsèy avèk anpil bon konprann . Se pou nou chante sòm , kantik ak tout lòt chante Lespri Bondye a va moutre nou , pou di Bondye mèsi ak tout kè nou .","Let the word of Christ dwell in you richly , teaching and admonishing one another with all wisdom , singing psalms , hymns , and spiritual songs , with gratitude in your hearts to God .","Keep the word of Christ with its fullness firmly in your hearts . Let us learn from one another , let us advise one another with full wisdom . Let us sing psalms , hymns and other spiritual songs that will teach us , to give thanks to God with all our hearts .","Let Christ’s message live richly in your hearts, teaching and encouraging one another with wisdom, singing psalms, hymns, and spiritual songs with thankful hearts to God | Let the word of Christ dwell richly among you, as you teach and counsel one another wisely, singing psalms, hymns, and spiritual songs with gratitude to God",61.92660550458715,False
1634,Gen lòt tou ki renmen ak moun ki pa Temwen Jewova.,There are also others who are in love with people who are not Jehovah's Witnesses.,Others also have sex with people who are not Jehovah's Witnesses.,There are others who are dating non-Witnesses. | Some are in relationships with people who aren’t Jehovah’s Witnesses.,79.3103448275862,False
1635,Mechan yo pase tout lavi yo nan tèt chaje . Moun k'ap plede maltrete parèy yo p'ap viv lontan .,"The wicked spend their whole lives in trouble , and those who oppress their neighbors will not live long .",The wicked spend their entire lives in trouble. Those who fight to oppress their neighbors will live long lives.,"Wicked people live in constant trouble, and those who mistreat others won’t live long | Evil-doers spend their lives in misery, and oppressors don’t last long",60.69651741293532,False
1636,"Yon lòt danje nou dwe evite se danje yo pale de li nan Eklezyas 7: 16 la (NW): Pinga w vin jis aleksè, ni pa montre w saj depase.","Another danger we must avoid is the one mentioned at Ecclesiastes 7:16: “Do not become righteous overmuch, nor show yourself excessively wise.”","Another danger we must avoid is the danger spoken of in Ecclesiastes 7:16: Do not become just luxury, nor show yourself unreasonable.",Another danger we must avoid is the one mentioned at Ecclesiastes 7:16: “Do not be overly righteous or overly wise.” | Another danger we must avoid is the one mentioned at Ecclesiastes 7:16: “Don’t be self-righteous or act like you know it all.”,71.96652719665272,False
1637,Sèvi ak apendis ki nan Labib — Tradiksyon monn nouvo a si l disponib nan yon lang ou konnen.,Use the appendix in the New World Translation of the Holy Scriptures if it is available in a language you know.,Use the appendix to the Bible  The translation of the new hormone if it is available in a language you know.,"Use the appendix in the New World Translation of the Holy Scriptures if you have it in a language you know | If available in a language you know, use the appendix in the New World Translation of the Holy Scriptures",73.83177570093457,False
1638,"Gen yon istoryen juif ki rele Jozèf ki fè konnen, pandan kanpay militè Aleksann t ap fè nan zòn Jerizalèm, yo te montre l pwofesi sa a e li te kwè pwofesi sa a gen rapò avè l.","Jewish historian Josephus states that during Alexander's military campaign in the Jerusalem area, he was shown this prophecy and believed that it applied to him.","There is a Jewish historian named Joseph who reports that during Alexander's military campaign around Jerusalem, this prophecy was shown to him and he believed that this prophecy was related to him.","Jewish historian Josephus says that during Alexander’s campaign near Jerusalem, he was shown this prophecy and believed it referred to him. | Josephus, the Jewish historian, says that while Alexander was campaigning around Jerusalem, he was shown this prophecy and thought it applied to him.",69.43620178041543,False
1639,"Men sa Pòl te di ansyen nan kongregasyon Efèz yo: Fè atansyon ak tèt nou e ak tout twoupo lespri sen etabli nou siveyan sou li a, pou nou pran swen kongregasyon Bondye a, kongregasyon li achte ak san pwòp Pitit li a.","Paul told the elders of the Ephesian congregation: “Pay attention to yourselves and to all the flock, among which the holy spirit has appointed you overseers, to shepherd the congregation of God, which he purchased with the blood of his own Son.”","This is what Paul said to the Elder of the Ephesian congregation: Watch out for yourselves and for all the host of holy spirits over which you have appointed us overseers, so that you may take care of the congregation of God, which he bought with the blood of his own Son.","Paul told the elders of the Ephesian congregation: “Keep watch over yourselves and over the whole flock, in which the holy spirit has made you overseers, to care for God’s congregation, which he bought with the blood of his own Son.” | Paul said to the elders of the Ephesian congregation: “Be on guard for yourselves and for all the flock, over which the holy spirit appointed you as overseers, to shepherd God’s congregation, which he purchased with the blood of his own Son.”",75.47169811320755,False
1640,"Sepandan, olye pou n ap fache pou nenpòt ti krik ti krak, sa ki kapab fè n kraze lapè ki gen nan kongregasyon an, ann eseye imite Jewova epi annou padone youn lòt ak tout kè nou toutpandan n ap kontinye travay kòtakòt nan sèvis Jewova a.","However, rather than becoming angry over minor disagreements, which could disrupt the peace of the congregation, let us strive to imitate Jehovah and forgive one another from the heart as we continue to work side by side in Jehovah’s service.","However, instead of being upset by any slight cracks, which can damage the peace in the congregation, let us try to imitate Jehovah and forgive one another wholeheartedly as we continue to work tirelessly in his service.","Instead of getting upset over little things that could disturb the congregation’s peace, let’s imitate Jehovah and forgive one another wholeheartedly as we keep working together in his service. | Rather than letting minor disagreements make us angry and upset the congregation’s peace, let’s follow Jehovah’s example, forgive each other sincerely, and keep serving side by side.",72.15496368038741,False
1641,"Konesans sa a ede anpil moun vin pwòp nan domèn moral, li fè yo kite move abitid yo te genyen, li fè yo vin gen pi bon relasyon ak fanmi yo e yo vin gen pi bon relasyon ak Bondye, li menm ki Mèt Bib la.","This knowledge has helped many to become morally clean, to break free from bad habits, to improve their relationships with their families, and to have a better relationship with God, the Author of the Bible.","This knowledge has helped many people to become self-sufficient in the moral realm, it has helped them to abandon the bad habits they had, it has helped them to have better relationships with their families and to have a better relationship with God, who is the Author of the Bible.","This knowledge has helped many become morally clean, break bad habits, improve family relationships, and draw closer to God, the Bible’s Author | This knowledge has helped many live morally clean lives, leave bad habits behind, strengthen family ties, and build a better relationship with God, the Bible’s Author",59.82142857142857,False
1642,"Lefètke Jewova pa t deside montre menm kote a se li menm ki Souvren an, li te bay Satan tan pou l pwouve sa l te di yo.","By not immediately asserting his sovereignty, Jehovah gave Satan time to prove his claim.","The fact that Jehovah did not decide to reveal himself as the Sovereign, he gave Satan time to prove what he was saying.","By not immediately asserting his sovereignty, Jehovah gave Satan time to prove his claim. | Jehovah didn’t right away prove his sovereignty, so Satan was given time to back up what he said.",60.909090909090914,False
1643,"Dapre sèman li te fè bay Abraram , zansèt nou an .",According to the oath he swore to our father Abraham .,"According to the oath he swore to Abraham, our forefather.",As he promised our ancestor Abraham | In keeping with the oath he made to our father Abraham,62.857142857142854,False
1644,Ki jan Pyè te 'bay frè l yo fòs'?,How did Peter “strengthen his brothers”?,How could Peter strengthen his brothers?,How did Peter encourage his brothers? | How did Peter support his brothers?,77.92207792207793,False
1645,Epi li di : - Poukisa w'ap koute moun k'ap di ou m'ap chache fè malè sou ou ?,And he said: - Why do you listen to those who tell you that I am trying to harm you?,And he said:  Why do you listen to those who say to you that I am trying to harm you ?,Why are you listening to people saying I’m trying to hurt you? | Why do you believe people who say I mean you harm?,62.16216216216216,False
1646,"Men, e lè gen konfli ant sa Bondye mande ak sa gouvènman yo mande?",But what if there is a conflict between what God requires and what governments require?,But what happens when there is a conflict between what God requires and what governments require?,But what if God’s commands conflict with government demands? | What if what God asks for clashes with what the government requires?,57.30337078651686,False
1647,"Pandan m te nan yon kan yo te fè pou moun ki imigre nan peyi a, mwen te resevwa yon liv Temwen Jewova yo te fè pou moun etidye Bib la.","While I was in a camp for immigrants, I received a Bible study book produced by Jehovah's Witnesses.","While I was in an immigrant camp in the country, I received a book of Jehovah's Witnesses made for Bible study.","While I was in an immigrant camp, I got a Bible study book from Jehovah’s Witnesses. | While staying in a camp for immigrants, I received a Bible study book published by Jehovah’s Witnesses.",74.03846153846155,False
1648,"Se sa k fè Izkiya te antre nan tanp Jewova a e li te kòmanse priye. Men sa l te di: ""Senyè, Bondye nou an, tanpri, delivre nou anba men Senakerib, pou tout nasyon ki sou latè ka konnen se ou menm sèl, Senyè, ki Bondye."" — 2 Wa 19: 14 - 19.","So Hezekiah entered the temple of Jehovah and began to pray. He said: “O Jehovah our God, please save us from the hand of Sennacherib, so that all the peoples of the earth may know that you, Jehovah, are God alone.” —2 Kings 19:14-19.","That is why Hezekiah went into the temple of Jehovah and began to pray. He said: O Lord our God, please save us from the hand of Sennacherib, so that all the nations of the earth may know that you alone, O Lord, are God.  2 Kings 19:14-19.","So Hezekiah went into Jehovah’s temple and began to pray. He said: “O Jehovah our God, please rescue us from Sennacherib’s hand, so that all the nations on earth may know that you alone are God.” —2 Kings 19:14-19. | Hezekiah entered Jehovah’s temple and prayed, saying: “Jehovah our God, please deliver us from Sennacherib, so all the peoples of the earth will know that you alone are God.” —2 Kings 19:14-19.",81.23620309050773,True
1649,"Men sa l ajoute: ""Men, avèk jantiyès, mari m te ede m konprann nou pa responsab pitit nou an ankò e n pa dwe antre nan zafè l.""","She adds: ""But, with kindness, my husband helped me understand that we are no longer responsible for our child and should not interfere in his affairs.""","She adds: ""But kindly, my husband helped me to understand that we are no longer responsible for our child and should not interfere in his affairs.""","She says, “But my husband gently helped me realize that our child is grown and we shouldn’t вмешаться in his life.” | She adds, “But kindly, my husband made me understand that our child is no longer our responsibility and we should stay out of his business.”",69.68641114982579,False
1650,"Nan Paradi Jewova pral tabli sou tè a nan yon tikras tan ankò, pap manke okazyon pou nou pwofite jenewozite Jewova totalman, ansanm ak konpayi agreyab tout moun ki respekte egzijans li yo ki jis. — Sòm 145: 16; Izayi 25: 6; 2 Korentyen 7: 1.","In the Paradise that Jehovah will soon establish on earth, there will be no shortage of opportunities to benefit fully from Jehovah’s generosity, including the pleasant company of all who meet his righteous requirements. —Psalm 145:16; Isaiah 25:6; 2 Corinthians 7:1.","In the Paradise that Jehovah will establish on earth in a certain time again, we will not miss the opportunity to fully enjoy Jehovah's generosity, together with the pleasant company of all who respect his just requirements.  Psalm 145:16; Isaiah 25:6; 2 Corinthians 7:1.","In the Paradise Jehovah will soon establish on earth, we’ll have many opportunities to enjoy his generosity to the full, along with the pleasant company of all who live by his righteous standards. | In the earthly Paradise Jehovah will soon bring about, there will be no lack of chances to fully benefit from his generosity and enjoy the pleasant company of everyone who meets his righteous requirements.",64.98951781970649,False
1651,Se konsa Pilat pran desizyon pou l' ba yo sa yo te mande a .,So Pilate decided to give them what they asked for.,So Pilate decides to give them what they asked.,So Pilate decided to grant their request. | So Pilate chose to give them what they wanted.,86.02150537634408,True
1652,"Menm jan an tou, NOU menm jèn gason, se pou NOU soumèt devan ansyen yo. Men, se NOU tout ki pou abiye NOU ak imilite nan relasyon NOU youn ak lòt, paske Bondye kont moun ki ògeye yo, men li bay moun ki enb yo favè san parèy la.","Likewise, you younger men, be in subjection to the older men. All of you, clothe yourselves with humility toward one another, because God opposes the proud but gives grace to the humble.","In the same way, WE, young men, ought to be submissive to the elders. But we are all to dress HIM WITH HUMILITY in OUR relationship to one another, for God is against the prudent, but he gives grace to the humble.","Likewise, you younger men, submit yourselves to your elders. All of you, clothe yourselves with humility toward one another, because God opposes the proud but gives grace to the humble. | In the same way, you younger men should yield to your elders. And all of you should put on humility in your dealings with one another, for God resists the proud but gives grace to the humble.",73.26732673267327,False
1653,"17, 18. a Ki sa lèt Jezi te ekri sèt kongregasyon ann Azi Minè yo revele sou konpreyansyon pwofon li genyen?","17, 18. a What do Jesus’ letters to the seven congregations in Asia Minor reveal about his depth of understanding?","17, 18. What did the letters that Jesus wrote to the seven congregations in Asia Minor reveal about his profound understanding?",What do Jesus’ letters to the seven congregations in Asia Minor show about how deeply he understands things? | What do Jesus’ letters to the seven congregations in Asia Minor reveal about the depth of his understanding?,78.15126050420169,False
1654,"Okontrè, li te bay Jòb posiblite pou l pwouve entegrite l, pou l montre adorasyon l t ap ba l la te soti nan yon kè ki pwòp e ki pa egoyis.","Rather, he gave Job the opportunity to prove his integrity, to show that his worship came from a pure, unselfish heart.","On the contrary, it gave Job the opportunity to prove his integrity, to show that his worship was coming from a pure and unselfish heart.","Instead, he gave Job the chance to prove his integrity, to show that his worship came from a pure, selfless heart. | Rather, he allowed Job to demonstrate his integrity and prove that his worship came from a pure, unselfish heart.",78.08764940239044,False
1655,"Se Senyè a menm ki te bay Moyiz regleman sa yo , sou mòn Sinayi nan mitan dezè a , jou li te mande moun pèp Izrayèl yo pou yo fè ofrann ba li .","The Lord himself gave these regulations to Moses on Mount Sinai in the wilderness , on the day he commanded the Israelites to present their offerings to him .","It was the Lord who gave these statutes to Moses , on Mount Sinai in the midst of the wilderness , the day he asked the children of Israel to offer sacrifices to him .","The Lord gave these instructions to Moses on Mount Sinai in the wilderness, when he told the Israelites to bring their offerings to him | The Lord himself gave Moses these laws on Mount Sinai in the desert, the day he commanded the Israelites to present their offerings",69.96699669966998,False
1656,"moun Izrayèl yo vire fè faskare ak moun Benjamen yo . Lè sa a , moun Benjamen yo te gentan touye trant moun konsa nan mitan yo . Yonn t'ap di lòt konsa : — Wi , nou bat yo fwa sa a tankou anvan an .","The men of Israel turned to face the men of Benjamin . By that time the men of Benjamin had already killed about thirty of their men . They said to each other , "" We are defeated again , just as we were before . ""","The men of Israel turned and fought against the Benjaminites. Then the Benjaminites had already killed thirty men among them. One said to the other: Yes, we defeated them this time as before.","The men of Israel turned to face the men of Benjamin. By then the men of Benjamin had already killed about thirty of their men. They said to each other, “We’re beaten again, just like before.” | The men of Israel turned to face the men of Benjamin. By that time, the men of Benjamin had already killed around thirty of them. They said to one another, “We’ve been defeated again, just as before.”",70.68062827225131,False
1657,"Men sa li di: ""Menm jan mwen vivan, [...] mwen pran plezi, non pa nan lanmò mechan an, men pou moun ki mechan an vire kite chemen l e vrèman pou li rete vivan."" .","He says: “As long as I live, […] I take delight, not in the death of the wicked, but in that the wicked turn from his way and keep living.” .","But he says: ""As long as I live, [...] I take pleasure, not in the death of the wicked, but in that the wicked turn from his way and truly live.""","I take no pleasure in the death of the wicked, but rather that they turn from their ways and live | I delight in seeing the wicked turn from their evil ways and live",68.59504132231405,False
1658,"Se pou rezon sa a, Jezi Kris te di yo avèk franchiz: Gade!",That is why Jesus Christ said to them boldly: Look!,"For this reason, Jesus Christ said frantically: Behold!",That’s why Jesus Christ told them plainly: Look! | That’s why Jesus Christ said to them openly: Look!,58.490566037735846,False
1659,"Apre yon gwo kanpay predikasyon espesyal, li te di disip li yo: ""Nou menm, vin yon kote apa pou nou pran yon ti repo."" — Mak 6: 31, 32.","After a special preaching campaign, he told his disciples: “Come, you yourselves, privately into a secluded place and rest up a little.” —Mark 6:31, 32.","After a long special preaching campaign, he said to his disciples: Come, you, into a secluded place, and rest a little.  Mark 6:31, 32.","After a special preaching campaign, he told his disciples: “Come away with me to a quiet place and get some rest.” | After a special preaching campaign, he told his disciples: “Let’s go off somewhere private and take a little rest.”",73.07692307692308,False
1660,"Se sa k fè Jan Batis te rele l ""ti mouton Bondye a k'ap wete peche moun sou tout latè"".","That is why John the Baptist called him ""the Lamb of God who takes away the sin of the whole world"".",That is why John the Baptist called him the Lamb of God who takes away the sin of the world.,That’s why John the Baptist called him “the Lamb of God who takes away the sins of the world” | That’s why John the Baptist referred to him as “the Lamb of God who takes away the sins of the world”,96.73913043478261,True
1661,"Nou ka fè sa nan reyinyon yo lè n priye Jewova, lè n chante pou li ak lè n pale de li.","We can do this at meetings by praying to Jehovah, singing to him, and talking about him.","We can do this at meetings by praying to Jehovah, singing to him and talking about him.","We can do this at meetings by praying to Jehovah, singing to him, and talking about him. | At meetings, we can do this by praying to Jehovah, singing to him, and speaking about him.",98.85057471264368,True
1662,"Y'a mòde an trèt, y'a fè kòlè fasil, lògèy va gonfle lestonmak yo.","They will bite treacherously, they will be easily angered, and their breasts will be puffed up with pride.","They will bite at will, they will be angry easily, their temper will swell up.","They’ll be treacherous, quick-tempered, and full of pride | They’ll be deceitful, easily angered, and arrogant",45.80152671755725,False
1663,"Mwen menm Pyè , apot Jezikri , mwen ekri llèt sa a pou nou tout ki fè pati pèp Bondye te chwazi a epi ki egzile nan peyi Pon , Galasi , Kapadòs , Lazi ak Bitini .","Peter , an apostle of Jesus Christ , to all of you who are chosen by God and are exiles in Pontus , Galatia , Cappadocia , Asia , and Bithynia .","I , Peter , the apostle of Jesus Christ , write this epistle to all of you who are among the elect and exiles in Pontus , Galatia , Cappadocia , Asia and Bithynia .","Peter, an apostle of Jesus Christ, writes to God’s chosen people living as exiles in Pontus, Galatia, Cappadocia, Asia, and Bithynia | Peter, an apostle of Jesus Christ, to God’s elect who are scattered throughout Pontus, Galatia, Cappadocia, Asia, and Bithynia",76.0942760942761,False
1664,"Sepandan, si w bay frè ou konfye responsablite a yon ti libète, petèt l ap vin gen konfyans nan tèt li e l ap vin gen eksperyans.","However, if you give the brother you entrust with responsibility a little freedom, he may gain confidence and experience.","However, if you give your brother a little freedom to delegate responsibility, perhaps he will become confident and will gain experience.","If you give him a little freedom, he may build confidence and gain experience. | Give him some room, and he may become more confident and experienced.",62.32558139534884,False
1665,Nou tout ap goumen ak pwòp enpèfeksyon pa nou ansanm ak enpèfeksyon lòt moun.,We all struggle with our own imperfections as well as the imperfections of others.,We are all struggling with our own imperfections together with the imperfections of others.,"We all have our flaws and have to deal with other people’s flaws too | Everyone has imperfections, including ourselves and those around us",51.64835164835164,False
1666,"Nan kòmansman ane 1933, wa Sobhuza te konn pran plezi tande pyonye yo lè yo te konn vizite l nan vilaj li te abite a.","In early 1933, King Sobhuza enjoyed listening to the pioneers when they visited him in his village.","In early 1933, King Sobhuza used to enjoy listening to the pioneers when they visited him in his hometown.","In early 1933, King Sobhuza liked hearing the pioneers when they came to visit him in his village. | In the beginning of 1933, King Sobhuza enjoyed listening to the pioneers during their visits to his village.",77.55102040816327,False
1667,"Geoffrey Jackson, youn nan manm Kolèj santral la, t ap prezide reyinyon sa a.","Geoffrey Jackson, a member of the Governing Body, presided over this meeting.","Geoffrey Jackson, one of the members of the Central College, will not preside at this meeting.","Geoffrey Jackson, one of the Governing Body members, was presiding over this meeting. | Geoffrey Jackson, a member of the Governing Body, was in charge of this meeting.",69.27374301675977,False
1668,"Nan pita, lè Elicha tounen bò Jouden an li frape dlo rivyè a ak rad Eliya a epi l rele byen fò, li di: ""Kote Jewova, Bondye Eliya a?""","Later, when Elisha returned to the Jordan, he struck the water of the river with Elijah's cloak and cried out, ""Where is the Lord, the God of Elijah?""","Later, when Elisha returned to the Jordan and struck the river with Elijah's garment, he shouted: Where is the Lord, the God of Elijah?","Later, when Elisha came back to the Jordan, he struck the river water with Elijah’s cloak and cried out, “Where is the Lord, the God of Elijah?” | When Elisha returned to the Jordan, he struck the water with Elijah’s cloak and called out, “Where is the Lord, the God of Elijah?”",82.39700374531836,True
1669,Li fè lanèj tonbe kouvri latè tankou koton . Li fè lawouze tounen ti mòso glas sou tout pyebwa .,He makes the snow fall like cotton and covers the earth like a blanket. He turns the dew into icicles on all the trees.,It makes snow cover the earth like cotton . It makes dew become ice on all the trees .,He makes snow fall like cotton and blanket the earth. | He turns dew into icicles on every tree.,56.95364238410596,False
1670,"Byenke alyans ak Abraram nan te reyalize yon fason literal pou desandan Abraram yo lè yo te antre nan Latè pwomiz, Ekriti yo montre alyans sa a t ap gen yon akonplisman espirityèl tou.","Although the Abrahamic covenant was fulfilled in a literal way for Abraham's descendants when they entered the Promised Land, the Scriptures show that this covenant would also have a spiritual fulfillment.","Although the covenant with Abraham was fulfilled literally for Abraham's descendants when they entered the Promised Land, the Scriptures show that this covenant would not have a spiritual fulfillment either.","Although the Abrahamic covenant was literally fulfilled for Abraham’s descendants when they entered the Promised Land, the Scriptures show that it would also have a spiritual fulfillment | While the Abrahamic covenant was fulfilled literally for Abraham’s descendants when they entered the Promised Land, the Scriptures indicate that it would also be fulfilled spiritually",83.75634517766497,True
1671,"Lè mwen panse ak 69 ane maryaj mwen gen ak Edith yo, mwen sonje Pwovèb 18: 22 ki di: ""Lè yon nonm jwenn yon bon madanm, se yon bon bagay.""","When I think of my 69 years of marriage to Edith, I am reminded of Proverbs 18:22, which says: “A man finds a good wife—that is a good thing.”","When I think back to my 69 years of marriage with Edith, I remember Proverbs 18:22 which says: When a man finds a good wife, it is a good thing.","When I reflect on my 69 years of marriage to Edith, I’m reminded of Proverbs 18:22: “Finding a good wife is a blessing.” | Looking back on my 69 years with Edith, I think of Proverbs 18:22: “A good wife is a true blessing.”",70.72243346007605,False
1672,"Dezyèmman, sa nou rete ap gade kapab ranfòse dezi ki nan kè nou swa an byen, swa an mal.","Second, what we watch can strengthen the desires of our hearts, for good or for evil.","Second, what we keep watching can boost our inner desire for either good or bad.","Second, what we watch can either strengthen our good desires or our bad ones. | Second, what we look at can feed the desires in our hearts, for better or worse.",66.22516556291392,False
1673,"Imajine w te la pandan Pòl t ap pale konsènan ""Bondye ki fè monn nan ak tout sa ki ladan l"" lan, epi annapre, li fè konnen Bondye sa a""pa abite nan tanp moun fè ak men"".","Imagine being there as Paul spoke about “the God who made the world and all the things in it,” and then he explained that this God “does not dwell in temples made with hands.”","Imagine you were here when Paul was talking about ""the God who made the world and everything that is in it, and then he made known this God""who does not dwell in man-made temples"".","Imagine being there when Paul spoke about “the God who made the world and everything in it,” and then said that this God “does not live in temples made by human hands” | Picture yourself there as Paul talked about “the God who made the world and everything in it,” and then explained that this God “does not dwell in temples built by human hands”",77.30061349693251,False
1674,"Kòm repons, Simon te di: ""Mwen ta sipoze se sa li anile plis dèt pou li a.""","In response, Simon said: ""I suppose that's the one he canceled the most debt for.""","In response, Simon said, I suppose its because he cancels more debt for her.",I guess that’s the one he forgave the most debt for. | I suppose that’s the one he canceled the most debt for.,61.74496644295302,False
1675,"Men , fòk pasyans sa a fin fè travay li nèt pou nou kapab bon nèt sou tout pwen , byen devlope , san nou pa manke anyen .","But let patience have her perfect work, that we may be perfect and complete, lacking nothing.","But it is necessary that patience does its work fully so that we can be perfect , well developed , without missing anything .","But let patience do its full work in us, so we may be fully mature and complete, lacking nothing. | Let patience finish its work so we can be whole, well-developed, and lacking nothing.",63.926940639269404,False
1676,"Yon fason klè, sa montre fèt Pak se pa yon fèt kretyen dwe selebre.","Clearly, this shows that Easter is not a Christian holiday to be celebrated.","Clearly, this shows that Easter is not a Christian holiday to celebrate.","Clearly, this shows Easter is not a Christian holiday to celebrate. | Clearly, this shows that Easter should not be celebrated as a Christian holiday.",96.40287769784173,True
1677,"Gen ladan yo k'ap preche Kris la paske yo gen jalouzi nan kè yo . Gen lòt menm , se pou fè moun konkirans . Men gen lòt tou k'ap preche ak bon santiman .","Some preach Christ out of envy , some out of rivalry , and some out of good will .",Some preach Christ because of jealousy in their hearts. Others are out of competition . But there are also others who preach with good feeling .,"Some preach Christ out of envy, some out of rivalry, and some out of goodwill | Some preach Christ because they are jealous, some to compete with others, and some with sincere motives",57.48987854251012,False
1678,"Si yo ta fè sa, sa t ap montre yo manke konfyans nan solisyon Bondye bay pou malè k ap frape limanite yo.",To do so would show a lack of confidence in God’s solution to the woes afflicting mankind.,"If they did, it would show their lack of faith in God's solution to the disaster plaguing humanity.",Doing so would show a lack of faith in God’s solution to mankind’s troubles. | It would show they don’t trust God’s answer to the problems facing humanity.,67.0807453416149,False
1679,Sa ta dwe yon reyaksyon otomatik lakay nou.,This should be an automatic reaction in our home.,This should be an automated reaction at home.,This should be second nature in our home | This should be automatic in our home,76.54320987654322,False
1680,"Pa egzanp, Lwa Moyiz la te mande pou yon moun onore ni papa l ni manman l e li te dwe respekte yo.","For example, the Mosaic Law required that a person honor and respect both his father and mother.","For example, the Mosaic Law required that one should honor both his father and mother and should respect them.","For example, the Mosaic Law required a person to honor both parents. | For example, the Law of Moses required people to respect both their father and mother.",71.06598984771574,False
1681,Premye kretyen sa yo te kontinye pwogrese nan domèn espirityèl paske Bondye te beni yo. — Pwo.,Those early Christians continued to make spiritual progress because God blessed them.—Prov.,These early Christians continued to progress in the spiritual realm because God blessed them. Prov.,Those early Christians kept growing spiritually because God blessed them. | Those early Christians continued to make spiritual progress because God was blessing them.,77.45664739884393,False
