id,cr,reference_en,prediction,expected_translation,prediction_csi_match_score,prediction_csi_match_success
0,"Nou ap opere bò gòch pou 0. Se poutèt sa, se 31 negatif. Sa se-2.",Nous travaillons sur le côté gauche pour 0. Donc c'est moins 31. C'est -2.,Nous travaillons vers la gauche à 0. Donc c'est le 31 négatif. C'est 2.,Nous roulons à gauche pour 0. Donc c’est moins 31. C’est -2. | On travaille du côté gauche pour 0. Donc c’est -31. C’est -2.,68.70229007633588,False
1,"hitman3617 Oktòb 16, 2016 nan 8:31 pm","hitman3617, le 16 octobre 2016 à 20h31","hitman3617 octobre 16, 2016 à 8:31 pm","hitman3617, le 16 octobre 2016 à 20h31 | hitman3617, le 16 octobre 2016 à 20h31",74.28571428571429,False
2,Yon tip sou pwodiksyon sipoze legal chanv la mennen chèchè soti nan California nan jaden ak plant marigwana. Konsènan 10 milyon dola nan yo. Biwo ...,Un renseignement concernant une production de chanvre prétendument légale conduit les enquêteurs californiens à des champs et des plants de marijuana. Environ 10 millions de dollars en jeu. L'affaire...,Un type de production suppose que le chanvre juridique conduit les chercheurs de la Californie dans le domaine et les plantes de la marijuana. Environ 10 millions d'entre eux. Bureau ...,Un renseignement sur une culture de chanvre soi-disant légale a mené les enquêteurs californiens vers des champs et des plants de marijuana. Environ 10 millions de dollars étaient en jeu. L’affaire… | Un tuyau sur une production de chanvre prétendument légale a conduit les enquêteurs de Californie jusqu’à des champs de marijuana. Environ 10 millions de dollars étaient concernés. L’affaire…,63.44086021505376,False
3,PaulinaSoler:n chat,PaulinaSoler : chat,lyli-potter:n chat,chat | minou,50.0,False
4,Vin pi toleran nan akimilasyon asid laktik.,Devenir plus tolérant à l'accumulation d'acide lactique.,Devenez plus tolérant à l'accumulation d'acide lactique.,Devenir plus résistant à l’acide lactique | Mieux supporter l’accumulation d’acide lactique,72.34042553191489,False
5,Jou Konje kat Nwèl Pwodwi Pop-up Montre (6116),Présentoir pop-up pour cartes de Noël (6116),Salon du produit de la carte de Noël de vacances (6116),Présentoir pop-up pour cartes de vœux de Noël | Présentoir de cartes de Noël à déploiement automatique,54.54545454545454,False
6,"ou konfime ou sont 16 ans de laj ou plus, lè ou sa, si ou ye sou 16 ans de laj, ou te akonpaye ak dirèkteman sous pa yon paran oubyen responsab, gadyen legal.","Vous confirmez être âgé(e) de 16 ans ou plus et, si vous avez moins de 16 ans, être accompagné(e) et placé(e) sous la surveillance directe d'un parent ou d'un tuteur légal.","vous confirmerez que vous êtes âgé de 16 ans ou plus, alors si vous êtes sur 16 ans d'âge, vous avez accompagné directement la source par un parent ou responsable, gardien juridiques.","Vous confirmez avoir 16 ans ou plus, ou, si vous avez moins de 16 ans, être accompagné(e) et sous la surveillance directe d’un parent ou d’un tuteur légal | Vous attestez être âgé(e) d’au moins 16 ans, ou, si vous avez moins de 16 ans, être accompagné(e) et placé(e) sous la surveillance directe d’un parent ou d’un tuteur légal",61.39817629179332,False
7,SooBest com Akseswa Rad ki te sou Elektwonik,SooBest.com Vêtements Accessoires Électronique,SooBest com accessoires de vêtements électroniques,"SooBest.com Vêtements, accessoires et électronique | SooBest.com Mode, accessoires et électronique",80.0,True
8,Bòs otè: James Foster,Auteur : James Foster,Auteur expert: James Foster,Auteur : James Foster | Par James Foster,87.5,True
9,"Malgre ke li te sèlman te 20 ane depi fondasyon li, Gachon University ap sòti kòm yon inivèsite ki renome entènasyonalman nan tan kap vini la trè pre.","Bien que fondée il y a seulement 20 ans, l'université Gachon deviendra très prochainement une université de renommée internationale.","Bien qu'il ne soit que 20 ans depuis sa fondation, Université Gachon vient comme une université de renommée internationale à l'avenir très proche.","Bien que fondée il y a seulement 20 ans, l’université Gachon deviendra très bientôt une université de renommée internationale. | Fondée il y a à peine 20 ans, l’université Gachon est appelée à devenir très prochainement une université de renommée internationale.",67.87003610108303,False
10,"Jedi, 8 septanm 2016 Gordon Ramsey rele tou depresyon yon videyo Youtube?",Jeudi 8 septembre 2016 : Gordon Ramsay qualifie-t-il aussi la dépression de vidéo YouTube ?,"Jeudi, 8 septembre 2016 Gordon Ramsey également appelé dépression d'une vidéo Youtube?",Jeudi 8 septembre 2016 : Gordon Ramsay traite-t-il aussi la dépression de vidéo YouTube ? | Jeudi 8 septembre 2016 : Gordon Ramsay qualifie-t-il également la dépression de vidéo YouTube ?,80.23255813953489,True
11,"Linkun se youn nan dirijan fabricants Lachin mekanik rive jouk nan vant yo ak founisè, si ou vle achte oswa enpòte meyè kalite go 18248 gaz silenn rive jouk nan vant pwofesyonèl konpayi, faktori, machann ak ekspòtatè, oubyen si w ap tcheke en mak, souple ou lib pou pran kontak ak nou.","Linkun est l'un des principaux fabricants et fournisseurs chinois de tubes mécaniques. Si vous souhaitez acheter ou importer des tubes de haute qualité pour bouteilles de gaz GO 18248 auprès d'une entreprise, d'une usine, d'un négociant ou d'un exportateur professionnel, ou si vous recherchez des marques en gros, n'hésitez pas à nous contacter.","Linkun est l'un des principaux fabricants et fournisseurs de tubes mécaniques en Chine, si vous voulez acheter ou importer des tubes de cylindre de gaz de haute qualité Go 18248 compagnie professionnelle, usine, vendeur et exportateur, ou si vous vérifiez les marques en acier, s'il vous plaît n'hésitez pas à nous contacter.","Linkun est l’un des principaux fabricants et fournisseurs chinois de tubes mécaniques. Si vous souhaitez acheter ou importer des tubes de haute qualité pour bouteilles de gaz GO 18248 auprès d’une entreprise, d’une usine, d’un négociant ou d’un exportateur professionnel, ou si vous recherchez des marques en gros, n’hésitez pas à nous contacter. | Linkun compte parmi les principaux fabricants et fournisseurs chinois de tubes mécaniques. Pour l’achat ou l’importation de tubes haut de gamme pour bouteilles de gaz GO 18248, auprès d’une société, d’une usine, d’un commerçant ou d’un exportateur professionnel, ou pour des marques en gros, veuillez nous contacter sans hésiter.",68.92307692307693,False
12,III. Jezi delivre nonm lan (5:14-20),III. Jésus guérit l'homme (5:14-20),III. Jésus livre l'homme (5:14-20),Jésus délivre l’homme | Jésus sauve l’homme,67.85714285714286,False
13,"Diferan kalite pas; ba, kondwi, ayeryen delivre soti nan manjeur yo.","Différents types de passes : basses, motorisées, aériennes, acheminées depuis les lignes d’alimentation.","Différents types de passes; barres, conduites, aériennes livrés à partir des mangeoires.","Différents types de passes : basses, conduites, aériennes, depuis les alimentateurs | Différents types de passes : basses, motorisées, aériennes, acheminées depuis les lignes d’alimentation",77.30061349693251,False
14,9-425 kap kolore byen,9-425 semble bien,9-425 bon marché coloré,ça a l’air bien | ça semble correct,39.13043478260869,False
15,A: Nou se yon faktori.,A: Nous sommes une usine.,A: Nous sommes une usine.,Nous sommes une vraie machine à produire | Nous tournons à plein régime,78.26086956521739,False
16,"Miniature mikwo switch G605 se manifaktire pa Huizhou Greetech Elektwonik, li se yon faktori kap founi bay tout kalite mikwo switch ak mekanik switch klavye elatriye, bay pwodwi bon jan kalite pou kliyan lemonn. Nimewo Modèl: G605-150P04.Plis","Le micro-interrupteur miniature G605 est fabriqué par Huizhou Greetech Electronics, une usine spécialisée dans la fourniture de micro-interrupteurs et d'interrupteurs mécaniques pour claviers, etc., et proposant des produits de haute qualité à une clientèle internationale. Référence : G605-150P04.","Micro-interrupteur miniature G605 est fabriqué par Huizhou Greetech Electronics, il est une usine qui fournit tous les types de micro-interrupteur et commutateur de clavier mécanique, etc., fournissant des produits de qualité pour les clients du monde entier. Numéro de modèle: G605-150P04.Plus","Le micro-interrupteur miniature G605 est fabriqué par Huizhou Greetech Electronics, une entreprise spécialisée dans les micro-interrupteurs et les interrupteurs mécaniques pour claviers, offrant des produits de qualité à une clientèle internationale. Réf. : G605-150P04. | Le micro-interrupteur compact G605 est produit par Huizhou Greetech Electronics, fabricant de micro-interrupteurs et d’interrupteurs mécaniques pour claviers, reconnu pour la qualité de ses produits destinés au marché mondial. Modèle : G605-150P04.",71.98581560283688,False
17,Efase istwa a nan te vizite web-resous yo,Effacer l'historique des ressources Web visitées,L'histoire de la visite web-resource,Effacer l’historique de navigation | Supprimer l’historique des sites visités,57.57575757575757,False
18,Reebok 2018 Cyber Lendi Koupon: Jwenn 50 Off Sitewide,Coupon Reebok pour le Cyber Monday 2018 : 50 % de réduction sur tout le site,Reebok 2018 Cyber lundi Coupon: Obtenez 50% Off Sitewide,Coupon Reebok Cyber Monday 2018 : 50 % de réduction sur tout le site | Reebok Cyber Monday 2018 : -50 % sur l’ensemble du site,49.48453608247423,False
19,Bezwen sove may?,Besoin de sauvegarder vos e-mails ?,Besoin d'économiser mesh?,Besoin d’enregistrer vos e-mails ? | Vous devez sauvegarder vos e-mails ?,61.224489795918366,False
20,Previous istwa Televizyon Transponder Nouvèl Satelit 12 Avril 2018,"Article précédent : Actualités sur les transpondeurs de télévision par satellite, 12 avril 2018",Histoire précédente Transpondeur Nouvelles TV par satellite 12 Avril 2018,"Article précédent : Actualités sur les transpondeurs de télévision par satellite, 12 avril 2018 | Article précédent : Nouvelles des transpondeurs TV par satellite, 12 avril 2018",79.03225806451613,False
21,Achiv Solis Achiv - Katalòg Mizik David Warin Solomons ',Archives Solomons - Catalogue musical de David Warin Solomons,Catalogue de musique de David Warin Solomons,Archives Solomons - Catalogue musical de David Warin Solomons | Archives Solomons - Catalogue de musique de David Warin Solomons,100.0,True
22,Rooder 16 pous 250W 36V elektrik bisiklèt ak batri kache nan seatpost disponib sou Ebay Amazon ak roodergroup.com,"Vélo électrique Rooder 16 pouces 250 W 36 V avec batterie dissimulée dans la tige de selle, disponible sur eBay, Amazon et roodergroup.com",Rooder 16 pouces 250W 36V vélo électrique avec batterie cachée à seatpost disponible sur Ebay Amazon et roodergroup.com,"Vélo électrique Rooder 16 pouces 250 W 36 V avec batterie intégrée dans la tige de selle, disponible sur eBay, Amazon et roodergroup.com | Vélo électrique Rooder 16 pouces 250 W 36 V avec batterie cachée dans la tige de selle, en vente sur eBay, Amazon et roodergroup.com",78.15126050420169,False
23,"Nou konnen - tan se lajan. Se poutèt sa nou te mete kanpe sou entènèt anrjistreman zouti pou ou. Avèk yon sèl èdtan tan plon, nou pare pou ou tankou yon Limousine prive ak chofè nan devan nan otèl ou oswa nan ayewopò an nan zòn nan rive ak depa.","Nous savons que le temps, c'est de l'argent. C'est pourquoi nous avons mis en place un outil de réservation en ligne. Avec seulement une heure de préavis, nous vous attendons en limousine privée avec chauffeur devant votre hôtel ou à l'aéroport, dans les zones d'arrivée et de départ.","Nous savons - le temps est de l'argent. Par conséquent, nous avons mis en place des outils de réservation en ligne pour vous. Avec une heure de délai, nous sommes prêts pour vous en tant que limousine privée et chauffeur devant votre hôtel ou à l'aéroport dans la zone d'arrivée et de départ.","Nous savons que le temps, c’est de l’argent. C’est pourquoi nous avons mis en place un système de réservation en ligne. Avec seulement une heure de préavis, votre limousine privée avec chauffeur vous attend devant votre hôtel ou à l’aéroport, aux zones d’arrivée et de départ. | Le temps, c’est de l’argent : c’est pourquoi nous avons créé un outil de réservation en ligne. Avec une heure seulement de préavis, nous sommes prêts à vous accueillir en limousine privée avec chauffeur, devant votre hôtel ou à l’aéroport, dans les zones d’arrivée et de départ.",78.53403141361257,False
24,"Si ou se enterese nan ki pi avanse nou an, efikasite nan segondè, s5 sèrvo cnc fraisage machin, akeyi Kontakte faktori nou an ki fè yo lajman gaye nan Taiwan, Lachin, Japon ak anpil lòt kote atravè mond lan. Li kapab itilize pou tabl manifakti, bijou, Desktop, Bobby ak pwodwi dantè. Ki ba ak bon mache nan pri ak segondè nan pèfòmans, akeyi yo ka resevwa tormach abòdab nou an pèsonèl ti CNC Fraisage Machin.","Si vous êtes intéressé par notre fraiseuse CNC servo S5, la plus performante et la plus avancée, n'hésitez pas à contacter notre usine, implantée à Taïwan, en Chine, au Japon et dans de nombreux autres pays. Elle est idéale pour la fabrication d'articles de table, de bijoux, d'accessoires de bureau, de produits dentaires et de soins dentaires. À un prix abordable et avec des performances élevées, découvrez notre petite fraiseuse CNC Tormach, idéale pour un usage personnel.","Si vous êtes intéressé par notre fraiseuse cnc le plus avancé, l'efficacité élevée, la fraiseuse cnc s5 servo, bienvenue pour contacter nos usines largement répandues à Taiwan, en Chine, au Japon et à de nombreux autres endroits à travers le monde. Il peut être utilisé pour la fabrication de tableaux, de bijoux, de bureau, de bobby et de produits dentaires. Prix bas et bon marché et haute performance, soyez le bienvenu pour obtenir notre fraiseuse CNC à prix abordable tormach.","Si vous recherchez notre fraiseuse CNC servo S5, la plus avancée et la plus performante, n’hésitez pas à contacter notre usine, présente à Taïwan, en Chine, au Japon et dans de nombreux autres pays. Elle convient parfaitement à la fabrication d’articles de table, de bijoux, d’objets de bureau et de produits dentaires. | Découvrez notre petite fraiseuse CNC Tormach, abordable, performante et idéale pour un usage personnel.",63.05882352941177,False
25,vidèo poutèt yo resevwa: 21:27,Vidéo reçue à 21h27,durée de la vierge : 21:27,Vidéo reçue à 21h27 | Vidéo reçue à 21:27,55.81395348837209,False
26,To jwèt sa a: JWE: 2788,Évaluez ce jeu : JOUÉS : 2788,Noter ce jeu: Joué: 2788,Évaluez ce jeu : JOUÉS : 2788 | Notez ce jeu : JOUÉS : 2788,83.33333333333334,True
27,Se pou sansib pou diferan bezwen ak eksperyans nan fanm nan diferan.,Soyez attentive aux différents besoins et expériences des différentes femmes.,Laissez l'appel d'offres pour les différents besoins et l'expérience des femmes dans différents.,Soyez attentive aux besoins et aux expériences variés des femmes | Faites preuve d’écoute et de sensibilité envers les réalités diverses des femmes,55.62130177514793,False
28,"Marin, Nwa, Woz, Wouj, Blan, gri elatriye","Bleu marine, noir, rose, rouge, blanc, gris, etc.","Marine, Noir, Rose, Rouge, Blanc, gris, etc.","bleu marine, noir, rose, rouge, blanc, gris, etc. | couleurs variées, etc.",100.0,True
29,"Lachin ansyen bote lasi estati Fabricants, ke founisè, faktori, Gros - pwodwi - Shanghai Maiyi kilti ak maji co, Ltd","Fabricants, fournisseurs, usine et vente en gros de statues de cire de la beauté antique chinoise - Produits - Shanghai Maiyi Culture and Arts Co., Ltd.","Chine ancienne beauté cire Statue fabricants, fournisseurs, usine, vente en gros - produits - Shanghai Maiyi Culture et Arts Co., Ltd",Statues de cire de beautés antiques chinoises | Statues de cire de la beauté classique chinoise,46.666666666666664,False
30,"""Enfòmasyon Ekonomik chak jou"" Korespondan soti nan Chengdu City Environmental Protection Bureau, amelyore rezo a resiklaj, amelyore fasilite resiklaj ak tout kalite kote, se konsa se ke polisyon redwi a yon minimòm, Chengdu pral etablisman an nan fatra plon-asid Batri...","Un correspondant du Bureau de la protection de l'environnement de la ville de Chengdu, dans le cadre du Daily Economic Information, annonce l'amélioration du réseau de recyclage, des installations et des sites de recyclage afin de réduire au minimum la pollution. Chengdu deviendra ainsi une ville de référence pour le traitement des batteries au plomb usagées.","Informations économiques quotidiennes Correspondants de Chengdu City Bureau de protection de l'environnement, améliorer le réseau de recyclage, améliorer la facilité de recyclage et toutes sortes d'endroits, de sorte que la pollution réduite à un minimum, Chengdu sera l'installation de batteries de plomb...","Selon le Bureau de la protection de l’environnement de Chengdu, le réseau de recyclage sera renforcé afin de réduire au minimum la pollution, faisant de Chengdu une ville modèle pour le traitement des batteries au plomb usagées. | D’après le Bureau de la protection de l’environnement de Chengdu, l’amélioration du réseau et des infrastructures de recyclage permettra de limiter la pollution, et Chengdu deviendra une référence pour le recyclage des batteries au plomb usagées.",55.26770293609672,False
31,Tèm ak Kondisyon yo Règleman rezèvasyon Règleman anile Blog Temwayaj Kontakte nou Sitemap E-Broucher,Conditions générales de réservation Politique d'annulation Blog Témoignages Nous contacter Plan du site Brochure électronique,Termes et Conditions Politique de réservation Politique d'annulation Blog Témoignages Contactez-nous Plan du site E-Broucher,Conditions générales | Politique de réservation | Politique d’annulation | Blog | Témoignages | Nous contacter | Plan du site | Brochure électronique,78.2258064516129,False
32,Non: ete dernye moun LINÈT SOLÈY 2017 banbou linèt solèy cho,"Nom : Lunettes de soleil tendance été 2017 pour hommes, style bambou",Nom: les plus récents hommes sungs 2017 lunettes de soleil en bambou chaudes,"Lunettes de soleil tendance été 2017 pour hommes, style bambou | Lunettes de soleil homme tendance été 2017, style bambou",55.263157894736835,False
33,nd ave tren kat jeyografik,Plan du métro de la 2e avenue,L'Éternel carte du train,Plan du métro de la Deuxième Avenue | Plan du métro de la 2e Avenue,50.0,False
34,"Mas 16, 2018 Admin Freebies Okenn kòmantè",16 mars 2018 Admin Cadeaux gratuits Aucun commentaire,"16 Mars, 2018 Administrateur Freebies Pas de commentaire",16 mars 2018 Admin Cadeaux gratuits Aucun commentaire | 16 mars 2018 Admin Offres gratuites Aucun commentaire,73.39449541284404,False
35,Bann Moun Wè machin Mill,Scie à ruban pour scierie,Machine de scie à bande Mill,scie à ruban de scierie | scie à ruban pour moulin à bois,60.71428571428572,False
36,Devlope jwè kapasite a defann nan yon 4-3-3,Développer les compétences défensives des joueurs dans un système 4-3-3,Développer la capacité de défense des joueurs dans un 4-3-3,Développer les qualités défensives des joueurs dans un 4-3-3 | Améliorer la capacité défensive des joueurs dans un système en 4-3-3,84.7457627118644,True
37,Kreye rezo Zòn Pwoteje Marin ki Rezistan - Fè li rive,Créer un réseau d'aires marines protégées résilientes – Agissons !,Créer des réseaux d'aires marines protégées résistantes - Faisant,Créer un réseau d’aires marines protégées résilientes – Agissons ! | Mettons en place un réseau d’aires marines protégées résilientes – Agissons !,83.2,True
38,Ti pen lajè B,Largeur du petit pain B,Largeur de rouleau B,largeur du petit pain B | largeur du petit pain B,70.96774193548387,False
39,4 Kontakte Kote yo ye: ISO7816-2,4. Emplacement du contact : ISO7816-2,4 Emplacement de contact: ISO7816-2,4. Position des contacts : ISO7816-2 | 4. Emplacement des contacts : ISO7816-2,91.42857142857143,True
40,"Tren vwayaj Bèljik, Tren vwayaj Grann Bretay, Tren vwayaj Frans, Tren vwayaj Almay, Tren vwayaj Itali, Vwayaj Europe 0","Voyager en train en Belgique, Voyager en train en Grande-Bretagne, Voyager en train en France, Voyager en train en Allemagne, Voyager en train en Italie, Voyager en Europe 0","Voyage en train Autriche, Voyage en train France, Voyage en train Allemagne, Voyage en train Italie, Voyage en Europe 0","Voyages en train en Belgique, en Grande-Bretagne, en France, en Allemagne et en Italie, Voyage en Europe 0 | Circuits en train en Belgique, en Grande-Bretagne, en France, en Allemagne, en Italie, en Europe 0",72.0,False
41,Tout kat nan Nòvèj. Kat Nòvèj download. Kat Nòvèj ekri ak lèt detache. Kat Nòvèj (pati Nò Lewòp - Ewòp) ekri ak lèt detache ak pou download.,Toutes les cartes de Norvège. Cartes de Norvège à télécharger. Cartes de Norvège à imprimer. Cartes de Norvège (Europe du Nord) à imprimer et à télécharger.,Toutes les cartes de la Norvège. Les cartes de la Norvège à télécharger. Les cartes de la Norvège à l'impression. Les cartes Norvège (Europe du Nord - Europe) à imprimer et à télécharger.,Toutes les cartes de Norvège | Cartes de Norvège à imprimer et à télécharger,82.99319727891157,True
42,"14:24 Men, si tout moun mesaj, ak yon moun ki se inyoran oswa t 'kwè antre nan, nou ka fin konvenki ak li tout, paske li konprann li tout.","{14:24} Mais si tout le monde prêche, et qu'un ignorant ou un incrédule entre, nous pouvons être convaincus de tout cela, parce qu'il comprend tout.","14:24 Mais si tous les messages, et quelqu'un qui est inoffensif ou a vu l'entrée, nous pouvons être convaincu avec tout, car il comprend tout.","Mais si tous prophétisent, et qu’un ignorant ou un incrédule entre, il sera convaincu par tous et jugé par tous. | Mais si tout le monde parle sous l’inspiration, et qu’un non-croyant ou un ignorant entre, il sera convaincu par tous, car il comprend tout.",62.676056338028175,False
43,Ekipman rated pouvwa,Puissance nominale de l'équipement,Puissance nominale d'alimentation,Puissance nominale de l’équipement | Puissance nominale de l’appareil,77.77777777777779,False
44,Tout chan yo obligatwa,Tous les champs sont obligatoires.,Toutes les champs sont requis,Tous les champs sont obligatoires | Tous les champs sont requis,96.42857142857143,True
45,Non pwodwi Mifepristone,Nom du produit : Mifépristone,Nom du produit Mifepristone,Nom du produit : Mifépristone | Produit : Mifépristone,88.88888888888889,True
46,Toujou pare pou fè Millennials an oswa toujou pare pou jwenn yon nouvo liy travay,Toujours prêt à former les Millennials ou toujours prêt à trouver un nouveau travail,Toujours prêt à faire le Millennials ou toujours prêt à trouver une nouvelle ligne de travail,Toujours prêt à former les jeunes générations | Toujours prêt à changer de boulot,69.73684210526316,False
47,Magazen thrift oubyen itilize secondhand depo,Magasins d'articles d'occasion,Entrepôt de thrift ou à l'aide de secondeshand,magasin de seconde main | friperie,55.55555555555556,False
48,"Lachin Do-Kay Konpayi fabrikasyon, Founisè, faktori, Konpayi, Wholesale - Dalian New Sunlight Building Materyèl co, Ltd","Fabricants, fournisseurs, usine, entreprise et grossistes de matériaux de toiture en Chine - Dalian New Sunlight Building Materials Co., Ltd.","Chine toit fabricants, fournisseurs, usine, entreprise, vente en gros - Dalian nouveau soleil Building Material Co., Ltd","Fabricants, fournisseurs, usine, entreprise et grossistes de matériaux de toiture en Chine - Dalian New Sunlight Building Materials Co., Ltd. | Fabricants, fournisseurs, usine, société et grossistes de matériaux de toiture en Chine - Dalian New Sunlight Building Materials Co., Ltd.",67.70833333333333,False
49,"Pou evalye sa a ki mistè mès se, nou esansyèlman jis vle sa a sou yon bò èchelle sa a","Pour déterminer la nature de cette masse mystérieuse, nous souhaitons essentiellement la situer d'un seul côté de cette échelle.","Pour évaluer ce que le mystère est, nous voulons essentiellement que cela sur un côté de cette Honte","Pour évaluer cette masse mystérieuse, nous voulons essentiellement la placer d’un seul côté de la balance | Pour déterminer la nature de cette masse mystérieuse, nous cherchons surtout à la mettre d’un seul côté de la balance",74.87179487179488,False
50,Lis atant otomatik,Liste d'attente automatique,Liste des attentes automatiques,liste d’attente automatique | liste d’attente auto,89.65517241379311,True
51,"Option 1: Pa anbake lanmè, nan pò lanmè.","Option 1 : Par voie maritime, au port.","Option 1: Par l'expédition maritime, au port de la mer.","Par bateau, au port | Par voie maritime, au port",60.86956521739131,False
52,Mwen ap annik pran rasin kare 9t au.,Je prends simplement la racine carrée de 9t.,Je vais juste prendre des arbres carrés 9 t au carré.,Je prends juste la racine carrée de 9t | Je fais simplement la racine carrée de 9t,53.191489361702125,False
53,Karakteristik teknik aktyèl la BBC Gòlf Pèsik:,Caractéristiques techniques actuelles de BBC Persian Gulf :,Paramètres techniques actuels de BBC Persian:,Caractéristiques techniques actuelles de BBC Persian Gulf | Spécifications techniques actuelles de BBC Persian Gulf,84.44444444444444,True
54,den fre'en de fre'e dat fre'e de fre'en,den fre'en de fre'e dat fre'e de fre'en,fre'en de fre'e Date fraîche'e de fre'en,de temps en temps | de temps à autre,43.47826086956522,False
55,Kijan pou amelyore abize Youtube li?,Comment améliorer son utilisation de YouTube ?,Comment améliorer sa vigilance Youtube?,Comment mieux utiliser YouTube ? | Comment améliorer son usage de YouTube ?,76.92307692307692,False
56,Imobilye Makiyaj Jwe,Jeu de maquillage réel,Maquillage réel Jouez,jeu de maquillage réel | vrai jeu de maquillage,76.19047619047619,False
57,8 Gwo vitès Belt Haul-off machin,Machine de traction à courroie haute vitesse 8,8 Haute vitesse Belt Haul-off machine,Machine de traction à courroie à grande vitesse 8 | Machine de tirage à courroie haute vitesse 8,56.75675675675676,False
58,aktif Sèvis Jesyon Dwa Any è,Service de gestion des droits Active Directory,Active Management Service Droit Any,Service de gestion des droits Active Directory | Gestion des droits Active Directory,51.42857142857142,False
59,"chakra a kè, kòm kote prensipal relasyon an.","Le chakra du cœur, principal lieu des relations.","le cœur, comme l'endroit principal de la relation.",le centre des relations | le cœur des liens,44.99999999999999,False
60,Zhejiang Mesa sanitè co,Société sanitaire de Zhejiang Mesa.,Zhejiang Mesa Sanitary Co,Société sanitaire Zhejiang Mesa | Entreprise sanitaire Zhejiang Mesa,68.42105263157895,False
61,Rechèch anti-AFM an,Recherche anti-AFM,Recherche anti-AFM,Recherche contre l’AFM | Recherche anti-AFM,100.0,True
62,pa kite san yo pa yon kado - Jwenn Koupon ak Nouvèl !,N'oubliez pas votre cadeau ! Recevez des coupons et des actualités !,Ne pas laisser sans un cadeau - Obtenez des coupons et des nouvelles !,N’oubliez pas votre cadeau ! Recevez des coupons et des nouveautés ! | Ne manquez pas votre cadeau ! Profitez de coupons et d’actualités !,69.56521739130434,False
63,"jete sibtil, sijesyon flirtatious pral ede l 'jwenn konfyans nan relasyon an ke ou de yo ap devlope.",Semer des allusions subtiles et flirtantes l'aidera à prendre confiance dans la relation que vous êtes en train de construire.,"casting subtile, des suggestions flirtantes l'aideront à gagner la confiance de la relation que vous êtes en développement.",Lui lancer des sous-entendus subtils et flirtants l’aidera à prendre confiance dans la relation que vous construisez. | Glisser des allusions légères et séduisantes l’aidera à se sentir plus en confiance dans la relation que vous êtes en train de bâtir.,65.85365853658536,False
64,Japon Airlines Entènasyonal co Ltd,Japan Airlines International Co. Ltd.,Japon Airlines International Co Ltd,Japan Airlines International Co. Ltd. | Japan Airlines International SARL,94.28571428571428,True
65,Foròm pran enfòmasyon sou keksyon modèl Tesla a ta ',Forum pour obtenir des informations sur les questions relatives aux modèles Tesla,Forum prend des informations sur la correction des modèles Tesla ',Forum d’informations sur les modèles Tesla | Forum de discussion sur les modèles Tesla,77.06422018348624,False
66,Kristalizasyon Ewòp PhD EPSRC Kontini manifakti Centre,Centre de fabrication continue Crystallisation Europe PhD EPSRC,Cristallisation Europe PhD EPSRC fabricant Centre continu,Centre de fabrication continue de cristallisation en Europe | Centre européen de fabrication continue en cristallisation,63.1578947368421,False
67,"Jodi a, nons apostolik la se yon anbasadè ekstraòdinè ak plenipotansyè premyè klas.","Aujourd'hui, le nonce apostolique est un ambassadeur extraordinaire et plénipotentiaire de première classe.","Aujourd'hui, le nonce apostolique est une ambassadeur extraordinaire et plénière de première classe.","Aujourd’hui, le nonce apostolique est un ambassadeur extraordinaire et plénipotentiaire de premier rang | De nos jours, le nonce apostolique est un ambassadeur extraordinaire et plénipotentiaire de première classe",90.0,True
68,"Shanghai Toks Komès co, Ltd se youn nan dirijan bwòs manifaktirè yo ak founisè Lachin ak youn nan mak yo pi popilè, akeyi yo achte ak wholesale mòd ak Customized bwòs CE nan stock nan men nou, epi tcheke goumin bwòs pri, pricelist ak sitasyon ak nou faktori.","Shanghai Toks Trading Co., Ltd. est l'un des principaux fabricants et fournisseurs de brosses en Chine, possédant une marque renommée. Bienvenue chez nous pour l'achat et la vente en gros de brosses CE tendance et personnalisées en stock, et pour consulter les prix, les listes de prix et les devis de nos brosses de toilettage auprès de notre usine.","Shanghai Toex Trading Co., Ltd est l'un des principaux fabricants et fournisseurs de brosses en Chine avec l'une des marques célèbres, bienvenue à acheter et vente en gros de mode et personnalisé brosse CE en stock chez nous et vérifier toilettage brosse prix, liste de prix et devis avec notre usine.","Shanghai Toks Trading Co., Ltd. est l’un des principaux fabricants et fournisseurs de brosses en Chine, avec une marque très réputée. Nous vous invitons à acheter en gros chez nous des brosses CE tendance et personnalisées, disponibles en stock, et à demander nos prix, tarifs et devis directement auprès de notre usine. | Shanghai Toks Trading Co., Ltd. figure parmi les leaders chinois de la fabrication et de la fourniture de brosses, et bénéficie d’une marque reconnue. Bienvenue pour l’achat en gros de brosses CE modernes et sur mesure, en stock, ainsi que pour obtenir les prix, la liste tarifaire et un devis auprès de notre usine.",71.81208053691275,False
69,Jounal CEH sètifikasyon se pa sèlman pou tester pènètration. Sa a sètifikasyon adaptab se menm jan tou pafè pou IT sekirite ak pwofesyonèl sistèm.,La certification CEH ne s'adresse pas uniquement aux testeurs d'intrusion. Cette certification polyvalente est également parfaitement adaptée aux professionnels de la sécurité informatique et des systèmes.,La certification CEH est non seulement pour les testeurs de pénétration. Cette certification adaptable est également idéale pour les systèmes de sécurité informatique et professionnels.,La certification CEH ne concerne pas seulement les testeurs d’intrusion. Cette certification polyvalente convient aussi parfaitement aux professionnels de la sécurité informatique et des systèmes. | La certification CEH ne s’adresse pas uniquement aux spécialistes du pentest. Elle est également idéale pour les professionnels de la cybersécurité et des systèmes.,71.35135135135135,False
70,Anba dlo Limyè ESL023 - Lachin Ecofr ki ap dirije Lighting,Projecteur sous-marin ESL023 - Éclairage LED Ecofr de Chine,Lumière sous-marine ESL023 - Chine Ecofr éclairage LED,Projecteur sous-marin ESL023 - Éclairage LED Ecofr de Chine | Projecteur immergé ESL023 - Éclairage LED Ecofr de Chine,73.46938775510203,False
71,Koupl vitès kalibrateur,Calibrateur de couple et de vitesse,Calibrateur de vitesse,Calibrateur de couple et de vitesse | Appareil de calibration du couple et de la vitesse,81.08108108108108,True
72,Transfè chalè l' jansiv,gomme pour impression par transfert thermique,Transfert de chaleur gomme d'impression,gomme de transfert thermique | gomme pour impression thermique,66.66666666666667,False
73,"Nan moman pweparasyon de program moso lò, optomètristes, ...","Au moment de la préparation du programme de la pièce d'or, les optométristes, ...","À l’heure actuelle la préparation de l’or de program, optomètres, ...","Au moment de la préparation du programme de la pièce d’or, les optométristes, | Lors de la mise en place du programme de la pièce d’or, les optométristes,",60.86956521739131,False
74,6. pi bon jwèt pou ti moun yo ak babys,6. Les meilleurs jouets pour enfants et bébés,6. Les meilleurs jeux pour les garçons et les babyers,Les meilleurs jouets pour les enfants et les bébés | Les jouets préférés des enfants et des bébés,77.66990291262135,False
75,NON NAN Sante ak enèji! E-VITALIZERS Gerizon pouvwa!,NON À la santé et à l'énergie ! E-VITALISEURS : le pouvoir guérisseur !,NON DANS LA santé et l'énergie! E-VITALISE DE LA guérison!,Non à la santé et à l’énergie ! E-Vitalizers : le pouvoir de guérison ! | Non à la santé et à l’énergie ! E-Vitalizers : la force qui soigne !,74.54545454545455,False
76,pake Enstalasyon gen ladan yon gratis mboks anl konvètisè.,Le package d'installation inclut un convertisseur mbox vers eml gratuit.,Les paquets d'installation comprennent un mbox gratuit à eml convertisseur.,Le package d’installation comprend un convertisseur mbox vers eml gratuit | Le kit d’installation inclut un convertisseur mbox vers eml gratuit,71.42857142857143,False
77,Reyinyon 3 èdtan Hotel de Madrid.,Réunion de 3 heures à l'Hôtel de Madrid.,Réunion 3 heures Hôtel de Madrid.,Réunion de trois heures à l’Hôtel de Madrid | Réunion de 3 h à l’Hôtel de Madrid,78.78787878787878,False
78,"Chat, Vwa kominikasyon, Webcams","Chat, communication vocale, webcams","Chat, Communication vocale, Webcams","Chat, voix, webcams | Messagerie instantanée, communication vocale, webcams",93.93939393939394,True
79,"Spectrum se yon charter Kominikasyon Non komès ki se te fonde an 1999. sit entènèt ofisyèl li se www.spectrum.com. Li bay pwodui diferan Bande, Kab televizyon, dijital Kab, Digital telefòn, HDTV, sekirite lakay, entènèt, sekirite entènèt, telefòn mobil, ak VoIP telefòn.","Spectrum est une marque commerciale de Charter Communications, fondée en 1999. Son site web officiel est www.spectrum.com. Elle propose divers produits tels que l'Internet haut débit, la télévision par câble, la télévision numérique terrestre, la téléphonie numérique, la télévision haute définition, la sécurité résidentielle, l'accès à Internet, la sécurité Internet, les téléphones mobiles et les téléphones VoIP.","Spectrum est une charte de communication non commerciale fondée en 1999. Son site officiel est www.spectrum.com. Il fournit différents produits large bande, télévision par câble numérique, téléphone numérique, HDTV, sécurité à domicile, Internet, sécurité Internet, téléphone mobile, et téléphone VoIP.","Spectrum est une marque de Charter Communications, fondée en 1999. Son site officiel est www.spectrum.com. Elle propose divers services comme le câble, la télévision numérique, la téléphonie numérique, la télévision haute définition, la sécurité domestique, l’Internet, la cybersécurité, la téléphonie mobile et la VoIP | Spectrum, marque de Charter Communications créée en 1999, dispose du site officiel www.spectrum.com. Elle offre une gamme de services comprenant le câble, le numérique, la téléphonie, la HDTV, la sécurité à domicile, l’accès Internet, la sécurité en ligne, les mobiles et la téléphonie VoIP",71.62162162162163,False
80,"3:2 Li fikse lè yo dwe fèt, ak yon tan yo mouri. Li fikse lè ki plante, ak yon tan yo rale moute sa ki te plante.",3:2 Il a fixé un temps pour naître et un temps pour mourir ; un temps pour planter et un temps pour arracher ce qui a été planté.,"3:2 Il est temps de se produire, et un temps de mourir. Il est temps de plantation, et un moment de tirer ce qui a été planté.",Il y a un temps pour tout | Chaque chose en son temps,51.546391752577314,False
81,"Kalite sa yo de bagay sa yo ou ka kontwole varye depann sou konbyen lajan ou vle peye. Nan fen a pi ba, yon pake debaz ka ba ou kapasite nan espyonaj sou mesaj tèks, wè istwa apèl nan telefòn nan (sa a gen ladan tan, dire ak nimewo rele oswa depi w rele - ak non kontak si se nimewo a ki konekte nan yon non yo nan liv telefòn nan adrès). Ou kapab tou wè Imèl, IMS ak lòt fòm chat sa ki fè sou entènèt, istwa vi Navigasyon entènèt, wè nenpòt ki foto oswa foto voye ak resevwa sa sou telefòn ou selilè a. Sa a se tout bagay trè pwisan. Jis kapasite nan li tout mesaj yo fèk ap rantre ak sortant tèks (menm si yo te imedyatman efase) kapab tout sa ou bezwen chèche konnen ekzakteman ki sa se li ki ap resevwa jiska.","Les éléments que vous pouvez surveiller varient selon le prix que vous êtes prêt à payer. Avec une formule de base, vous pouvez espionner les SMS, consulter l'historique des appels (y compris l'heure, la durée et le numéro composé ou depuis votre dernier appel, ainsi que le nom du contact si le numéro est enregistré). Vous pouvez également consulter les e-mails, les messages instantanés et autres conversations en ligne, l'historique de navigation web, et voir toutes les photos envoyées et reçues sur votre téléphone. C'est un outil très puissant. La simple possibilité de lire tous les SMS entrants et sortants (même s'ils ont été immédiatement supprimés) pourrait suffire à découvrir exactement ce qu'il fait.","Ces deux types de choses que vous pouvez contrôler varient en fonction de la quantité que vous voulez payer. À la fin inférieure, un forfait de base peut vous donner la capacité d'espionnage sur les messages texte, voir l'histoire de l'appel du téléphone (ce qui comprend le temps, la durée et le numéro d'appel ou puisque vous appelez - et le nom de contact si le nombre est connecté à un nom du livre de téléphone de l'adresse). Vous pouvez également voir les e-mails, IMS et d'autres formes de chat en ligne, l'histoire de la navigation sur Internet, voir n'importe quelle photo ou l'image de l'envoi et de recevoir sur votre téléphone cellulaire. C'est tout très puissant. Juste la capacité de lire tous les nouveaux messages entrants et sortants de texte (même s'ils ont été immédiatement supprimés) peut tout ce que vous devez chercher exactement ce qu'il est à recevoir jusqu'à.","Les fonctionnalités de surveillance disponibles varient selon le prix que vous êtes prêt à payer. Avec une formule de base, vous pouvez espionner les SMS, consulter l’historique des appels, les e-mails, les messages instantanés, l’historique de navigation et les photos envoyées ou reçues sur le téléphone. | Selon le montant que vous êtes prêt à débourser, les options de contrôle changent. L’offre la plus simple permet déjà de lire les SMS, voir les appels passés, les e-mails, les chats en ligne, l’historique web et les images échangées sur le mobile.",50.54347826086957,False
82,2. LED jaden limyè;,2. Lampe de jardin LED ;,2. lumière de jardin LED;,lampe de jardin à LED | éclairage de jardin LED,78.26086956521739,False
83,Li ajoute 800ml nan dlo distile ...,Il ajoute 800 ml d'eau distillée...,Il ajoute 800ml dans l'eau distillée ...,Il ajoute 800 ml d’eau distillée | Il verse 800 ml d’eau distillée,84.93150684931507,True
84,"Valeria se yon Madrid eskòt blond liksye, gen yon nimewo nan mit sou blond ki pa vre, anpil ki te ekri sou pwoblèm sa a, yon ekspresyon ki endike ke moun yo gen plis atire blond epi yo peye plis atansyon, kouri mit la ki blond gen lavi sèks pi aktif ak yo ke yo yo gen mwens entèlijan pase brun, Redheads, oswa chatèy, syans se sèlman zouti nan serye yo deside si yon bagay ki vre oswa ou pa, ak pwoblèm sa a se trè klè, pa gen okenn korelasyon pa jwenn diferans ki genyen ant ti fi yo pa koulè cheve.","Valeria est une escort de luxe blonde à Madrid. Il existe de nombreux mythes sur les blondes qui sont faux, et on a beaucoup écrit à ce sujet. On entend souvent dire que les gens sont plus attirés par les blondes et qu'ils leur accordent plus d'attention. On entend aussi le mythe selon lequel les blondes auraient une vie sexuelle plus active et seraient moins intelligentes que les brunes, les rousses ou les châtains. La science est le seul outil fiable pour déterminer si quelque chose est vrai ou non, et sur ce point, c'est très clair : aucune corrélation n'a été trouvée entre les femmes et la couleur de leurs cheveux.","Valeria est une escorte blonde de luxe de Madrid, il y a un certain nombre de mythes sur des blonde qui ne sont pas vraies, dont beaucoup ont écrit sur ce problème, une expression indiquée que les gens ont plus attrayants blonde et prêter plus attention, en cours d'exécution du mythe blonde a la vie sexuelle la plus active et qu'ils ont moins intelligent que rougeâtre, Redheads, ou discret, la science n'est que l'outil fiable pour décider si quelque chose est vrai ou non, et ce problème est très clair, il n'y a pas de corrélation en obtenant la différence entre les filles par les cheveux.","Valeria est une escort de luxe blonde à Madrid. Il existe beaucoup de mythes faux sur les blondes, et on en a beaucoup parlé. On dit souvent que les gens sont plus attirés par les blondes et leur prêtent davantage d’attention. On véhicule aussi le mythe selon lequel les blondes auraient une vie sexuelle plus active et seraient moins intelligentes que les brunes, les rousses ou les châtains. La science est le seul moyen fiable de savoir si quelque chose est vrai ou non, et sur ce point, c’est très clair : aucune corrélation n’a été trouvée entre les femmes et la couleur de leurs cheveux. | Valeria est une escort de luxe blonde à Madrid. Beaucoup de clichés faux circulent sur les blondes, et le sujet a fait couler beaucoup d’encre. On entend dire que les blondes attirent davantage l’attention et suscitent plus d’intérêt. On répète aussi qu’elles auraient une vie sexuelle plus active et qu’elles seraient moins intelligentes que les brunes, les rousses ou les châtains. Seule la science permet de trancher, et ici le constat est net : aucune différence n’a été mise en évidence entre les femmes selon la couleur de leurs cheveux.",66.4983164983165,False
85,600 Triyang bwa revèy pale stil Digital mouvman tanperati ekspozisyon,"Horloge triangulaire en bois 600, style parlant, mouvement numérique, affichage de la température",600 Triangle en bois réveil Vintage Style mouvement numérique affichage de la température,"Horloge triangulaire en bois 600, style parlant, affichage numérique de la température | Horloge en bois triangulaire 600, avec affichage digital de la température et fonction vocale",62.857142857142854,False
86,Tolterodin Tartrate Pwopriyete Chimik,Propriétés chimiques du tartrate de toltérodine,Propriétés chimiques de Tolterodin,Propriétés chimiques du tartrate de toltérodine | Caractéristiques chimiques du tartrate de toltérodine,82.53968253968253,True
87,"Euroferrys rezèvasyon tikè, orè Ferry ak enfòmasyon pasaje pou Euroferrys navige pou ale ak pou soti nan pò yo nan Ramsgate ak Boulogne.","Réservations de billets Euroferry, horaires des ferries et informations passagers pour les traversées Euroferry au départ et à destination des ports de Ramsgate et de Boulogne.","Euroferrys réservations de billets, ferry horaires et renseignements sur les passagers pour Euroferrys voile vers et depuis les ports de Ramsgate et Boulogne.","Réservations de billets Euroferry, horaires des ferries et informations passagers pour les traversées Euroferry au départ et à destination des ports de Ramsgate et de Boulogne | Billetterie Euroferry, horaires des ferries et renseignements voyageurs pour les traversées Euroferry entre les ports de Ramsgate et de Boulogne",72.41379310344827,False
88,Nou itilize bonbon nan asire ke nou ba ou eksperyans lan pi bon sou sit entènèt nou an. Si ou kontinye sèvi ak sit sa a nou pral asime ke ou yo kontan avèk li.Ok,"Nous utilisons des cookies pour vous garantir la meilleure expérience possible sur notre site web. En continuant à utiliser ce site, vous acceptez l'utilisation de ces cookies. OK","Nous utilisons des cookies pour vous assurer que nous vous donnons la meilleure expérience sur notre site Web. Si vous continuez à utiliser ce site, nous supposerons que vous êtes satisfait.Ok","Nous utilisons des cookies pour vous offrir la meilleure expérience possible sur notre site web. En continuant à utiliser ce site, vous acceptez l’utilisation de ces cookies. OK | Nous utilisons des cookies afin de vous garantir la meilleure expérience sur notre site. Si vous poursuivez votre navigation, vous acceptez leur utilisation. OK",72.77936962750717,False
89,K: Kote pò loading ou a?,Q : Où se trouve votre port de chargement ?,Q: Où est votre port de chargement?,Où est votre port de chargement ? | Quel est votre port de chargement ?,94.11764705882352,True
90,Kamera: Adrien Lecouturier,Caméra : Adrien Lecouturier,Caméra: Adrien Lecouturier,Caméra : Adrien Lecouturier | Image : Adrien Lecouturier,96.15384615384616,True
91,Mobile kafe - li nan yon mirak!,"Le café ambulant, c'est un miracle !",Café mobile - c'est un miracle!,C’est incroyable ! | C’est un vrai miracle !,67.74193548387098,False
92,Jwe jwèt san enskri Ninja pou gratis.,Jouez gratuitement aux jeux Ninja sans vous inscrire.,Jouez à des jeux sans vous inscrire gratuitement Ninja.,Jouez aux jeux Ninja gratuitement sans inscription | Jouez gratuitement à des jeux Ninja sans créer de compte,66.66666666666667,False
93,University of Waterloo - Edikasyon nan Kanada. Etidye nan peyi etranje,Université de Waterloo – Études au Canada. Étudier à l’étranger,Université de Waterloo - Education au Canada. Étudier à l'étranger,Université de Waterloo – Étudier au Canada | Université de Waterloo – Études à l’étranger,74.54545454545455,False
94,Aplike Federated Pataje,Mettre en œuvre le partage fédéré,Appliquer Fédated Partage,mettre en place le partage fédéré | déployer le partage fédéré,57.14285714285714,False
95,"Se fèy fe asye ak 316L plak itilize nan plizyè kalite aplikasyon pou endistriyèl, tankou:","Les tôles en acier inoxydable et les plaques 316L sont utilisées dans diverses applications industrielles, notamment :","La feuille d'acier inoxydable et 316L plaque est utilisée dans de nombreux types d'applications industrielles, telles que:","Les tôles et plaques en acier inoxydable 316L sont utilisées dans diverses applications industrielles, notamment : | Les tôles et plaques en acier inoxydable 316L trouvent de nombreuses applications industrielles, notamment :",72.1311475409836,False
96,ASTM B338 Gr2 Tib Titanium san pwoblèm pou ec...,Tube en titane sans soudure ASTM B338 Gr2 pour E...,ASTM B338 Gr2 Titanium Tube sans soudure pour ec...,Tube en titane sans soudure ASTM B338 Gr2 pour échangeur de chaleur | Tube titane sans soudure ASTM B338 Gr2 pour échange thermique,60.75949367088608,False
97,modpas ou a:,Votre mot de passe :,Votre mot de passe:,Votre mot de passe :|Mot de passe :,97.2972972972973,True
98,Sa se kote protèines obtenir produits.,C'est là que les protéines sont produites.,C'est là que les protèines obsolvent les cosmétiques.,C’est là que les protéines sont fabriquées | C’est ici que sont produites les protéines,73.6842105263158,False
99,nouvo karakteristik teknik – Gran TV:,Nouvelles fonctionnalités techniques – Gran TV :,Nouveaux paramètres techniques – Grand TV:,Nouvelles caractéristiques techniques – Grand écran TV | Nouveautés techniques – Grand TV,83.78378378378379,True
100,"Byenveni kliyan vizite nou faktori[May 18, 2016]",Nous invitons nos clients à visiter notre usine [18 mai 2016],"Bienvenue sur les clients visiter notre usine[May 18, 2016]",Nous invitons nos clients à visiter notre usine | Bienvenue à nos clients pour visiter notre usine,74.76635514018693,False
101,Aplikasyon de baz fè sans pou Et Scènarios,Les applications de base sont pertinentes pour et dans certains scénarios,Application de base pour les scénarios et Scénarios,Les applications de base sont utiles dans certains cas | Les applications de base ont du sens dans certains scénarios,70.58823529411764,False
102,sa a mekanik roulo manyen ak NC vakyòm ak RF ak 32KHZ ultrason,"Cette poignée à rouleau mécanique est équipée d'un système d'aspiration à courant continu, de radiofréquences et d'ultrasons à 32 kHz.",ce rouleau tactile mécanique avec vide NC et RF avec ultrasons 32KHZ,"Cette poignée à rouleau mécanique est équipée d’un système d’aspiration à courant continu, de radiofréquences et d’ultrasons à 32 kHz. | Poignée mécanique à rouleau avec aspiration CC, RF et ultrasons 32 kHz",65.57377049180329,False
103,Jwenn eBook gratis ou soti nan Mike Gillette,Obtenez votre eBook gratuit de Mike Gillette,Obtenez votre eBook gratuit de Mike Gillette,Téléchargez gratuitement votre eBook de Mike Gillette | Obtenez gratuitement votre eBook de Mike Gillette,81.57894736842105,True
104,Dènye konsèy itil,Dernières astuces utiles,Les dernières conseils utiles,Derniers conseils pratiques | Quelques astuces utiles,75.0,False
105,"Tout moun sa yo esansyèl pati nan kò nou travay tankou yon byen mins règlè machin ki bezwen konstan atansyon ak onèt gaz pou kouri efektivman. Lè yon pati nan kò nou commence ralanti, ni pèdi bon travay li, sa se lè malè a kapab kòmanse e nou kòmanse remake pwoblèm sante nan yon lòt kondi non zòn yo.","Tous ces organes essentiels fonctionnent comme une machine bien huilée qui nécessite une attention constante et un apport adéquat pour fonctionner efficacement. Lorsqu'un organe commence à ralentir ou à dysfonctionner, des problèmes peuvent survenir et d'autres troubles de santé se manifester.","Toutes ces parties essentielles de notre corps fonctionnent comme un puits de règles de la machine qui a besoin d'attention constante et honnête gaz pour courir efficacement. Quand une partie de notre corps commence à ralentir ou à perdre son bon travail, c'est quand le malheur peut commencer et nous commençons à remarquer des problèmes de santé d'un autre conduit les noms des zones.","Tous ces organes essentiels fonctionnent comme une machine bien huilée qui a besoin d’une attention constante et d’un bon apport pour tourner efficacement. Lorsqu’un organe commence à ralentir ou à dysfonctionner, des problèmes peuvent apparaître et d’autres troubles de santé se manifester. | Tous ces organes vitaux travaillent comme une machine bien réglée, qui demande une attention régulière et un apport suffisant pour fonctionner correctement. Dès qu’un organe se met à ralentir ou à mal fonctionner, des complications peuvent survenir et d’autres problèmes de santé apparaître.",63.2183908045977,False
106,"enh. tradiksyon tanperati: pran an,sk,ajou cz ki disponib sou liy (installation ak sit entènèt)","traduction de température améliorée : prenez un an, sk, mise à jour cz disponible en ligne (installation et site web)","enh. traduction de la température: prise en charge,sk, cz disponible en ligne (installation et site Web)",mise à jour de température améliorée | traduction de température optimisée,56.14035087719298,False
107,INT-THG Estati Pouse Rale Round koud Connector w ...,Connecteur coudé rond métallique à pousser-tirer INT-THG avec...,INT-THG métal Push Connecteur ronde couture w ...,Connecteur coudé rond à pousser-tirer INT-THG avec… | Connecteur métallique rond coudé à pousser-tirer INT-THG avec…,63.26530612244898,False
108,"Entelijan Machin Kamera, Digital Monitè LCD, HD Dèyè View Systems - topo","Caméra embarquée intelligente, moniteur LCD numérique, système de vision arrière HD - topo","Caméra de voiture intelligent, Moniteurs LCD numérique, HD Derrière Systèmes de vue - topo","Caméra embarquée intelligente, écran LCD numérique, système de recul HD - topo | Caméra de bord intelligente, moniteur LCD digital, vision arrière HD - topo",71.42857142857143,False
109,"Swiv metòd sekirite pou asire sekirite pakè pa moun, ak yachts èpaves.","Respectez les consignes de sécurité pour assurer la sécurité des colis, des personnes et des yachts naufragés.","Suivez les méthodes de sécurité pour assurer la sécurité des paquets de personnes, et yachts herpaves.","Respectez les consignes de sécurité pour garantir la sécurité des colis, des personnes et des épaves de yachts | Suivez les règles de sécurité afin d’assurer la protection des colis, des personnes et des yachts naufragés",73.26732673267327,False
110,"Manadjè finansye, Florence","Directrice financière, Florence","Directeur financier, Florence","Directrice financière, Florence | Responsable financière, Florence",82.75862068965517,True
111,PVC milar Foil Mini Sak zip Pou Depo Koreyen Facial Mask Depo,Pochette zippée miniature en PVC et Mylar pour ranger les masques faciaux coréens,Mini sac zippée de papier de mylar de PVC pour le stockage de masque facial de stockage de la coréen,Mini pochette zippée en PVC/Mylar pour masques coréens | Petite pochette de rangement zippée pour masques faciaux coréens,54.90196078431373,False
112,Blue Glass Medal ak Logo Sandblasting pou Kado Espò,"Médaille en verre bleu avec logo sablé, idéale pour les cadeaux sportifs.",Médiale en verre bleu avec logo Sablage pour les cadeaux de sport,"Médaille en verre bleu avec logo sablé, idéale pour les cadeaux sportifs | Médaille en verre bleu avec logo sablé, parfaite pour offrir lors d’événements sportifs",87.6923076923077,True
113,Nou se yon manifakti ki mennen nan pwodwi bòdi kònen ak pwodwi manifakti plastik itilize nan yon varyete de mache ak endistriyèl aplikasyon yo.,Nous sommes un fabricant de premier plan de produits de moulage par soufflage et de fabrication de plastique utilisés dans une variété de marchés et d'applications industrielles.,Nous sommes un important fabricant de produits de moulage par soufflage et de fabrication de plastique utilisés dans une variété d'applications de marché et industrielles.,Nous sommes un fabricant de premier plan de produits moulés par soufflage et de pièces en plastique destinés à divers marchés et applications industrielles. | Nous sommes un acteur majeur dans la fabrication de produits de soufflage et de solutions plastiques pour de nombreux secteurs et usages industriels.,71.55963302752293,False
114,MOVE konsilte plis (2011),MOVE consulter plus (2011),MOVE consulter plus (2011),consulter davantage | voir plus loin,55.55555555555556,False
115,a nasyonal medikal sondaj,l'enquête médicale nationale,le National Medical Survey,enquête nationale de santé | enquête médicale nationale,63.1578947368421,False
116,Plastik Geogrid Pwodiksyon Liy plastik GeoNet Pwodiksyon Liy plastik Drenaj Komisyon Konsèy machin,"Ligne de production de géogrilles en plastique, ligne de production de géonets en plastique, machine à panneaux de drainage en plastique",Ligne de production de géogrilles en plastique géogrilles Ligne de production de tuyaux en plastique,"Ligne de production de géogrilles plastiques, ligne de production de géonets plastiques, machine à panneaux de drainage en plastique | Ligne de fabrication de géogrilles en plastique, ligne de fabrication de géonets en plastique, machine pour panneaux de drainage en plastique",84.94623655913979,True
117,GK-S28 360degree Omni-direksyon E39 15w-54W Limyè limyè ekleraj,Projecteur LED omnidirectionnel GK-S28 à 360° E39 de 15 à 54 W,GK-S28 360degree Omni-directionnel E39 15w-54W lumière d'éclairage,Projecteur LED omnidirectionnel GK-S28 360° E39 15 à 54 W | Projecteur LED 360° GK-S28 E39 de 15 à 54 W omnidirectionnel,54.54545454545454,False
118,Pase ak fè egzèsis mouvman ki itilize nan Liverpool FC Academy pou ankouraje imedyat ang sipò pou konpayi asirans foutbòl la. Sa a jenere wotasyon pozisyon ak yon fason dinamik pou bay sipò pou jwè a sou boul la.,Les exercices de passes et de déplacements utilisés à l'académie du Liverpool FC visent à développer des angles de soutien immédiats pour le porteur du ballon. Cela favorise la rotation des positions et offre une manière dynamique d'apporter un soutien au joueur en possession du ballon.,Passant et exercice de mouvement utilisé dans l'Académie FC de Liverpool pour promouvoir un angle de soutien immédiat pour l'assurance du football. Cela génère la position de rotation et un moyen dynamique de fournir un soutien au joueur sur la balle.,Les exercices de passes et de déplacements de l’académie du Liverpool FC visent à créer des solutions de soutien immédiates pour le porteur du ballon. Cela favorise les rotations de postes et apporte un soutien dynamique au joueur en possession du ballon. | Les séances de passes et de mouvements utilisées à l’académie du Liverpool FC servent à générer des angles de soutien rapides pour le joueur qui a le ballon. Elles encouragent les permutations de positions et offrent un appui dynamique au porteur du ballon.,61.25760649087222,False
119,11. sa ki gen kapasite ou?,11. Quelles sont vos capacités ?,11. Qu'est-ce que votre capacité?,Quelles sont vos compétences ? | De quoi êtes-vous capable ?,48.275862068965516,False
120,Glucomannan anbake pou Seychelles?,Du glucomannane expédié aux Seychelles ?,Glucomannan expédition à Seychelles ?,Du glucomannane envoyé aux Seychelles ? | Du glucomannane à destination des Seychelles ?,75.67567567567568,False
121,Gid Beginner a absoli nan yo ale ...,Le guide du débutant absolu pour aller...,Le guide de Beginner absolu d'aller ...,Le guide du parfait débutant pour aller... | Le guide du débutant complet pour aller...,58.97435897435898,False
122,4 pwensonaj pwensonaj presyon 3500 KN,"4 coups de poing, pression de frappe 3500 kN",4 poinçonnage pression 3500 KN,"4 poinçons, pression de frappe 3500 kN | 4 coups de poinçon, pression de frappe 3500 kN",74.50980392156863,False
123,"Shenzhen Vinco Soundproufin Materyèl co, Ltd se youn nan pi bon acoustic izolasyon etaj manifaktirè yo ak Swèd nan Lachin, Byenveni nan enstalasyon izolasyon etaj Customize acoustic te fè nan UK, epi tou li akeyi yo tcheke pri a avèk nou.","Shenzhen Vinco Soundproofing Materials Co., Ltd. est l'un des meilleurs fabricants et fournisseurs de revêtements de sol à isolation acoustique en Chine. Nous vous invitons à installer des revêtements de sol à isolation acoustique sur mesure fabriqués au Royaume-Uni et à consulter nos prix.","Shenzhen Vinco insonorisation Materials Co., Ltd est l'un des meilleurs fabricants et fournisseurs de plancher d'isolation acoustique en Chine, bienvenue à la vente en gros de l'installation d'isolation de plancher acoustique personnalisée faite au Royaume-Uni, et également bienvenue pour vérifier le prix avec nous.","Shenzhen Vinco Soundproofing Materials Co., Ltd. compte parmi les meilleurs fabricants et fournisseurs de solutions d’isolation acoustique pour sols en Chine. Nous vous invitons à découvrir nos revêtements de sol acoustiques sur mesure fabriqués au Royaume-Uni et à nous demander un devis. | Shenzhen Vinco Soundproofing Materials Co., Ltd. est l’un des principaux fabricants et fournisseurs de revêtements de sol à isolation phonique en Chine. N’hésitez pas à nous contacter pour des solutions sur mesure fabriquées au Royaume-Uni et pour connaître nos tarifs.",64.21404682274247,False
124,18 Vire adiyis milimèt 2470,Rayon de braquage de 18 mm 2470,18 Rayon de braquage mm 2470,Rayon de braquage de 18 mm 2470 | Rayon de braquage 18 mm 2470,89.28571428571429,True
125,"Pou kèk mwazi espesyal, ka nan 30days, espesyalman pou kèk mwazi kawotchou otomobil","Pour certains moules spéciaux, le délai peut être de 30 jours, notamment pour certains moules de pneus automobiles.","Pour certains moules spéciaux, peut être dans 30 jours, en particulier pour certains moules en caoutchouc automobile","Pour certains moules spéciaux, le délai peut être de 30 jours, notamment pour certains moules de pneus automobiles. | Le délai peut aller jusqu’à 30 jours pour certains moules spéciaux, en particulier les moules de pneus automobiles.",80.34934497816593,True
126,Nouvo modèl eskòt nan Barcelona,Nouvelle escort girl à Barcelone,Nouveau modèle d'escorte à Barcelone,nouvelle fille de compagnie à Barcelone | nouvelle escort à Barcelone,82.53968253968253,True
127,"Klinik la nan Inivèsite nou an, se yon milti-jaden enstitisyon medikal, ki te gen opòtinite lajè nan syans modèn dyagnostik ak yon wo nivo de efikas konsiltatif espesyalize, dyagnostik ak medikal swen nan popilasyon an nan Rejyon an Rostov ak lòt teritwa nan Distrik Sid Eta Federal la ak Federasyon Larisi la. Li se tou baz la fòmasyon pi gwo, ki te gen tout kondisyon pou pwosesis edikasyon lè l sèvi avèk fòm yo avanse ak metòd nan fòmasyon ak reyalizasyon modèn nan syans medikal. Nan klinik la elèv yo genyen konesans ki nesesè epi pou yo jwenn konnen ak ekipman ki pi modèn medikal.","La clinique de notre université est un établissement médical multidisciplinaire qui offre un large éventail de possibilités en sciences diagnostiques modernes et assure un haut niveau de soins médicaux, de consultation et de diagnostic spécialisés et efficaces à la population de la région de Rostov et d'autres territoires du district fédéral du Sud et de la Fédération de Russie. Elle constitue également le plus grand centre de formation, doté de toutes les conditions nécessaires à un enseignement utilisant des méthodes pédagogiques de pointe et les dernières avancées des sciences médicales. Au sein de la clinique, les étudiants acquièrent les connaissances nécessaires et se familiarisent avec les équipements médicaux les plus modernes.","La clinique de notre université, est une institution médicale multi-jardin, qui a eu de larges possibilités de la science moderne du diagnostic et un niveau élevé de consultatif spécialisé efficace, de diagnostic et de soins médicaux de la population de la région de Rostov et d'autres territoires du district fédéral du Sud et de la Fédération de Russie. Il est également la plus grande base de formation, qui a toutes les exigences pour le traitement de l'éducation en utilisant les formes de formation et les modes de réalisation modernes de la science médicale. Dans la clinique, les étudiants ont des connaissances nécessaires et de trouver des connaissances et des équipements médicaux les plus modernes.","La clinique de notre université est un centre médical pluridisciplinaire offrant un large éventail de diagnostics modernes et des soins spécialisés de haut niveau à la population de la région de Rostov, du district fédéral du Sud et de la Fédération de Russie. Elle constitue aussi un important centre de formation, doté de toutes les conditions nécessaires pour un enseignement moderne fondé sur les avancées des sciences médicales. Les étudiants y acquièrent les connaissances requises et se familiarisent avec les équipements médicaux les plus récents. | La clinique universitaire est un établissement médical multidisciplinaire qui propose des diagnostics de pointe et des soins spécialisés de qualité aux habitants de la région de Rostov, du Sud de la Russie et d’autres territoires de la Fédération de Russie. C’est également un grand centre de formation, offrant un cadre complet pour un enseignement moderne et l’accès aux technologies médicales les plus avancées.",64.66403162055336,False
128,Bòs otè: Shay Ramani,Auteur : Shay Ramani,Auteur expert: Shay Ramani,Auteur : Shay Ramani | Auteur : Shay Ramani,86.95652173913044,True
129,"Azòt Lachin Purge sistèm Fabricants, ke founisè, faktori, Ekspòtè yo, machann - pwodwi - Zhejiang Yuanda de lè separasyon ekipman co, Ltd","Fabricants, fournisseurs, usine, exportateurs et vendeurs de systèmes de purge à l'azote en Chine - Produits - Zhejiang Yuanda Air Separation Equipment Co., Ltd.","Chine d'azote Purge système fabricants, fournisseurs, usine, exportateurs, vendeur - produits - Zhejiang Yuanda Air séparation Equipment Co., Ltd","Systèmes de purge à l’azote en Chine – Fabricants, fournisseurs, usine, exportateurs et vendeurs – Produits – Zhejiang Yuanda Air Separation Equipment Co., Ltd. | Purge à l’azote : fabricants, fournisseurs, usine, exportateurs et vendeurs en Chine – Produits – Zhejiang Yuanda Air Separation Equipment Co., Ltd.",86.20689655172413,True
130,"Hot Tags: kawotchou selan ranje yon kawotchou plat, Lachin, Swèd, manifaktirè, wholesale, achte, pri","Mots-clés : produit anti-crevaison, réparation de pneu crevé, Chine, fournisseurs, fabricants, vente en gros, achat, prix","Hot Tags: mastic de pneu pour fixer un pneu plat, Chine, fournisseurs, fabricants, vente en gros, acheter, prix","Mots-clés : produit anti-crevaison, réparation de pneu crevé, Chine, fournisseurs, fabricants, vente en gros, achat, prix | Tags : produit anti-crevaison, réparation de pneu crevé, Chine, fournisseurs, fabricants, vente en gros, achat, prix",77.720207253886,False
131,RFID kat faktori - Lachin RFID kat Konpayi fabrikasyon yo ak Founisè,Usine de cartes RFID - Fabricants et fournisseurs de cartes RFID en Chine,Rfid carte d'usine - Chine Rfid carte fabricants et fournisseurs,Usine de cartes RFID en Chine | Fabricants et fournisseurs de cartes RFID en Chine,73.77049180327869,False
132,TCDD pa anonse rezilta egzamen oral li pou rekritman travayè pou twa mwa konplè. Nan nouvèl la sou echèk la anonse rezilta yo nan entèvyou an rekritman TCDD; Egzamen ki gen rapò ak pwosesis la rekritman te pote soti nan TCDD [Plis ...],Le TCDD n'a toujours pas publié les résultats de son examen oral de recrutement de personnel après trois mois. À propos de ce retard : examens liés au processus de recrutement du TCDD [suite...],"TCDD ne annonce pas ses résultats à l'examen oral pour le recrutement des travailleurs pendant trois mois. Dans les nouvelles sur l'échec, l'annonce des résultats de l'entrevue de recrutement de TCDD; Les examens liés au processus de recrutement ont été effectués à partir de TCDD [Plus ...]","Le TCDD n’a toujours pas publié les résultats de son entretien de recrutement de personnel, trois mois après. | Trois mois après, le TCDD n’a toujours pas annoncé les résultats de son examen oral de recrutement.",60.69651741293532,False
133,Medikal tablo Tablo,Tableau médical,Tableau médical,dossier médical | dossier clinique,60.0,False
134,Nord Pas-de-Kalè a se yon bato espesyalman rezève pou MyFerryLink long distans kliyan chofè lori. Li ka accomodate 85 kamyon.,Le Nord Pas-de-Calais est un navire spécialement réservé aux clients poids lourds de MyFerryLink effectuant des traversées longue distance. Il peut accueillir 85 camions.,Le Nord Pas-de-Calais est un navire spécialement réservé à MyFerryLink longue distance client pilote de lori. Il peut accueillir des camions 85.,Le Nord Pas-de-Calais est un navire réservé aux poids lourds de MyFerryLink pour les longues traversées. Il peut accueillir 85 camions | Le Nord Pas-de-Calais est un bateau spécialement dédié aux clients camionneurs de MyFerryLink sur les trajets longue distance. Il peut embarquer 85 camions,70.96774193548387,False
135,"Mwen te ekri yon pote lestonmak li bay Demon sistèm pou fin de avèti pa yon bot sa mwen programmè pou Whatsapp moun an chaj etablisman de ki pa otorize nan fèmen tan Sur pou piblik la, Se konsa, ou kapab wè vye zidòl egzat moman ki kont atakan; Se tou posib pou configure alertes via fè kouryèll.","J'ai développé un système Demon simple pour alerter, via un bot WhatsApp que j'ai programmé, la personne chargée de la mise en place des horaires de fermeture non autorisés pour le public, afin qu'elle puisse voir le moment précis de l'attaque ; il est également possible de configurer des alertes par e-mail.","J'ai écrit un simple simple système pour deux mises à jour par un bot ce que j'ai programmé pour Whatsapp utilisateurs en charge de l'installation de n'est pas autorisé à fermer le temps de navigation pour le public, donc vous pouvez voir des images exactes moment contre l'attaquant; Il est également possible de configurer les alertes par e-mail.","J’ai mis au point un système d’alerte simple, via un bot WhatsApp, pour prévenir la personne responsable des horaires de fermeture non autorisés au public, afin qu’elle puisse voir le moment exact de l’attaque ; il est aussi possible de configurer des alertes par e-mail. | J’ai développé un dispositif d’alerte, avec un bot WhatsApp, pour informer la personne chargée des horaires de fermeture interdits au public, afin qu’elle puisse identifier précisément le moment de l’attaque ; des alertes par e-mail peuvent également être mises en place.",58.80452342487883,False
136,Anaheim Sant Konvansyon an,Centre de congrès d'Anaheim,la Convention Center Anaheim,Centre des congrès d’Anaheim | Centre de congrès d’Anaheim,60.71428571428572,False
137,"2002-a pwemye idwolik yo opere vandè CNC kout pwen an FMS pou kamyon carling yo te mete sèvi ak nan peyi Lachin Dongfeng oto travay, premye Automobiles te fè nan peyi Lachin ak Liuzhou oto co, Ltd.","2002 - La première presse à poinçonner CNC hydraulique FMS pour camions Carling a été mise en service chez China Dongfeng Automobile Works, la première usine automobile fabriquée en Chine, et Liuzhou Automobile Co., Ltd.","2002-la première automobile hydraulique CNC Punch FMS pour les camions carling ont été mis en service en Chine Dongfeng Automobile travail, première Automobiles faite en Chine et Liuzhou Auto Co., Ltd.","En 2002, la première poinçonneuse CNC hydraulique FMS pour camions Carling a été mise en service chez Dongfeng Automobile, en Chine, ainsi qu’à Liuzhou Automobile Co., Ltd. | En 2002, la première presse poinçonneuse CNC hydraulique FMS pour camions Carling a été installée chez China Dongfeng Automobile Works et Liuzhou Automobile Co., Ltd.",72.38605898123325,False
138,Super treno kous ak Dodge Moun sa yo ki fache luten,Courses de super traîneaux et esquivez les elfes en colère,Super train de course et Dodge ces personnes qui bouleversent luten,Courses de super traîneaux et évitez les lutins en colère | Course de super traîneaux et esquivez les lutins furieux,53.73134328358209,False
139,Laboratwa: Planifikasyon ak pèfòmans Sovgad ak restore,Laboratoire : Planification et exécution de la sauvegarde et de la restauration,Atelier: Planification et performance de sauvegarde et restauration,Laboratoire : planification et mise en œuvre de la sauvegarde et de la restauration | Laboratoire : préparation et exécution des opérations de sauvegarde et de restauration,71.64179104477613,False
140,Inik teknoloji desulfurization ak desulfurizer,Technologie de désulfuration et désulfuriseur uniques,Technologie de désulfuration unique et désulfuration,Technologie unique de désulfuration et désulfuriseur | Technologie innovante de désulfuration et désulfuriseur,82.0,True
141,Materyèl: PC ak ABS plastik,Matériaux : plastique PC et ABS,Matériel: PC et plastique ABS,Matériaux : plastique PC et ABS | Matière : plastique PC et ABS,70.58823529411764,False
142,"Moun ki afiche nan Uncategorized atenn parayj, matrak, bonis, coinflip, pyès monnen, csbets, csgo, csgobird, csgobrawl, csgofast, csgoroyale, csgoswapper, baskile, gratis, po, pwen, reflink, Cam, sit!, skinsproject, tremorgames, ou fè konfyans, winaskin","Publié dans Non classé. Mots-clés : paris, blackjack, bonus, pile ou face, pièces, CSbets, CS:GO, CS:GObird, CS:GObrawl, CS:GOfast, CS:GOroyale, CS:GOswapper, lancer, gratuit, skins, points, lien de parrainage, webcam, site !, skinsproject, tremorgames, fiable, gagner un skin","Publié dans Non classé Tagged pari, blackjack, prime, coinflip, pièces de monnaie, csbets, CSGO, csgobird, csgobrawl, csgofast, CSGOroyale, csgobrawl, net, gratuit, JACKPOT, points, reflink, roulette, site!, skinsproject, tremorgames, confiance, winaskin","Publié dans Non classé. Mots-clés : paris, blackjack, bonus, pile ou face, pièces, CSbets, CS:GO, CS:GObird, CS:GObrawl, CS:GOfast, CS:GOroyale, CS:GOswapper, lancer, gratuit, skins, points, lien de parrainage, webcam, site !, skinsproject, tremorgames, fiable, gagner un skin | Publié dans Non classé. Mots-clés : paris, blackjack, bonus, pile ou face, pièces, CSbets, CS:GO, CS:GObird, CS:GObrawl, CS:GOfast, CS:GOroyale, CS:GOswapper, lancer, gratuit, skins, points, lien de parrainage, webcam, site !, skinsproject, tremorgames, digne de confiance, gagner un skin",74.40944881889764,False
143,Pifò rechèch sijere ke foutbòl aktivite cho-up ta dwe simulation yon varyete de entansite (pousantaj kè) ki ta rive natirèlman nan yon jwèt. 15 20-minit se sijere kòm yon peryòd bon nan tan yo ki pèmèt misk yo rive jwenn efikasite pi gwo. Fonksyonèl aktivite espesifik yo sijere yo dwe itil ki gen rapò ak aktivite yo nan pozisyon sèten. Efektif woutin cho-up ka gen ladan tou de tan kout detire estatik oswa detire dinamik.,"La plupart des études suggèrent que l'échauffement au football doit simuler une gamme d'intensités (fréquence cardiaque) similaires à celles rencontrées en match. Une durée de 15 à 20 minutes est recommandée pour permettre aux muscles d'atteindre leur efficacité optimale. Des exercices fonctionnels spécifiques, liés aux mouvements à certains postes, sont conseillés. Un échauffement efficace peut inclure de courtes périodes d'étirements statiques ou dynamiques.",La plupart des recherches suggèrent que les activités d'échauffement de football devraient simuler une variété d'intensité (poids cardiaque) qui se produisent naturellement dans un jeu. 15-minutes est suggéré comme une bonne période de temps pour permettre aux muscles d'atteindre une efficacité plus grande. Les activités spécifiques spécifiques suggèrent d'être utiles liées aux activités de certaines positions. La routine d'échauffement efficace peut inclure à la fois de courtes étirements statiques ou dynamiques.,"La plupart des études indiquent que l’échauffement au football devrait reproduire différentes intensités, comme celles observées pendant un match. Une durée de 15 à 20 minutes est conseillée pour permettre aux muscles d’atteindre leur rendement optimal. Des exercices fonctionnels adaptés aux exigences de certains postes sont également recommandés. Un bon échauffement peut inclure de courtes phases d’étirements statiques ou dynamiques. | Selon la plupart des recherches, l’échauffement au football doit imiter la variété d’intensités, notamment la fréquence cardiaque, que l’on retrouve naturellement en match. Quinze à vingt minutes constituent une durée idéale pour que les muscles atteignent une efficacité maximale. Des activités fonctionnelles spécifiques, en lien avec les actions propres à certains postes, sont jugées utiles. Un échauffement efficace peut aussi comporter de brefs étirements statiques ou dynamiques.",66.26626626626626,False
144,(2) Rezistans chimik ekselan,(2) Excellente résistance chimique,(2) excellente résistance chimique,Excellente résistance chimique | Très bonne résistance chimique,93.75,True
145,Dirije Smart limyè,Lumière intelligente LED,LED Smart Light,Lampe LED intelligente | Éclairage LED intelligent,60.0,False
146,Dino ozòn sistèm dlo,Système d'eau à l'ozone Dino,Système d'ozone Dino,Système d’eau à l’ozone Dino | Système de traitement d’eau à l’ozone Dino,66.66666666666667,False
147,CSGO zo Jwèt se yon verifyabl jis CSGO sit parayj. Depoze po CSGO ou ak jwe jwèt pou pou genyen plis. retrè Instant.,CSGO Dice Game est un site de paris CSGO équitable et vérifiable. Déposez vos skins CSGO et jouez pour gagner encore plus. Retraits instantanés.,CSGO jeu os est un site de paris CSGO très agréable. Déposer votre peau de CSGO et jouer à des jeux pour gagner plus. retraits instantané.,CSGO Dice Game est un site de paris CSGO équitable et vérifiable. Déposez vos skins CSGO et jouez pour gagner plus. Retraits instantanés. | CSGO Dice Game est un site de paris CSGO juste et vérifiable. Déposez vos skins CSGO et jouez pour tenter de gagner davantage. Retraits immédiats.,76.36363636363637,False
148,"Dlo Flow distribitè, Copper Pip ekipman, Flow distribitè - Hengsheng","Distributeur de débit d'eau, raccords de tuyauterie en cuivre, distributeur de débit - Hengsheng","Distributeur de flux d'eau, raccords de tuyauterie en cuivre, Flow Fournisseur - Hengsheng","Distributeur de débit d’eau, raccords de tuyauterie en cuivre, distributeur de débit - Hengsheng | Répartiteur de débit d’eau, raccords de tuyauterie en cuivre, répartiteur de débit - Hengsheng",76.19047619047619,False
149,"Mètrès nan plan lejislatè yo DFL 'al goumen ak kriz klima a se yon manda ki ta fè rezo enèji nan kabòn-gratis pa 2050. Men, nan [...] plis",Au cœur du plan des élus démocrates-paysans-ouvriers (DFL) pour lutter contre la crise climatique figure l'obligation de décarboner le réseau électrique d'ici 2050. Mais en [...] plus,Les propriétaires du plan législateur DFL se battent avec la crise climatique est un mandat qui ferait les réseaux d'énergie sans carbone par 2050. Mais dans [...] Plus,Au cœur du plan des élus DFL pour lutter contre la crise climatique figure l’obligation de décarboner le réseau électrique d’ici 2050. Mais en… | Au centre du plan des démocrates-paysans-ouvriers (DFL) pour combattre la crise climatique se trouve l’exigence de rendre le réseau électrique sans carbone d’ici 2050. Mais en…,60.30769230769231,False
150,"Segondè vòltaj dèlko 220V, 320MA, 32KW 40-150kv Made nan Lachin (Neusoft mak) 1 PC","Générateur haute tension 220 V, 320 mA, 32 kW 40-150 kV, fabriqué en Chine (marque Neusoft), 1 unité","Générateur haute tension 220V, 320MA, 32KW 40-150kv Fabriqué en Chine (nouvelle marque Newusoft) 1 pc","Générateur haute tension 220 V, 320 mA, 32 kW, 40-150 kV, fabriqué en Chine (marque Neusoft), 1 pièce | Générateur haute tension 220 V, 320 mA, 32 kW, 40-150 kV, origine Chine (Neusoft), 1 unité",90.9090909090909,True
151,Ekselan combustion vle di non vapè Sent oubyen renmèd sou pwoblèm,"Une combustion optimale signifie absence de fumées, d'odeurs et de problèmes.",Excellente combustion signifie nommer les symptômes de vapeur ou de médicaments sur les problèmes,"Une combustion optimale signifie aucune fumée, aucune odeur ni problème | Une bonne combustion veut dire pas de fumée, pas d’odeur et pas de souci",57.14285714285714,False
152,"Gade? Mwen te di nou yo gade bouch ou. Komuro ale pou la toufe slam, Kayen style.","Tu vois ? Je t'avais dit de faire attention à ce que tu dis. Komuro tente un choke slam, à la Cain.","Regardez? J'ai dit que nous regardons votre bouche. Komuro va à la étouffée, Maison de style.","Tu vois ? Je t’avais dit de faire gaffe à ce que tu dis. Komuro tente un choke slam, façon Kane. | Tu vois ? Je t’avais dit de faire attention à tes paroles. Komuro essaie un choke slam, à la manière de Kane.",48.64864864864865,False
153,Programmation-Publication konpitè aplikasyon pou pou plizyè rezon.,Programmation et publication d'applications informatiques à des fins diverses.,Programmation-publication d’applications informatiques pour diverses raisons.,Programmation et publication d’applications informatiques à des fins diverses | Développement et diffusion d’applications informatiques pour divers usages,85.51724137931033,True
154,"65 miray patisyon mobil antoure pa ankadreman aliminyòm, epesè se 65mm, li kapab pa oksidasyon, elèktroforèz, ak lòt pwosesis dapre kliyan an.","La cloison mobile 65 est entourée d'un cadre en aluminium d'une épaisseur de 65 mm, qui peut être traité par oxydation, électrophorèse et autres procédés selon les besoins du client.","Panneau de cloison mobile 65 entouré par cadre en aluminium, l'épaisseur est 65 mm, il peut ne pas oxyder, galvanoplastie, et d'autres processus selon le client.","La cloison mobile de 65 mm est encadrée d’aluminium et peut recevoir un traitement par oxydation, électrophorèse ou autre selon les besoins du client. | Cloison mobile 65 mm avec cadre en aluminium, traitée par oxydation, électrophorèse ou selon les exigences du client.",59.859154929577464,False
155,"Fenèt lapòs nan pespektiv konnvètè ap travay nan 64- ak 32-ti jan edisyon nan MS Outlook ak sipò yon nimewo nan vèsyon li yo, ki gen ladan pespektiv 2000, 2002, 2003, 2007 ak 2010.","Windows Mail to Outlook Converter fonctionne avec les versions 64 bits et 32 bits de MS Outlook et prend en charge plusieurs de ses versions, notamment Outlook 2000, 2002, 2003, 2007 et 2010.","Windows Mail dans Outlook Converter travaille dans 64- et 32 bits édition de MS Outlook et soutient un certain nombre de sa version, y compris Outlook 2000, 2002, 2003, 2007 et 2010.","Le convertisseur Windows Mail vers Outlook fonctionne avec les versions 32 bits et 64 bits de MS Outlook, notamment Outlook 2000, 2002, 2003, 2007 et 2010 | Cet outil de conversion Windows Mail vers Outlook est compatible avec les éditions 32 bits et 64 bits de MS Outlook, y compris Outlook 2000, 2002, 2003, 2007 et 2010",68.73065015479875,False
156,Kòman yo fè yon 2.5W FM emetris Awondisman kouvèti 3-10KM Range?2017-03-16,"Comment réaliser un circuit émetteur FM de 2,5 W avec une portée de 3 à 10 km ? (16/03/2017)",Comment faire une couverture de circuit de transmetteur FM 2.5W 3-10KM?2017-03-16,"Comment fabriquer un émetteur FM de 2,5 W avec une portée de 3 à 10 km ? | Comment construire un émetteur FM de 2,5 W couvrant une distance de 3 à 10 km ?",52.5,False
157,Revolisyon an nan 1789,La révolution de 1789,La révolution de 1789,la Révolution française de 1789 | la Révolution de 1789,100.0,True
158,pa Gourou Pibliye 07.03.2016,"Par Guru, publié le 07/03/2016",par Gourou · Publié 07.03.2016,"Par Guru, publié le 07/03/2016 | Publié par Guru le 07/03/2016",80.0,True
159,"BAHE gen yon pakèt sifas plafon pou bezwen diferan - pou ke chanm ou yo pa sèlman ekstraòdinè men inik. Nou fè yon je-ranmasaj soti nan chak plafon pa vle di nan koulè diferan, dekorasyon, imaj, estrikti ki genyen twa dimansyon ak pèforasyon. Anplis opsyon konsepsyon divès kalite, nou ofri tou penti ki amelyore kalite a chanm.","BAHE propose une vaste gamme de revêtements de plafond pour répondre à tous vos besoins, pour des pièces à la fois exceptionnelles et uniques. Nous sublimons chaque plafond grâce à un choix varié de couleurs, de décorations, d'images, de structures tridimensionnelles et de perforations. Outre ces différentes options de design, nous proposons également des peintures qui rehaussent l'esthétique de votre pièce.","BAHE a une large gamme de surfaces de plafond pour différents besoins - pour que votre chambre n'est pas seulement extraordinaire mais unique. Nous faisons un spectacle de Noël de chaque plafond ne signifie pas dans différentes couleurs, décorations, images, structures de tridimensionnelles et de perforation. En plus des différentes options de conception, nous offrons également des revêtements qui améliorent le type de chambre.","BAHE propose une large gamme de solutions pour plafonds, adaptées à tous les besoins, afin de créer des espaces à la fois remarquables et uniques. Nous donnons du caractère à chaque plafond grâce à une variété de couleurs, de décors, de motifs, de reliefs tridimensionnels et de perforations. En complément de ces nombreuses possibilités de design, nous proposons aussi des peintures qui valorisent l’esthétique de votre intérieur. | BAHE offre un vaste choix de revêtements de plafond pour répondre à toutes les exigences, afin de rendre vos pièces aussi exceptionnelles qu’uniques. Chaque plafond devient un élément marquant grâce à des couleurs variées, des ornements, des visuels, des structures en 3D et des perforations. En plus de ces options de conception, nous proposons également des peintures qui améliorent l’aspect de votre pièce.",61.104582843713274,False
160,"Lachin Lòt D 'Founisè, Konpayi fabrikasyon yo ak faktori - Products - Joyelectric Entènasyonal","Fournisseurs, fabricants et usines d'intrants en Chine - Produits - Joyelectric International","Chine Autres fournisseurs de fournisseur d'emballage, fabricants et usine - Produits - Joyelectric International","Fournisseurs, fabricants et usines de produits en Chine | Fournisseurs, fabricants et usines en Chine - Produits",61.224489795918366,False
161,Sèvis bon nèt nan mwens ke 24 trè!,Service impeccable en moins de 24 heures !,Le service est parfait en moins de 24 heures!,Service impeccable en moins de 24 heures ! | Un service irréprochable en moins de 24 heures !,75.86206896551724,False
162,"6:8 Lè sa a, Stephen, ki te ranpli avèk favè ak determinasyon, fè gwo mirak gran anpil ak gwo mirak nan mitan pèp la.","6:8 Alors Étienne, rempli de grâce et de puissance, accomplissait de grands prodiges et des signes parmi le peuple.","6:8 Ensuite, Stephen, rempli de la grâce et de la fixation, fait de grands miracles et grands miracles du peuple.","Alors Étienne, rempli de grâce et de puissance, accomplissait de grands prodiges et des signes parmi le peuple. | Étienne, plein de grâce et de force, faisait de grands miracles et des signes au milieu du peuple.",71.17117117117118,False
163,"Detay rapid Kote ki gen orijin: Zhejiang, Lachin (Mainland) Non mak: Eugenia Nimewo Modèl: S6683 Style: linèt solèy Lantiy Materyèl: ac lens Frame Materyèl: metal linèt solèy ankadreman Laj: fanm Lantiy Optical Attribut: glas Lantiy Koulè: glas Koulè ankadreman: plastik Non: PC ...","Détails rapides Lieu d'origine : Zhejiang, Chine (continentale) Marque : Eugenia Numéro de modèle : S6683 Style : Lunettes de soleil Matériau des verres : AC Matériau de la monture : Métal Âge : Femme Attribut optique des verres : Miroir Couleur des verres : Miroir Couleur de la monture : Plastique Nom : PC…","Détails rapides Lieu d'origine: Zhejiang, Chine (continentale) Nom de la marque: Eugenia Numéro de modèle: S6683 Style: lunettes de soleil Lentilles Matériel: lentille ca Matériau du cadre: lunettes de soleil en métal Âge: femmes Objectifs Optique Attribut: miroir Couleur des lentilles: miroir Couleur du cadre: plastique Nom: pc ...","Détails rapides : Origine : Zhejiang, Chine continentale ; Marque : Eugenia ; Modèle : S6683 ; Style : lunettes de soleil ; Matériau des verres : AC ; Matériau de la monture : métal ; Public : femme ; Attribut optique des verres : miroir ; Couleur des verres : miroir ; Couleur de la monture : plastique ; Nom : PC… | Infos rapides : Lieu d’origine : Zhejiang, Chine (continentale) ; Marque : Eugenia ; Référence : S6683 ; Type : lunettes de soleil ; Verres : AC ; Monture : métal ; Pour femme ; Verres miroir ; Couleur des verres : miroir ; Couleur de la monture : plastique ; Nom : PC…",72.92307692307692,False
164,"Karakteristik yo: Rezistans tanperati anwo nan syèl la, lubrification pwòp tèt ou, frottement rezistans facile de.","Caractéristiques : Résistance aux hautes températures, autolubrification, résistance au frottement, facilité de nettoyage.","Caractéristiques : Résistance à haute température, lubrification auto, résistance à la frottement facile.","Caractéristiques : résistance aux hautes températures, autolubrification, résistance au frottement, facile à nettoyer | Caractéristiques : tenue aux hautes températures, lubrification automatique, faible frottement, nettoyage facile",89.52380952380953,True
165,"Li se avèk nou pa ka bloke nou, Ibaka","Il est avec nous, rien ne peut nous arrêter, Ibaka","C'est avec nous ne pouvons pas nous bloquer, Ibaka","Il est avec nous, rien ne peut nous arrêter, Ibaka | Il est des nôtres, personne ne peut nous stopper, Ibaka",68.0,False
166,Lajan nou se sekirite ak Saint George Bank,Notre argent est en sécurité à la banque Saint George.,Notre argent est sécurisée avec Saint George Bank,Notre argent est en sécurité à la banque Saint George. | Votre argent est en sécurité à la banque Saint George.,73.46938775510203,False
167,Andere A-K,Autres AK,Andere A-K,Autres AK | Les autres AK,63.1578947368421,False
168,"Anrjistreman Gandhi Navi Veloci Feri tikè te janm gen pi fasil, konpare tout pri Gandhi Navi Veloci Feri nan tan reyèl ak liv chèr disponib Gandhi Navi Veloci Feri tikè yo pou ale ak pou soti nan pò yo nan Sardinia, Porto Torres ak Olbia, Sicily, Espay, Tinizi, Maròk, ak Malta sou entènèt ak konfimasyon enstantane. VWAYAJ pa Gandhi Navi Veloci Feri se yon fason rapid, fason fasil ak estrès gratis jwenn ak tounen lakay ou ankò. Liv ou Gandhi Navi Veloci Feri machin oswa pasaje Feri tikè avèk nou epi jwi plis chwa ak fleksiblite.","Réserver vos billets Gandhi Navi Veloci Ferries n'a jamais été aussi simple. Comparez tous les prix en temps réel et réservez vos billets les moins chers pour vos traversées vers et depuis les ports de Sardaigne (Porto Torres et Olbia), de Sicile, d'Espagne, de Tunisie, du Maroc et de Malte. Confirmation immédiate. Voyager avec Gandhi Navi Veloci Ferries est un moyen rapide, facile et sans stress de rentrer chez vous. Réservez vos billets pour véhicules ou passagers avec nous et profitez d'un choix plus large et d'une plus grande flexibilité.","Réservation Grandi Navi Veloci Ferries n'a jamais été aussi facile, comparer tous les prix Grandi Navi Veloci Ferries en temps réel et réserver les billets les moins chers disponibles Grandi Navi Veloci Ferries vers et depuis les ports de la Sardaigne, Porto Torres et Olbia, Sicile, Espagne, Tunisie, Maroc et Malte en ligne avec confirmation immédiate. Voyager en Grandi Navi Veloci Ferries est un moyen facile et sans stress rapide aller et retour à nouveau obtenir. vous Réservez Grandi Navi Veloci Ferries voiture ou passager billets avec nous et profitez de davantage de choix et de flexibilité.","Réserver vos billets Gandhi Navi Veloci Ferries n’a jamais été aussi simple. Comparez les tarifs en temps réel et réservez les billets les moins chers pour vos traversées vers et depuis la Sardaigne, la Sicile, l’Espagne, la Tunisie, le Maroc et Malte, avec confirmation immédiate. | Réservez facilement vos billets Gandhi Navi Veloci Ferries au meilleur prix pour vos trajets aller-retour vers la Sardaigne, la Sicile, l’Espagne, la Tunisie, le Maroc et Malte, et profitez d’un voyage rapide, simple et sans stress.",65.28066528066527,False
169,Pòtatif GPS 3 G telefòn selilè siyal brouyeur pou Siveyans ak Fan Refroidissement,"Brouilleur portable de signal GPS 3G pour téléphones portables avec ventilateur de refroidissement, destiné à la surveillance.",Brouilleur de signal de téléphone portable GPS 3G pour le suivi avec refroidissement du ventilateur,"Brouilleur portable GPS/3G pour téléphone portable avec ventilateur de refroidissement, destiné à la surveillance | Brouilleur de signal GPS et 3G portable pour mobile, avec refroidissement par ventilateur, pour la surveillance",74.74747474747474,False
170,11 Avèk sètifika CE.,11 Avec certificat CE.,11 Avec le certificat CE.,Avec certification CE | Certifié CE,78.26086956521739,False
171,Resous materyèl En steelandamp Kuiv wouj (nndan polissage jiska 0.4 Micron),"Ressources matérielles : Acier inoxydable et cuivre rouge (polissage interne jusqu'à 0,4 micron)","Matière première En acier Steelandamp laiton rouge (Intérieur de polissage jusqu'à 0,4 micron)","Ressources matérielles : acier inoxydable et cuivre rouge (polissage interne jusqu’à 0,4 micron) | Matériaux : inox et cuivre rouge (finition intérieure polie jusqu’à 0,4 micron)",64.90066225165563,False
172,Sipò By Sand Distribisyon,Support par moulage au sable,Soutien par coulée de sable,soutien par moulage au sable | support par fonderie au sable,81.4814814814815,True
173,Ala bon sa bon 745 DEWALT la?,Que vaut le DEWALT 745 ?,Bonne 745 DEWALT?,"Ça vaut quoi le DEWALT 745 ? | Il vaut quoi, le DEWALT 745 ?",58.06451612903225,False
174,"Kramer ak kòlèg yo te jwenn ke pou patisipan yo nan kondisyon pozitivite-redwi a, pousantaj la nan mo pozitif nan dènye nouvèl sou sitiyasyon yo diminye ak pousantaj la nan mo negatif ogmante. Nan lòt men an, pou patisipan yo nan kondisyon an negativite-redwi, pousantaj la nan mo pozitif ogmante ak sa yo ki nan mo negatif diminye (figi 4.24). Sepandan, efè sa yo te byen ti: diferans lan nan mo pozitif ak negatif ant tretman ak kontwòl te sou 1 nan 1,000 mo.","Kramer et ses collègues ont constaté que, chez les participants du groupe « positivité réduite », le pourcentage de mots positifs dans les articles relatant la situation diminuait tandis que le pourcentage de mots négatifs augmentait. À l’inverse, chez les participants du groupe « négativité réduite », le pourcentage de mots positifs augmentait et celui des mots négatifs diminuait (Fig. 4.24). Toutefois, ces effets étaient relativement faibles : la différence entre le nombre de mots positifs et négatifs dans le groupe expérimental et le groupe témoin était d’environ un mot sur mille.","Kramer et collègues ont constaté que pour les participants dans l'état de positivité réduite, le taux de mots positifs dans les mises à jour sur les situations de réduction et le taux de mots négatifs a augmenté. D'autre part, pour les participants dans la condition de négativité réduite, le taux de mots positifs a augmenté avec ces mots négatifs a diminué (figi 4.24). Cependant, ces effets étaient assez petits: la différence des mots positifs et négatifs entre le traitement et le contrôle était d'environ 1 à 1000 mots.","Kramer et ses collègues ont constaté que, chez les participants du groupe « positivité réduite », la proportion de mots positifs dans les nouvelles concernant leur situation diminuait, tandis que celle des mots négatifs augmentait. À l’inverse, chez les participants du groupe « négativité réduite », la proportion de mots positifs augmentait et celle des mots négatifs diminuait (fig. 4.24). Toutefois, ces effets restaient très faibles : l’écart entre les mots positifs et négatifs entre le groupe traité et le groupe témoin était d’environ un mot pour mille. | Kramer et ses collègues ont observé que, dans la condition de positivité réduite, la part de mots positifs dans les actualités liées à la situation baissait alors que celle des mots négatifs montait. En revanche, dans la condition de négativité réduite, les mots positifs devenaient plus fréquents et les mots négatifs moins fréquents (fig. 4.24). Cela dit, ces effets étaient minimes : la différence entre traitement et contrôle représentait à peine un mot sur mille.",70.35271687321259,False
175,E nou konnen yo gen ti thylakoids a.,Et nous savons qu'ils possèdent de petits thylakoïdes.,Et nous savons qu'ils ont le petit thylakoids.,Et nous savons qu’ils ont de petits thylakoïdes | Et nous savons qu’ils possèdent de petits thylakoïdes,90.10989010989012,True
176,"Koulye a, MH gen biwo oversa 40 nan diferan peyi, bay kliyan rapid repons lokal sèvis, tou ak ERP nou an, MH APP ak lòt sistèm IT, MH te kapab bay kliyan pèsonalize sèvis toupatou. Kèlkeswa jan kliyan kontakte ak MH, pa e-mail, faks, telefòn, APP IM oswa fas a fas, kliyan ka toujou jwenn sèvis efikas, èd memwa ak pwofesyonèl.","MH compte aujourd'hui plus de 40 bureaux dans différents pays, offrant à ses clients un service de réponse locale rapide. Grâce à son ERP, à l'application MH et à d'autres systèmes informatiques, MH est en mesure de fournir un service personnalisé à ses clients partout dans le monde. Quel que soit le moyen de contact (e-mail, fax, téléphone, messagerie instantanée de l'application ou en personne), les clients bénéficient toujours d'un service efficace, rapide et professionnel.","À l'heure actuelle, MH a des bureaux d'outre-mer 40 dans différents pays, pour fournir à nos clients un service local rapide, également avec notre ERP, MH APP et d'autres systèmes informatiques, MH pourrait fournir à ses clients un service personnalisé partout. Quoi que les clients contactent avec MH, par e-mail, fax, téléphone, APP IM ou face à face, les clients peuvent toujours obtenir un service efficace, rapide et professionnel.","MH dispose aujourd’hui de plus de 40 bureaux dans différents pays, ce qui lui permet d’offrir à ses clients un service local rapide. Grâce à son ERP, à l’application MH et à ses autres systèmes informatiques, MH est en mesure de proposer partout un service personnalisé. Quel que soit le mode de contact — e-mail, fax, téléphone, messagerie instantanée via l’application ou en face à face — les clients bénéficient toujours d’un service efficace, rapide et professionnel. | Aujourd’hui, MH compte plus de 40 bureaux dans différents pays, offrant à ses clients une réponse locale rapide. Avec son ERP, l’application MH et ses autres systèmes informatiques, MH peut fournir partout un service sur mesure. Quel que soit le canal utilisé pour contacter MH — e-mail, fax, téléphone, messagerie instantanée de l’application ou en personne — les clients reçoivent toujours un service efficace, rapide et professionnel.",68.75725900116144,False
177,ki fi eskout Amerik,Qui est Girl Scout America ?,les filles d' Amérique,"Qui est la fille scout américaine ? | C’est qui, la Girl Scout américaine ?",63.63636363636363,False
178,17867 Grefon yo ak Android Emulation ENIGMA2 LibreELEC OpenELEC pou WeTek Jwe oswa difisil gade nan satelit peye-TV,17867 plugins et émulateurs Android ENIGMA2 LibreELEC OpenELEC pour WeTek Play ou pour la télévision payante par satellite difficile à regarder,17867 Plug-ins et des Émulateurs Android OpenELEC ENIGMA2 LibreELEC pour WeTek Play ou rusé afficher payante de télévision par satellite,plugins et émulateurs Android ENIGMA2 LibreELEC OpenELEC pour WeTek Play ou pour la télévision payante par satellite difficile à regarder | extensions et émulateurs Android ENIGMA2 LibreELEC OpenELEC pour WeTek Play ou pour la télévision payante par satellite difficile à regarder,76.19047619047619,False
179,"1. Pwodwi foto 2. Karakteristik Product 1 Voltage ekipman pou pwodwi se AC90-265V, nenpòt adaptè lòt pa obligatwa; 2 Adopte kontwòl 2.4G san fil, ak karakteristik long distans ak kontwòl ki pa direksyon; 3 Full konsepsyon panèl manyen , koòdone inik, operasyon senp;...","1. Photo du produit 2. Caractéristiques du produit 1. Alimentation : AC90-265V, aucun adaptateur supplémentaire requis ; 2. Contrôle sans fil 2,4 GHz, longue portée et contrôle multidirectionnel ; 3. Panneau tactile intégral, interface unique, utilisation simple…","1. Image du produit 2. Caractéristiques du produit 1 tension d'alimentation du produit est AC90-265V, n'importe quel autre adaptateur n'est pas nécessaire; 2 Adoptez le contrôle sans fil 2.4G, avec des caractéristiques de longue distance et un contrôle non-directionnel; 3...","1. Photo du produit 2. Caractéristiques du produit 1. Alimentation : AC90-265V, aucun adaptateur supplémentaire requis ; 2. Commande sans fil 2,4 GHz, portée étendue et contrôle multidirectionnel ; 3. Panneau tactile intégral, interface originale, utilisation simple… | 1. Photo du produit 2. Caractéristiques du produit 1. Alimentation : AC90-265V, sans adaptateur supplémentaire ; 2. Télécommande sans fil 2,4 GHz, longue portée et contrôle dans toutes les directions ; 3. Panneau entièrement tactile, interface unique, utilisation facile…",65.6842105263158,False
180,Ningbo Yierka nan,Ningbo Yierka's,Ningbo Yierka,de Ningbo Yierka | à Ningbo Yierka,100.0,True
181,"Yon jèn, enstalasyon 5 minit de vBET ba ou kontni 53 fwa plis sou fowòm ou ak ouvè pòt pou itilizatè nouvo. Plus revni nouvo soti nan lemonn antye.",L'installation rapide de vBET (5 minutes seulement) multiplie par 5 le contenu de votre forum et vous ouvre les portes à de nouveaux utilisateurs. Sans oublier les nouveaux revenus provenant du monde entier.,"Un jeune, l'installation 5 minutes de vBET vous donne un contenu 53 fois plus sur votre forum et ouvre des portes pour de nouveaux utilisateurs. De plus de nouveaux revenus du monde entier.","Une installation rapide de vBET en 5 minutes seulement multiplie par 5 le contenu de votre forum et vous ouvre les portes à de nouveaux utilisateurs. De plus, elle génère de nouveaux revenus venus du monde entier. | vBET s’installe en seulement 5 minutes, multiplie par 5 le contenu de votre forum et attire de nouveaux utilisateurs, tout en vous offrant de nouvelles sources de revenus à l’échelle mondiale.",70.89947089947091,False
182,Pwopriyete farmakolojik nan HGH:,Propriétés pharmacologiques de l'hormone de croissance humaine (HGH) :,Propriétés pharmacologiques de HGH:,Propriétés pharmacologiques de l’hormone de croissance humaine | Propriétés pharmacologiques de l’HGH,94.28571428571428,True
183,P Wifi sekirite kamera mak:,Marque de caméra de sécurité P Wifi :,Marque de caméra de sécurité P Wifi:,Marque de caméra de sécurité Wi‑Fi P | Marque de caméra de surveillance Wi‑Fi P,94.28571428571428,True
184,Jwe sou entènèt nan Dè milyon mega. Genyen dè milyon.,Jouez en ligne à Mega Millions. Gagnez des millions.,Jouer en ligne au Mega Millions. millions Win.,Jouez en ligne au Mega Millions. Gagnez des millions. | Jouez en ligne au Mega Millions. Tentez de gagner des millions.,81.0126582278481,True
185,kristal fantasy foutbòl koup Lachin Crystal foutbòl Trophy Konpayi fabrikasyon ak founisè - Wholesale faktori - SHINING CRYSTAL,Trophée de football fantastique en cristal - Fabricants et fournisseurs chinois de trophées de football en cristal - Vente en gros d'usine - CRISTAL BRILLANT,Trophée de football de cristal fantaisie Chine Crystal Football Trophy fabricants et fournisseurs - Usine en gros - CRISTAL BRILLANT,Trophée de football fantaisie en cristal | Trophée de football en cristal fantaisie,67.46987951807229,False
186,Cyclade Islands Ferry pasaje yo ak machin Ferry Biyè,Billets de ferry pour passagers et véhicules pour les îles Cyclades,Îles Cyclade Ferry passagers et voitures Ferry Billets,Billets de ferry pour passagers et véhicules vers les Cyclades | Billets de ferry pour passagers et voitures pour les îles Cyclades,75.92592592592592,False
187,Tès pratik lib diferan anpil (tankou TOEFL a) pou ede prepare w pou tès Anglè pou lekòl la oubyen a lieu.,Il existe de nombreux tests d'entraînement gratuits (comme le TOEFL) pour vous aider à vous préparer aux tests d'anglais scolaires ou en entreprise.,Des tests pratiques libres sont très différentes (comme le TOEFL) pour vous aider à tester l’anglais à l’école ou au lieu de l’école.,"Il existe de nombreux tests d’entraînement gratuits, comme le TOEFL, pour vous préparer aux examens d’anglais à l’école ou en entreprise. | De nombreux tests blancs gratuits, tels que le TOEFL, peuvent vous aider à préparer les tests d’anglais scolaires ou professionnels.",63.1578947368421,False
188,"Ou se yon ajan vre nan gouvènman an, Latè a planèt se kache nan zonbi malfezan ak avid. Ou gen yon pwisan SUV espesyalman prepare detwi yo nèt yo, epi sove planèt la.",Vous êtes un véritable agent du gouvernement. La planète Terre est infestée de zombies féroces et voraces. Vous disposez d'un puissant SUV spécialement préparé pour les anéantir et sauver la planète.,"Vous êtes un vrai agent du gouvernement, la planète Terre est cachée dans des zombies nocifs et des avid. Vous avez un puissant VUS spécialement préparé pour les détruire complètement et économiser la planète.",Vous êtes un véritable agent du gouvernement. La Terre est infestée de zombies féroces et voraces. Vous avez un puissant SUV spécialement équipé pour les anéantir et sauver la planète. | Vous êtes un agent du gouvernement hors pair. La planète Terre est envahie par des zombies féroces et affamés. Vous disposez d’un SUV surpuissant spécialement conçu pour les éliminer et sauver le monde.,76.33587786259541,False
189,15 fevriye : Moun nan ki te anonse premye kontamine nan kòmansman mwa fevriye pa gen okenn ankò pote viris la e li te kapab retounen lakay li aprè peryòd la karantèn.,15 février : La personne initialement déclarée infectée début février n'est plus porteuse du virus et a pu rentrer chez elle après la période de quarantaine.,15 février : L'homme qui a annoncé le premier contaminé au début de février n'a pas encore apporté le virus et pourrait rentrer à la maison après la période de quarantaine.,15 février : La personne annoncée comme contaminée au début du mois de février n’est plus porteuse du virus et a pu rentrer chez elle après sa quarantaine. | 15 février : La personne déclarée infectée début février n’est plus porteuse du virus et a pu regagner son domicile après la période de quarantaine.,69.1131498470948,False
190,Lopital kabann medikal fèy wholesale pri blea ...,draps de lit médicaux d'hôpital en gros blea...,Hôpital médical feuille de lit gros prix bleua ...,draps médicaux d’hôpital en gros | linge de lit médical hospitalier en gros,52.5,False
191,"Lachin INKS Konpayi fabrikasyon, Founisè, faktori, Wholesale - Shanghai DER New Materyèl co, Ltd","Fabricants, fournisseurs, usine et grossistes d'encres en Chine - Shanghai DER New Materials Co., Ltd.","Chine INKS fabricants, fournisseurs, usine, vente en gros - Shanghai DER New Material Co., Ltd","Fabricants et fournisseurs d’encres en Chine - Shanghai DER New Materials Co., Ltd. | Fabricant, fournisseur et grossiste d’encres en Chine - Shanghai DER New Materials Co., Ltd.",77.65957446808511,False
192,Èske li posib...yo kreye yon aswè nan ki biznis la debaz nan konpayi an se eleman an nan baz la nan pèfòmans yo atistik ki pral karakterize li?,Est-il possible… de créer une soirée où l’activité principale de l’entreprise constitue l’élément fondamental des performances artistiques qui la caractériseront ?,Est-il possible... de créer une soirée dans laquelle l'entreprise de base de l'entreprise est l'élément de la base des performances artistiques qui le caractérise?,Est-il possible de concevoir une soirée où le cœur de métier de l’entreprise inspire les performances artistiques ? | Peut-on imaginer une soirée dont les spectacles artistiques s’articulent autour de l’activité principale de l’entreprise ?,67.13780918727915,False
193,Lachin estanda: Gwoup B2,Norme chinoise : Classe B2,Chine standard: Classe B2,Norme chinoise : catégorie B2 | Standard chinois : classe B2,72.72727272727273,False
194,AK TEMP IO 01,ET TEMP IO 01,TEMP IO 01,et maintenant | et à présent,40.0,False
195,"Hot Tags: amd-357 platfòm cnc kout pyen machin, Lachin, manifakti, founisè, faktori, wholesale, mak, pri, pou vann, cho vant, te fè nan peyi Lachin, nouvo, puhua, Customized, vandè dirèk, bon kalite, pri faktori","Mots-clés : poinçonneuse CNC plateforme AMD-357, Chine, fabricant, fournisseur, usine, vente en gros, marque, prix, à vendre, meilleures ventes, fabriqué en Chine, neuf, Puhua, personnalisé, vendeur direct, bonne qualité, prix d'usine","Hot Tags: amd-357 plate-forme cnc poinçonneuse, Chine, fabricant, fournisseur, usine, vente en gros, marque, prix, à vendre, vente chaude, fabriqué en Chine, nouveau, puhua, personnalisé, vendeur direct, bonne qualité, prix usine","Mots-clés : poinçonneuse CNC plateforme AMD-357, Chine, fabricant, fournisseur, usine, vente en gros, marque, prix, à vendre, best-seller, fabriqué en Chine, neuf, Puhua, sur mesure, vente directe, bonne qualité, prix d’usine | Mots-clés : poinçonneuse CNC plateforme AMD-357, Chine, fabricant, fournisseur, usine, gros, marque, tarif, en vente, très demandé, fabriqué en Chine, neuf, Puhua, personnalisé, vendeur direct, qualité supérieure, prix usine",77.97356828193833,False
196,azura Liy opere 3 depar yon semèn ant Bari ak Durres nan Albani pandan ane a.,Azura Line assure 3 départs par semaine entre Bari et Durrës en Albanie tout au long de l'année.,Azzurra Line opère 3 traversées par semaine entre Bari et Durres en Albanie au cours de l'année.,"Azura Line assure 3 départs hebdomadaires entre Bari et Durrës en Albanie toute l’année | Azura Line propose 3 traversées par semaine entre Bari et Durrës, en Albanie, toute l’année",86.63101604278076,True
197,1 avril 2013 pou elèv entènasyonal yo.,1er avril 2013 pour les étudiants internationaux.,1 Avril 2013 pour les étudiants internationaux.,1er avril 2013 pour les étudiants étrangers | 1er avril 2013 à l’intention des étudiants internationaux,83.72093023255813,True
198,"Elèktrik lavi: 100,000 sik",Durée de vie électrique : 100 000 cycles,Durée de vie électrique: 100 000 cycles,Durée de vie électrique : 100 000 cycles | Longévité électrique : 100 000 cycles,97.43589743589743,True
199,Pouvwa Ball figi l 'nan lotri Ameriken an kote ou ka genyen dè milyon de dola. 5 chif yo trase la 69 ak yon kantite 26th Powerball Desen yo ap fèt sou mèkredi ak samdi.,Powerball est la loterie américaine où l'on peut gagner des millions de dollars. Les cinq numéros tirés sont le 69 et le 26. Les tirages de Powerball ont lieu les mercredis et samedis.,Power Ball son visage à la loterie américaine où vous pouvez gagner des millions de dollars. 5 chiffres sont tirés à 69 et un certain nombre de dessins 26ème Powerball aura lieu mercredi et samedi.,"Le Powerball est une loterie américaine où l’on peut gagner des millions de dollars. Les cinq numéros tirés sont 69 et 26. Les tirages ont lieu le mercredi et le samedi. | Le Powerball, loterie américaine, permet de gagner des millions de dollars. Les cinq numéros tirés sont 69 et 26, et les tirages se font les mercredis et samedis.",68.85245901639344,False
200,Navigatè ou a pa sipòte JavaScript! Tanpri pèmèt li pou eksperyans maksimòm. Mèsi.,Votre navigateur ne prend pas en charge JavaScript ! Veuillez l’activer pour une expérience optimale. Merci.,Votre navigateur ne supporte pas JavaScript! S'il vous plaît activer pour une expérience maximale. Merci.,Votre navigateur ne prend pas en charge JavaScript ! Veuillez l’activer pour une meilleure expérience. Merci. | JavaScript n’est pas pris en charge par votre navigateur ! Merci de l’activer pour profiter pleinement du site.,71.42857142857143,False
201,Lòt Devlopman Kit,Autres kits de développement,Autres Kit de développement,Autres kits de développement | Autres ensembles de développement,96.2962962962963,True
202,"pwosesis Patch avèk presizyon segondè pou pwodwi otomobil, pwodwi kontwòl endistriyèl, pwodwi militè elatriye","Traitement de patchs de haute précision pour les produits automobiles, les produits de contrôle industriel, les produits militaires, etc.","processus de Patch avec une grande précision pour les produits automobiles, les produits de contrôle industriel, les produits militaires, etc.","Traitement de haute précision pour l’automobile, l’industrie et le militaire | Usinage de précision pour les secteurs automobile, industriel et militaire",61.53846153846154,False
203,"En Machin, Plastik Machine, otoklav machin, kawotchou machin - konstan","Machines à acier, machines à plastique, machines à autoclave, machines à caoutchouc - Constante","Machine en caoutchouc, machine en plastique, autoclaves, machine en caoutchouc - constant","Machines en acier, machines en plastique, machines à autoclave, machines en caoutchouc - constant | Machines en acier, machines en plastique, machines pour autoclave, machines en caoutchouc - constante",82.02247191011236,True
204,R: anviron 100 liy yo pa mwa.,A: Environ 100 lignes par mois.,R: environ 100 lignes par mois.,Environ 100 lignes par mois | À peu près 100 lignes par mois,93.10344827586206,True
205,Tape ba a adrès ak kalite opera:config laprès la Enter.,"Appuyez sur la barre d'adresse, tapez opera:config et appuyez sur Entrée.",Tapez la barre d'adresses et types d'opéra:config appuyez sur Enter.,"Appuyez sur la barre d’adresse, saisissez opera:config puis appuyez sur Entrée. | Cliquez dans la barre d’adresse, tapez opera:config et validez avec Entrée.",73.52941176470588,False
206,Brwayeur bezwen konvèti minre lò nan pulverize materyèl;,Des concasseurs sont nécessaires pour transformer les minerais d'or en matériaux pulvérisés ;,Les concasseurs doivent convertir des minerais d'or de matériaux pulvérisés;,Des broyeurs sont nécessaires pour transformer le minerai d’or en poudre | Il faut des concasseurs pour réduire le minerai d’or en matériau pulvérisé,78.01418439716312,False
207,Disney Jwe jwèt: jwèt sou entènèt. Jwèt pou ti fi Disney Princess.,Jeux Disney Play : Jeux en ligne. Jeux pour filles Princesses Disney.,Disney Jouez à des jeux: jeux en ligne. Jeux pour les filles Disney Princess.,Jeux Disney Play : jeux en ligne. Jeux pour filles Princesses Disney. | Jeux Disney Play : jeux en ligne. Jeux pour filles Princesses Disney.,73.52941176470588,False
208,"se travay la nan Odessa, National Mechnickov Inivèsite a rekonèt pa sant edikasyon ak syantifik Ewopeyen. Li se yon manm asosyasyon an, nan Ewopeyen Inivèsite ak Asosyasyon a Creole nan Inivèsite. ONU toujou ap pran pati nan travay la nan òganizasyon entènasyonal sou sijè a nan edikasyon an pi wo. Dè santèn de elèv etranje resevwa edikasyon nan mi yo ki nan ONU.",L'excellence de l'Université nationale Metchnickov d'Odessa est reconnue par les institutions éducatives et scientifiques européennes. Elle est membre de l'Association des universités européennes et de l'Association internationale des universités. L'ONU participe activement aux travaux des organisations internationales œuvrant dans le domaine de l'enseignement supérieur. Des centaines d'étudiants étrangers y reçoivent chaque année leur formation.,"Le travail de l'Université nationale Mechnickov Odessa est reconnu par le centre éducatif et scientifique européen. Il est membre de l'association européenne, de l'Université et de l'Association internationale de l'Université. ONU prend toujours partie du travail de l'organisation internationale sur le sujet de l'enseignement supérieur. Des centaines d'étudiants étrangers reçoivent l'éducation dans les murs de l' ONU.","L’Université nationale Metchnikov d’Odessa jouit d’une excellente réputation auprès des milieux éducatifs et scientifiques européens. Elle est membre de l’Association des universités européennes et de l’Association internationale des universités. L’ONU participe activement aux travaux des organisations internationales dans le domaine de l’enseignement supérieur. Chaque année, des centaines d’étudiants étrangers y suivent leur formation. | La qualité de l’Université nationale Metchnikov d’Odessa est reconnue par les institutions éducatives et scientifiques européennes. Membre de l’Association des universités européennes et de l’Association internationale des universités, l’ONU prend aussi part aux activités d’organisations internationales consacrées à l’enseignement supérieur. Des centaines d’étudiants étrangers y étudient chaque année.",77.65567765567766,False
209,Eksperyans mwen Prosurge Elektwonik se designer ki pi pwofesyonèl ak manifakti nan pwodwi pwoteksyon vag nan nenpòt ki nivo nan pwoteksyon nesesè...se youn nan konpayi yo trè kèk mond lajè ofri yon kapasite plen nan ekipman egzamen an ak enjenyè konfime paramèt yo nan tout desen an gwo yo ak pwodwi yo.,"D'après mon expérience, Prosurge Electronics est le concepteur et fabricant le plus professionnel de produits de protection contre les surtensions, quel que soit le niveau de protection requis... c'est l'une des très rares entreprises au monde à disposer d'équipements de test et d'ingénieurs capables de confirmer les paramètres de tous ses principaux produits et conceptions.",Mon expérience Prosurge Electronics est le concepteur le plus professionnel et le fabricant de produits de protection contre les surtensions à tout niveau de protection nécessaire...est l'une des très grandes entreprises du monde offrant une capacité complète de l'équipement d'examen et les ingénieurs confirment les paramètres de tous les grands modèles et produits.,"D’après mon expérience, Prosurge Electronics est le concepteur et fabricant le plus sérieux de solutions de protection contre les surtensions, quel que soit le niveau de protection recherché... c’est l’une des très rares entreprises au monde à disposer d’équipements de test complets et d’ingénieurs capables de valider les paramètres de l’ensemble de ses conceptions et produits. | À mon avis, Prosurge Electronics est le concepteur et fabricant le plus professionnel de produits de protection contre les surtensions, à tous les niveaux de protection nécessaires... c’est l’une des très rares sociétés au monde à offrir des moyens d’essai complets et des ingénieurs aptes à confirmer les paramètres de toutes ses conceptions et de tous ses produits principaux.",75.54347826086956,False
210,"Acrylic Kalandriye Kanpe Founisè ak Konpayi fabrikasyon Lachin - Customized kalandriye Acrylic kanpe - Acryl Lachin co, limite","Fournisseurs et fabricants de supports de calendrier en acrylique en Chine - Supports de calendrier en acrylique personnalisés - Acryl China Co., Limited","Calendrier acrylique Stand fournisseurs et fabricants Chine - personnalisé calendrier acrylique Stand - Acryl China Co., Limited","Fournisseurs et fabricants de calendriers en acrylique en Chine - calendriers en acrylique personnalisés - Acryl China Co., Limited | Fournisseurs et fabricants de supports de calendrier en acrylique en Chine - supports de calendrier en acrylique sur mesure - Acryl China Co., Limited",72.03389830508475,False
211,Pear Kalite Tree: Diferan kalite Pye bwa Pear,Types de poiriers : Différents types de poiriers,Pear Tree Type: Différents types de Pearl,Types de poiriers | Variétés de poiriers,56.33802816901409,False
212,"Gaz woulib lage: 80 mm, pase tès lan te BIFMA","Poussée de gaz : 80 mm, a réussi le test BIFMA","Ascenseur de gaz : 80 mm, passer le test BIFMA","Vérin à gaz : course de 80 mm, conforme au test BIFMA | Vérin pneumatique : 80 mm, testé BIFMA",63.76811594202898,False
213,Z - Ki valè distans a sèlil,Z - Quelle est la distance jusqu'à la cellule ?,Z - Quelle est la longueur de la cellule,Z - Quelle est la distance jusqu’à la cellule ? | Z - À quelle distance se trouve la cellule ?,67.5,False
214,Jou Valentine a Powèm,Poème de la Saint-Valentin,Saint Valentin Poèmes,Poème pour la Saint-Valentin | Poème de la fête des amoureux,85.71428571428572,True
215,Enstale ak download firmwèr a Enigm 2 HDMU soti nan kat la memwa reseptè WeTeK Jwe,Installez et téléchargez le firmware Enigm 2 HDMU depuis la carte mémoire du récepteur WeTeK Play.,Installation et téléchargement du firmware Enigm 2 HDMU de la carte mémoire du récepteur WeTeK Play,Installez et téléchargez le firmware Enigm 2 HDMU depuis la carte mémoire du récepteur WeTeK Play. | Installez et téléchargez le firmware Enigm 2 HDMU à partir de la carte mémoire du récepteur WeTeK Play.,89.79591836734694,True
216,Ki jan yo ranje android bootloop apre enstale yon ROM?,Comment résoudre le problème de boucle de démarrage Android après l'installation d'une ROM ?,Comment fixer Android bootloop après l'installation d'un ROM?,Comment réparer une boucle de démarrage Android après l’installation d’une ROM ? | Comment sortir d’un bootloop Android après avoir installé une ROM ?,68.85245901639344,False
217,"Chak pati nan seri sa a ka vann separeman: UF50, UF60, UF65, UF70A ak UF70B","Chaque composant de cette série peut être vendu séparément : UF50, UF60, UF65, UF70A et UF70B","Chaque partie de cette série peut être vendu séparément : UF50, UF60, UF65, UF70A et UF70B","Chaque élément de cette série peut être vendu séparément : UF50, UF60, UF65, UF70A et UF70B | Chaque pièce de cette gamme peut être vendue séparément : UF50, UF60, UF65, UF70A et UF70B",93.33333333333333,True
218,Richie Konfime Pwojè,Richie confirme le projet,Richie Confirmer Projet,Richie confirme le projet | Richie valide le projet,86.95652173913044,True
219,sèlman pou wete dlo,uniquement pour enlever l'eau,seulement pour enlever l'eau,juste pour essuyer | seulement pour sécher,69.38775510204081,False
220,R: V20161220-09 57- Done fèy,A: V20161220-09 57- Fiche technique,R: V20161220-09 57- Fiche technique,fiche technique | fiche descriptive,60.0,False
221,Poukisa Golden Lazè,Pourquoi Golden Laser ?,Pourquoi Golden Laser,Pourquoi Golden Laser ? | Pourquoi Golden Lazè ?,100.0,True
222,Portefeuille dife ak kat,Portefeuille Fire avec cartes,Porte-lampe avec carte,portefeuille en feu avec des cartes | portefeuille brûlant avec des cartes,63.63636363636363,False
223,"Hot Tags: kristal espò twofe, Lachin, manifaktirè, Swèd, faktori, wholesale, pwodwi","Mots-clés : trophée sportif en cristal, Chine, fabricants, fournisseurs, usine, vente en gros, produits","Hot Tags: trophée de sport en cristal, Chine, fabricants, fournisseurs, usine, vente en gros, produits","Mots-clés : trophée sportif en cristal, Chine, fabricants, fournisseurs, usine, vente en gros, produits | Tags : trophée sportif en cristal, Chine, fabricants, fournisseurs, usine, vente en gros, produits",95.52238805970148,True
224,Seri ekipman leve,Série d'équipements de levage,Série d'équipement de levage,ensemble de levage | kit de levage,62.22222222222222,False
225,"Pandan w ap koreksyon, epi ou vle BECA imaj la plen ke ou yo te fè, ou ka jis kache bar yo ak l 'nan yon jaden flè oswa pòtrè tout mòd. te App a optimisè vèsyon pou aparèy tankou tablèt.","Pendant la retouche, si vous souhaitez prévisualiser l'image complète, vous pouvez masquer les bandes noires et l'utiliser en mode paysage ou portrait. L'application propose une version optimisée pour les tablettes.","Pendant la correction, et vous voulez consulter l'image complète que vous avez fait, vous pouvez simplement cacher leur bar et l'utiliser dans un paysage ou un portrait tous les modes. L'application Optimisation de la version pour les appareils tels que les tablettes.","Pendant la retouche, si vous souhaitez voir l’image en entier, vous pouvez masquer les bandes noires et l’utiliser en mode paysage ou portrait. L’application propose une version optimisée pour les tablettes. | Lors de la retouche, pour afficher l’image complète, il suffit de cacher les bandes noires et de passer en mode paysage ou portrait. L’application est optimisée pour les tablettes.",64.8421052631579,False
226,Pou egzanp gratis entèaktif ak: Gratis jijman.,"Par exemple, interactif gratuit et : Essai gratuit.",Par exemple interactif gratuit avec: essai gratuit.,"Par exemple, gratuit et interactif : essai gratuit | Exemple gratuit et interactif : essai gratuit",75.24752475247524,False
227,vidèo poutèt yo resevwa: 01:32,vidéo de leur reçu : 01:32,durée de la vierge : 01:32,vidéo reçue : 01:32 | vidéo qu’ils ont reçue : 01:32,57.77777777777777,False
228,Satelit Kominikasyon Sèvis Low òbit (LEO) ak jeostasyonèr (GEO),Services de communication par satellite en orbite terrestre basse (LEO) et géostationnaire (GEO),Satellite Communications Services à faible orbite (LEO) et géostationnaire (GEO),Services de communication par satellite en orbite basse (LEO) et géostationnaire (GEO) | Services de télécommunications par satellite en orbite basse (LEO) et géostationnaire (GEO),76.72955974842768,False
229,"Laj Gwoup: Adilt Kalite: sèk medikal siye, sèk siye","Groupe d'âge : Adultes Type : Lingettes sèches médicales, lingettes sèches","Groupe d'âge: Adultes Type: sec sec séchage, sec","Groupe d’âge : Adultes Type : compresses sèches médicales, compresses sèches | Âge : Adultes Type : lingettes médicales sèches, lingettes sèches",75.78947368421053,False
230,vs2 pwofil Rondos (Yon-Aerobic Fòm) - Anaerobik Fòm egzèsis - Pwofesyonèl foutbòl Coaching Soccer egzèsis ak egzèsis foutbòl,vs2 profile Rondos (A-Fitness aérobique) - Exercices de fitness anaérobique - Entraînement professionnel de football : exercices et techniques,vs2 profil Rondos (Aérobie Fitness) - Exercices de fitness anaérobie - Exercices de soccer professionnels et exercices de football,profil rondos vs2 (forme aérobie) - exercices de condition physique anaérobie - entraînement professionnel de football | profil rondos vs2 (fitness aérobie) - exercices anaérobies - coaching professionnel de football et exercices de football,72.50996015936255,False
231,Garcinia a Cambogia,Garcinia Cambogia,le Garcinia Cambogia,Garcinia cambogia | Garcinia à cambogia,91.89189189189189,True
232,Pwochen istwa Wetekplay OpenPLi 4.0 Sou non 20160227 pou yo enstale sou sdcard,Prochain article : Wetekplay OpenPLi 4.0 (au nom du 27/02/2016) à installer sur carte SD,Prochaine histoire Wetekplay OpenPLi 4.0 Bêta 20160227 pour installer sur carte SD,Prochain article : Wetekplay OpenPLi 4.0 (daté du 27/02/2016) à installer sur carte SD | Article suivant : Wetekplay OpenPLi 4.0 (version du 27/02/2016) à installer sur carte SD,74.39024390243902,False
233,"Komisyon an te chwazi 7 lòt rejyon Inyon Ewopeyen yo ak eta manm yo pou asistans pwepare anba aksyon pilòt komisyon an sou tranzisyon endistriyèl: Cantabrie (Espay), Centre-Val de Loire (Frans), East-North Fenlann, Grand-Est (Frans) ak Greater Manchester (Wayòm Ini), ak Lityani ak Sloveni, anplis rejyon yo deja chwazi nan Desanm 2017.","La Commission a sélectionné 7 régions et États membres supplémentaires de l'UE pour bénéficier d'une assistance préparée dans le cadre de son action pilote sur la transition industrielle : la Cantabrie (Espagne), le Centre-Val de Loire (France), l'Est-Nord de la Finlande, le Grand Est (France) et le Grand Manchester (Royaume-Uni), ainsi que la Lituanie et la Slovénie, en plus des régions déjà sélectionnées en décembre 2017.","La Commission a choisi 7 autres régions de l'UE et les États membres de l'aide préparée sous l'action pilote de la commission sur la transition industrielle: Cantabrie (Espagne), Centre-Val de Loire (France), Est-North Finlande, Grand-Est (France) et Greater Manchester (Royaume-Uni), et la Lituanie et la Slovénie, en plus des régions déjà choisies en Décembre 2017.","La Commission a retenu 7 régions et États membres supplémentaires de l’UE pour bénéficier d’un appui sur mesure dans le cadre de son projet pilote sur la transition industrielle : la Cantabrie (Espagne), le Centre-Val de Loire (France), l’Est-Nord de la Finlande, le Grand Est (France) et le Grand Manchester (Royaume-Uni), ainsi que la Lituanie et la Slovénie, en complément des régions déjà sélectionnées en décembre 2017. | La Commission a choisi 7 régions et États membres de plus dans l’UE afin de recevoir une assistance adaptée au titre de son action pilote sur la transition industrielle : la Cantabrie (Espagne), le Centre-Val de Loire (France), l’Est-Nord de la Finlande, le Grand Est (France) et le Grand Manchester (Royaume-Uni), ainsi que la Lituanie et la Slovénie, en plus des régions déjà retenues en décembre 2017.",78.00586510263929,False
234,Non Prodcut: Kawòt poud,Nom du produit : Poudre de carotte,Nom de Prodcut: Poudre de carotte,Poudre de carotte | Carotte en poudre,68.0,False
235,"Achte kèk patizan Twitter, Retweets, ou menm ki renmen peyi Lafwans - PremLike.com (Ayiti kreooli)","Achetez des abonnés Twitter, des retweets, vous qui aimez la France - PremLike.com (créole haïtien)","Acheter des Followers Twitter, Retweets, vous aimez la France - PremLike.com","Achetez des abonnés Twitter, des retweets, vous qui aimez la France - PremLike.com (créole haïtien) | Achetez des abonnés Twitter, des retweets, vous qui aimez la France - PremLike.com (créole haïtien)",81.57894736842105,True
236,"5 Lower Back Ranfòse, Egzèsis",5 exercices de renforcement du bas du dos,"5 Basses de sauvegarde, exercices",5 exercices pour renforcer le bas du dos | 5 exercices de renforcement du bas du dos,54.54545454545454,False
237,"tretman sifas Mill fini, ANODIZING, Powder kouvwi, sablaj, elektwoforèz elatriye","Traitement de surface : finition brute, anodisation, revêtement en poudre, sablage, électrophorèse, etc.","Traitement de surface Moulin finition, anodisation, enduit de poudre, sable, électrophorèse, etc.","Traitement de surface : finition brute, anodisation, revêtement en poudre, sablage, électrophorèse, etc. | Finitions de surface : brut de laminage, anodisation, thermolaquage, sablage, électrophorèse, etc.",82.4742268041237,True
238,Jwe jwèt gratis Furby. Jwèt Furby sou entènèt,Jouez gratuitement à des jeux Furby. Jeux Furby en ligne,Jouez à des jeux gratuits Furby. Jeux Furby en ligne,Jouez gratuitement à des jeux Furby | Jeux Furby en ligne,81.31868131868131,True
239,"Segondè ROI (Retounen sou envèstisman). Nan kèk kote, tan an rècupèration ka mwens pase 5years.","Rentabilité élevée. Dans certaines régions, le retour sur investissement peut être inférieur à 5 ans.","High ROI (Retour sur investissement). Dans certains endroits, le temps de recuit peut être inférieur à 5years.","Rentabilité élevée. Dans certaines régions, le retour sur investissement peut être inférieur à 5 ans. | Rendement élevé. Dans certaines zones, l’investissement peut être amorti en moins de 5 ans.",60.66350710900474,False
240,Klike la a pou plis Design Cherry Blossom mak,Cliquez ici pour découvrir d'autres modèles de la marque Cherry Blossom,Cliquez ici pour plus de conceptions de fleurs de cerisier,Cliquez ici pour découvrir d’autres modèles Cherry Blossom | Cliquez ici pour voir plus de créations Cherry Blossom,66.07142857142857,False
241,"3 kouche nan kwa lazè plis 1 plis lazè, 7 lazè nan total","3 ensembles de lasers en croix plus 1 laser supplémentaire, soit 7 lasers au total","3 ensembles de croix laser plus 1 plus laser, 7 laser au total","3 groupes de lasers en croix plus 1 laser supplémentaire, soit 7 lasers au total | 3 ensembles de lasers croisés plus 1 laser en plus, soit 7 lasers au total",67.22689075630252,False
242,Men Tatoo lide pou ti fi - Lide Atizay Tatouages,Voici des idées de tatouages pour filles - Idées de tatouages artistiques,cuqquldamaq _ Facebook _ Google Plus _ Pinterest,Voici des idées de tatouages pour filles | Idées de tatouages artistiques,37.5,False
243,Ki ap dirije Track Limyè zoomable dokiman Pwen Enpòtan dirije,Projecteur LED sur rail zoomable,LED Track Light zoomable Spotlight LED,Projecteur LED sur rail à zoom | Spot LED sur rail zoomable,55.263157894736835,False
244,Chanje satelit entènèt pou tren,Changement d'internet par satellite pour les trains,Modifier les satellites Internet pour les trains,Remplacement de l’internet par satellite dans les trains | Passage à l’internet par satellite pour les trains,72.0,False
245,Star atraksyon Pou Vizite Vil la Vatikan,Sites incontournables à visiter à la Cité du Vatican,L'attraction étoile pour visiter la ville du Vatican,Sites incontournables à visiter au Vatican | Lieux incontournables à découvrir dans la Cité du Vatican,59.57446808510638,False
246,Kominote Ewopeyen an,Communauté européenne,la Communauté européenne,Communauté européenne | Union européenne,93.33333333333333,True
247,"Import anl, MSG, Vkf ak lòt dosye nan pespektiv pwofil.","Importez les fichiers eml, msg, vkf et autres dans votre profil Outlook.","Importation EML, MSG, VCF et d'autres fichiers dans le profil Outlook.","Importez les fichiers EML, MSG, VKF et autres dans votre profil Outlook | Importez les fichiers EML, MSG, VKF et autres dans Outlook",72.85714285714286,False
248,Swarovski Nwèl Bijou,Bijoux de Noël Swarovski,Swarovski Bijoux de Noël,Bijoux de Noël Swarovski | Bijoux de Noël signés Swarovski,91.66666666666666,True
249,Abitid Bouddha estati lasi figi moun religye,"statue de cire de Bouddha, visage religieux, habitudes",Figure de cire de Bouddha de Bouddha statue,"statue de Bouddha au visage serein, habitudes religieuses | statue de cire de Bouddha, air pieux, coutumes religieuses",67.44186046511628,False
250,Nouvèl Ki jan Solè ki mache ak pil do travay?,Actualités : Comment fonctionnent les batteries solaires ?,Nouvelles Comment fonctionne-t-il des batteries à dos?,Actualités : Comment fonctionnent les batteries solaires ? | Actualités : Comment marchent les batteries solaires ?,73.7864077669903,False
251,"4 miltip anprint koulè ak pratik,","4 imprimés multicolores et pratiques,",4 couleurs multiples imprimés et pratiques ;,4 imprimés colorés et pratiques | 4 motifs multicolores et fonctionnels,63.1578947368421,False
252,Kat jeyografik nan Pakistan anvan 1971,Carte du Pakistan avant 1971,Carte du Pakistan avant 1971,Carte du Pakistan avant la partition de 1971 | Carte du Pakistan d’avant 1971,92.85714285714286,True
253,"Tou pou dife Kincade a, gen yon liy dirèk gratis. Rele 707-542-1290 oswa 888-382-3406 pou èd ak reklamasyon asirans, pèt pwopriyete, pwoblèm mèt kay-lokatè ak plis ankò. Yon liy telefòn gratis menm jan an gratis nan Los Angeles County Fire and Saddleridge Fire: 800-870-0732.","Il existe également une ligne d'assistance téléphonique gratuite pour l'incendie de Kincade. Composez le 707-542-1290 ou le 888-382-3406 pour obtenir de l'aide concernant les déclarations de sinistre, les dommages matériels, les litiges entre propriétaires et locataires, et plus encore. Une ligne d'assistance téléphonique gratuite similaire est disponible auprès des pompiers du comté de Los Angeles et de Saddleridge : 800-870-0732.","Aussi pour le feu Kincade, il y a une ligne directe. Appelez 707-542-1290 ou 888-382-3406 pour l'aide et les réclamations d'assurance, la perte de propriété, les problèmes de propriétaire et bien plus encore. Une ligne de téléphone gratuit similaire à Los Angeles County Fire et Saddleridge: 800-870-0732.","Une ligne d’assistance gratuite est également disponible pour l’incendie de Kincade. Appelez le 707-542-1290 ou le 888-382-3406 pour obtenir de l’aide concernant les demandes d’indemnisation, les pertes matérielles, les litiges entre propriétaires et locataires, et plus encore. Une ligne d’assistance gratuite similaire est aussi disponible pour les incendies du comté de Los Angeles et de Saddleridge : 800-870-0732. | Une ligne d’assistance téléphonique gratuite est aussi mise à disposition pour l’incendie de Kincade. Composez le 707-542-1290 ou le 888-382-3406 pour de l’aide sur les sinistres, les dommages aux biens, les conflits entre propriétaires et locataires, et davantage. Une ligne similaire est également disponible pour les incendies du comté de Los Angeles et de Saddleridge : 800-870-0732.",62.62295081967213,False
254,"M 'ap chache retire pyano, de preferans soti nan Karlovy varye Rejyon.","Je cherche à faire enlever des pianos, de préférence dans la région de Karlovy Vary.","Je suis à la recherche de supprimer le piano, de préférence de Karlovy région variée.","Je cherche à faire débarrasser des pianos, de préférence dans la région de Karlovy Vary | Je cherche un service pour enlever des pianos, idéalement dans la région de Karlovy Vary",65.40880503144655,False
255,Lòt espès yo an danje tankou jenevriye juniperus gracilior var.,"D'autres espèces sont menacées, comme le genévrier Juniperus gracilior var.",D'autres espèces sont en voie de disparition telles que la guniperus gracilior var.,"D’autres espèces sont en danger, comme le genévrier Juniperus gracilior var. | D’autres espèces sont menacées, à l’image du genévrier Juniperus gracilior var.",71.69811320754718,False
256,paramèt teknik – B4U Klas Mizik:,Paramètres techniques – B4U Music :,Paramètres techniques – B4U Musique:,Paramètres techniques – B4U Musique | Fiche technique – B4U Musique,98.59154929577466,True
257,Vacuum sak tep 665 (tanperati chanm),Ruban adhésif pour sac sous vide 665 (température ambiante),Ruban de sac à vide 665 (température ambiante),Ruban adhésif pour sac sous vide 665 (température ambiante) | Adhésif pour sac sous vide 665 (température ambiante),86.36363636363636,True
258,Dekwa pou Youbest soudi Ltd,Bienvenue chez Youbest Welding Ltd.,Bienvenue à Youbest Welding Ltd,Bienvenue chez Youbest Welding Ltd. | Bienvenue à Youbest Welding Ltd.,100.0,True
259,"Jean-Luc Herbez, LL.M.","Jean-Luc Herbez, LL.M.","LLuc Herbez, LL.M.","Jean-Luc Herbez, maîtrise en droit | Jean-Luc Herbez, LL.M.",97.14285714285714,True
260,Modil 13: Jere Sètifika SSL,Module 13 : Gestion des certificats SSL,Module 13: Gérer le certificat SSL,Module 13 : Gestion des certificats SSL | Module 13 : Administration des certificats SSL,76.47058823529412,False
261,"De kote sou yon konplo nan Arguayo tou pwe vil Santiago del Teide, Tenerife. Ki kote etonan! Viv ak kè poze vil 15 minit kite Los...","Deux maisons sur un terrain à Arguayo, près de Santiago del Teide, à Tenerife. Un emplacement exceptionnel ! La tranquillité d'une petite ville à seulement 15 minutes de Los Angeles...","Deux côtés d'un régime à Arguayo près de la ville de Santiago del Teide, Ténérife. C'est l'endroit étonnant! Vivre avec la ville de 15 minutes à gauche Los...","Deux maisons sur un terrain à Arguayo, près de Santiago del Teide, à Tenerife. Un emplacement exceptionnel ! Le calme d’une petite ville à seulement 15 minutes de Los... | Deux maisons sur un terrain à Arguayo, tout près de Santiago del Teide, à Tenerife. Un cadre exceptionnel ! La tranquillité d’une petite ville à seulement 15 minutes de Los...",63.29113924050633,False
262,Tradiksyon fè pa vBET 4.9.1,Traductions réalisées par vBET 4.9.1,Traductions faites par vBET 4.9.1,Traductions effectuées par vBET 4.9.1 | Traductions réalisées par vBET 4.9.1,84.84848484848484,True
263,Ayiti: Senatè ap akonpaye Aristide ak sitwayen nan tribinal Detay,Haïti : Des sénateurs accompagneront Aristide et des citoyens au tribunal. Détails,Haïti: Le sénateur accompagne Aristide et le citoyen de la Cour Détails,Haïti : Des sénateurs accompagneront Aristide et des citoyens au tribunal. Détails | Haïti : Des sénateurs se rendront au tribunal avec Aristide et des citoyens. Détails,80.57553956834532,True
264,Nou te jwenn 1 Plis Taille jip sal matènite: 1 - 1,Nous avons trouvé 1 robe de maternité supplémentaire dans la taille 1 - 1,Nous avons trouvé 1 Jupe grossesse grande taille: 1 - 1,Nous avons trouvé une robe de maternité supplémentaire en taille 1 - 1 | Une robe de maternité supplémentaire a été trouvée en taille 1 - 1,67.41573033707866,False
265,An jeneral Pwa (kg) 2900 3200,Poids total (kg) 2900 3200,Poids global (kg) 2900 3200,Poids total (kg) 2900 3200 | Poids global (kg) 2900 3200,100.0,True
266,Vizit vip Kay - Dezi-Vip,Visite à domicile VIP - Dezi-Vip,Visite de vippes - Desire-Vips,Visite VIP à domicile | Visite à domicile VIP,63.1578947368421,False
267,On:Koule aliminyòm Cladding Komite Pwochen:Aliminyòm Couture Chanm Komèsyal Cladding,Précédent : Panneau de revêtement en aluminium moulé Suivant : Revêtement de salle commerciale en aluminium à joints toriques,Une paire de:Panneau de revêtement en aluminium de grain de bois Un article:Panneau de revêtement en aluminium de grain de bois,Précédent : Panneau de revêtement en aluminium moulé | Suivant : Revêtement de salle commerciale en aluminium à joints toriques,64.0,False
268,Elèv yo Eksepsyonèl soti an deyò de zòn nan Ekonomik Ewopeyen an ka aplike pou yon merite bous Amstèdam.,Les étudiants exceptionnels originaires de pays hors de l'Espace économique européen peuvent postuler à une bourse d'études d'Amsterdam basée sur le mérite.,Les étudiants exceptionnels de l'extérieur de la zone économique européenne peuvent postuler pour une bourse d'études digne d'Amsterdam.,Les étudiants exceptionnels originaires de pays hors de l’Espace économique européen peuvent candidater à une bourse au mérite à Amsterdam. | Les étudiants brillants venant de pays non membres de l’EEE peuvent demander une bourse d’excellence à Amsterdam.,70.58823529411764,False
269,Ero desen anime pou granmoun,héros de dessins animés adultes,Hérom dessins animés pour adultes,héros de dessins animés pour adultes | héros de dessins animés adultes,87.87878787878788,True
270,"Amanda Liberty se angaje nan yon chandelye ke li ""renmen bo ak karese avèk yo.""",Amanda Liberty est fiancée à un lustre qu'elle « adore embrasser et câliner ».,"Amanda Liberty est engagée dans un lustre qu'il ""mais baisers avec eux.""",Amanda Liberty est fiancée à un lustre qu’elle adore embrasser et câliner | Amanda Liberty est engagée avec un lustre qu’elle aime embrasser et caresser,76.38888888888889,False
271,PPR-GF- PPR Kondi Machin faktori,Usine de voitures à entraînement PPR-GF- PPR,Machine de fabrication de tuyaux PPR-GF- PPR,Usine automobile PPR-GF-PPR | Usine de fabrication de voitures PPR-GF-PPR,82.35294117647058,True
272,"Twin Seoul etap katriy?m etap ""moun kap kouri ak planeur (pery?d silans, pery?d stagnation)"" ak","Twin Seoul étape quatre étape « coureurs et planeurs (période de silence, période de stagnation) » et","Double S?oul stade de la carte?me étape ""les gens qui fonctionnent avec un planificateur (sable de sable, pery?d stagnation) » et","étape quatre de Twin Seoul, « coureurs et planeurs (période de silence, période de stagnation) » | étape quatre de Twin Seoul, « coureurs et planeurs (phase de silence, phase de stagnation) »",54.980079681274894,False
273,Download avanse Facebook Modpas HACKER pake lojisyèl krak pa bay bouton.,Téléchargez le logiciel de piratage avancé Facebook Password Hacker en cliquant sur le bouton.,Télécharger le logiciel de fissure de mot de passe Facebook avancée par le bouton donné.,Téléchargez le logiciel de piratage avancé Facebook Password Hacker en cliquant sur le bouton | Téléchargez le logiciel de piratage avancé Facebook Password Hacker en appuyant sur le bouton,64.28571428571428,False
274,"Tankou yon Disneyland pou rayisab byè, depo la Guinness se yon tout-chante, tout-danse fantezi konbine ekspozisyon sofistike ki gen plis pase yon pintful nan battage maketing. Pati nan pi bon nan depo vwayaj la se twa la Gravite Bar, kote ou ka choute tounen ak yon pent nan bagay la nwa.","Véritable paradis pour les amateurs de bière, la Guinness Storehouse est un spectacle grandiose et extravagant, mêlant présentations sophistiquées et marketing à outrance. Le clou de la visite est sans conteste le Gravity Bar sur le toit, où l'on peut se détendre avec une pinte de Guinness.","Comme un Disneyland pour les amateurs de bière, le stockage de la Guinness est un tout-chante, la fantaisie fantaisie combine des expositions sophistiquées avec plus d'un pintful de la commercialisation. La meilleure partie de l'entrepôt de voyage est le trois Gravity Bar, où vous pouvez repérer avec un peintre de la chose noire.","Véritable paradis pour les amateurs de bière, la Guinness Storehouse est une attraction spectaculaire et grandiose, mêlant expositions raffinées et marketing omniprésent. Le point culminant de la visite est sans conteste le Gravity Bar sur le toit, où l’on peut savourer une pinte de Guinness. | La Guinness Storehouse est un véritable temple pour les amateurs de bière, un spectacle fastueux qui combine présentations soignées et marketing à outrance. Le meilleur moment de la visite reste le Gravity Bar, au sommet, où l’on peut se détendre autour d’une pinte de Guinness.",53.94045534150613,False
275,Imèl: [Email pwoteje],Courriel : [email protected],Courriel: [EMAIL PROTECTED],Adresse e-mail : [email protected] | E-mail : [email protected],85.71428571428572,True
276,Rapò pousantaj ankadreman jiska 1080P60fps,Fréquence d'images jusqu'à 1080p60fps,Taux de trame de rapport jusqu'à 1080P60fps,Fréquence d’images jusqu’à 1080p60fps | Jusqu’à 1080p60fps,60.0,False
277,Machin nan ka fè divès kalite boure bonbon nan diferan fòm yo ak gwosè pa chanje bouch ak vole.,La machine peut fabriquer différents types de biscuits fourrés de formes et de tailles variées en changeant les buses et les matrices.,La machine peut faire divers biscuits bourrés dans différentes formes et tailles en changeant la bouche et la mouche.,La machine peut produire différents biscuits fourrés de formes et tailles variées en changeant les buses et les moules | Cette machine permet de fabriquer des biscuits fourrés de formes et de tailles diverses en remplaçant les buses et les matrices,76.92307692307692,False
278,"Mwen pa konprann mo sa yo ak siyifikasyon li Deponiya - yon espas nan kote tout bèt vivan yo divize an sou entènèt kas sou entènèt, gang sou entènèt ak ap viv nan mond diferan sou entènèt.","Je ne comprends pas ces mots et leur signification. Deponiya – un espace où tous les êtres vivants sont divisés en castes virtuelles, en gangs virtuels et vivent dans différents mondes virtuels.","Je ne comprends pas ces mots et sa signification Deponiya - un espace dans lequel tous les animaux vivants sont divisés en ligne casques, gang en ligne et vivent dans différents mondes en ligne.","Je ne saisis pas bien ces termes ni leur sens. Deponiya : un univers où tous les êtres vivants sont répartis en castes virtuelles, en gangs virtuels et vivent dans des mondes virtuels différents. | Je ne comprends pas ces mots ni leur signification. Deponiya : un espace où les êtres vivants se divisent en castes virtuelles, en gangs virtuels et évoluent dans des mondes virtuels distincts.",71.31782945736434,False
279,"Achte Plis Taille, kas sal matènite Online",Achetez en ligne des pyjamas de maternité grandes tailles,Acheter Robes grossesse grande taille en ligne,Achetez en ligne des pyjamas de maternité grande taille | Pyjamas de grossesse grande taille en ligne,85.71428571428572,True
280,Konprann done untrusted ak sanitizasyon,Comprendre les données non fiables et leur assainissement,Comprendre les données non détrusées et l'opportunité,Comprendre les données non fiables et leur nettoyage | Comprendre les données non sûres et leur assainissement,74.74747474747474,False
281,Kou dlo sa a dwe non toponimik li nan kouran pafwa enprevi li ak ewozyon li ki ba li aparans yon ravin .,Ce cours d'eau doit son nom toponymique à son débit parfois imprévisible et à l'érosion qui lui donne l'apparence d'un ravin.,Ce cours d'eau doit nommer son toponyme dans le courant parfois l'imprévisibilité et l'érosion qui lui donne l'apparence d'un flux.,Ce cours d’eau doit son nom à son débit parfois imprévisible et à l’érosion qui lui donne l’apparence d’un ravin. | Ce cours d’eau tire son nom de son débit irrégulier et de l’érosion qui lui confère l’aspect d’un ravin.,77.31092436974791,False
282,Ekip Building DNVGL Masters nan majik,DNVGL Masters of Magic Team Building,Team Building DNVGL Maîtres de la Magie,Team building des maîtres de la magie DNVGL | Activité de cohésion DNVGL Masters of Magic,92.10526315789474,True
283,Ap travay sou Mac: WI,Fonctionne sur Mac : OUI,Fonctionne sur Mac: OUI,Compatible avec Mac | Fonctionne sur Mac,87.8048780487805,True
284,English Bay – Pale Ale Ambrèe,English Bay – Parlez Ale Ambree,Bombardier Aéronautique,English Bay – Ale Ambrée | English Bay – Bière Ambrée,40.0,False
285,"Plis Enfòmasyon, kòman yo dekore tep eskalye ou, wè Koton pwosesis lacho.","Pour plus d'informations sur la décoration de vos marches d'escalier, consultez la section sur le procédé d'enduit au coton.","Plus d'informations, comment décorer votre bande d'escalier, voir le processus de plâtre de coton.","Pour plus d’informations sur la décoration de vos marches d’escalier, consultez la section sur le procédé d’enduit au coton. | Pour en savoir plus sur la décoration de vos marches d’escalier, voir la rubrique consacrée au procédé d’enduit au coton.",59.57446808510638,False
286,Nevada Byen Pwoteksyon Trust,Nevada Asset Protection Trust,Nevada protection Trust,Trust de protection des actifs du Nevada | Fiducie de protection des biens du Nevada,65.21739130434783,False
287,Endistriyèl DIN medya tren konvètisè,Convertisseur de média industriel sur rail DIN,convertisseur de médias industriels DIN,convertisseur de média industriel sur rail DIN | convertisseur média industriel pour rail DIN,93.15068493150685,True
288,"FR-4, Hi-Tg FR-4, Plon Materyèl gratis (RoHS Konfòm), CEM-3, CEM-1, Aliminyòm, Materyèl segondè frekans (Rogers, Tflon, Taconic)","FR-4, FR-4 haute température de transition vitreuse (Hi-Tg), matériaux sans plomb (conformes à la directive RoHS), CEM-3, CEM-1, aluminium, matériaux haute fréquence (Rogers, Teflon, Taconic)","FR-4, Hi-Tg FR-4, matériaux sans plomb (conforme à RoHS), CEM-3, CEM-1, Aluminium, matériaux à haute fréquence (Rogers, Teflon, Taconic)","FR-4, FR-4 haute Tg, matériaux sans plomb (conformes RoHS), CEM-3, CEM-1, aluminium, matériaux haute fréquence (Rogers, Téflon, Taconic) | FR-4, FR-4 à haute température de transition vitreuse, matériaux sans plomb (conformes à RoHS), CEM-3, CEM-1, aluminium, matériaux pour hautes fréquences (Rogers, Téflon, Taconic)",91.91176470588235,True
289,in echanj pou,en échange de,in échange,en contrepartie de | en échange de,90.0,True
290,bò dwat bokal an vè,côté droit du bocal en verre,bocal en verre droite,à droite du bocal | sur le côté droit du bocal,52.38095238095239,False
291,Akademi Fè malfra tranble Ayiti a pa John Kerry Detay,"L'Académie fait trembler les voyous d'Haïti, selon John Kerry (détails)",Académie des tremblements de terre d'Haïti par John Kerry Détails,"L’Académie fait trembler les voyous haïtiens, selon John Kerry (détails) | L’Académie fait trembler les malfrats en Haïti, d’après John Kerry (détails)",66.66666666666667,False
292,Sant Nasyonal Etazini pou Edikasyon Estatistik Maharishi University of Management,"Centre national américain pour l'éducation statistique, Université Maharishi de gestion",Centre national des États-Unis pour l'éducation statistique Maharishi University of Management,"Centre national américain de statistiques de l’éducation, Université Maharishi de gestion | Centre national américain pour les statistiques de l’éducation, Université Maharishi de gestion",63.33333333333333,False
293,Nou konnen ke tan ou enpòtan epi ede ankouraje patisipasyon nou ap ofri yon kamera anba dlo a twa patisipan yo ak sondaj konplè! (Kamera-ganyan yo pral chwazi o aza nan fen sondaj la.),"Nous savons que votre temps est précieux et, pour encourager votre participation, nous offrons un appareil photo sous-marin à trois participants qui auront rempli le questionnaire ! (Les gagnants seront tirés au sort à la fin du questionnaire.)",Nous savons que votre temps est important et aider à promouvoir notre participation à offrir une caméra sous-marins à trois participants avec des enquêtes complètes! (Caméras-gan sera sélectionné aléatoire à la fin de l'enquête.),"Nous savons que votre temps est précieux et, pour vous remercier de votre participation, nous offrirons un appareil photo sous-marin à trois participants ayant complété le questionnaire ! (Les gagnants seront tirés au sort à la fin du questionnaire.) | Nous savons que votre temps est précieux et, afin d’encourager votre participation, nous mettons en jeu un appareil photo sous-marin pour trois participants ayant rempli le questionnaire ! (Les gagnants seront désignés par tirage au sort à la fin du questionnaire.)",66.35071090047393,False
294,Chanje nòmal pou televizyon enkyetid sèl satelit yo Asiasat 5 ak Eutelsat Hotbird 13,La modification des normes en matière de télévision ne concerne que les satellites Asiasat 5 et Eutelsat Hotbird 13.,Modification normale de la télévision préoccupation par satellite sel Asiasat 5 et Eutelsat Hotbird 13,La modification des normes de télévision ne concerne que les satellites Asiasat 5 et Eutelsat Hotbird 13 | Le changement des règles de télévision s’applique uniquement aux satellites Asiasat 5 et Eutelsat Hotbird 13,79.41176470588236,False
295,Tout jwèt : stars,Tous les matchs : étoiles,Tous les jeux : stars,Tous les jeux | Tous les matchs,84.21052631578947,True
296,"Rantre, ke plan yo etabli yon kanal televizyon nasyonal peyi a nan Nò Ossetia te anonse an ete dènye a. ajoute, ki depi nan konmansman an nan ane a ""National Televizyon Chuvashia"" te resevwa finansman ki sòti nan bidjè a pou difize satelit. Spring chanèl parèt sou ""Tricolor televizyon"" platfòm la.","L'été dernier, des projets de création d'une chaîne de télévision nationale en Ossétie du Nord ont été annoncés. Depuis le début de l'année, la « Télévision nationale de Tchouvachie » bénéficie de financements budgétaires pour la diffusion par satellite. La chaîne a été lancée sur la plateforme « Tricolor TV ».","Rappel, que les plans établissent une chaîne de télévision nationale du pays d'Ossétie du Nord a été annoncé en été dernier. Ajout, dès le début de l'année «National TV Chuvashia » a reçu des fonds du budget de la radiodiffusion par satellite. canal de printemps est apparu sur la plate-forme « Tricolor TV ».","L’été dernier, des projets de création d’une chaîne de télévision nationale en Ossétie du Nord ont été annoncés. Depuis le début de l’année, la « Télévision nationale de Tchouvachie » bénéficie de financements publics pour la diffusion par satellite. La chaîne a été lancée sur la plateforme « Tricolor TV ». | Des projets de chaîne de télévision nationale en Ossétie du Nord ont été annoncés l’été dernier. Depuis le début de l’année, la « Télévision nationale de Tchouvachie » reçoit un financement budgétaire pour la diffusion par satellite. La chaîne est désormais disponible sur la plateforme « Tricolor TV ».",70.89430894308944,False
297,Map of Austria ak eta federal yo desine tèt ou,Carte de l'Autriche et des Länder à dessiner soi-même,Carte de l'Autriche et des États fédéraux pour vous concevoir,Carte muette de l’Autriche et de ses Länder | Carte de l’Autriche à compléter soi-même,60.0,False
298,"Koulye a, pi piti a kantite premye se 2.",Le plus petit nombre premier est 2.,"Maintenant, le plus petit nombre premier est 2.","Le plus petit nombre premier est 2 | Le plus petit nombre premier, c’est 2",83.9506172839506,True
299,"Reyinyon èdtan 12, nan yon restoran ak Hotel nan Sitges.","Réunion de 12 heures, dans un restaurant-hôtel à Sitges.","Heures de réunion 12, dans un restaurant et un hôtel à Sitges.","Réunion de midi, dans un restaurant-hôtel à Sitges | Rendez-vous à 12 h, dans un restaurant-hôtel à Sitges",75.47169811320755,False
300,"Administrasyon an nan sit la gen yon patenarya ak Google, ki mete sou yon baz peye sou sit entènèt la paj materyèl piblisite ak anons (ki gen ladan, men se pa sa sèlman, tèks Hyperlinks). Nan kad sa a koperasyon, Administrasyon an nan sit la pote nan atansyon a nan tout pati ki enterese enfòmasyon sa yo:","L’administration du site a conclu un partenariat avec Google, qui diffuse, à titre payant, des publicités et des annonces sur les pages du site (notamment des liens hypertextes). Dans le cadre de cette collaboration, l’administration du site porte à l’attention des personnes intéressées les informations suivantes :","L'administration du site a un partenariat avec Google, qui met en place une base de paiement sur le site Web de la page de publicité et de l'annonce (y compris, mais non seulement, le texte Hyperlinks). Dans ce cadre de coopération, l'administration du site apporte l'attention de toutes les parties intéressées par les informations suivantes:","L’administration du site a établi un partenariat avec Google, qui diffuse des annonces et des publicités payantes sur les صفحات du site, notamment des liens hypertextes. Dans le cadre de cette collaboration, l’administration du site porte à l’attention des personnes intéressées les informations suivantes : | Le site a conclu un accord avec Google pour afficher, contre rémunération, des publicités et des annonces sur ses pages, y compris des liens hypertextes. Dans le cadre de ce partenariat, l’administration du site souhaite informer les personnes intéressées des éléments suivants :",70.76923076923076,False
301,"Entèfas - Analog switch - Objektif Espesyal(1,870)",Interfaces - Commutateurs analogiques - Usage spécial (1 870),"Interface - Commutateur analogique - Cibles spéciales(1,870)",Interfaces - Commutateurs analogiques - Usage spécial (1 870) | Interfaces - Interrupteurs analogiques - Usage spécial (1 870),85.0,True
302,"Kongo, Repiblik Demokratik la nan la",République démocratique du Congo,"Congo, la République démocratique du",République démocratique du Congo | RDC,83.87096774193549,True
303,Published: 2013-04-03 Repibliken re-panse pozisyon sou imigrasyon,Publié le 3 avril 2013 : Les républicains revoient leur position sur l’immigration,Publié le: 03/04/2013 République républicain positionné sur l'immigration,Les républicains réexaminent leur position sur l’immigration | Les républicains changent de cap sur l’immigration,63.1578947368421,False
304,"Lyann 5 Super Mini parapli - 5 pli parapli - pwodwi - sou tèt parapli co, Ltd","Parapluie Lyann 5 Super Mini - Parapluie pliable en 5 parties - Produits - Top Umbrella Co., Ltd.","Viande 5 Super Mini parapluie - 5 pli, parapluie - produits - TOP parapluie Co., Ltd","Parapluie Lyann 5 Super Mini - parapluie pliant en 5 sections - produits - Top Umbrella Co., Ltd. | Parapluie Lyann 5 Super Mini - parapluie de poche pliable en 5 parties - produits - Top Umbrella Co., Ltd.",71.42857142857143,False
305,Atik non: Selèb istorik silicone estati star lasi figi Seza,"Nom de l'article : Statue en silicone de César, célèbre star historique, avec une figurine en cire.",Nom d'article : Célébrité historique silicone statue star cire figure Seza,"Statue en silicone de César, célèbre personnage historique, avec figurine en cire | Statue en silicone de César, star historique célèbre, accompagnée d’une figurine en cire",54.054054054054056,False
306,"Siyifikasyon pano la depann de fòm li, koulè li ak piktogram yo itilize a.","La signification du signe dépend de sa forme, de sa couleur et du pictogramme utilisé.","La signification du panneau dépend de sa forme, sa couleur et son pictogramme utilisé.","La signification du panneau dépend de sa forme, de sa couleur et du pictogramme utilisé | Le sens du panneau dépend de sa forme, de sa couleur et du pictogramme employé",94.18604651162791,True
307,Vav chèk lavi,durée de vie de la soupape,Main sivu,durée de vie de la valve | longévité de la soupape,44.44444444444444,False
308,"Lachin Wholesale Stone kouvwi Steel mozayik twati Nan Amerik Konpayi fabrikasyon, Founisè, faktori ak Konpayi - Pwodwi Wholesale - Dalian New Sunlight Building Materyèl co, Ltd","Tuiles de toiture en acier revêtues de pierre, en gros en provenance de Chine : fabricants, fournisseurs, usine et entreprise aux États-Unis - Produits en gros - Dalian New Sunlight Building Materials Co., Ltd.","Chine en gros Pierre enduit toiture en acier en Amérique fabricants, fournisseurs, usine et société - Produits de gros - Dalian nouveau soleil Building Material Co., Ltd","Tuiles de toiture en acier revêtues de pierre en gros en provenance de Chine | Tuiles de toiture en acier revêtues de pierre : fabricants, fournisseurs et usine en gros en Chine",56.00000000000001,False
309,Lè w siyen moute se fasil ak peman pou piblisite ki kapab fèt atravè PayPal. Siyen jiska Trafik Monsoon.,L'inscription est simple et le paiement des publicités s'effectue via PayPal. Inscrivez-vous à Traffic Monsoon.,Lors de la signature est facile et paiement pour les annonceurs qui peuvent être faites par PayPal. Connectez-vous au trafic Monsteroon.,L’inscription est simple et le paiement des annonces se fait via PayPal. Inscrivez-vous à Traffic Monsoon. | L’inscription est facile et les paiements pour la publicité peuvent être effectués via PayPal. Inscrivez-vous à Traffic Monsoon.,71.14624505928853,False
310,Dirije Downlights chofè,Driver pour spots encastrés LED,Conducteur de Downlights LED,Driver pour spots encastrés LED | Alimentation pour spots encastrés LED,48.88888888888889,False
311,"ekonomize enèji esterilize resiklaj dlo, ekonomize vapè.",Recyclage de l'eau stérilisée pour économiser de l'énergie et de la vapeur.,"économie d'énergie stériliser le recyclage de l'eau, économie de vapeur.",Recyclage de l’eau stérilisée pour économiser l’énergie et la vapeur | Réutilisation de l’eau stérilisée afin d’économiser énergie et vapeur,56.92307692307692,False
312,"Kèk enstitisyon ki pi gran yo ka fennen ak mouri ak chanje teknoloji. Gen pouvwa pou teknik ki demode objektif yo oswa metodoloji. Sa a se absoliman pa ka a ak enstitisyon bankè a Swis. Svis bankè Swis adapte rapidman nan repons a toubiyon an apante teknolojik ki etabli pa mond la jodi an. Soti nan transfè fon elektwonik, nan teknoloji sekirite chiffres mega-ti jan yo, bank Swis yo se nan forefront de pratik bankè modèn. Sitou ale yo se jou yo nan kat siyati difisil ak pwosè-ka nan reyinyon men yo. Yo kounye a yo ranplase tout tan konsa incrèmentielle ak siyati elektwonik ak entènèt ki baze sou ""fil"" transfè nan byen. Taks konfòmite pati nan jwèt la jodi an. Nòm entènasyonal anti blanchi lajan yo nan plas kenbe mesye yo bon nan ak mesye yo move soti.","Certaines institutions traditionnelles peuvent péricliter et disparaître face à l'évolution technologique. Il existe une certaine efficacité dans les techniques qui perdurent au-delà de leur finalité ou de leur méthodologie. Ce n'est absolument pas le cas des institutions bancaires suisses. Les services bancaires suisses se sont adaptés rapidement au rythme effréné des avancées technologiques du monde actuel. Des virements électroniques aux technologies de sécurité cryptées à très haut débit, les banques suisses sont à la pointe des pratiques bancaires modernes. L'époque des fiches de signature encombrantes et des réunions avec accusé de réception est révolue. Elles sont progressivement remplacées par les signatures électroniques et les virements de fonds par Internet. La conformité fiscale est aujourd'hui une priorité. Les normes internationales de lutte contre le blanchiment d'argent sont en place pour protéger les établissements de confiance et empêcher les fraudeurs d'entrer.","Certaines plus anciennes institutions peuvent se faner avec la technologie de changement excessive. Il peut y avoir des techniques obsolètes de but ou de méthodologie. Ceci est absolument pas le cas avec l'institution bancaire suisse. Les services bancaires suisses s'adaptent rapidement dans la réponse à la tourbillon technologique établi par le monde aujourd'hui. De transfert électronique profond, dans les technologies de sécurité cryptées méga-bitres, les banques suisses sont à l'avant-garde des pratiques bancaires modernes. Principalement aller sont les jours de quatre signatures difficiles et le processus de réunion de main. Ils sont maintenant remplacés de manière incrustable à la forme d'une signature électronique et d'Internet basée sur le transfert «fil » à la fois. Conformité par la partie du jeu aujourd'hui. Les normes internationales anti blanchiment de l'argent sont en place pour garder les bons gars et les mauvais gars.","Certaines institutions traditionnelles peuvent disparaître avec l’évolution technologique. Ce n’est absolument pas le cas des banques suisses, qui se sont rapidement adaptées aux avancées du monde actuel. Des virements électroniques aux technologies de sécurité cryptées, elles sont à la pointe des pratiques bancaires modernes. | Les banques suisses ont su évoluer avec leur temps et restent à la pointe de la technologie. Les anciennes méthodes, comme les fiches de signature et les démarches en personne, laissent peu à peu place aux signatures électroniques et aux transferts en ligne.",55.34804753820034,False
313,Non Altènatif: Ninja Lagè,Autre nom : Guerres Ninja,D'autres noms: Ninja Wars,Autre nom : Guerres de ninja | Aussi appelé : Guerres de ninja,59.45945945945945,False
314,"se ""Pakite"" konsidere kòm pi popilè mak nan Miltimedya pwodui konsomatè zòn nan, ki pwodwi yo te vann nan tout lòt peyi sou pawòl Bondye a ak volim nan lavant se tèt yon sèl.","« Pakite » est considérée comme la marque la plus célèbre dans le secteur des produits multimédias grand public, ses produits étant vendus dans le monde entier et son volume de ventes étant parmi les plus élevés.","« Pureté » est considéré comme la marque la plus populaire de la zone de consommation multimédia, que les produits ont été vendus dans tous les autres pays sur le mot et le volume des ventes est top.","« Pakite » est reconnue comme la marque la plus célèbre des produits multimédias grand public, avec des ventes dans le monde entier et un volume parmi les plus élevés. | « Pakite » est considérée comme la marque phare du multimédia grand public, distribuée à l’échelle mondiale et figurant parmi les meilleures ventes.",58.59154929577465,False
315,8 Materyèl nan baz: PC,Matériau de base : PC,8 Matériel de base: PC,Matériau de base : PC | Base matériau : PC,83.72093023255813,True
316,Kovèti pou-bwat 5 manyèl,Boîte de vitesses manuelle 5,manuel d'engrenage boîte 5,boîte de vitesses manuelle à 5 rapports | boîte manuelle 5 vitesses,46.15384615384615,False
317,Item Jòn venn grè blòk Sandstone bilding blòk,"Article : bloc de grès à veines jaunes, bloc de construction en grès",Article Veine jaune bloc de construction de grès grès,bloc de grès à veines jaunes | bloc de construction en grès,81.63265306122449,True
318,Dekouvri te vin yon konpayi endepandan an 2007. Li bay kat la Dekouvri Kat. rezo yo kat teknik rele Dekouvri Rezo ak batman kè. Biwo santral li nan banlye Chicago. 2008 achte Dekouvri Diners Club la nan gwoup la finansye Citigroup.,"Discover est devenue une société indépendante en 2007. Elle émet la carte Discover. Ses réseaux de cartes sont techniquement appelés Discover Network et Heartbeat. Son siège social se situe dans la banlieue de Chicago. En 2008, Discover a acquis Diners Club auprès du groupe financier Citigroup.",Découvrez est devenu une entreprise indépendante en 2007. Il fournit la carte de Discover. Les quatre réseaux techniques appellent Découvrez les réseaux et les impulsions du cœur. Son bureau central à Chicago. 2008 achète le Diners Club du groupe financier Citigroup.,"Discover est devenue une société indépendante en 2007. Elle émet la carte Discover. Ses réseaux de cartes sont techniquement appelés Discover Network et Heartbeat. Son siège social se situe dans la banlieue de Chicago. En 2008, Discover a acquis Diners Club auprès du groupe financier Citigroup. | Discover est devenue une entreprise indépendante en 2007. Elle émet la carte Discover. Ses réseaux de cartes sont appelés techniquement Discover Network et Heartbeat. Son siège social est situé dans la banlieue de Chicago. En 2008, Discover a racheté Diners Club au groupe financier Citigroup.",64.04494382022472,False
319,vidèo poutèt yo resevwa: 14:44,Vidéo reçue à 14h44,durée de la vierge : 14:44,Vidéo reçue à 14h44 | Vidéo reçue à 14 h 44,48.88888888888889,False
320,"Nan pasyan pedyatrik ak hypothyroidism, evalye konpetans nan terapi ranplasman pa mezire sewòm TSH ak nivo T3. Pou pasyan pedyatrik ki gen laj twa zan ak plis, siveyans rekòmande a se chak 3 ak 12 mwa apre sa, apre estabilizasyon dòz la jiskaske kwasans ak fòme yo fini. Konfòmite pòv oswa valè nòmal ka nesesè pou fè swivi pi souvan. Egzekite egzamen klinik woutin, ki gen ladan evalyasyon devlopman, kwasans mantal ak fizik, ak matirite nan zo, nan entèval regilye.","Chez les enfants atteints d'hypothyroïdie, évaluer l'efficacité du traitement substitutif par le dosage de la TSH et de la T3 sériques. Chez les enfants de trois ans et plus, la surveillance recommandée est de 3 mois, puis de 12 mois après stabilisation de la dose, jusqu'à la fin de la croissance et de la maturation. Une mauvaise observance ou des valeurs anormales peuvent nécessiter une surveillance plus fréquente. Réaliser des examens cliniques de routine, incluant l'évaluation du développement, de la croissance mentale et physique et de la maturation squelettique, à intervalles réguliers.","Chez les patients pédiatriques et hypothyroïdie, évalue les compétences de traitement de remplacement en mesurant le sérique TSH et le niveau T3. Pour les patients pédiatriques âgés de trois ans et plus, la surveillance recommandée est tous les 3 et 12 mois après la stabilisation de la dose jusqu'à la croissance et la formation sont terminées. La mauvaise conformité ou la valeur normale peut être nécessaire pour le suivi le plus souvent. Exécuter des examens cliniques de routine, y compris l'évaluation du développement, la croissance mentale et physique et mature des os, à des intervalles réguliers.","Chez l’enfant atteint d’hypothyroïdie, contrôler l’efficacité du traitement substitutif par le dosage de la TSH et de la T3 sériques. Chez les enfants de trois ans et plus, la surveillance recommandée se fait à 3 mois puis à 12 mois après stabilisation de la dose, jusqu’à la fin de la croissance et de la maturation. Une mauvaise observance ou des résultats anormaux peuvent justifier un suivi plus rapproché. Réaliser régulièrement un examen clinique de routine, avec évaluation du développement, de la croissance physique et mentale, ainsi que de la maturation osseuse | Chez les enfants souffrant d’hypothyroïdie, évaluer l’efficacité du traitement de substitution en dosant la TSH et la T3 sériques. À partir de l’âge de trois ans, il est recommandé d’assurer un suivi à 3 mois puis à 12 mois après stabilisation posologique, jusqu’à la fin de la croissance et de la maturation. En cas de mauvaise observance ou d’anomalies biologiques, des contrôles plus fréquents peuvent être nécessaires. Effectuer à intervalles réguliers un examen clinique standard, comprenant l’appréciation du développement, de la croissance somatique et psychique, et de la maturation squelettique",65.56233653007845,False
321,Lo pous limyè (Green),Lumière vive (verte),Chargement de la lumière (vert),feu vert | lumière verte,71.11111111111111,False
322,"5. Effectively Telefòn blòk Pòtab 3 G ak Wifi siyal brouyeur, ka sa a brouyeur siyal pwisan fasil enstale ak opere.",5. Bloque efficacement les brouilleurs de signaux 3G et Wi-Fi des téléphones portables ; ce puissant brouilleur de signaux est facile à installer et à utiliser.,"5. Effectively Bloc de signal cellulaire 3G et Wifi Jammer, ce brouilleur de signal peut être facilement installé et exploité.",Bloque efficacement les signaux 3G et Wi‑Fi des téléphones portables ; ce brouilleur puissant est facile à installer et à utiliser. | Empêche efficacement les signaux 3G et Wi‑Fi des téléphones portables ; ce brouilleur de signaux puissant s’installe et s’utilise facilement.,57.93650793650793,False
323,Chanje disk demaraj la,Changer le disque de démarrage,Changer le disque d'amorçage,Changer le disque de démarrage | Modifier le disque de démarrage,83.33333333333334,True
324,Ou sonje Birye jèn dam nan magazin Nagaya nou an? Ou h ...,"Vous souvenez-vous de la jeune Birye, de notre magazine Nagaya ? Vous…",Vous souvenez-vous de Birye dames dans notre magazine Nagaya? Ou h ...,Vous vous souvenez de la jeune Birye de notre magazine Nagaya ? Vous… | Vous rappelez-vous de la jeune Birye dans notre magazine Nagaya ? Vous…,75.71428571428571,False
325,Plen mega Oscam ak kado nouvèl ane a pou OS OpenATV 5.1,Méga Oscam complet et cadeau de Nouvel An pour OS OpenATV 5.1,Plein Mega Oscam avec des cadeaux de nouvelles de l'année pour OS OpenATV 5.1,Méga Oscam complet et cadeau du Nouvel An pour OS OpenATV 5.1 | Méga Oscam plein et cadeau de Nouvel An pour OS OpenATV 5.1,78.83211678832117,False
326,Li se mask la ki gen pi piti filtrasyon nan twa (3).,Il s’agit du masque avec la filtration la plus faible des trois (3).,C'est le masque de filtration plus petit en trois (3).,le masque le moins filtrant des trois | le masque qui filtre le moins parmi les trois,63.04347826086957,False
327,Espesyal Design Papye Totem montre ki kanpe pou pwodui kosmetik,Présentoir totem en papier au design spécial pour cosmétiques,Présentoir de fourre-tout de papier de conception spéciale pour des cosmétiques,Présentoir totem en carton design spécial pour cosmétiques | Présentoir totem papier personnalisé pour cosmétiques,71.53284671532847,False
328,Jwe sou entènèt flash jwèt Fènwa Springs - ante Koloni Prizon pou gratis. pa bliye to jwèt sa a Fènwa Springs - ante Koloni Prizon epi pataje jwèt sa a ak pi bon zanmi ou yo.,Jouez gratuitement en ligne au jeu flash Dark Springs - Haunted Prison Colony. N'oubliez pas de noter le jeu et de le partager avec vos amis.,jeu flash Dark Springs - Haunted Prison Coloni gratuitement. N'oubliez pas de noter ce jeu Dark Springs - Haunted Colony Prizon et partager ce jeu avec vos meilleurs amis.,Jouez gratuitement en ligne à Dark Springs - Prison hantée. N’oubliez pas de noter ce jeu et de le partager avec vos amis. | Jouez gratuitement à Dark Springs - Colonie pénitentiaire hantée. Pensez à noter ce jeu et à le partager avec vos amis.,62.116040955631405,False
329,Wholesale 5V 2.1A Doub USB Sokèt Machin Charger adaptateur pou Telefòn mobil ki soti nan Lachin Doub USB Machin Charger Konpayi fabrikasyon yo ak Founisè - SHENCHUANG,"Chargeur de voiture double USB 5V 2,1A pour téléphones portables, en gros auprès de fabricants et fournisseurs chinois de chargeurs de voiture double USB - SHENCHUANG",Vente en gros 5V 2.1A Adaptateur de chargeur de voiture double usb pour téléphone portable de Chine Dual USB Charger Fabricants et fournisseurs - SHENCHUANG,"Chargeur voiture double USB 5V 2,1A en gros - SHENCHUANG | Chargeur allume-cigare double USB 5V 2,1A pour téléphone portable - SHENCHUANG",62.12765957446808,False
330,Komisyon sou tranzaksyon,Commission de transaction,Commission sur les transactions,commission sur transaction | frais de transaction,91.22807017543859,True
331,Hidden enfòmasyon sou maladi kè,Informations cachées sur les maladies cardiaques,Informations cachées sur les maladies cardiaques,Informations cachées sur les maladies du cœur | Informations dissimulées sur les maladies cardiaques,90.9090909090909,True
332,A2 pase yon boul atravè fè fas a zòn nan nan direksyon pou kòn lan jòn.,A2 fait passer une balle en travers de la surface de jeu vers le cône jaune.,A2 passe une balle à travers le visage de la zone vers le cône jaune.,A2 fait circuler le ballon vers le cône jaune | A2 envoie le ballon en direction du cône jaune,63.1578947368421,False
333,"Avèk eksperyans laj ak ekspètiz, Beall Industry Group se youn nan dirijan manonik 75 ajan manifaktirè yo ak Swèd. Nou gen dè santèn de wo kalifye travayè nan sèvis ou. Tanpri, asire w ke ou jwenn pri a konpetitif nimonic 75 alyaj pou vann...Plis","Fort d'une vaste expérience et d'une expertise reconnue, Beall Industry Group est l'un des principaux fabricants et fournisseurs d'alliage Nimonic 75. Nous mettons à votre service des centaines de collaborateurs hautement qualifiés. Bénéficiez d'un prix compétitif sur notre alliage Nimonic 75.","Avec une vaste expérience et expertise, Beall Industry Group est l'un des principaux fabricants et fournisseurs d'agent de nimonic 75. Nous avons des centaines de travailleurs hautement qualifiés à votre service. S'il vous plaît soyez assuré d'obtenir le prix concurrentiel nimonic 75...Plus","Fort de notre expérience et de notre savoir-faire, Beall Industry Group compte parmi les principaux fabricants et fournisseurs d’alliage Nimonic 75. Nos centaines de collaborateurs hautement qualifiés sont à votre service. Profitez d’un prix compétitif sur notre alliage Nimonic 75. | Grâce à une solide expérience et à une expertise reconnue, Beall Industry Group figure parmi les leaders des fabricants et fournisseurs d’alliage Nimonic 75. Nous mettons à votre disposition des centaines de professionnels qualifiés. Obtenez un tarif compétitif pour notre alliage Nimonic 75.",70.85514834205934,False
334,Scooby-doo! Kache objè,Scooby-Doo ! Objets cachés,Scooby-Doo! Objets cachés,Scooby-Doo ! Objets cachés | Scooby-Doo ! Cherche et trouve,96.0,True
335,"Jeneralman, la garantie se 5 ane pou use.we nòmal, ki va offertheaccessoiresof inContainer pwodwi nan gratis, si ou toujou achte nou nan 5 ane. San sa, ou bezwen peye machandiz Et la apre ou resevwa pwodwi nou yo nan bon kondisyon.","La garantie est généralement de 5 ans pour une utilisation normale. Nous offrons gratuitement les accessoires des produits inContainer si vous les achetez chez nous dans les 5 ans. Dans le cas contraire, les frais de port et de retour sont à votre charge après réception des produits en bon état.","En règle générale, la garantie est de 5 ans pour l'utilisation.we normale, qui offrira les produits en container gratuitement, si vous achetez toujours nous en 5 ans. En outre, vous devez payer le fret et après avoir reçu nos produits en bon état.","La garantie est généralement de 5 ans pour une utilisation normale. Les accessoires des produits inContainer sont fournis gratuitement si vous achetez chez nous dans les 5 ans. Sinon, les frais d’expédition et de retour restent à votre charge après réception des produits en bon état. | En règle générale, la garantie est de 5 ans pour un usage normal. Nous fournissons gratuitement les accessoires des produits inContainer pour tout achat effectué chez nous dans un délai de 5 ans. À défaut, les frais de port et de retour sont à votre charge après réception des produits en bon état.",63.1578947368421,False
336,Star lagè pou granmoun,Star Wars pour adultes,Star Wars pour adultes,Star Wars pour adultes | La guerre des étoiles pour adultes,100.0,True
337,Sputtering sib pou kouch,Cible de pulvérisation pour revêtement,Cible de pulvérisation pour le revêtement,cible de pulvérisation pour revêtement | cible de projection pour revêtement,96.20253164556962,True
338,"ALTITUDE - Dron an nan mini-gwosè vini ak mòd altitid kenbe, hover fè kontwòl la plis ki estab.",ALTITUDE - Ce mini-drone est équipé d'un mode de maintien d'altitude et d'un mode de vol stationnaire pour une meilleure stabilité de contrôle.,"ALTITUDE - Le Dron de mini-taille est livré avec le mode d'altitude de maintien, hover effectue le contrôle plus stable.",ALTITUDE - Ce mini-drone dispose d’un maintien d’altitude et d’un vol stationnaire pour une meilleure stabilité de pilotage. | ALTITUDE - Ce mini-drone est doté d’un mode de maintien d’altitude et d’un mode stationnaire pour un contrôle plus stable.,63.33333333333333,False
339,Ki montre tout rezilta 3,Affichage des 3 résultats,Afficher tous les 3 résultats,Afficher les 3 résultats | Voir les 3 résultats,90.56603773584906,True
340,Otomatik Klas: plen otomatik,Niveau d'automatisation : entièrement automatique,Qualité automatique: automatique complet,entièrement automatique | mode entièrement automatique,55.00000000000001,False
341,ka spiroduct 4.The oswa adezif kare dwe konekte dirèkteman nan seksyon yo ki pou enstalasyon fasil.,4. Le conduit spiralé ou le conduit carré peuvent être connectés directement aux sections pour une installation facile.,Le spiroduct 4.The ou le conduit carré peuvent être reliés directement dans les sections pour une installation facile.,Le conduit spiralé ou le conduit carré peuvent être raccordés directement aux sections pour faciliter l’installation. | Le conduit spiralé ou le conduit carré peut être relié directement aux sections afin de simplifier la pose.,75.74468085106383,False
342,[1] Li vwayaje sou latè pou jwenn èd pou rekonstriksyon kapital ayisyen an.,[1] Il a parcouru le monde pour chercher de l’aide pour la reconstruction de la capitale haïtienne.,Il voyage sur la terre pour obtenir de l'aide pour la reconstruction de la capitale haïtienne.,Il a fait le tour du monde pour obtenir de l’aide à la reconstruction de la capitale haïtienne | Il a parcouru le monde afin de जुटer du soutien pour rebâtir la capitale haïtienne,81.91489361702128,True
343,"Gwosès Pou US FDA a, liothyronine se kategori kòm Gwosès Kategori A. Òmòn idrolyom a minimal transfere nan fetis la oswa plasenta, sepandan kòm nan mwa Oktòb 2014, syans pa te montre okenn efè negatif nan fetis la. Manman Hypothyroid ta dwe kontinye pran terapi ranplasman òmòn nan tout gwosès pou evite evènman negatif.","Grossesse : Aux États-Unis, la FDA classe la liothyronine dans la catégorie A. L’hydrolysat hormonal passe en très faible quantité dans le fœtus et le placenta ; cependant, en octobre 2014, les études n’avaient mis en évidence aucun effet indésirable sur le fœtus. Les femmes souffrant d’hypothyroïdie doivent poursuivre leur traitement hormonal substitutif pendant toute la grossesse afin d’éviter tout effet indésirable.","La grossesse pour les États-Unis de la FDA, la Liothyronine est la catégorie comme catégorie A. L'hormone hydrolumée est transmise minimum dans le fœtus ou le lieu, cependant, en octobre 2014, la science n'a pas montré aucun effet négatif dans le fœtus. La mère de l'hypothyroïdie doit continuer à prendre un traitement de remplacement de l'hormone dans la grossesse pour éviter les événements négatifs.","Grossesse : Aux États-Unis, la FDA classe la liothyronine dans la catégorie A. L’hormone traverse très peu le placenta et atteint très faiblement le fœtus ; toutefois, en octobre 2014, aucune étude n’avait mis en évidence d’effet nocif sur le fœtus. Les femmes hypothyroïdiennes doivent poursuivre leur traitement substitutif pendant toute la grossesse afin d’éviter tout risque indésirable. | Grossesse : Selon la FDA américaine, la liothyronine est classée en catégorie A. Le passage de l’hormone vers le placenta et le fœtus est minime ; néanmoins, jusqu’en octobre 2014, les études n’avaient montré aucun effet défavorable chez le fœtus. Les patientes atteintes d’hypothyroïdie doivent maintenir leur traitement hormonal substitutif durant toute la grossesse pour prévenir toute complication.",60.297766749379655,False
344,Kalkile gaz ki nesesè epi mete lòd la.,Calculez la quantité de carburant nécessaire et passez la commande.,Calculer le gaz nécessaire et définir l'ordre.,Calculez le carburant nécessaire et passez la commande | Estimez la quantité de carburant requise et commandez-la,65.85365853658536,False
345,10 Fòm Konsèy pou dèbutan,10 conseils de remise en forme pour débutants,10 Conseils de forme pour les débutants,10 conseils fitness pour débutants | 10 astuces remise en forme pour débutants,79.45205479452055,False
346,"Se konsa, Operasyon yo navigatè dezè jwèt - li se jwèt absoliman gratis sou entènèt. Li se te jwe jwè plizyè milyon dola. Nan dènye ane yo li se rekonèt kòm youn nan jwèt yo pi bon kalite sou entènèt","Le jeu par navigateur Desert Operations est un jeu en ligne entièrement gratuit. Plusieurs millions de joueurs y jouent. Ces dernières années, il a été reconnu comme l'un des meilleurs jeux en ligne.","Ainsi, les opérations de jeu par navigateur désert - il est absolument gratuit en ligne. Il est joué plusieurs millions de joueurs. Au cours des dernières années, il est reconnu comme l'un des meilleurs jeux en ligne","Le jeu par navigateur Desert Operations est entièrement gratuit en ligne. Des millions de joueurs y jouent. Ces dernières années, il est reconnu comme l’un des meilleurs jeux en ligne. | Desert Operations est un jeu en ligne gratuit jouable sur navigateur. Il rassemble des millions de joueurs et figure parmi les meilleurs jeux en ligne de ces dernières années.",78.6967418546366,False
347,"HGH Famasi nan Bangkok bay gratis anbake nan Kore di nan òmòn kwasans imen. Sipò pou pasyan nou yo soti nan Seoul, Busan, Incheon, Daegu, Daeje ...","La pharmacie HGH de Bangkok propose la livraison gratuite d'hormone de croissance humaine en Corée. Nous accompagnons nos patients de Séoul, Busan, Incheon, Daegu, Daeje...","Pharmacie HGH à Bangkok fournir la livraison gratuite en Corée de l'hormone de croissance humaine. Soutien à nos patients de Séoul, Busan, Incheon, Daegu, Daeje ...","La pharmacie HGH de Bangkok offre la livraison gratuite d’hormone de croissance humaine en Corée. Nous accompagnons nos patients de Séoul, Busan, Incheon, Daegu, Daeje... | La pharmacie HGH à Bangkok propose l’envoi gratuit d’hormone de croissance humaine vers la Corée. Nous soutenons nos patients de Séoul, Busan, Incheon, Daegu, Daeje...",82.31707317073172,True
348,"N. Bal pakè se yon modèl kontra enfòmèl ant, fasil yo travay sou jaden, kay la oswa fèm ak sou sa .Li se sèvi ak vlope anbale nan zèb pou depo .. bale ka magazen pou yon tan long apre anbalaj la, kenbe fre li yo ak nitrisyon. beause li ka reziste van, lapli ak nèj anba depo louvri.","L'enrubanneuse N. est un modèle compact et facile à utiliser au jardin, à la maison, à la ferme, etc. Elle sert à enrubanner les balles de foin pour le stockage. Après enrubannage, les balles peuvent être conservées longtemps, préservant leur fraîcheur et leurs qualités nutritives, car elles résistent au vent, à la pluie et à la neige, même en stockage à l'air libre.","N. Forfait Bal est un modèle compact, facile à travailler sur le terrain, la maison ou la ferme et ainsi de suite .Il est utilisé pour envelopper l'herbe pour le stockage .. balayeuse peut être stocké pendant longtemps après l'emballage, pour garder son frais et nutrition. Son beause peut résister au vent, à la pluie et à la neige sous le stockage ouvert.","L’enrubanneuse N. est un modèle compact et facile à utiliser au jardin, à la maison ou à la ferme. Elle sert à enrubanner les balles de foin pour les conserver longtemps, en gardant leur fraîcheur et leurs qualités nutritives, même en plein air. | N. est une enrubanneuse compacte et pratique, idéale pour le jardin, la maison ou la ferme. Elle permet d’emballer les balles de foin pour un stockage durable, à l’abri du vent, de la pluie et de la neige.",53.75,False
349,zgames. ru - gratis jwèt sou entènèt Tetris kuboid 3D ().,zgames.ru - jeu en ligne gratuit Tetris Cuboid 3D ().,zgames. ru - jeu gratuit en ligne Tetris Kuboid 3D ().,zgames.ru - jeu gratuit en ligne Tetris Cuboid 3D () | zgames.ru - Tetris Cuboid 3D en ligne gratuit (),96.22641509433963,True
350,Prensip ak Rekòmandasyon pou MPA yo fleksib (60 minit),Principes et recommandations pour des AMP flexibles (60 minutes),Principes et recommandations pour les AMP flexibles (60 minutes),Principes et recommandations pour des aires marines protégées flexibles (60 min) | Principes et recommandations pour des AMP souples (60 minutes),90.47619047619048,True
351,"Pousantaj mwayèn kimilatif pou kou Syans enfòmatik dwe omwen ""B"" (GPA nan 3.0) oswa pi wo.","La moyenne cumulative des cours d'informatique doit être d'au moins « B » (GPA de 3,0) ou plus.","Le taux moyen cumulatif pour les cours d'informatique doit être d'au moins ""B"" (GPA à 3,0) ou plus.","La moyenne générale cumulative des cours d’informatique doit être au moins de 3,0 (note B) | Il faut obtenir une moyenne cumulative d’au moins 3,0 (B) en informatique",71.82320441988949,False
352,"Modil sa a pral montre elèv yo kijan pou kreye, modifye, sove, ak pataje dokiman lè l sèvi avèk OneDrive pou biznis. Elèv yo ap aprann ki jan yo kreye epi ouvri kanè OneNote epi travay avèk seksyon OneNote ak paj ak kouman pou ajoute nouvo kontni nan yon nouvo OneNote page.Lessons","Ce module montrera aux étudiants comment créer, modifier, enregistrer et partager des documents à l'aide de OneDrive Entreprise. Ils apprendront à créer et ouvrir des blocs-notes OneNote, à travailler avec les sections et les pages OneNote et à ajouter du contenu à une nouvelle page OneNote.","Ce module montrera les étudiants comment créer, modifier, enregistrer et partager des documents en utilisant OneDrive pour les entreprises. Les étudiants apprendront comment créer et ouvrir des camps OneNote et travailler avec la section OneNote et page et ajouter un nouveau contenu à une nouvelle page OneNote.Lessons","Ce module expliquera aux étudiants comment créer, modifier, enregistrer et partager des documents avec OneDrive Entreprise. Ils apprendront aussi à créer et ouvrir des blocs-notes OneNote, à utiliser les sections et les pages OneNote, et à ajouter du contenu à une nouvelle page OneNote. | Ce module présentera aux étudiants comment créer, modifier, enregistrer et partager des documents grâce à OneDrive Entreprise. Ils verront également comment créer et ouvrir des carnets OneNote, travailler avec les sections et les pages OneNote, et ajouter du contenu à une nouvelle page OneNote.",81.43322475570032,True
353,"pi gwo digital TV operatè Larisi a ""Tricolor televizyon"" kontinye kanpay gwo-echèl sa yo konbat piratage nan Larisi ak peyi CIS. Pandan peryòd pou rapòte a, ofisye polis louvri 21 pwosedi administratif ak 13 ka kriminel an koneksyon avèk vyolasyon an nan dwa ""Tricolor televizyon"", operatè manyen bloke plis 900 Resous entènèt. Efikasite nan kanpay la anti-piratage fè pwomosyon travay la nan ajans ki fè respekte lalwa, osi byen ke chanjman pozitif nan ki fè respekte lalwa.","Le principal opérateur de télévision numérique russe, « Tricolor TV », poursuit sa vaste campagne de lutte contre le piratage en Russie et dans les pays de la CEI. Au cours de la période considérée, les forces de l'ordre ont ouvert 21 procédures administratives et 13 poursuites pénales pour violation des droits de « Tricolor TV », et l'opérateur a bloqué plus de 900 ressources Internet. L'efficacité de cette campagne antipiratage contribue au travail des forces de l'ordre et à l'évolution positive de la législation en la matière.","Le plus grand opérateur de télévision numérique de la Russie « Tricolor TV » continue ces campagnes à grande échelle pour lutter contre le piratage en Russie et dans les pays de la CEI. Au cours de la période donnée, les officiers de police ont ouvert 21 procédures administratives et 13 peuvent être pris en relation avec la violation des droits « Tricolor TV », les opérateurs ont touché plus 900 ressources sur Internet. Efficacité de la campagne anti-piraterie favorise le travail des agences qui respectent la loi, ainsi que le changement positif qui respecte la loi.","Le principal opérateur russe de télévision numérique, « Tricolor TV », poursuit sa vaste offensive contre le piratage en Russie et dans les pays de la CEI. Au cours de la période considérée, les autorités ont engagé 21 procédures administratives et 13 affaires pénales pour atteinte aux droits de « Tricolor TV », tandis que l’opérateur a fait bloquer plus de 900 sites et ressources en ligne. Cette campagne antipiratage porte ses fruits grâce au travail des forces de l’ordre et à l’amélioration du cadre juridique | « Tricolor TV », premier opérateur russe de télévision numérique, continue de mener une large campagne contre le piratage en Russie et dans l’espace de la CEI. Sur la période étudiée, 21 procédures administratives et 13 poursuites pénales ont été ouvertes pour violation des droits de « Tricolor TV », et plus de 900 ressources Internet ont été bloquées. Le succès de cette lutte antipiratage s’explique par l’action des services de police et par des avancées positives dans la législation.",66.54445462878094,False
354,"Mwatye mask, sa vle di ki kouvri manton, nen ak bouch, kalite mask sa a respekte sèten nòm ak tès efikasite.","Les demi-masques, c'est-à-dire ceux qui couvrent le menton, le nez et la bouche, sont conformes à certaines normes et tests d'efficacité.","Demi-masque, c'est-à-dire couvrant le menton, le nez et la bouche, ce type de masque respecte certains normes et les tests d'efficacité.","Les demi-masques, qui couvrent le menton, le nez et la bouche, répondent à certaines normes et à des tests d’efficacité. | Les demi-masques, couvrant le menton, le nez et la bouche, sont conformes à des normes et à des essais d’efficacité.",78.125,False
355,"Lachin otomatik soufle pwodiksyon liy Fabricants, ke founisè ak faktori - en pwodwi - Youbest pou soude Ltd","Fabricants, fournisseurs et usine de lignes de production de moulage par soufflage automatique en Chine - Produits en gros - Youbest Welding Ltd","Chine automatique tuyauterie ligne de production fabricants, fournisseurs et usine - vente en gros de produits - Youbest Welding Ltd","Fabricants, fournisseurs et usine de lignes de production de soufflage automatique en Chine - Produits en gros - Youbest Welding Ltd | Fabricants, fournisseurs et usine de lignes de production de moulage par soufflage automatique en Chine - Vente en gros - Youbest Welding Ltd",63.70967741935484,False
356,"0.7, dèfinition de Google, minè, plis lang, liberasyon, UI, WordPress Plugin","0.7, définition Google, mineure, plus de langues, version, interface utilisateur, plugin WordPress","0.7, la définition de Google, mineur, plus de langues, parution, interface utilisateur, plugin WordPress","0,7, définition Google, mineure, plus de langues, version, interface utilisateur, extension WordPress | 0,7, définition Google, mineure, davantage de langues, version, interface utilisateur, plugin WordPress",86.82926829268293,True
357,Zhejiang Suote machin koud machin mekanis Ltd,Zhejiang Suote Sewing Machine Mechanism Ltd,Zhejiang Suote machine mécanisme de couture Ltd,Zhejiang Suote Mécanismes de machines à coudre SARL | Zhejiang Suote Mécanismes de couture SARL,84.0909090909091,True
358,"Linkun se youn nan manifaktirè yo ki mennen Lachin Chodyè Tib ak Swèd, si ou vle achte oswa enpòte pi bon tib wo-wo kalite asye tib pou chofaj jis g3462 pwofesyonèl konpayi, faktori, vandè, ak ekspòtatè, oswa si w ap tcheke mak asye, tanpri santi yo lib pou kontakte nou.","Linkun est l'un des principaux fabricants et fournisseurs de tubes de chaudière en Chine. Si vous souhaitez acheter ou importer des tubes en acier de haute qualité pour chaudières, contactez Linkun, entreprise professionnelle, usine, vendeur et exportateur spécialisé dans le G3462. Si vous recherchez des marques d'acier, n'hésitez pas à nous contacter.","Linkun est l'un des principaux fabricants et fournisseurs de tubes de chaudière en Chine, si vous voulez acheter ou importer le meilleur tube en acier de haute qualité pour le chauffage juste g3462 entreprise professionnelle, usine, vendeur et exportateur, ou si vous vérifiez les marques d'acier, n'hésitez pas à nous contacter.","Linkun compte parmi les principaux fabricants et fournisseurs de tubes de chaudière en Chine. Pour l’achat ou l’importation de tubes en acier de haute qualité pour chaudières, n’hésitez pas à contacter Linkun, entreprise professionnelle, usine, fournisseur et exportateur spécialisé dans le G3462. | Linkun est l’un des leaders chinois dans la fabrication et la fourniture de tubes de chaudière. Si vous recherchez des tubes en acier haut de gamme pour chaudières ou des marques d’acier, contactez-nous sans hésiter.",70.11308562197091,False
359,GIMP kapab toujou telechaje GRATIS sou la paj ofisyèl GIMP sit wèb downloads isit la. Gen lòt sit ki repake GIMP ak vann li - ki se parfe legal - men pwogram lan se toujou disponib pou gratis.,"GIMP peut toujours être téléchargé gratuitement depuis la page de téléchargement du site officiel de GIMP, ici. D'autres sites proposent GIMP sous un autre format et le vendent (ce qui est parfaitement légal), mais le logiciel reste disponible gratuitement.",GIMP peut toujours être téléchargé gratuitement sur la page officielle de téléchargements GIMP ici. Il y a d'autres sites qui ont repris GIMP et le vend - qui est parfaitement légal - mais le programme est toujours disponible gratuitement.,"GIMP peut toujours être téléchargé gratuitement sur la page de téléchargement du site officiel, ici. D’autres sites le redistribuent et le vendent — ce qui est tout à fait légal — mais le logiciel reste disponible gratuitement. | GIMP est toujours téléchargeable gratuitement depuis la page de téléchargement du site officiel, ici. Certains sites le proposent sous une autre forme et le commercialisent (ce qui est parfaitement légal), mais le programme demeure gratuit.",76.82403433476395,False
360,detèmine pwogram ak rekritman atis pou konsè yo.,Élaboration du programme et recrutement des artistes pour les concerts.,déterminer les programmes et le recrutement d'artistes pour les concerts.,Élaboration du programme et sélection des artistes pour les concerts | Conception du programme et recrutement des artistes pour les concerts,83.82352941176471,True
361,Mikwoskòp Objektif konesans nan Mai a ...,Connaissance des objectifs du microscope...,Connaissance de l'objectif du microscope à Mai ...,Connaissance des objectifs du microscope | Compréhension des objectifs du microscope,86.02150537634408,True
362,Customized konsepsyon pkb tablo FR4 enprime sikwi,Conception de circuit imprimé personnalisée (PCB) FR4,Conception personnalisée carte PCB FR4 imprimé circuit,Conception de PCB FR4 sur mesure | Circuit imprimé FR4 personnalisé,64.58333333333333,False
363,"Lachin Psa Endistriyèl Oksijèn dèlko Konpayi fabrikasyon, Founisè, faktori, ekspòtatè, Machann - Zhejiang Yuanda Air Separasyon Ekipman co, Ltd","Fabricants, fournisseurs, usine, exportateur, vendeur de générateurs d'oxygène industriels PSA en Chine - Zhejiang Yuanda Air Separation Equipment Co., Ltd.","Chine Psa générateur d'oxygène industriel fabricants, fournisseurs, usine, exportateurs, vendeur - Zhejiang Yuanda Air séparation Equipment Co., Ltd","Fabricant, fournisseur, usine et exportateur de générateurs d’oxygène industriels PSA en Chine - Zhejiang Yuanda Air Separation Equipment Co., Ltd. | Générateurs d’oxygène industriels PSA en Chine : fabricant, fournisseur, usine, exportateur et vendeur - Zhejiang Yuanda Air Separation Equipment Co., Ltd.",85.13513513513513,True
364,Biyografi ranje pou Jude Celestin Jude Celestin retire nan dezyèm tou eleksyon prezidansyèl yo an 2011,Biographie de Jude Celestin. Jude Celestin s'est retiré du second tour des élections présidentielles de 2011.,Biographie arrangé pour Jude Celestin Jude Céestin retiré de la deuxième tour des élections présidentielles en 2011,Biographie de Jude Celestin. Jude Celestin s’est retiré du second tour de l’élection présidentielle de 2011 | Jude Celestin : biographie. Il s’est retiré du second tour de la présidentielle de 2011,78.37837837837837,False
365,"Ningbo MH Industry co, Ltd se yon konpayi dirijan ki espesyalize nan dantèl brode. Jiska fen 2006, nou gen plis pase 40 kouche nan machin brode navèt ak seri 600 nan avanse milti-tèt brode machin.","Ningbo MH Industry Co., Ltd. est une entreprise leader spécialisée dans la broderie de dentelle. Fin 2006, nous disposions de plus de 40 machines à broder à navette et de 600 machines à broder multi-têtes de pointe.","Ningbo MH Industry Co., Ltd est une entreprise leader spécialisée dans la dentelle de broderie. Jusqu'à la fin de 2006, nous avons plus de 40 ensembles de machines à broder et la série 600 de machines à broder multi-top avancées.","Ningbo MH Industry Co., Ltd. est une société de premier plan spécialisée dans la broderie de dentelle. À la fin de 2006, nous disposions de plus de 40 machines à broder à navette et de 600 machines à broder multi-têtes de pointe. | Ningbo MH Industry Co., Ltd. est un acteur majeur spécialisé dans la broderie de dentelle. Fin 2006, nous avions plus de 40 machines à broder à navette et 600 machines à broder multi-têtes avancées.",78.68852459016394,False
366,RA Feuille ED Feuille retire rad manifaktirè - Lachin,Fabricant de systèmes de décollage de feuilles RA ED - Chine,Fabricants de vêtements de feuille ED - Chine,Fabricant de systèmes de décollement de feuilles RA ED - Chine | Fabricant de systèmes de séparation de feuilles RA ED - Chine,71.11111111111111,False
367,Prezans nan filtè diferan,Présence de différents filtres,Présence des différents filtres,Présence de filtres variés | Existence de plusieurs filtres,76.0,False
368,W Doub Sòti Oblije chanje pouvwa Pwovizyon pou ir-100W,Alimentation à découpage double sortie IR-100W,W double sortie de commutation d'alimentation IR-100W,Alimentation à découpage double sortie IR-100W | Bloc d’alimentation à découpage double sortie IR-100W,60.37735849056604,False
369,Li konekte li ak USB,Il se connecte à un port USB.,Connectez-le avec USB,Il se branche sur un port USB. | Il se connecte via USB.,73.6842105263158,False
370,"Egzamen an: Chimik Eleman analiz, pwopriyete mekanik (Ultim rupture fòs, Sede fòs, Pwolonjman), Pwopriyete Teknik (plat egzamen, egzamen banday, Kònen Egzamen, Enpak Tès), Eksteryè Size Enspeksyon, idrostatik egzamen an.","Tests : Analyse des éléments chimiques, propriétés mécaniques (résistance à la traction ultime, limite d’élasticité, allongement), propriétés techniques (essai de planéité, essai de pliage, essai de soufflage, essai de choc), contrôle des dimensions externes, essai hydrostatique.","Test: Analyse des composants chimiques, propriétés mécaniques ( résistance à la traction de l'Ultim, résistance à la traction, Elongation), Propriétés techniques (examen plat, test de flexion, test de soufflage, Test d'impact), Taille d'inspection externe, test hydrostatique.","Essais : analyse chimique, caractéristiques mécaniques (résistance à la traction, limite d’élasticité, allongement), essais techniques (planéité, pliage, soufflage, choc), contrôle des dimensions extérieures, essai hydrostatique | Contrôles : composition chimique, propriétés mécaniques (résistance ultime, limite de rupture, allongement), essais de conformité technique (aplatissement, cintrage, expansion, impact), vérification des dimensions externes, test hydrostatique",64.9706457925636,False
371,Jwe gratis jwèt sou entènèt. Hey Arnold Jwèt Hey Arnold san yo pa enskripsyon an. Hey Arnold.,Jouez gratuitement à des jeux en ligne. Jeu Hey Arnold. Jouez à Hey Arnold sans inscription. Hey Arnold.,Jouez à des jeux gratuits en ligne. Hey Arnold Game Hey Arnold sans inscription. Hey Arnold.,Jouez gratuitement à des jeux en ligne. Jeu Hey Arnold. Jouez à Hey Arnold sans inscription. Hey Arnold. | Jouez gratuitement à des jeux en ligne. Jeu Hey Arnold. Jouez à Hey Arnold sans inscription. Hey Arnold.,84.26966292134833,True
372,Nouvo rekòmanse Mekanis,Nouveau mécanisme de redémarrage,Nouveau mécanisme de redémarrage,nouveau mécanisme de relance | nouveau système de redémarrage,84.21052631578947,True
373,Istanbul Kat Smart pral nan sant la nan Istanbul,Istanbul Smart Card sera située au centre d'Istanbul.,Carte à puce Istanbul sera au centre d'Istanbul,La carte Istanbul sera au centre d’Istanbul | La carte intelligente d’Istanbul sera située au cœur d’Istanbul,86.66666666666667,True
374,"Julia fwote Oktòb 14, 2014 nan 9:38 menm Reply","Julia Rub, le 14 octobre 2014 à 9h38 : Répondre","Julia Rubbed octobre 14, 2014 à 9:38 un m Répondre","Julia, le 14 octobre 2014 à 9h38 : Répondre | Julia, le 14 octobre 2014 à 9h38 : Répondre",77.41935483870968,False
375,7. te itilize pou pwodiksyon pangoods.,7. utilisé pour la production de pangoodes.,7. utilisé pour la production de pangoods.,utilisé pour fabriquer des pangoods | destiné à la production de pangoods,81.08108108108108,True
376,"3. te reskonsab kapab D' nòmal koze an avans sou ekran touche a kèk, oubyen dirèk D' likid fòmil nan konpitè a.",3. Le contrôleur peut saisir des mots normaux à l'avance sur l'écran tactile ou entrer directement des formules liquides dans l'ordinateur.,"3. contrôleur peut être normal d’imagerie causée à l’avance sur l’écran tactile de certains, ou la formule de liquide d’oxydation directe de l’ordinateur.",Le responsable peut saisir des mots normaux à l’avance sur l’écran tactile ou entrer directement des formules liquides dans l’ordinateur. | Le contrôleur peut taper des mots usuels à l’avance sur l’écran tactile ou saisir directement des formules liquides dans l’ordinateur.,69.23076923076923,False
377,"Forest Chimik Terpineol Cas.98-55-5 Terpineol se lajman ki itilize pou Solvent pou etilikululoz, plastifyan pou rèsine èpoksi, parfen, elektwonik Cleaner (Flat Display Panel Industries, PDP) Terpineol se yon melanj de tèrpè alkòl.Terpineol LFP.Se medikal itilize ak parfen ki sòti nan hydrasyon an nan pinèn alfa oswa...","Le terpinéol (CAS 98-55-5) de Forest Chemical est largement utilisé comme solvant pour l'éthylcellulose, plastifiant pour résine époxy, parfum et nettoyant pour écrans plats (PDP). C'est un mélange d'alcools terpéniques. Le terpinéol LFP est utilisé en médecine et comme parfum, dérivé de l'hydratation de l'alpha-pinène.","Terpinéol chimique Cas.98-55-5 Terpineol est largement utilisé pour le solvant pour l'éthylcellulose, plastifiant pour le reste époxy, le parfum, l'électronique nettoyeur (Industries du panneau d'affichage sous vide, PDP) Le terpinéol est un mélange de thermostations alcoolisées.Terpineol LFP.S. est un...","Le terpinéol Forest Chemical (CAS 98-55-5) est largement utilisé comme solvant pour l’éthylcellulose, plastifiant pour résines époxy, parfum et nettoyant pour écrans plats (PDP). C’est un mélange d’alcools terpéniques. Le terpinéol LFP est utilisé en médecine et en parfumerie, dérivé de l’hydratation de l’alpha-pinène. | Le terpinéol Forest Chemical (CAS 98-55-5) sert couramment de solvant pour l’éthylcellulose, de plastifiant pour résines époxy, de composant de parfum et de nettoyant pour panneaux d’affichage plats (PDP). Il s’agit d’un mélange d’alcools terpéniques. Le terpinéol LFP est employé en médecine et en parfumerie, obtenu par hydratation de l’alpha-pinène.",68.00731261425959,False
378,Sunday: dimanch Now: kounye a Yesterday: yè,Dimanche : dimanche Maintenant : maintenant Hier : hier,Sunday: dimanche maintenant: Yesterday: hier,dimanche maintenant hier | dimanche à présent hier,70.58823529411764,False
379,"Memwa kat, modil","Carte mémoire, module","Carte mémoire, module",carte mémoire | module mémoire,90.47619047619048,True
380,telefòn: sou demann,téléphone : sur demande,téléphone: sur demande,sur demande | à la demande,66.66666666666667,False
381,Scooby avanti - Grenpe Cave - nan Episo,Scooby-Doo : L'Aventure - Escalade de la grotte - Épisode,Scooby aventure - Grenpe Cave - dans Épiso,Scooby-Doo : L’aventure - L’escalade de la grotte - L’épisode | Scooby-Doo : L’aventure - L’ascension de la grotte - Épisode,60.97560975609756,False
382,"[1] Nan menm jou a, Minis Federal pou granmoun aje, Deb Schulte, te di tou ke li ta ""gen plis bon konprann"" pou pa vizite granmoun aje si ou santi ou malad oswa ou gen sentòm kowonaviris la.[2] Minis Federal Touris,Melanie Joly, te deklare jounalis yo nan Ottawa menm jou a ke li te pale ak CEO WestJet ak Air Kanada yo ka resevwa yon pi bon lide sou defi yo fè fas a.","[1] Le même jour, la ministre fédérale des Aînés, Deb Schulte, a également déclaré qu’il serait « plus prudent » de ne pas rendre visite aux aînés si l’on se sent malade ou si l’on présente des symptômes du coronavirus.[2] La ministre fédérale du Tourisme, Mélanie Joly, a déclaré aux journalistes à Ottawa le même jour qu’elle s’était entretenue avec les PDG de WestJet et d’Air Canada pour mieux comprendre les défis auxquels ils sont confrontés.","Le même jour, le ministre fédéral des personnes âgées, Deb Schulsi, a déclaré qu'il serait «il y a plus de sagesse » pour ne pas visiter les personnes âgées si vous vous sentez malade ou avoir des symptômes du coronavirus[14]. Le ministre fédéral du Tourisme,Melanie Joly, a déclaré les journalistes à Ottawa le même jour qu'il a parlé au PDG de WestJet et Air Canada pour obtenir une meilleure idée sur les défis du visage.","Le même jour, la ministre fédérale des Aînés, Deb Schulte, a aussi indiqué qu’il serait « plus sage » d’éviter de rendre visite aux aînés si l’on se sent malade ou si l’on présente des symptômes du coronavirus. | Ce même jour à Ottawa, la ministre fédérale du Tourisme, Mélanie Joly, a déclaré aux journalistes qu’elle avait discuté avec les PDG de WestJet et d’Air Canada afin de mieux cerner les difficultés auxquelles ils font face.",68.27503015681545,False
383,Modere bwè Rèduit Risk pou demans,Une consommation modérée d'alcool réduit le risque de démence.,Moder boire des risques de démence conduit,Une consommation modérée d’alcool diminue le risque de démence | Boire avec modération réduit le risque de démence,65.67164179104478,False
384,Sètifika de analiz,Certificat d'analyse,Certificat d'analyse,certificat d’analyse | attestation d’analyse,95.0,True
385,"Malgre ke, menm jan mwen sèvi ak li, Mwen si mwen sèlman ap kontinye pou twouble w, Paske, m' ap ekri anpil sou dèyè l.","Mais, en l'utilisant, je suis sûre que je ne ferai que vous embrouiller davantage, car j'écrirai beaucoup à ce sujet.","Bien que, comme je l'utilise, Je vais juste continuer à vous troubler, parce que je vais écrire beaucoup sur elle.","Mais, en l’utilisant, je suis sûre que je ne ferai que vous embrouiller davantage, car j’en écrirai beaucoup. | En l’employant, je suis sûre que je ne ferai qu’ajouter à votre confusion, car j’en parlerai longuement.",57.01754385964912,False
386,De- Repiblik tchèk,Deux- République tchèque,De- République tchèque,Deuxième République tchèque | République tchèque,92.6829268292683,True
387,15-01-2009 Hits: 36580 Atake faz ki genyen nan Jwe Darren Pitfield,15-01-2009 Vues : 36 580 Attaque de la phase gagnante du jeu de Darren Pitfield,15-01-2009 Clics: 36580 Phases d'attaque de Lecture Darren Pitfield,Attaque décisive de Darren Pitfield | Phase gagnante du jeu de Darren Pitfield,60.71428571428572,False
388,Marmara Inivèsite Enfòmasyon sou Depatman Processing,Département de traitement de l'information de l'Université de Marmara,Marmara University Information Département de traitement,Département de traitement de l’information de l’Université de Marmara | Service de traitement de l’information de l’Université de Marmara,61.728395061728406,False
389,Tinèl la Chèn,Le tunnel sous la Manche,le tunnel sous la Manche,le tunnel sous la Manche | le tunnel sous la Manche,100.0,True
390,Antiviruses Lojisyèl an antivirus jwenn ak efase dosye yo danjere. Lojisyèl an sèvi ak divès kalite motè antivirus nan pwoteje zòn ki diferan nan sistèm nan.,Les antivirus détectent et suppriment les fichiers malveillants. Ils utilisent différents moteurs antivirus pour protéger différentes parties du système.,Le logiciel antivirus pour protéger les fichiers dangereux. Le logiciel utilise les différents moteurs antivirus pour protéger les différents domaines du système.,Les antivirus détectent et suppriment les fichiers malveillants. Ils utilisent différents moteurs antivirus pour protéger différentes parties du système. | Les logiciels antivirus repèrent et éliminent les fichiers dangereux. Ils s’appuient sur plusieurs moteurs antivirus pour protéger les différentes zones du système.,78.63777089783281,False
391,PRAGUE: Toune ansanm yon pon medyeval nan solèy kouche,PRAGUE : Flânez sur un pont médiéval au coucher du soleil,PRAGUE: Tournez un pont médiévale à l'ouest,Promenez-vous sur un pont médiéval au coucher du soleil | Baladez-vous sur un pont médiéval au crépuscule,64.28571428571428,False
392,"tiwa de lasokle mobil, te kapab tout depo a","tiroir de la serrure mobile, pourrait être tout le rangement","Les tiroirs de lasokle mobile, pourraient tous le dépôt",le tiroir de la serrure mobile | le tiroir du verrou mobile,65.21739130434783,False
393,vidèo poutèt yo resevwa: 06:44,Vidéo reçue à 06:44,durée de la vierge : 06:44,Vidéo reçue à 06:44 | Vidéo reçue à 6 h 44,53.333333333333336,False
394,"Nan ane 1960 yo, pwoblèm nan te difize pa matematisyen Shizuo Kakutami nan inivèsite Yale ak Chicago .","Dans les années 1960, le problème a été popularisé par le mathématicien Shizuo Kakutami aux universités de Yale et de Chicago.","Dans les années 1960, le problème a été diffusé par des mathématiciens Shizuo Kakutami à l'université Yale et Chicago.","Dans les années 1960, le problème a été rendu célèbre par le mathématicien Shizuo Kakutani à Yale et à Chicago | Dans les années 1960, le mathématicien Shizuo Kakutani a contribué à faire connaître ce problème dans les universités de Yale et de Chicago",84.21052631578947,True
395,"Dragon jwèt sou entènèt, jwe dragon, dragon flash jwèt, jwèt, dragon, dragon sou entènèt jwèt, sou entènèt dragon","Jeux de dragons en ligne, jouer aux dragons, jeux flash de dragons, jeux, dragons, jeux de dragons en ligne, dragons en ligne","Dragons jeux en ligne, jouer au dragon, jeux flash dragon, jeux, Dragons, jeux en ligne Dragons, Dragons en ligne","jeux de dragons en ligne, jouer aux dragons, jeux flash de dragons, jeux, dragons, jeux de dragons en ligne, dragons en ligne | jeux de dragons en ligne, jeux de dragons, jeux flash de dragons, dragons en ligne, jeux en ligne, dragons, jeux de dragons",85.84070796460178,True
396,Koneksyon sou sit,Connexion au site,Connexion sur le site,Se connecter au site | Accéder au site,58.53658536585367,False
397,Kerri Demski biyografi Et Kerri Demski lis atik kategori,Biographie de Kerri Demski et liste des catégories d'articles de Kerri Demski,Biographie de Kerri Demski et liste de Kerri Demski des catégories de l'article,Biographie de Kerri Demski et liste des catégories d’articles de Kerri Demski | Biographie de Kerri Demski et catégories d’articles associées à Kerri Demski,84.89208633093526,True
398,vidèo poutèt yo resevwa: 26:28,vidéo de leur réception : 26:28,durée de la vierge : 26:28,vidéo de leur accueil | vidéo de leur arrivée,50.0,False
399,"Lachin dirije Tanporè Travay Limyè 60w 80W 100W Konpayi fabrikasyon, Founisè ak faktori - Pwodwi Wholesale - Shenzhen Guank teknoloji co, Ltd","Fabricants, fournisseurs et usine de lampes de travail temporaires LED 60 W, 80 W et 100 W en Chine - Vente en gros - Shenzhen Guank Technology Co., Ltd.","Chine LED Temporaire Work Light 60w 80W 100W fabricants, fournisseurs et usine - Produits de gros - Shenzhen Guanke Technologies Co., Ltd","Fabricants, fournisseurs et usine de lampes de chantier temporaires LED 60 W, 80 W et 100 W en Chine - Vente en gros - Shenzhen Guank Technology Co., Ltd. | Fabricants, fournisseurs et usine de projecteurs de travail temporaires LED 60 W, 80 W et 100 W en Chine - Vente en gros - Shenzhen Guank Technology Co., Ltd.",68.0672268907563,False
400,"regrèt si mwen ensiste: Men, mwen te eseye nan tout fason!!!",Excusez-moi d'insister : mais j'ai tout essayé !!!,Désolé si je insiste: Mais j'ai essayé de toute façon!!!,"Excusez-moi d’insister, mais j’ai tout essayé ! | Je suis désolé d’insister, mais j’ai vraiment tout essayé !",63.55140186915889,False
401,Vienna Underground Map Orè,Plan et horaires du métro de Vienne,Vienna Underground Map Horaires,Plan du métro de Vienne | Plan et horaires du métro viennois,54.83870967741935,False
402,Sou entènèt jwèt Vampire Hunter: koloran abiye - jwe pou gratis san yo pa enskripsyon jwèt,Jeu en ligne Chasseur de vampires : Coloriage et habillage - jouez gratuitement sans inscription,Jeu en ligne Vampire Hunter: Coloriage Dress Up - jouer gratuitement et sans inscription,Chasseur de vampires : coloriage et habillage - jeu gratuit sans inscription | Chasseur de vampires : coloriage et habillage - jouez gratuitement sans inscription,77.10843373493977,False
403,My-ip-is.com se yon sèvis ki bay adrès IP ou ak kèk plis enfòmasyon.,My-ip-is.com est un service qui fournit votre adresse IP et quelques informations supplémentaires.,My-ip-is.com est un service qui fournit votre adresse IP et quelques autres informations.,My-ip-is.com est un service qui affiche votre adresse IP et quelques informations supplémentaires. | My-ip-is.com est un service qui vous donne votre adresse IP ainsi que quelques infos en plus.,89.41176470588236,True
404,"Lachin PVDF len Rèsine founisè, manifaktirè yo ak faktori - pwodwi - Zibo Bainisi chimik co, Ltd","Fournisseurs, fabricants et usine de résines membranaires PVDF en Chine - Produits - Zibo Bainisi Chemical Co., Ltd.","La Chine PVDF Membrane Restine fournisseurs, fabricants et usine - produits - Zibo Bainisi Chemical Co., Ltd","Fournisseurs, fabricants et usine de résine PVDF en Chine - Produits - Zibo Bainisi Chemical Co., Ltd. | Fournisseurs, fabricants et usine de résines PVDF en Chine - Produits - Zibo Bainisi Chemical Co., Ltd.",74.07407407407408,False
405,Vil konstriksyon fè konplo ak Oseyan pwen de vi tou pwe Plaza de Tamaimo!!,Terrain constructible urbain avec vue sur l'océan près de la Plaza de Tamaimo !!,Les villes de construction réalisées avec vue sur l'océan près de la Plaza de Tamaimo!!,Terrain à bâtir en zone urbaine avec vue sur l’océan près de la Plaza de Tamaimo !! | Terrain constructible urbain avec vue mer à deux pas de la Plaza de Tamaimo !!,74.11764705882354,False
406,"Dezi VIPs pi bon liksye la ajans eskòt nan Barcelona, Madrid ak nan tout peyi Espay.","Desire VIPs est la meilleure agence d'escortes de luxe à Barcelone, Madrid et dans toute l'Espagne.","Desire-Vips le meilleur agence d'escorte de luxe à Barcelone, Madrid et dans toute l'Espagne.","Desire VIPs est la meilleure agence d’escortes de luxe à Barcelone, Madrid et dans toute l’Espagne | Desire VIPs, l’agence d’escortes de luxe de référence à Barcelone, Madrid et partout en Espagne",89.24731182795699,True
407,"Achte Aime Facebook, oubyen menm Fanatik paj pou piblikasyon ou yo, men tou pou Kòmantè Ak Pwen de vi wofil ou ak Facebook PAJ pwal pèmèt nou amelyore nivo konfyans ou nan mitan moun entènèt ak konsa ogmante sa konpayi ou, ni estati ou sou liy.","L'achat de « J'aime » Facebook, voire de fans de page pour vos publications, mais aussi de commentaires et de vues sur votre profil et votre page Facebook, vous permettra d'améliorer votre niveau de confiance auprès des internautes et ainsi d'accroître la notoriété de votre entreprise ou votre statut en ligne.","Acheter des Likes Facebook, ou même des pages Ventilateurs pour vos publications, mais aussi pour Commentaires et Vues de votre profil avec Facebook PAJ vous permettra d'améliorer votre niveau de confiance parmi les utilisateurs de l'Internet et augmenter ainsi votre entreprise ou votre statut en ligne.","Acheter des likes Facebook, voire des fans pour vos publications, ainsi que des commentaires et des vues sur votre profil et votre page Facebook, vous aidera à renforcer votre crédibilité auprès des internautes et à accroître la visibilité de votre entreprise ou de votre statut en ligne. | Acheter des likes Facebook, des fans pour vos publications, mais aussi des commentaires et des vues sur votre profil et votre page Facebook, vous permettra de gagner en crédibilité auprès des internautes et d’améliorer la notoriété de votre entreprise ou de votre présence en ligne.",72.35494880546075,False
408,Mezi: 50 20--50mm. Dimansyon yo entèn nan kabin yo gen okenn kim. Kim a rete 50mm chak bò ak plafon andedan modèl la.,Dimensions : 50 x 20 x 50 mm. Les dimensions intérieures des cabines sont données sans la mousse. La mousse est prévue sur 50 mm de chaque côté et au plafond à l’intérieur de la maquette.,Mesure: 50 à 20 mm. Les dimensions internes des cabines ont une mousse. La mousse reste 50 mm chaque côté et le plafond à l'intérieur du modèle.,Dimensions : 50 x 20 x 50 mm. Les dimensions intérieures des cabines sont indiquées hors mousse. La mousse est prévue sur 50 mm de chaque côté et au plafond à l’intérieur de la maquette. | Dimensions : 50 x 20 x 50 mm. Les cotes intérieures des cabines sont données sans la mousse. La mousse est prévue sur 50 mm sur les côtés et au plafond à l’intérieur du modèle.,77.08333333333334,False
409,"BBA Bakery Zouti se youn nan pi bon manifaktirè yo Ris Ris ak Swèd nan Lachin ak ekipe ak yon pwofesyonèl Nerjaveèi asye russian russian 10 petal leve pwodui patisri tapi kawotchou konsèy glas kouche pou dekorasyon gato dekorasyon gato, Byenveni nan achte rabè ak wholesale dernye wilton ak boulanjri lide Nerjaveèi asye russian russian 10 petal rose tip patisri ajutaj konsèy jivraj kouche pou decoration gato pen soti nan faktori nou an.","BBA Bakery Tools est l'un des meilleurs fabricants et fournisseurs de douilles russes en Chine et propose un ensemble professionnel de douilles à pâtisserie russes à 10 pétales en acier inoxydable avec embouts en caoutchouc pour la décoration de gâteaux. Bienvenue pour acheter à prix réduit et en gros les dernières nouveautés Wilton et idées de pâtisserie, ensemble de douilles à pâtisserie russes à 10 pétales en acier inoxydable avec embouts en caoutchouc pour la décoration de gâteaux directement de notre usine.","BBA Bakery Tools est l'un des meilleurs fabricants et fournisseurs russes en Chine et équipé d'un professionnel en acier inoxydable russe 10 pétales soulever des produits partisserie tapis en caoutchouc pour la décoration de gâteau de décoration de gâteau, bienvenue à acheter discount et en gros plus récent wilton et boulangerie idées russe en acier inoxydable 10 pétale rose de type pâtisserie conseils de givrage pour la décoration de gâteau de gâteau de notre usine.",BBA Bakery Tools fait partie des meilleurs fabricants et fournisseurs de douilles russes en Chine et propose un ensemble professionnel de douilles russes à 10 pétales en acier inoxydable avec embouts en caoutchouc pour la décoration de gâteaux. | BBA Bakery Tools compte parmi les meilleurs fabricants et fournisseurs de douilles russes en Chine et offre un ensemble professionnel de douilles à pâtisserie russes à 10 pétales en acier inoxydable avec embouts en caoutchouc pour décorer les gâteaux.,61.23348017621145,False
410,(4) Egzanp ki disponib.,(4) Échantillons disponibles.,(4) Échantillon disponible.,Échantillons disponibles | Des échantillons sont disponibles,88.0,True
411,"7 lang angle, Chinwa, Arabic ak lang yo si ou vle ..","7 langues : anglais, chinois, arabe et langues optionnelles.","7 langues anglais, chinois, arabe et les langues optionnelles ..","7 langues : anglais, chinois, arabe et autres langues optionnelles | 7 langues : anglais, chinois, arabe et langues facultatives",90.625,True
412,"Desanm 18, 2017 nan 7:52 kèk",18 décembre 2017 à 7h52,"Décembre 18, 2017 à 7:52 un peu",18 décembre 2017 à 7h52 | le 18 décembre 2017 à 7h52,74.57627118644068,False
413,sgames.org -. Gratis jwèt sou entènèt Fisher ti fi (),sgames.org - jeu en ligne gratuit Fisher girl ().,jeu flash Fisher fille gratuitement. N'oubliez pas de noter ce jeu Fisher fille et partager ce jeu avec vos meilleurs amis.,sgames.org - jeu gratuit en ligne Fisher Girl () | sgames.org - jeu en ligne gratuit Fisher Girl (),46.927374301675975,False
414,"Soti nan resorts forè Bhitarkanika nan Cruises bato ak Tours ekolojik-bèt sovaj, ajans la trè ki gen eksperyans gen yon pake vwayaj enteresan disponib nan satisfè dezi yo ak enterè chak vwayajè. Chwazi nan mitan avantur sa yo etonan pou yon eksperyans vrèman inik vwayaje nenpòt kote nan peyi a. Gen kèk nan ajans lan ki pi pakè vwayaj popilè gen ladan yo:","Des séjours en pleine forêt de Bhitarkanika aux croisières en bateau et aux excursions d'observation de la faune sauvage, cette agence forte d'une grande expérience propose des formules de voyage passionnantes adaptées aux envies et aux centres d'intérêt de chaque voyageur. Choisissez parmi ces aventures exceptionnelles pour vivre une expérience de voyage unique partout en Inde. Voici quelques-unes des formules les plus populaires de l'agence :","De la station forestière Bhitarkanika des croisières de navires et des visites sauvages écologiques, l'agence très expérimentée a un forfait de voyage passionnant disponible pour répondre aux désirs et aux intérêts de chaque voyageur. Choisissez parmi ces aventures étonnantes pour une expérience vraiment unique de voyager partout dans le pays. Certains de l'agence le plus populaire de forfaits de voyage comprennent:","Des séjours au cœur de la forêt de Bhitarkanika aux croisières en bateau et aux safaris d’observation de la faune, cette agence très expérimentée propose des circuits passionnants adaptés aux envies et aux centres d’intérêt de chaque voyageur. Choisissez parmi ces aventures exceptionnelles pour vivre une expérience de voyage vraiment unique partout en Inde. Voici quelques-uns des circuits les plus populaires de l’agence : | Des escapades dans la forêt de Bhitarkanika aux croisières en bateau et aux excursions d’observation de la faune sauvage, cette agence chevronnée propose des voyages captivants conçus pour répondre aux envies et aux intérêts de chaque voyageur. Laissez-vous tenter par ces aventures remarquables pour vivre une expérience de voyage unique à travers l’Inde. Parmi les formules les plus prisées de l’agence :",65.63245823389022,False
415,Bòs otè: Kaitlin Miller,Auteure principale : Kaitlin Miller,Auteur expert: Kaitlin Miller,Autrice principale : Kaitlin Miller | Auteure principale : Kaitlin Miller,77.55102040816327,False
416,Kòmantè sou Microsoft PowerPoint,Commentaires sur Microsoft PowerPoint,Commentaires sur Microsoft PowerPoint,Commentaires sur PowerPoint | Avis sur PowerPoint,84.375,True
417,"Kòm yon rezilta, sitwayen nan Federasyon Larisi la - rezidan 15 rejyon (soti nan KALI nan rejyon Kamchatka) - nou te kapab, ansanm ak tout lòt Larisi, nan 23 tan 55 tan lokal yo 31 Desanm 2017 ane a wè Nouvèl Ane sa adrès pa Prezidan an nan Russian Federation Vladimir Putin a.","En conséquence, les citoyens de la Fédération de Russie - résidents de 15 régions (de Kali à la région du Kamtchatka) - ont pu, avec tous les autres Russes, à 23h55 heure locale le 31 décembre 2017, voir le discours du Nouvel An du président de la Fédération de Russie, Vladimir Poutine.","En conséquence, les citoyens de la Fédération de Russie - les habitants de 15 régions (de la région de Kamchatka) - nous pourrions, avec toutes les autres russes, le 23 heures 55 jours locaux 31 Décembre 2017 l'année a vu cette nouvelle année adresse par le président de la Fédération de Russie Vladimir Poutine.","En conséquence, les habitants de 15 régions de Russie, de Kaliningrad au Kamtchatka, ont pu regarder, comme tous les autres Russes, le discours du Nouvel An de Vladimir Poutine à 23 h 55 le 31 décembre 2017. | Ainsi, les citoyens de 15 régions de la Fédération de Russie, de Kaliningrad au Kamtchatka, ont pu voir, avec le reste des Russes, l’allocution du Nouvel An du président Vladimir Poutine à 23 h 55 le 31 décembre 2017.",61.14864864864865,False
418,Kiteboarding: Se pa tout moun Bienvenue,Kitesurf : tout le monde n'est pas le bienvenu,Kiteboard: Pas tout le monde Bienvenue,Tout le monde n’est pas le bienvenu | Ce n’est pas ouvert à tous,60.273972602739725,False
419,Teknoloji-Aplike prensip medikal ak teknik ki remèd pwoblèm.,Technologie – Appliquer les principes et techniques médicaux permettant de remédier aux problèmes.,Technologie-application des principes médicaux et techniques qui remontent les problèmes.,Technologie appliquée aux principes et techniques médicales pour remédier aux problèmes | Technologie appliquée aux principes et techniques médicales afin de résoudre les problèmes,67.41573033707866,False
420,"Kontra enfòmèl ant konsepsyon, jiska DN4","Conception compacte, jusqu'à DN4","Conception compacte, jusqu'à DN4","Conception compacte, jusqu’à DN4 | Design compact, jusqu’à DN4",96.875,True
421,"2, metòd tabletting se materyèl la byolojik plase ant glise nan ak lamèl, ègzèrsè yon presyon sèten, selil yo tisi yo pral yon metòd pou pwodiksyon de konprese.","2. La méthode de compression consiste à placer le matériau biologique entre la lame et la lamelle, à exercer une certaine pression, les cellules du tissu seront une méthode de production de comprimés.","2, la méthode de compression est le matériau biologiquement placé entre le glissement et la lamelle, exerçant une certaine pression, les cellules de tissu seront une méthode de production de comprimés.","La méthode de compression consiste à placer le matériau biologique entre la lame et la lamelle, puis à exercer une certaine pression afin d’obtenir une préparation écrasée | La technique de compression consiste à intercaler l’échantillon biologique entre la lame et la lamelle, puis à appliquer une pression pour réaliser une préparation comprimée",68.64864864864865,False
422,"Toujou, al gade nan Chelsea PTO mèt manyèl ou, katalòg ak literati epi swiv Chelsea rekòmandasyon lè w ap chwazi, enstale, repare, or operating your power take off. Si w gen nenpòt kesyon, nou gen yon ekip de ekspè nan kanpe bò ede w. Tout sa ou bezwen se nimewo seri PTO ou a jwenn te kòmanse. Ban nou yon apèl nan 877-776-4600 oswa 407-872-1901.","Consultez toujours le manuel d'utilisation, les catalogues et la documentation Chelsea relatifs à votre prise de force et suivez les recommandations de Chelsea lors du choix, de l'installation, de la réparation ou de l'utilisation de votre prise de force. Pour toute question, notre équipe d'experts est à votre disposition. Munissez-vous simplement du numéro de série de votre prise de force. Appelez-nous au 877-776-4600 ou au 407-872-1901.","Toujours, voir votre Chelsea propriétaire de prise de force manuel, catalogue et littérature et suivez les recommandations Chelsea lors de la sélection, l'installation, la réparation, or operating your power take off. Si vous avez des questions, nous avons une équipe d'experts pour vous aider. Tout ce que vous avez besoin est votre numéro de série de prise de force pour commencer. Donnez-nous un appel à 877-776-4600 ou 407-872-1901.","Consultez toujours le manuel, les catalogues et la documentation Chelsea de votre prise de force et suivez les recommandations de Chelsea pour le choix, l’installation, la réparation ou l’utilisation de votre prise de force. Pour toute question, notre équipe d’experts est là pour vous aider. Munissez-vous simplement du numéro de série de votre prise de force pour commencer. Appelez-nous au 877-776-4600 ou au 407-872-1901. | Consultez systématiquement le manuel d’utilisation, les catalogues et la documentation Chelsea de votre prise de force, et respectez les recommandations de Chelsea pour le choix, l’installation, la réparation ou l’utilisation de votre prise de force. Si vous avez des questions, notre équipe d’experts est à votre disposition. Il vous suffit d’avoir le numéro de série de votre prise de force pour démarrer. Appelez-nous au 877-776-4600 ou au 407-872-1901.",69.62962962962963,False
423,Vètikal konprese estasyon transfè fatra,Station de transfert verticale des déchets compressés,station de transfert de déchets verticales,station de transfert des déchets compactés | station de transfert verticale des déchets compactés,86.8421052631579,True
424,"At Hong Kong Konvansyon ak Sant Egzibisyon 1 Ekspozisyon Dr, Hong Kong kategori: Edikasyon Tags: Edikasyon ak Fòmasyon, Edikasyon Teknoloji, Pwodwi pou Edikasyon, Edikasyon, karyè","Au Centre des congrès et des expositions de Hong Kong, 1 Exhibition Drive, Hong Kong. Catégorie : Éducation. Mots-clés : Éducation et formation, Technologies éducatives, Produits éducatifs, Éducation, Carrières.","At Centre de convention et d'exposition de Hong Kong 1 Expo Dr, Hong Kong Catégories: Education Mots clés: Education et formation, Technologie éducative, Produits éducatifs, Education, carrière","Au Centre des congrès et des expositions de Hong Kong, 1 Exhibition Drive, Hong Kong. Catégorie : Éducation. Mots-clés : Formation et enseignement, technologies éducatives, matériel pédagogique, éducation, carrières | Au Hong Kong Convention and Exhibition Centre, 1 Exhibition Drive, Hong Kong. Catégorie : Éducation. Mots-clés : Formation, technologies de l’éducation, ressources éducatives, enseignement, emploi",74.61139896373057,False
425,Tòde Lock telescopic nèj Do-Kay Ranmase,Toit de camionnette télescopique à verrouillage par rotation pour la neige,Bouchons de toit télescopique à neige à torsion,bâche télescopique verrouillable pour camionnette | couvre-benne télescopique à verrouillage pour neige,59.57446808510638,False
426,Jan moun parèt: blan poud,Aspect : poudre blanche,Apparence: poudre blanche,blanc comme neige | visage pâle,46.15384615384615,False
427,"gwo vitès PE-RT Tiyo Fè machin 16mm-32mm[Feb 22, 2017]",Machine de fabrication de tubes PE-RT haute vitesse 16 mm-32 mm [22 février 2017],"Machine de fabrication de tuyaux PE-RT à grande vitesse 16mm-32mm[Feb 22, 2017]",Machine de fabrication de tubes PE-RT à grande vitesse 16 mm-32 mm [22 février 2017] | Ligne de production de tubes PE-RT haute vitesse 16 mm-32 mm [22 février 2017],86.66666666666667,True
428,"Lachin sou latè selèb Silicone estati Star lasi figi Steven travay Fabricants, ke founisè, faktori, Gros - pwodwi - Shanghai Maiyi kilti ak maji co, Ltd","Fabricants, fournisseurs et grossistes de statues en silicone de célébrités internationales (Steven Universe) - Shanghai Maiyi Culture and Arts Co., Ltd.","La Chine monde célébrité Silicone Sculpture Star cire Figure Steven travail fabricants, fournisseurs, usine, vente en gros - produits - Shanghai Maiyi Culture et Arts Co., Ltd","Fabricants, fournisseurs et grossistes de statues en silicone de célébrités internationales (Steven Universe) - Shanghai Maiyi Culture et Arts Co., Ltd. | Fabricants, fournisseurs et grossistes de statues en silicone de stars internationales (Steven Universe) - Shanghai Maiyi Culture et Arts Co., Ltd.",60.07326007326007,False
429,"Jinchon Feri rezèvasyon tikè Ferry, orè Ferry, enfòmasyon pasaje yo ak Promo koupon rabè kòd","Réservations de billets de ferry, horaires, informations passagers et codes de réduction pour Jinchon Ferries","Jinchon Ferries réservation billet de ferry, horaires de ferry, information des passagers et de discount promo code promo","Réservations, horaires et infos passagers pour Jinchon Ferries | Billets de ferry, horaires et codes promo pour Jinchon Ferries",60.69651741293532,False
430,"Kitchen Mèb, mèb chanm, k ap viv chanm Mèb, etid chanm Mèb, mi dekorasyon","Meubles de cuisine, meubles de chambre, meubles de salon, meubles de bureau, décoration murale","Meubles de cuisine, meubles de chambre, salon Meubles, meubles de chambre d'étude, décoration de mur","Meubles de cuisine, meubles de chambre, meubles de salon, meubles de bureau, décoration murale | Mobilier de cuisine, mobilier de chambre, mobilier de salon, mobilier de bureau, décoration murale",83.7696335078534,True
431,Kliyan Valè nou ----,Nos précieux clients ----,Nos clients ----,Nos chers clients | Chers clients,72.0,False
432,Tès estanda trèz pou: API598,Test standard pour : API598,Norme de test pour: API598,Essai standard selon API 598 | Test standard API 598,60.0,False
433,"Èske ou se yon fanm menm laj se moun ki enterese nan dèrive? Dèrive se yon popilè tankou yon jwèt sa pou konsantre sou machin. Malgre ke dèrive, il devan 2003, se te relativement rare an nan eta Zini. Anfèt, sèlman limite, anpil nan zòn yo, sitou nan Kalifòni an, te evènman ki te yo te chita sou dèrive. Se vrèman pa jis nan lane 2003, lè pwofesyonèl fòmil Dèrive te devlope sa ap pase nan betiz la a nan popilarite.","Êtes-vous une femme du même âge qu'une personne intéressée par le drift ? Le drift est un sport automobile populaire. Avant 2003, il était relativement rare aux États-Unis. En effet, seules quelques régions, notamment en Californie, organisaient des événements dédiés à cette discipline. Ce n'est qu'en 2003, avec l'apparition du drift professionnel, que ce sport a véritablement explosé en popularité.","Êtes-vous une femme de même âge est intéressé par des millions de personnes? Des produits sont un populaire comme un jeu qui se concentre sur les voitures. Bien que larive, il y a en 2003, il est relativement rare dans les États-Unis. En fait, seulement limité, de nombreux domaines, principalement en Californie, les événements qui ont été assis à la baisse. Il n'est vraiment pas juste en 2003, lorsque les formules professionnelles ont développé ce sport en popularité.","Êtes-vous une femme du même âge qu’une personne qui s’intéresse au drift ? Le drift est un sport automobile très populaire. Avant 2003, il était relativement rare aux États-Unis. En effet, seules quelques régions, notamment la Californie, organisaient des événements consacrés à cette discipline. Ce n’est vraiment qu’en 2003, avec l’essor du drift professionnel, que ce sport a commencé à gagner en popularité. | Êtes-vous une femme du même âge qu’une personne passionnée de drift ? Le drift est un sport auto très populaire. Avant 2003, il restait assez rare aux États-Unis. Seules quelques zones, surtout en Californie, accueillaient des événements dédiés à cette pratique. Ce n’est qu’en 2003, avec l’émergence du drift professionnel, que ce sport a vraiment décollé.",61.381653454133634,False
434,Yon. Preche Kris!,A. Prêchez le Christ !,A. Préche Christ!,Annoncez le Christ ! | Proclamez le Christ !,68.96551724137932,False
435,Menimize risk pou eta katabolik - sa a estewoyid li te ye yo dwe youn nan pi bon an nan mache a ak itilizatè yo pa gen enkyete sou reyaksyon katabolis.,Minimise le risque d'états cataboliques : ce stéroïde est reconnu comme l'un des meilleurs du marché et les utilisateurs n'ont pas à s'inquiéter des réactions cataboliques.,Menusez le risque d'état anabolique - ce stéroïde connu pour être l'un des meilleurs sur le marché et les utilisateurs n'ont pas à vous soucier de réactions catabolistes.,Réduire le risque de catabolisme : ce stéroïde est considéré comme l’un des meilleurs du marché et les utilisateurs n’ont pas à craindre les effets cataboliques. | Limiter les états cataboliques : ce stéroïde fait partie des meilleurs du marché et les utilisateurs n’ont pas à s’inquiéter des réactions cataboliques.,78.23343848580441,False
436,"Pwodwi -La se sèlman pou EV chaje. Tanpri, pa sèvi ak li nan nenpòt ki lòt okazyon, ki gen ladan transpow, obligatwa ak sou sa.","Ce produit est exclusivement destiné à la recharge des véhicules électriques. Veuillez ne pas l'utiliser à d'autres fins, notamment pour le transport, le chargement, etc.","Produits -Le seul pour le chargement EV. S'il vous plaît ne pas l'utiliser à toute autre occasion, y compris la transpiration, la liaison et ainsi de suite.","Ce produit est réservé à la recharge des véhicules électriques. Veuillez ne pas l’utiliser à d’autres fins, notamment pour le transport ou la manutention. | Ce produit est destiné uniquement à la recharge des véhicules électriques. Merci de ne pas l’utiliser pour d’autres usages, comme le transport ou le chargement.",58.33333333333333,False
437,Ayiti: Victimising viktim yo? - Anndan Story Amerik Detay,Haïti : Victimiser les victimes ? - Détails d'Inside Story America,Haïti: Victoire des victimes? - Inside Story America Détails,Haïti : faire porter le chapeau aux victimes ? - Détails d’Inside Story America | Haïti : culpabiliser les victimes ? - Détails d’Inside Story America,68.96551724137932,False
438,"Antrepriz Chinwa nan ke se Bwitich ki konstwi ekipman min inovatè komèsyal fon fonds[Apr 22, 2016]",Une entreprise chinoise en Grande-Bretagne conçoit des équipements miniers innovants pour un fonds commercial [22 avril 2016],"L’entreprise chinoise est fruitée qui construite des fonds d’équipements miniers commerciaux innovants[Apr 22, 2016]",Une entreprise chinoise au Royaume-Uni conçoit des équipements miniers innovants pour un fonds commercial [22 avril 2016] | Une société chinoise basée en Grande-Bretagne développe des équipements miniers innovants pour un fonds commercial [22 avril 2016],68.31683168316832,False
439,"5, Pri ki ba ak gwo vitès, ak galvanometer, segondè pwodiktivite.","5. Faible coût et grande vitesse, avec galvanomètre, productivité élevée.","5, faible coût et haute vitesse, et galvanomètre, haute productivité.","Faible coût, grande vitesse et productivité élevée avec galvanomètre | Prix bas, vitesse élevée, galvanomètre et forte productivité",67.85714285714286,False
440,android Imobilye Lajan Fant,Machines à sous Android en argent réel,Android Real Money Slots,machines à sous Android en argent réel | jeux de machines à sous Android en argent réel,56.52173913043479,False
441,"Aedis Twal sistèm adezif lè aplike pou prèske nenpòt ki kalite enstalasyon ak bilding, endepandaman de si wi ou non kondisyon an se pou chofaj, refwadisman, vantilasyon, oswa yon sistèm lè ranplasman. Pandan ane yo, nou te bati moute yon baz done gwo nan referans ki kouvri chak enstalasyon posib lè l sèvi avèk twal sistèm adezif lè.","Les systèmes de conduits d'air textiles Aedis conviennent à presque tous les types d'installations et de bâtiments, qu'il s'agisse de chauffage, de climatisation, de ventilation ou de remplacement d'un système de traitement d'air. Au fil des ans, nous avons constitué une vaste base de données de références couvrant toutes les installations possibles utilisant des conduits d'air textiles.","Aedis Tissu système adhésif lorsqu'il est appliqué pour presque n'importe quel type d'installation et de construction, quel que soit l'exigence est pour le chauffage, le refroidissement, le ventilation ou un système de remplacement de l'air. Au cours des années, nous avons construit une grande base de données de référence couvrant chaque installation possible à l'aide de systèmes adhésifs en tissu.","Les conduits d’air textiles Aedis s’adaptent à presque tous les types d’installations et de bâtiments, qu’il s’agisse de chauffage, de climatisation, de ventilation ou de remplacement d’un système de traitement d’air. Au fil des années, nous avons constitué une vaste base de références couvrant toutes les configurations possibles de conduits d’air textiles. | Les systèmes de conduits d’air textiles Aedis conviennent à pratiquement tous les types de bâtiments et d’installations, que ce soit pour le chauffage, le refroidissement, la ventilation ou le remplacement d’un système de traitement d’air. Au fil des ans, nous avons développé une importante base de données de références couvrant l’ensemble des installations possibles avec des conduits d’air textiles.",67.38544474393531,False
442,Moun ki afiche sou 2014-01-06 otè: Tatiana kategori salad diferan,Publié le 06/01/2014 Auteur : Tatiana Catégorie : Salades variées,Posté le 2014-01-06 auteur: Tatiana catégorie différentes salades,"Publié le 06/01/2014 par Tatiana, catégorie : Salades variées | Mis en ligne le 06/01/2014 par Tatiana, rubrique : Salades variées",67.79661016949152,False
443,"Si ou vle konnen plis sou pwodwi yo nan Terpèn ak lwil oliv Epis monomè, tanpri klike sou detay yo pwodwi yo wè paramèt, modèl, foto, pri ak lòt enfòmasyon sou Anisik Aldeyid,Monomèr Epis santi bon lwil oliv,Natirèl izole Terpene,Natirèl Beta Caryophyllene,,.","Si vous souhaitez en savoir plus sur les produits à base de terpènes et d'huile d'épice monomère, veuillez cliquer sur les détails du produit pour consulter les paramètres, les modèles, les images, les prix et autres informations concernant l'aldéhyde anisique, l'huile d'épice monomère, le terpène naturel isolé et le bêta-caryophyllène naturel.","Si vous voulez en savoir plus sur les produits de terpènes et épices monomères, s'il vous plaît cliquer sur les détails des produits pour afficher les paramètres, modèles, photos, prix et autres informations sur Anisik Aldéhyde,Huile d'épices monomères, Terpène naturel isolé,Nature Beta Caryophyllene,,.","Si vous souhaitez en savoir plus sur nos produits à base de terpènes et d’huiles d’épices monomères, cliquez sur les détails du produit pour consulter les caractéristiques, modèles, photos, prix et autres informations sur l’aldéhyde anisique, l’huile d’épice monomère, le terpène naturel isolé et le bêta-caryophyllène naturel. | Pour en savoir davantage sur les produits à base de terpènes et d’huiles d’épices monomères, veuillez cliquer sur les détails du produit afin de voir les paramètres, modèles, images, prix et autres informations concernant l’aldéhyde anisique, l’huile d’épice monomère, le terpène naturel isolé et le bêta-caryophyllène naturel.",79.27631578947368,False
444,ki ap dirije bulb Warm Blan,Ampoule LED blanc chaud,Ampoule LED blanche à chaud,ampoule LED blanc chaud | ampoule à lumière blanche chaude,92.0,True
445,Jere DHCP pozisyon ak rezèvasyon,Gérer les positions et les réservations DHCP,Gérer la position et les réservations DHCP,Gérer les adresses DHCP et les réservations | Administrer les baux et réservations DHCP,72.0,False
446,"Leve je ou (soti nan Eli) pou Trio achiv (2 altos, 1 tenor)","Levez les yeux (d'après Elijah) pour trio de flûtes à bec (2 altos, 1 ténor)","Augmenter vos yeux (de Eli) pour les archives Trio (2 altos, 1 ténor)","Levez les yeux (d’après Élie) pour trio d’anches (2 altos, 1 ténor) | Levez les yeux (d’après Élie) pour trio de flûtes à bec (2 altos, 1 ténor)",69.11764705882352,False
447,Chak Konben fwa repons: 100-20kHz,Réponse en fréquence : 100-20 kHz,Fréquence de réponse : 100-20kHz,Réponse en fréquence : 100-20 kHz | Bande passante : 100-20 kHz,68.75,False
448,Lekti 75Decommenting yon ne,Lecture 75 : Décommenter un nœud,Lecture 75Decommenting un noeud,Lecture 75 : Décommenter un nœud | Leçon 75 : Décommenter un nœud,77.41935483870968,False
449,balanse pa fè egzèsis fizik.,Équilibré par l'exercice physique.,équilibrer en effectuant des exercices physiques.,équilibré par l’activité physique | maintenu en forme par l’exercice,53.65853658536586,False
450,"Sou sèn jwe pa mwens pase 35 moun, eksepte fonksionèr. Jodi a, nosyon a nan stock, men gen toujou jou kite nan liv pou moun ki ta renmen fè eksperyans spektak a. Li plis ak liv tikè isit la!","Sur scène, pas moins de 35 personnes jouent, sans compter les figurants. Le spectacle est complet aujourd'hui, mais il reste encore des places pour ceux qui souhaitent y assister. Plus d'informations et réservations ici !","Sur la scène de jeu pas moins de 35 personnes, sauf fonds. Aujourd'hui, la notion en stock, mais il y a toujours des jours pour le livre pour ceux qui aimeraient découvrir la Spectacle. Lire la suite et réserver des billets ici!","Sur scène, pas moins de 35 personnes jouent, sans compter les figurants. Le spectacle affiche complet aujourd’hui, mais il reste encore des places pour ceux qui souhaitent y assister. Plus d’infos et réservations ici ! | Sur scène, ils sont au moins 35 à jouer, figurants non compris. La représentation est complète aujourd’hui, mais il reste encore des billets pour ceux qui veulent assister au spectacle. Plus d’informations et réservations ici !",57.399103139013455,False
451,Widgets pou Desktop ak ekran fèmen,Widgets pour le bureau et l'écran de verrouillage,widgets pour le bureau et l'écran de verrouillage,Widgets pour ordinateur et écran verrouillé | Widgets pour le bureau et l’écran de verrouillage,97.95918367346938,True
452,Pwopriyete Chimik Fenspiride,Propriétés chimiques du fenspiride,Propriétés chimiques de Fenspiride,Propriétés chimiques du fenspiride | Caractéristiques chimiques du fenspiride,97.05882352941177,True
453,3. Kisa GPA minimòm lan ye?,3. Quel est le GPA minimum ?,3. Quel est le minimum de GPA?,Quel est le GPA minimum ? | Quelle est la moyenne minimale ?,76.36363636363637,False
454,Sentespri a Gade (Vatikan Vil Eta),Le Saint-Siège (État de la Cité du Vatican),Saint-Esprit (Vatican Ville État),Le Saint-Siège | Le Vatican,66.66666666666667,False
455,"afiche fou oswa yon fou, li pa itil, espesyalman pou timoun. 56.","Publier des messages insensés ou absurdes n'est pas utile, surtout pour les enfants. 56.","Publié fou ou un four, il n'est pas utile, surtout pour les enfants. 56.","Publier des messages absurdes, surtout pour les enfants. | Diffuser des contenus insensés n’est pas utile, surtout pour les enfants.",73.50427350427351,False
456,l Li konfòm nan GB3906.DL404-1997 ak refere a IEC-298 estanda.,l Il est conforme à la norme GB3906.DL404-1997 et fait référence à la norme IEC-298.,L Il est conforme à GB3906.DL404-1997 et se réfère à la norme IEC-298.,Il est conforme à la norme GB3906.DL404-1997 et se réfère à la norme IEC-298. | Conforme à la norme GB3906.DL404-1997 et à la norme IEC-298.,87.14285714285714,True
457,"1. li ki itilize lajman pou trete doulè nan jwenti, maladi kè perasyon ak gynecopathy.","1. Il est largement utilisé pour traiter les douleurs articulaires, les maladies cardiaques, les interventions chirurgicales et les affections gynécologiques.","1. il est largement utilisé pour traiter les douleurs articulaires, les maladies cardiaques et le gynecopathy.","Il est couramment utilisé pour soulager les douleurs articulaires et traiter certaines maladies cardiaques | Il est largement employé pour les douleurs articulaires, les troubles cardiaques et les affections gynécologiques",75.45454545454545,False
458,Kandida yo mande yo antre nan jaden an Subject nan mesaj e-mail yo? NEC Creole Fellowship?.,Les candidats sont priés d'indiquer dans le champ Objet de leur courriel « Bourse internationale NEC ».,Les candidats sont invités à entrer dans le domaine des messages électroniques? NEC International Fellowship?.,Les candidats sont priés d’indiquer dans l’objet de leur courriel « Bourse internationale NEC » | Merci d’indiquer « Bourse internationale NEC » dans l’objet de votre e-mail,62.37623762376238,False
459,"Roskomnadzor 13 Septanm bay yon sètifika nan enskripsyon nan mas medya televizyon chanèl ""TV Strana.Super"". Fondatè a nan konpayi an medya te anonse ""Parnas-Media"". Li se yon antite legal - youn nan estrikti yo nan ""Gazprom-Media"". Deklare biwo editoryal tou pwen, ki televisions a te etabli ""Gazprom-Media"" - nan adrès la menm ak lòt antite legal anrejistre kenbe. Nan LLC ""Parnas-Media"" deja gen yon lisans pou terrestres difize nan rejyon an Belgorod. Sa vle di, ki kanal la ka difize piblisite.","Roskomnadzor a délivré le 13 septembre un certificat d'enregistrement à la chaîne de télévision « TV Strana.Super ». Le fondateur de la société de médias, Parnas-Media, est une entité juridique appartenant au groupe Gazprom-Media. La rédaction précise également que Gazprom-Media a établi la chaîne à la même adresse que d'autres entités juridiques enregistrées. La SARL « Parnas-Media » possède déjà une licence de diffusion terrestre dans la région de Belgorod, l'autorisant ainsi à diffuser de la publicité.","Roskomnadzor 13 Septembre donne un certificat d'inscription à la chaîne de télévision de médias de masse ""TV Strana.Super"". Le fondateur de la société des médias a annoncé ""Parnas-Media"". C'est une entité juridique - l'une des structures de ""Gazprom-Media"". Le bureau éditorial a également souligné, que le diffuseur a été créé ""Gazprom-Media"" - dans la même adresse et d'autres entité juridique enregistrées. En LLC ""Parnas-Media"" a déjà une licence pour la radiodiffusion terrestre dans la région de Belgorod. Cela signifie, que le canal peut diffuser de la publicité.","Roskomnadzor a délivré le 13 septembre un certificat d’enregistrement à la chaîne de télévision « TV Strana.Super ». La société de médias fondatrice, Parnas-Media, appartient au groupe Gazprom-Media. La rédaction indique aussi que la chaîne a été créée par Gazprom-Media à la même adresse que d’autres entités juridiques du groupe. La SARL « Parnas-Media » dispose déjà d’une licence de diffusion terrestre dans la région de Belgorod, ce qui lui permet de diffuser de la publicité. | Le 13 septembre, Roskomnadzor a enregistré la chaîne « TV Strana.Super ». Son fondateur, Parnas-Media, est une structure liée à Gazprom-Media. La rédaction précise également que la chaîne est établie à la même adresse que d’autres sociétés enregistrées du groupe. La SARL « Parnas-Media » possède déjà une licence de diffusion hertzienne dans la région de Belgorod, ce qui autorise la diffusion de publicité.",70.21883920076118,False
460,SOLASOLV-UK TM - CHWAZI MASTERS yo,SOLASOLV-UK TM - LE CHOIX DES MAÎTRES,SOLASOLV-UK TM - Les MASTERS,SOLASOLV-UK TM - LE CHOIX DES EXPERTS | SOLASOLV-UK TM - LE CHOIX DES PROFESSIONNELS,83.33333333333334,True
461,"5. Konpozisyon konpozan prensipal, eleman elektrik, konpozan idwolik ak transmisyon adopte pafètman;","5. La composition des principaux composants, des composants électriques, des composants hydrauliques et de la transmission est parfaitement adaptée ;","5. Composition des composants principaux, composants électriques, composants hydrauliques et transmission adoptent parfaitement;","La configuration des principaux composants, des éléments électriques, des composants hydrauliques et de la transmission est parfaitement adaptée | L’agencement des principaux composants, des éléments électriques, des composants hydrauliques et de la transmission est parfaitement approprié",77.34375,False
462,"Epi, sa vrèman boulvèse'm paske sa fè lontan ke'm te anonse ke'm se yon moun omoseksyèl.","Et cela me contrarie vraiment, car cela fait longtemps que j'ai annoncé mon homosexualité.",Et c'est vraiment troublant parce que c'est un homosexuel.,"Et ça me bouleverse vraiment, parce que ça fait longtemps que j’ai fait mon coming out | Et ça me touche profondément, car j’ai révélé mon homosexualité depuis longtemps",53.448275862068975,False
463,"Lachin 1000L distilateur nan distilasyon Konpayi fabrikasyon kòb kwiv mete, Founisè - Wholesale faktori - Zhengjiu machin",Fabricants et fournisseurs chinois de distillateurs en cuivre de 1000 L - Vente en gros d'usine - Zhengjiu Machinery,"Chine 1000L Distillery de distillation de cuivre fabricants, fournisseurs - Usine en gros - Zhengjiu Machinery","Fabricants et fournisseurs chinois de distillateurs en cuivre de 1000 L - Vente en gros d'usine - Zhengjiu Machinery | Distillateurs en cuivre de 1000 L en Chine - Fabricants, fournisseurs et vente en gros - Zhengjiu Machinery",76.04166666666666,False
464,"Pwodiksyon Ekipman: Otomatik SMT, Otomatik Asanble Ekipman, tèsteur Debugjeur, Aging Sal, Segondè Presyon tèsteur","Équipements de production : Machines de montage en surface (SMT) automatiques, machines d’assemblage automatiques, testeurs et débogueurs, chambre de vieillissement, testeurs haute pression","Équipement de production: Automatisation SMT, équipement d'assemblage automatique, testeur de débogage, chambre d'agitation, testeur de haute pression","Équipements de production : machines SMT automatiques, lignes d’assemblage automatiques, testeurs et outils de débogage, chambre de vieillissement, testeurs haute pression | Moyens de production : équipements SMT automatisés, systèmes d’assemblage automatisés, testeurs/débogueurs, salle de vieillissement, bancs d’essai haute pression",69.33333333333334,False
465,Rose Tatoo pou Fi - Lide Atizay Tatouages,Tatouages de roses pour femmes - Idées de tatouages artistiques,cuqquldamaq _ Facebook _ Google Plus _ Pinterest,Tatouages de roses pour femmes - Idées de tatouages artistiques | Tatouages de roses féminins - Idées de tatouages artistiques,37.5,False
466,vidèo poutèt yo resevwa: 17:08,Vidéo reçue à 17h08,durée de la vierge : 17:08,Vidéo reçue à 17h08 | Vidéo reçue à 17:08,55.81395348837209,False
467,"2. definisyon pi ke polarizing zidòl, men se plis charges pou je pandan li ap veye mouri.","2. La définition est meilleure que les images polarisantes, mais elle est plus fatigante pour les yeux pendant le visionnage.","2. la définition des images plus polarisées, mais plus les charges pour les yeux tout en regardant mort.","La définition est meilleure que les images polarisantes, mais elle fatigue davantage les yeux pendant le visionnage | La définition est plus agréable que les images polarisantes, mais elle sollicite plus les yeux quand on regarde",63.33333333333333,False
468,"Kòm youn nan pi popilè iphone 6 kit oratè fabricants a ak Founisè ki nan Lachin, Topyet elektwonik co, Ltd se tou yon pwofesyonèl iphone personnalisè 6 kit oratè ekspòtatè, akeyi pou achte osinon an gwo pwodwi nan faktori nou.","Topyet Electronics Co., Ltd, l'un des fabricants et fournisseurs de kits haut-parleurs pour iPhone 6 les plus réputés en Chine, est également un exportateur professionnel de kits haut-parleurs personnalisés pour iPhone 6. N'hésitez pas à acheter ou à commander en gros nos produits.","Comme l'un des fameux fabricants et fournisseurs de haut-parleurs d'écouteurs iPhone 6 en Chine, Topyet Electronic Co., Ltd est également un exportateur de haut-parleur d'écrans d'écouteur professionnel iphone 6, bienvenue à acheter ou en gros des produits de notre usine.","Topyet Electronics Co., Ltd, l’un des fabricants et fournisseurs les plus réputés de kits haut-parleurs pour iPhone 6 en Chine, est également un exportateur professionnel de kits haut-parleurs personnalisés pour iPhone 6. N’hésitez pas à acheter nos produits ou à les commander en gros. | Topyet Electronics Co., Ltd, parmi les fabricants et fournisseurs de kits haut-parleurs pour iPhone 6 les plus connus en Chine, est aussi un exportateur professionnel de kits haut-parleurs sur mesure pour iPhone 6. Nous vous invitons à acheter nos produits ou à passer des commandes en gros.",64.33823529411764,False
469,Jwèt Avatar: gratis a Denye Airbender sou entènèt,"Avatar : Le Dernier Maître de l'Air, jeu gratuit en ligne",Jeux Avatar: le dernier Airbender gratuit en ligne,"Avatar : Le Dernier Maître de l'Air, jeu gratuit en ligne | Jeu Avatar : Le Dernier Maître de l’Air gratuit en ligne",80.0,True
470,Sa a se pwodwi yon jòn pal transparan likid lwil.,Ce produit est un liquide huileux transparent jaune pâle.,Ce produit est une huile liquide transparent jaune pâle.,Ce produit est un liquide huileux limpide jaune pâle | Il s’agit d’un liquide huileux transparent de couleur jaune pâle,75.92592592592592,False
471,"Lachin 50 L vè likid Sèparateur Fabricants, ke founisè ak faktori - pwodwi - Toption enstriman co, Ltd","Fabricants, fournisseurs et usine de séparateurs de liquides en verre de 50 L en Chine - Produits - Toption Instrument Co., Ltd","Chine 50 L verre liquide séparateurs fabricants, fournisseurs et usine - produits - Toption Instrument Co., Ltd","Fabricants, fournisseurs et usine de séparateurs de liquides en verre de 50 L en Chine - Produits - Toption Instrument Co., Ltd | Séparateurs de liquides en verre 50 L en Chine : fabricants, fournisseurs et usine - Produits - Toption Instrument Co., Ltd",85.71428571428572,True
472,omegle; sit tankou omegle,Omegle ; sites comme Omegle,Omegle; sites tels que Omegle,sites de chat aléatoire | sites de discussion anonymes,48.275862068965516,False
473,Laboratwa Fine Chimik,Laboratoire de chimie fine,Laboratoires Fine chimiques,Laboratoire de chimie fine | Laboratoire de chimie spécialisée,83.33333333333334,True
474,"Fraz 'lagè frèt la' te kreye pa ekriven George Orwell, ki moun ki nan mwa Oktòb 1945 prevwa yon peryòd de ""estabilite terib"" kote nasyon pwisan oswa Blocs alyans, chak ki kapab detwi lòt la, refize kominike oswa negosye.","L’expression « guerre froide » a été inventée par l’écrivain George Orwell, qui, en octobre 1945, prédisait une période de « terrible instabilité » durant laquelle des nations puissantes ou des blocs d’alliances, chacun capable de détruire l’autre, refuseraient de communiquer ou de négocier.","La phrase « guerre froide » a été créée par l'écrivain George Orwell, qui est en octobre 1945 a prédit une période de « la terrible » où les nations puissantes ou les scandales, chacun qui peut détruire l'autre, refuser de communiquer ou de négocier.",guerre froide | conflit Est-Ouest,54.54545454545454,False
475,"Entènèt Ministè - Silbano Garcia, II.","Ministère Internet - Silbano Garcia, II.","Ministères de l'Internet - Silbano Garcia, II.","Ministère de l’Internet - Silbano Garcia, II. | Ministère Internet - Silbano Garcia, II.",96.7032967032967,True
476,"Vav 5600 fleck s pafè pou rezidansyèl dlo adoucisseurs 6 12 dyamèt yo ak medya filtres, 8-10 dyamèt tout gwosè.",La vanne Fleck 5600 est parfaite pour les adoucisseurs d'eau résidentiels de 6 à 12 diamètres et les filtres à média de 8 à 10 diamètres de toutes tailles.,"Fleck s vanne 5600 est idéal pour les adoucisseurs d’eau résidentiels 6 12 diamètre et médias filtres, 8-10 diamètre de toutes les tailles.","La vanne Fleck 5600 est idéale pour les adoucisseurs d’eau résidentiels de 6 à 12 pouces de diamètre et les filtres à média de 8 à 10 pouces de diamètre, toutes tailles confondues. | La vanne Fleck 5600 convient parfaitement aux adoucisseurs d’eau résidentiels de 6 à 12 pouces de diamètre ainsi qu’aux filtres à média de 8 à 10 pouces, quelle que soit leur taille.",75.53956834532374,False
477,Sèvis: Tout sèvis remèt ankò apre depo a,Service : Tous les services sont remboursés après le versement de l'acompte.,Service: Tous les services remis à nouveau après le dépôt,Service : Tous les services sont remboursés après le versement de l’acompte. | Service : Tous les services sont remboursables après le versement de l’acompte.,76.36363636363637,False
478,Chache konnen po: ClearPores,Apprenez à connaître votre peau : ClearPores,Découvrez la peau : ClearPores,Découvrez votre peau : ClearPores | Apprenez à connaître votre peau : ClearPores,83.33333333333334,True
479,"Siksesyon, testaman, konfyans ak litij Imobilye","Successions, testaments, fiducies et litiges immobiliers","successions, ajouts, confiance et Immobilier","Successions, testaments, fiducies et contentieux immobiliers | Droit des successions, testaments, fiducies et litiges immobiliers",65.90909090909092,False
480,fwekans vitès regilatè,régulateur de vitesse de fréquence,vitesse de régulateur de fréquence,régulateur de vitesse | régulateur de fréquence,95.52238805970148,True
481,"Altènatè faktori, Founisè - Lachin Altènatè manifakti",Usine et fournisseurs d'alternateurs - Fabricants d'alternateurs en Chine,"Alternateur usine, fournisseurs - Chine fabricants alternateur",Usines et fournisseurs d’alternateurs | Fabricants d’alternateurs en Chine,69.35483870967742,False
482,"Nan yon nati seksyèl' ka kouvri vèbal, konduit ki pa vèbal oswa fizik ki gen ladan avans seksyèl endezirab, manyen apwopriye, fòm atak seksyèl, blag seksyèl, montre foto pònografik oswa desen, oswa voye imèl ak materyèl nan yon nati seksyèl.","L’expression « à caractère sexuel » peut englober des comportements verbaux, non verbaux ou physiques, notamment les avances sexuelles non désirées, les attouchements inappropriés, les formes d’agression sexuelle, les blagues à caractère sexuel, la diffusion d’images ou de dessins pornographiques ou l’envoi de courriels contenant des éléments à caractère sexuel.","«Dans une nature sexuelle» peut couvrir des verbales, des conduites non verbales ou physiques, y compris les progrès sexuels indésirables, les touches appropriées, les formes d'attaque sexuelles, les blagues sexuelles, les images pornographiques ou les dessins, ou envoyer des e-mail avec des matériaux dans une nature sexuelle.",à connotation sexuelle | de nature sexuelle,63.76811594202898,False
483,"Va Pati a dominan dwe ranbouse pa lòt pati a pou nenpòt ak tout depans ki asosye avèk abitraj-la diskisyon, ki gen ladan frè avoka, frè koleksyon, frè ankèt, depans vwayaj.","La partie gagnante sera remboursée par l'autre partie de tous les frais liés à l'arbitrage du différend, y compris les honoraires d'avocat, les frais de recouvrement, les frais d'enquête et les frais de déplacement.","Le parti dominant doit être remboursé par d'autres parties pour tout et tous les frais associés à des discussions arbitrage, y compris les frais d'avocat, les frais de collecte, les frais de demande, les frais de voyage.","La partie gagnante sera remboursée par l’autre partie de tous les frais liés à l’arbitrage du litige, y compris les honoraires d’avocat, les frais de recouvrement, les frais d’enquête et les frais de déplacement | La partie qui obtient gain de cause sera indemnisée par l’autre partie pour l’ensemble des frais engagés dans le cadre de l’arbitrage du différend, notamment les honoraires d’avocat, les frais de recouvrement, d’enquête et de déplacement",71.9047619047619,False
484,8. Side tatoo pou fanm ki gen yon flè nwa konsepsyon lank pote yon gade feminis,"8. Un tatouage latéral pour femme, représentant une fleur noire à l'encre, confère un look féministe.",8. Tatouage latéral pour les femmes avec une conception d'encre noire fleur apporte un regard féministe,"Tatouage latéral féminin avec fleur noire à l’encre, pour un style féministe | Tatouage sur le côté pour femme, orné d’une fleur noire à l’encre, au rendu féministe",62.56983240223464,False
485,Lachin Pi bon Konpayi fabrikasyon phycocyanin - GMP faktori Phycocyanin - Fengzu Byolojik,Meilleurs fabricants de phycocyanine en Chine - Usine de phycocyanine certifiée BPF - Fengzu Biological,Chine Meilleurs fabricants de phycoyanine - Usine de Phycocyanine GMP - Biologique de Fengzu,Meilleurs fabricants de phycocyanine en Chine - Usine de phycocyanine certifiée BPF - Fengzu Biological | Fabricants leaders de phycocyanine en Chine - Usine GMP de phycocyanine - Fengzu Biological,77.17391304347827,False
486,Jungle Zam Chalè nan Revenge Hack Zouti,Outil de piratage Jungle Heat Gun of Revenge,Jungle Heat Arme de Revenge Outil de piratage,Outil de piratage Jungle Heat Gun de vengeance | Outil de piratage Jungle Heat Gun de revanche,80.0,True
487,"A Lèt nan Ebre yo (5:8) di nou Jezi, Li menm,","L’Épître aux Hébreux (5:8) nous dit que Jésus lui-même,","La Lettre aux Hébreux (5:8) nous dit Jésus, Li-même,",L’épître aux Hébreux (5:8) nous dit que Jésus lui-même | L’auteur de l’épître aux Hébreux (5:8) nous dit que Jésus lui-même,87.12871287128714,True
488,Manifaktirè kal anwo nan syèl la eksplozif abrasifs FDSP,Fabricant d'obus abrasifs à haut pouvoir explosif FDSP,La fabrication de crêpes abrasifs de haute qualité FDSP,Fabricant d’obus abrasifs hautement explosifs FDSP | Fabricant de projectiles abrasifs explosifs FDSP,65.38461538461539,False
489,"Hot Tags: solid sifas kwatz wòch fantasy beige jambo slab, Lachin, manifaktirè, faktori, wholesale, bon mache, pri","Mots-clés : dalle en quartz beige fantaisie Jambo, surface solide, Chine, fabricants, usine, vente en gros, pas cher, prix","Hot Tags: Pierre de quartz de surface solide slab, Chine, fabricants, usine, vente en gros, pas cher, prix","Mots-clés : dalle en quartz beige fantaisie Jambo, surface solide, Chine, fabricants, usine, vente en gros, pas cher, prix | Tags : dalle en quartz beige fantaisie Jambo, surface solide, Chine, fabricants, usine, vente en gros, prix bas",79.24528301886792,False
490,(Moun ki fè pati de odyans lan ap aplodi) Men kaye ya!,(Les membres du public applaudissent) Voici le carnet !,(Applaudissements) Mais portable!,Voici le cahier ! | Voilà le carnet !,31.818181818181824,False
491,Sipò pou GSM sèvis nan tout mond lan,Assistance pour les services GSM dans le monde entier,Prise en charge des services GSM partout dans le monde,Assistance mondiale pour les services GSM | Support GSM à l’échelle internationale,57.407407407407405,False
492,"Pi bon Garanti Price - Nou toujou ofri ou ki pi ba disponib pri tikè Ferry nou yo ak pa gen okenn depans siplemantè kache oswa supriz tankou te ajoute surkou gaz oswa frè anrjistreman ak nou menm tou nou nou pa fè ou peye anyen anplis pou peye ak yon kat Visa elektwon. Pri a nou site pou wout ou chwazi, bor aranjman ak kalite otomobil, se tout sa ou ap peye, epi se yon pwomès!","Garantie du meilleur prix : nous vous offrons toujours nos tarifs les plus bas pour vos billets de ferry, sans frais cachés ni surprises comme des suppléments carburant ou des frais de réservation. De plus, le paiement par carte Visa Electron est sans frais supplémentaires. Le prix indiqué pour votre trajet, votre cabine et le type de véhicule choisis est le prix final : c’est garanti !","Garantie du meilleur prix - Nous vous offrons toujours notre plus bas disponible prix du billet de ferry et il n'y a aucun extras cachés ou les surprises tels que les suppléments carburant supplémentaire ou de frais de réservation et nous avons aussi nous ne vous chargeons pas quelque chose de supplémentaire pour payer avec une carte Visa Electron. Le prix que nous indiquons pour votre itinéraire sélectionné, l'hébergement à bord et le type de véhicule est tout ce que vous payez, et c'est une promesse!","Garantie du meilleur prix : nous vous proposons toujours les tarifs les plus bas pour vos billets de ferry, sans frais cachés ni mauvaise surprise, comme des suppléments carburant ou des frais de réservation. Le paiement par carte Visa Electron est également sans frais supplémentaires. Le prix affiché pour votre trajet, votre cabine et votre véhicule est le prix final, garanti ! | Meilleur prix garanti : nous vous offrons systématiquement les tarifs les plus bas pour vos traversées en ferry, sans frais cachés ni surprise, comme des surcharges carburant ou des frais de réservation. Aucun supplément non plus pour un paiement par carte Visa Electron. Le tarif annoncé pour votre itinéraire, votre cabine et votre véhicule est le prix que vous payez, c’est garanti !",61.43646408839779,False
493,"RHCSA se ""antre-nivo"" sètifikasyon an esansyèl pou vin yon Enjenieri Hat Hat sètifye. RHCE Sètifikasyon kou se pou enjenyè, administratè sistèm, administratè aplikasyon, Virtualization ak nwaj administratè ak devlopè antrepriz, ki gen ekspètiz nan mete ann aplikasyon RHEL nan enfrastrikti IT yo. Kou a bay ladrès esansyèl epi asire ke kandida yo vin adept nan RHEL pa ensiste sou egzamen sètifikasyon pèfòmans ki baze sou. Netwaye yon Red Hat Sètifikasyon egzamen an bay opòtinite pou yon pwofesyonèl yo rive jwenn soti nan kominote a Hat Wouj, fòm etid-gwoup; travay ansanm sou pwojè ak apwòch potansyèl patwon yo.","La certification RHCSA est la certification d'entrée de gamme indispensable pour devenir ingénieur certifié Red Hat (RHCE). La formation RHCE s'adresse aux ingénieurs, administrateurs système, administrateurs d'applications, administrateurs de virtualisation et de cloud, ainsi qu'aux développeurs d'entreprise, experts dans la mise en œuvre de RHEL au sein de leur infrastructure informatique. Ce cours permet d'acquérir les compétences essentielles et garantit une maîtrise de RHEL sans la pression des examens de certification axés sur la performance. La réussite d'un examen de certification Red Hat offre aux professionnels l'opportunité d'intégrer la communauté Red Hat, de former des groupes d'étude, de collaborer sur des projets et de démarcher des employeurs potentiels.","La certification RHCSA est essentielle pour devenir un ingénieur certifié Red Hat. Le cours de certification RHCE est pour les ingénieurs, les administrateurs système, les administrateurs d'application, les administrateurs de virtualisation et les développeurs de cloud et les entreprises, dont l'expertise est mis en œuvre des applications RHEL dans les infrastructures informatiques. Le cours fournit des compétences essentielles et assure que les candidats deviennent l'acceptation de RHEL n'ont pas insisté sur l'examen de certification basée sur les performances. Nettoyez une certification d'examen Red Hat offre la possibilité d'atteindre un professionnel de la communauté Red Hat, de former des groupes d'études; travailler ensemble sur les projets et les approches potentielles de patron.","La certification RHCSA est le prérequis essentiel pour devenir ingénieur certifié Red Hat (RHCE). | La formation RHCE s’adresse aux ingénieurs, administrateurs système, administrateurs d’applications, administrateurs de virtualisation et de cloud, ainsi qu’aux développeurs d’entreprise, spécialisés dans le déploiement de RHEL au sein de leur infrastructure informatique.",73.38709677419355,False
494,"Men, te gen moun ki nan Bib la ki te vle enpoze kwè sikonsi. Yo te deklare ke yo pa t 'ka sove otreman. Ou ka li nan Travay 15: 1-2:",Mais certains personnages bibliques souhaitaient imposer la circoncision. Ils affirmaient qu'il n'y avait pas d'autre moyen de salut. On peut lire à ce sujet dans Actes 15:1-2 :,Mais il y avait des gens dans la Bible qui voulait imposer de croire circoncision. Ils ont déclaré qu'ils ne pouvaient pas être sauvé sinon. Vous pouvez lire au travail 15: 1-2:,"Mais certains croyants de la Bible voulaient imposer la circoncision. Ils affirmaient qu’on ne pouvait pas être sauvé autrement. On peut le lire dans Actes 15:1-2 : | Certains personnages bibliques voulaient imposer la circoncision, en prétendant qu’il n’existait pas d’autre moyen d’être sauvé. On peut le lire dans Actes 15:1-2 :",67.44868035190616,False
495,"PCD chèn VNGA , PCD Tipped Chèn , PCD Diamond Braened Chèn , PCD chèn WNGA , PCD chèn VCGW , PCD chèn CPGW , PCD chèn OEM , CBN Chèn VNGA1604","Chaîne PCD VNGA, Chaîne PCD à pointes, Chaîne PCD à maillage diamant, Chaîne PCD WNGA, Chaîne PCD VCGW, Chaîne PCD CPGW, Chaîne PCD OEM, Chaîne CBN VNGA1604","Chaîne PCD VNGA , PCD Typeped Manche , PCD diamant Braened Channel , PCD canaux WNGA , PCD canaux VCGW , PCD canaux CPGW , PCD canaux OEM , CBN Channel VNGA1604","Chaîne PCD VNGA, chaîne PCD à pointes, chaîne PCD à maillage diamant, chaîne PCD WNGA, chaîne PCD VCGW, chaîne PCD CPGW, chaîne PCD OEM, chaîne CBN VNGA1604 | Chaîne PCD VNGA, chaîne PCD à pointes, chaîne PCD à maillage diamant, chaîne PCD WNGA, chaîne PCD VCGW, chaîne PCD CPGW, chaîne PCD OEM, chaîne CBN VNGA1604",62.65822784810127,False
496,Pvc Materyèl Fèy,Feuille de matériau PVC,PVC Matériau feuille,Feuille en PVC | Plaque PVC,51.85185185185186,False
497,Nimewo nan machin: 450,Nombre de voitures : 450,Nombre de machines: 450,Nombre de véhicules : 450 | Nombre de voitures : 450,73.91304347826086,False
498,"Ak karakteristik tankou 550 amp AC kontwolè, 7 ""fren tanbou dèyè, ak yon 2,500 kapasite liv chaj, machin nan AC sèvis piblik kamyon transpò ayewopò se yon gwo benefis nan yon varyete de endistri yo. Johnson Endistri 'AC sèvis piblik kamyon se yon gwo ekipman pou ak pèsonèl konpayi asirans, ayewopò machin transpò, epi yo ka itilize atravè mond lan nan min, èpòt, nan faktori, depo, konstriksyon, lopital, oswa minisipalite yo.","Avec des caractéristiques telles qu'un contrôleur CA de 550 ampères, des freins à tambour arrière de 7 pouces et une capacité de charge utile de 1 134 kg (2 500 livres), le camion utilitaire CA de Johnson Industries est un atout majeur pour le transport aéroportuaire et de fournitures. Ce véhicule est idéal pour le transport de personnel et de matériel, et peut être utilisé partout dans le monde dans les mines, les aéroports, les usines, les entrepôts, les chantiers de construction, les hôpitaux et les municipalités.","Avec des caractéristiques telles que le contrôleur AC 550 amp, le tambour arrière 7 ""Frendre, avec une charge de 2,500 capacité de livre, le véhicule de transport de l'aéroport de transport public AC Service public est un excellent avantage dans une variété d'industries. Le camion de l'industrie AC Johnson Industries est un excellent équipement et un transporteur personnel, les véhicules de transport de l'aéroport et peut être utilisé dans le monde entier dans les mines, les aéroports, les usines, les entrepôts, la construction, les hôpitaux ou les municipalités.","Avec un contrôleur CA de 550 ampères, des freins à tambour arrière de 7 pouces et une capacité de charge utile de 1 134 kg (2 500 livres), le camion utilitaire CA de Johnson Industries constitue un atout de choix pour le transport aéroportuaire et de fournitures. Ce véhicule est idéal pour le transport de personnel et de matériel, et peut être utilisé dans le monde entier dans les mines, les aéroports, les usines, les entrepôts, les chantiers, les hôpitaux et les municipalités. | Doté d’un contrôleur CA de 550 ampères, de freins à tambour arrière de 7 pouces et d’une capacité de charge utile de 1 134 kg (2 500 livres), le camion utilitaire CA de Johnson Industries représente une solution de premier plan pour le transport de personnel, de matériel et de fournitures aéroportuaires. Il convient à une utilisation mondiale dans les mines, les aéroports, les usines, les entrepôts, les chantiers de construction, les hôpitaux et les collectivités locales.",63.36822074215034,False
499,Ogmante Vibration nan limanite,Élever la vibration de l'humanité,Augmenter les vibrations de l'humanité,Faire monter la vibration de l’humanité | Élever le niveau vibratoire de l’humanité,81.57894736842105,True
500,"Yon vakans Hawaiian vrèman se yon rèv ki devni reyalite. Genyen alkole plaj, gwo soleil ak zidòl ekzotik tout kote ou gade. Pou touris, nati renmen sa menm jan, Hawaii se nan syèl la sou latè. Si ou gen tan an ak lajan pou depanse, ou ka vole nan epi pran kont ou ti goute (v) ki nan syèl la. Hawaii gen yon zòn peyi ki pwèske 6,500 kilomèt kare, Sepandan li aktyèlman pou fè yon seri de vòlkan zile yo. Nan total, Gen 124 Islands ke yo Hawaii, rale..","Des vacances à Hawaï, c'est un rêve devenu réalité. Plages à perte de vue, soleil radieux et paysages exotiques à couper le souffle. Pour les touristes comme pour les amoureux de la nature, Hawaï est un véritable paradis. Si vous en avez les moyens et le temps, envolez-vous et offrez-vous un petit coin de paradis. Hawaï s'étend sur près de 6 500 kilomètres carrés, mais se compose en réalité d'un archipel d'îles volcaniques. Au total, 124 îles forment l'archipel d'Hawaï.","Une vacances hawaïennes est vraiment un rêve devenu réalité. Il y a des plages infinies, grandes et des images exotiques partout où vous regardez. Pour le tourisme, la nature aime ce que, Hawaii est dans le ciel terrestre. Si vous avez le temps et l'argent à dépenser, vous pouvez voler et prendre votre propre collation (v) qui est dans le ciel. Hawaii a une superficie de près de 6,500 kilomètres carrés, cependant, il est en fait de faire une série d'îles volcaniques. Au total, il y a 124 îles à Hawaii, tirer..","Des vacances à Hawaï, c’est un rêve devenu réalité. Plages à perte de vue, soleil radieux et paysages exotiques à couper le souffle. Pour les touristes comme pour les amoureux de la nature, Hawaï est un véritable paradis. | Hawaï, c’est le paradis sur terre : de longues plages, un soleil éclatant et des paysages exotiques partout où l’on regarde.",56.60377358490566,False
501,Ki karaktè premye a? Mod Challenges,Qui est le premier personnage ? Défis du mod,Quels personnages d'abord? Mod Challenges,Qui est le premier personnage ? Défis du mod | Quel est le premier personnage ? Défis du mod,56.09756097560976,False
502,Sosyete Ameriken an terapis Hand (ASHT),Société américaine des thérapeutes de la main (ASHT),Société américaine thérapeute à la main (ASHT),Société américaine des thérapeutes de la main (ASHT) | Association américaine des thérapeutes de la main (ASHT),84.78260869565217,True
503,Bodegas Navarro Lòpez yo estratejik sitiye akote ekta yo nan jaden rezen.,Bodegas Navarro Lòpez est stratégiquement située à proximité d'hectares de vignobles.,Les Bodegas Navarro Orpez sont stratégiquement situés à côté des écoutes dans les vignements.,Bodegas Navarro López est idéalement située au cœur des vignobles | Bodegas Navarro López bénéficie d’un emplacement privilégié à proximité des vignes,63.29113924050633,False
504,Tags:flè tatoo solèy tatoo,"Mots-clés : tatouage de fleur, tatouage de soleil",Mots clés:tatouages de soleil tatouages,tatouage fleur soleil | tatouage fleur et soleil,73.23943661971832,False
505,Pi bon lwil Natirèl Grenn rezen China Manufacturer,Meilleur fabricant chinois d'huile de pépins de raisin naturelle,Chine Meilleur huile de pépins de raisin naturelle Fabricants,Meilleur fabricant chinois d’huile naturelle de pépins de raisin | Fabricant chinois d’huile de pépins de raisin naturelle de qualité,76.92307692307692,False
506,Veslibus: ESL Vokasyonèl,Veslibus : Anglais langue seconde à vocation professionnelle,Veslibus: ESL professionnelles,Anglais professionnel | Anglais de spécialité professionnelle,72.0,False
507,Tribi Lagè sou entènèt enskripsyon an. Jwe gratis jwèt sou entènèt Lagè Tribi,Inscription en ligne à Tribal Wars. Jouez gratuitement en ligne à Tribal Wars.,Tribal Wars inscription en ligne. Jouez à des jeux gratuits en ligne Guerre Tribale,Inscription en ligne à Tribal Wars. Jouez gratuitement à Tribal Wars. | Inscrivez-vous à Tribal Wars en ligne. Jouez gratuitement à Tribal Wars.,65.21739130434783,False
508,"Tcheke itilize nan pwosesis la pral kontre yon varyete de pwoblèm, atik sa a se eksperyans nan anpil ane nan moun rich enjenyè eksperyans, rezime rezilta yo nan valv la chèk santralize fot komen. vis asye pur espere zanmi m 'te gen yon referans.","L'utilisation de ce procédé peut engendrer divers problèmes. Cet article, fruit de nombreuses années d'expérience en ingénierie, résume les défauts courants des clapets anti-retour centralisés. Vis en acier inoxydable. J'espère que cela pourra servir de référence à mes amis.","Vérifier l'utilisation du processus rencontrera une variété de problèmes, cet article est l'expérience de nombreuses années d'ingénieurs riches expérience, résumant les résultats de la vanne de contrôle centralisé des défauts communs. Les vis en acier inoxydable espèrent que mes amis avaient une référence.","L’utilisation de ce procédé peut entraîner divers problèmes. Cet article, fruit de nombreuses années d’expérience d’ingénierie, résume les défauts courants des clapets anti-retour centralisés. Vis en acier inoxydable. J’espère que cela pourra servir de référence à mes amis. | Ce procédé peut poser toute une série de problèmes. Cet article, issu de longues années d’expérience en ingénierie, fait le point sur les pannes courantes des clapets anti-retour centralisés. Vis en acier inoxydable. J’espère que cela pourra être utile à mes amis.",66.08084358523726,False
509,SC-B8850 apwi bra Kanape moun ki pa marye 90 90 64 cm 1 1 aliminyòm ankadreman Rattan mèb,"Canapé une place avec accoudoirs SC-B8850, 90 x 64 cm, structure en aluminium, mobilier en rotin.",SC-B8850 canapé-gorge simple 90 90 64 cm 1 1 meubles en rotin cadre en aluminium,"Canapé une place avec accoudoirs SC-B8850, 90 x 64 cm, structure en aluminium, mobilier en rotin | Fauteuil canapé SC-B8850 avec accoudoirs, 90 x 64 cm, cadre en aluminium, en rotin",58.9041095890411,False
510,"Gushu se sèlman 2 estasyon mètro lwen Shenzhen ayewopò, li se pratik pou ou vizite.","Gushu n'est qu'à deux stations de métro de l'aéroport de Shenzhen, ce qui facilite votre visite.","Gushu est seulement 2 stations de mètres loin de l'aéroport de Shenzhen, il est commode de visiter.","Gushu n’est qu’à deux stations de métro de l’aéroport de Shenzhen, c’est très pratique pour s’y rendre | Gushu est à seulement deux stations de métro de l’aéroport de Shenzhen, ce qui le rend facile d’accès",73.73737373737373,False
511,"Lachin Standardized Konpayi fabrikasyon Plant ekstrè, GMP faktori - Wholesale ekstèn Plant ekstèn - NUTRAGREENLIFE","Fabricants chinois d'extraits végétaux standardisés, usine certifiée GMP - Extraits végétaux en gros - NUTRAGREENLIFE","Standardized Fabricants d'extrait d'usine, GMP Factory - Vente en gros d'usine externe - NUTRAGREENLIFE","Fabricants chinois d’extraits de plantes standardisés, usine certifiée GMP - Extraits végétaux en gros - NUTRAGREENLIFE | Fabricants chinois d’extraits botaniques standardisés, usine GMP - Extraits de plantes en gros - NUTRAGREENLIFE",62.42774566473989,False
512,Santi enspire yo eksplore sa yo etonan Underground Atizay moso? Save Yon tren ka fè ou jwenn gen! Liv yon tikè tren nan kèk minit ki pa gen okenn frè kache!,"Envie de découvrir ces incroyables œuvres d'art souterraines ? Save A Train vous y emmène ! Réservez votre billet de train en quelques minutes, sans frais cachés !",Sentez-vous d'explorer ces étonnants morceaux d'art souterrain? Enregistrer un train peut vous faire là! Réservez un billet de train en quelques minutes sans frais cachés!,"Envie de découvrir ces incroyables œuvres d’art souterraines ? Save A Train vous y emmène ! Réservez votre billet de train en quelques minutes, sans frais cachés ! | Vous voulez explorer ces superbes œuvres d’art du métro ? Save A Train vous y conduit ! Réservez votre billet de train en quelques minutes, sans frais cachés !",72.45508982035929,False
513,"Jwèt wino pasyans. Jwe jwèt sou entènèt gratis, wino pasyans.",Jeu de solitaire Winx. Jouez gratuitement en ligne à Winx Solitaire.,"Jeux de patience. Jouez gratuitement à des jeux en ligne, patience Winx.",Jeu de patience Winx. Jouez gratuitement en ligne à Winx Solitaire. | Solitaire Winx. Jouez gratuitement en ligne à Winx Solitaire.,78.125,False
514,Coral Reef Ekosistèm Estrès - Klima ak Chanjman Oseyan (Kèk minit),Stress des écosystèmes coralliens - Changements climatiques et océaniques (Quelques minutes),Stress des écosystèmes de récifs coralliens - Changement climatique et océanique (Minutes 20),Stress des écosystèmes coralliens - Climat et changements océaniques (Quelques minutes) | Stress des récifs coralliens - Changements climatiques et océaniques (Quelques minutes),83.33333333333334,True
515,Tan: 25 mn Pozisyon: Tout,Durée : 25 minutes Position : Toutes,Temps: 25 minutes Positions: Tous,Durée : 25 min | Temps : 25 min,59.09090909090908,False
516,"Pon, dan vise Bailey plat a woulo","Pont, dents à vis Bailey rouleau plat",Pont Bailey,pont Bailey à tablier plat | pont Bailey à rouleaux à tablier plat,100.0,True
517,Tout bagay sou HLP Klearfold,Tout sur HLP Klearfold,Tout sur HLP Klearfold,Tout sur HLP Klearfold | À propos de HLP Klearfold,100.0,True
518,Rio Cienfuegos Villa Clara Sancti Spiritus Ciego de Avila,Rio Cienfuegos Villa Clara Sancti Spiritus Ciego de Avila,"Hôtels à Sancti Spiritus, Cuba",Rio Cienfuegos Villa Clara Sancti Spiritus Ciego de Avila | Río Cienfuegos Villa Clara Sancti Spíritus Ciego de Ávila,66.66666666666667,False
519,Seleksyon Sispansyon plafon,Sélection de suspension au plafond,Sélection de plafond suspendu,Sélection de suspension au plafond | Choix de suspension au plafond,79.16666666666666,False
520,E - Lajè mach eskalye,E - Largeur de l'escalier,E - Largeur de l'escalier,Largeur de l’escalier | Largeur de l’escalier d’accès,88.0,True
521,montre yon deskripsyon detaye sou Enskri nan jwèt Battlestar galaktika sou entènèt,Afficher une description détaillée de l'inscription dans le jeu Battlestar Galactica Online,affiche une description détaillée de Inscrivez en jeu Battlestar Galactica en ligne,Afficher une description détaillée de l’inscription à Battlestar Galactica Online | Voir un descriptif complet pour s’inscrire à Battlestar Galactica Online,87.8048780487805,True
522,Kouri Bolt kouri,"Cours Bolt, cours",Exécution de Bolt,"Allez Bolt, vas-y | Vas-y Bolt, cours",44.44444444444444,False
523,rezistan dife: B1 klas,Résistance au feu : classe B1,ignifuge: classe B1,résistant au feu | classement feu B1,54.054054054054056,False
524,"Zhejiang Yuanda de lè separasyon ekipman co, Ltd se yonn nan pi gwo kiyè Lachin psa medikal Azòt dèlko manifakti yo, ke founisè e Ekspòtè yo, si ou planifye pou achte psa medikal Azòt dèlko faktori pwofesyonèl ak machann, souple ou lib pou kontakte nou.","Zhejiang Yuanda Air Separation Equipment Co., Ltd est l'un des plus grands fabricants, fournisseurs et exportateurs chinois de générateurs d'azote médical PSA. Si vous envisagez d'acheter un générateur d'azote médical PSA auprès d'une usine et d'un vendeur professionnels, n'hésitez pas à nous contacter.","Zhejiang Yuanda Air séparation Equipment Co., Ltd est l'un de l'haut niveau Chine psa médical azote générateur des fabricants, des fournisseurs et des exportateurs, si vous envisagez d'acheter psa médical azote générateur d'usine professionnelle et le vendeur, s'il vous plaît n'hésitez pas à nous contacter.","Zhejiang Yuanda Air Separation Equipment Co., Ltd. compte parmi les plus grands fabricants, fournisseurs et exportateurs chinois de générateurs d’azote médical PSA. Si vous souhaitez acheter un générateur d’azote médical PSA auprès d’un fabricant et d’un fournisseur professionnels, n’hésitez pas à nous contacter. | Zhejiang Yuanda Air Separation Equipment Co., Ltd. est l’un des principaux fabricants, fournisseurs et exportateurs chinois de générateurs d’azote médical PSA. Si vous envisagez d’acquérir un générateur d’azote médical PSA auprès d’une usine et d’un distributeur professionnels, veuillez nous contacter sans hésiter.",62.66233766233766,False
525,Ou pral renmen sou entènèt jwèt Konsepsyon Fashion jwe pou gratis,Vous allez adorer les jeux de création de mode en ligne gratuits.,Vous aimerez aussi les jeux en ligne Conception de mode jouer gratuitement,Vous allez adorer les jeux de mode en ligne gratuits | Vous allez adorer jouer gratuitement à des jeux de création de mode en ligne,62.16216216216216,False
526,Klè transparan solid PC foule fèy polycar ...,Feuille de polycarbonate transparent solide à rayures...,feuille de polycar de bande de PC transparent transparent ...,"Feuille de polycarbonate transparente et solide à motifs rayés | Plaque en polycarbonate transparent, rigide et striée",72.54901960784314,False
527,"1:14 Apre li fin tande pawòl sa yo, li teste yo pou dis jou.","1:14 Après avoir entendu ces paroles, il les mit à l'épreuve pendant dix jours.","1:14 Et après avoir entendu ces mots, il les tester pendant dix jours.","Après avoir entendu ces paroles, il les mit à l’épreuve pendant dix jours | Après avoir écouté ces paroles, il les soumit à un test de dix jours",75.71428571428571,False
528,"tout kalite machin ATM, tankou NCR, Wincor, Diebold.","Tous types de distributeurs automatiques de billets, tels que NCR, Wincor, Diebold.","tous les types de guichets automatiques, comme NCR, Wincor, Diebold.","Tous types de DAB, tels que NCR, Wincor, Diebold | Tous les modèles de distributeurs automatiques de billets, comme NCR, Wincor, Diebold",73.01587301587303,False
529,"konsèy vwayaj tren, Vwayaj Europe","Conseils pour voyager en train, Voyager en Europe","Conseils de voyage en train, Voyage en Europe",Conseils pour voyager en train | Voyager en Europe,82.22222222222221,True
530,"Administrasyon resous travayè yo tapral moun tankou yo, devlope, ak motivation travay, pou detèmine Kisa ki moun ki pi bon pou karyè a.","La gestion des ressources humaines consisterait à identifier des personnes similaires, à les former et à les motiver à travailler, afin de déterminer qui est le mieux adapté à la carrière.","Gestion des ressources des travailleurs en vedette des personnes comme ils, développement, et motiver les travaux, déterminer les meilleurs pour la carrière.","La gestion des ressources humaines vise à recruter, former et motiver les employés afin de choisir les profils les plus adaptés à une carrière. | La gestion du personnel consiste à identifier, développer et encourager les travailleurs pour déterminer ceux qui conviennent le mieux à un poste.",58.666666666666664,False
531,Pwojè Afyonkarahisar Castle Kab Machin sansib,Appel d'offres pour le projet de téléphérique du château d'Afyonkarahisar,Projet Afyonkarahisar château téléphérique,Appel d’offres pour le téléphérique du château d’Afyonkarahisar | Consultation pour le projet de téléphérique du château d’Afyonkarahisar,57.14285714285714,False
532,Si li posib chanje nan yon bon jan kalite ki pi ba nan videyo a YouTube (480p oswa pi ba).,"Si possible, passez à une qualité vidéo YouTube inférieure (480p ou moins).",Si elle est possible de passer à une qualité inférieure à la vidéo YouTube (480p ou plus bas).,"Si possible, passez la vidéo YouTube en qualité inférieure (480p ou moins). | Si possible, baissez la qualité de la vidéo YouTube (480p ou moins).",70.37037037037037,False
533,se transfòmasyon nan tou dekri nan Fil. 3: 20-21,Cette transformation est également décrite dans Philippiens 3:20-21.,La transformation est également décrite dans le fil. 3: 20-21,Cette transformation est aussi décrite dans Philippiens 3:20-21. | Cette transformation est également évoquée dans Philippiens 3:20-21.,77.04918032786885,False
534,"Si ou fè yon kontra ak yon twazyèm pati ki te rele oswa refere yo sou sit entènèt sa a, li se responsablite ou a asire ke ou se konfòtab ak kondisyon sa yo nan kontra ak pran konsèy legal si sa nesesè.","Si vous concluez un contrat avec un tiers nommé ou mentionné sur ce site web, il est de votre responsabilité de vous assurer que les termes du contrat vous conviennent et de prendre des conseils juridiques si nécessaire.","Si vous effectuez un contrat avec un tiers appelé ou se référant à ce site Web, il est votre responsabilité de veiller à ce que vous êtes à l'aise avec ces conditions de contrats et de prendre des conseils juridiques si nécessaire.","Si vous signez un contrat avec un tiers mentionné sur ce site, il vous appartient de vérifier que ses conditions vous conviennent et de demander un avis juridique si besoin. | Si vous concluez un contrat avec un tiers cité sur ce site web, c’est à vous de vous assurer que les clauses vous conviennent et de solliciter un conseil juridique si nécessaire.",66.99266503667481,False
535,"Ka pataje Chèn dwe pèmèt, ki gen ladan pataje pa plis pase de estasyon. Yon estasyon siviv te kapab pataje ak yon estasyon ki pa ta siviv otreman, oswa de oswa plis estasyon fòse yo chanje chanèl ta ka ranpli yon aplikasyon jwenti yo pataje yon sèl nouvo kanal. Divizyon kapasite kanal la ta kite nan estasyon yo toutotan chak estasyon te gen dwa emèt omwen yon kanal full-time videyo gratis a definisyon plen. Pataje chèn se pa menm bagay la kòm kourtaj yon kouran dijital. Nan yon sitiyasyon kanal pataje, chak nan pati yo pataje yon kanal gen pwòp lisans FCC li yo ak siy rele, chak se responsab nan FCC a pou tout aksyon li yo, e pa youn ki responsab pou aksyon yo nan lòt moun yo. Nan yon aranjman Brokerage tan, yon sèl lame kenbe sèlman lisans lan FCC ak lous responsablite ultim pou tout kontni sou tout sous dlo.","Le partage de canal peut être autorisé, y compris par deux stations au maximum. Une station survivante peut partager son canal avec une station qui, autrement, ne survivrait pas. De même, deux stations ou plus, contraintes de changer de canal, peuvent déposer une demande conjointe pour partager un nouveau canal unique. La répartition de la capacité du canal est laissée à la discrétion des stations, à condition que chacune soit autorisée à diffuser au moins un canal vidéo en haute définition gratuit et en continu. Le partage de canal est différent de la location de flux numériques. Dans le cadre d'un partage de canal, chaque partie possède sa propre licence FCC et son propre indicatif d'appel, est responsable de ses actes devant la FCC et n'est pas responsable des actes des autres. Dans le cadre d'une location de temps d'antenne, un seul diffuseur détient la licence FCC et assume l'entière responsabilité du contenu de tous les flux.","La part de canal peut être autorisée, y compris la part de plus de deux stations. Une station de survie pourrait être partagée avec une station qui ne survivrait pas autrement, ou deux ou plusieurs stations forcées pour changer les canaux pourraient remplir une application conjointe pour partager un nouveau canal. La division de la capacité du canal laissera aux stations tout autour de chaque station a droit d'émettre au moins un canal vidéo gratuit en temps opportun à pleine définition. Partage de la chaîne n'est pas la même chose que la courtage d'un flux numérique. Dans une situation de canal partagé, chacun des parties pour partager un canal a sa propre licence FCC et son signe d'appel, chacun est responsable de la FCC pour toutes ses actions, et n'est pas responsable de l'action des autres. Dans un arrangement de Brokerage temps, une armée ne garde que la licence FCC et la responsabilité ultime pour tout le contenu sur toutes les sources d'eau","Le partage de canal peut être autorisé, y compris entre deux stations au plus. Une station qui peut continuer à émettre peut partager son canal avec une station qui, sans cela, ne pourrait pas survivre. De même, deux stations ou davantage, contraintes de changer de canal, peuvent présenter une demande commune pour partager un nouveau canal unique. La répartition de la capacité du canal reste à la discrétion des stations, à condition que chacune puisse diffuser au moins une chaîne vidéo gratuite en haute définition, en continu. Le partage de canal ne doit pas être confondu avec la location de flux numériques. Dans un partage de canal, chaque partie conserve sa propre licence FCC et son propre indicatif d’appel, répond de ses actes devant la FCC et n’est pas responsable de ceux des autres. Dans une location de temps d’antenne, un seul diffuseur détient la licence FCC et assume l’entière responsabilité du contenu de tous les flux. | Le partage de canal peut être autorisé, y compris entre deux stations maximum. Une station en activité peut partager son canal avec une station qui, autrement, ne pourrait pas poursuivre son activité. De même, deux stations ou plus, obligées de changer de canal, peuvent déposer ensemble une demande pour partager un seul nouveau canal. La répartition de la capacité du canal est laissée aux stations, pourvu que chacune ait le droit de diffuser au moins une chaîne vidéo gratuite, en haute définition et en continu. Le partage de canal n’est pas la même chose que la sous-location de flux numériques. Dans un partage de canal, chaque partie dispose de sa propre licence FCC et de son propre indicatif d’appel, et demeure responsable devant la FCC de ses propres actes, sans être responsable de ceux des autres. Dans une location de temps d’antenne, un seul diffuseur conserve la licence FCC et assume l’entière responsabilité de tout le contenu diffusé.",68.16283924843424,False
536,"Kèk nan enkyetid sa yo te eksprime pa Premye Minis ayisyen, Laurent Lamothe, ki te sijere tou ke gouvènman kanadyen an bay plis vwa ak plis èd bay gouvènman ayisyen an dirèkteman.[5]","Certaines de ces préoccupations ont été exprimées par le Premier ministre haïtien Laurent Lamothe, qui a également suggéré que le gouvernement canadien fasse davantage entendre sa voix et apporte plus d’aide directement au gouvernement haïtien.[5]","Certains de ces préoccupations ont été exprimées par le Premier ministre haïtien, Laurent Lamothe, qui a également suggéré que le gouvernement canadien donne plus de voix et plus d'aide au gouvernement haïtien directement[14].","Certaines de ces inquiétudes ont été exprimées par le Premier ministre haïtien Laurent Lamothe, qui a aussi proposé que le gouvernement canadien s’adresse davantage au gouvernement haïtien et lui apporte plus d’aide directement.[5] | Le Premier ministre haïtien Laurent Lamothe a lui-même fait part de certaines de ces préoccupations et a également estimé que le Canada devrait davantage se faire entendre et soutenir plus directement le gouvernement haïtien.[5]",78.17745803357315,False
537,"Se konsa, souvan, lè yon bagay ""move"" k ap pase, li ka parèt sans soufri. Men, sa ki si eksperyans ki pi difisil ou yo aktyèlman rich ak objektif objektif kache ke ou tèt ou te planifye anvan ou te fèt? Èske ou ta ka ke ou te chwazi sikonstans lavi ou, relasyon, ak evènman?","Bien souvent, lorsqu'un malheur survient, la souffrance peut sembler vaine. Et si vos expériences les plus difficiles recelaient en réalité des objectifs cachés, des buts que vous aviez vous-même définis avant même votre naissance ? Se pourrait-il que vous ayez choisi les circonstances, les relations et les événements de votre vie ?","Alors souvent, quand quelque chose de ""move"" se passe, il peut paraître sans aucun doute. Mais ce qui est si votre expérience la plus difficile est en fait riche avec des objectifs cachés que vous avez planifié avant de se produire? Pouvez-vous choisir vos circonstances de la vie, relations et événements?","Bien souvent, quand le malheur frappe, la souffrance semble inutile. Et si vos épreuves les plus dures cachaient en réalité un sens profond, des objectifs que vous auriez fixés avant même de naître ? Auriez-vous choisi les circonstances, les relations et les événements de votre vie ? | Souvent, lorsqu’un malheur survient, la souffrance paraît vaine. Et si vos expériences les plus difficiles portaient en elles des buts cachés, définis par vous avant votre naissance ? Se pourrait-il que vous ayez choisi les circonstances, les relations et les événements de votre existence ?",62.95652173913043,False
538,Hankuk University of Etid Etranje Seoul,Université Hankuk d'études étrangères de Séoul,Université de Hankuk d'études étrangères Séoul,Université Hankuk des études étrangères de Séoul | Université Hankuk des langues étrangères de Séoul,86.95652173913044,True
539,Faktori dirèk-Super Blan Stone - Dècoration materyèl - Panse endistri yo,Direct usine - Pierre blanche extra-blanche - Matériaux de décoration - Think Industries,Usine Direct-Super Pierre blanche - matériaux de décoration - Thinking Industries,Direct usine - Pierre blanche extra blanche - Matériaux de décoration - Think Industries | Vente directe usine - Pierre blanche ultra blanche - Matériaux de décoration - Think Industries,82.71604938271605,True
540,"Soti nan Mas 05, 2020 09: 00 jiskaske Mas 07, 2020 18: 00",Du 5 mars 2020 à 9h00 au 7 mars 2020 à 18h00,"À partir de Mars 05, 2020 09: 00 jusqu'à Mars 07, 2020 18: 00",Du 5 mars 2020 à 9h00 au 7 mars 2020 à 18h00 | Du 5 mars 2020 à 9h00 jusqu’au 7 mars 2020 à 18h00,66.66666666666667,False
541,"TopSlotSite.com aksepte depo soti nan anpil kredi ak kat debi diferan ki gen ladan Visa, Visa debi, Visa elektwon, Visa Delta, MasterCard, Maestro, JCB, solo, Bouton, Diners Club ak Dekouvri.","TopSlotSite.com accepte les dépôts effectués avec de nombreuses cartes de crédit et de débit différentes, notamment Visa, Visa Debit, Visa Electron, Visa Delta, MasterCard, Maestro, JCB, Solo, Button, Diners Club et Discover.","TopSlotSite.com accepte le dépôt de nombreux crédits et cartes de débit différents, y compris Visa, Visa débit, Visa Electron, Visa Delta, MasterCard, Maestro, JCB, solo, Bouton, Diners Club et Découvrez.","TopSlotSite.com accepte les dépôts par de nombreuses cartes bancaires, dont Visa, Visa Débit, Visa Electron, Visa Delta, MasterCard, Maestro, JCB, Solo, Button, Diners Club et Discover | TopSlotSite.com prend en charge les dépôts via un large choix de cartes de crédit et de débit, notamment Visa, Visa Débit, Visa Electron, Visa Delta, MasterCard, Maestro, JCB, Solo, Button, Diners Club et Discover",85.78811369509044,True
542,Lekti 25Konfigirasyon Aksè Desktop Remote,Lecture 25 : Configuration de l’accès au bureau à distance,Lecture 25Configuration de l'accès au bureau à distance,Lecture 25 : Configuration de l’accès au bureau à distance | Leçon 25 : Paramétrage de l’accès au bureau à distance,92.72727272727272,True
543,Molybdenum wonn objektif,Cible ronde en molybdène,Molybdène cible ronde,cible circulaire en molybdène | cible ronde en molybdène,90.47619047619048,True
544,Zanj imen an,L'ange humain,L'homme Weng,être d’une grande bonté | ange de bonté,36.36363636363637,False
545,Zouti pou koupe Pou Cnc Routeur,Outils de coupe pour routeur CNC,Outils de coupe pour cnc Router,Outils de coupe pour routeur CNC | Fraises pour routeur CNC,91.52542372881356,True
546,Prince peyi Pès la: Sands yo bliye,Prince of Persia : Les Sables Oubliés,Prince of Persia : Sands mémoire,Prince de Perse : Les Sables Oubliés | Prince de Perse : Les Sables du Temps,64.51612903225806,False
547,Faks: Rele nou kounye a: 0086-536-2295528,Télécopie : Appelez-nous maintenant : 0086-536-2295528,Fax: Appelez-nous: 0086-536-2295528,Fax : Appelez-nous dès maintenant : 0086-536-2295528 | Tél. : Contactez-nous sans attendre : 0086-536-2295528,70.37037037037037,False
548,"Ki jan yo voye siyal soti nan estidyo transmetè? -News FMUSER FM transmetè Guangzhou, FM transmetè Lachin Supplier","Comment transmettre un signal du studio à l'émetteur ? - Émetteur FM FMUSER, Guangzhou, fournisseur chinois d'émetteurs FM","Comment envoyer le signal du studio de l'émetteur? -News-FMUSER Transmetteur FM Guangzhou, transmetteur FM Chine Fournisseur","Comment envoyer le signal du studio à l’émetteur ? - Émetteur FM FMUSER, Guangzhou, fournisseur chinois d’émetteurs FM | Comment acheminer le signal du studio vers l’émetteur ? - Émetteur FM FMUSER, Guangzhou, fournisseur chinois d’émetteurs FM",75.79908675799088,False
549,POU ELEKTRIK POUVWA TOOL5,POUR OUTILS ÉLECTRIQUES 5,POUR L'ÉNERGIE ÉLECTRIQUE TOOL5,pour outils électriques 5 | pour outils électroportatifs 5,67.85714285714286,False
550,Lachin en fe mwatye tou Bar Fabricants ke founisè,Fabricants et fournisseurs chinois de barres demi-rondes en acier inoxydable,Chine en acier inoxydable moitié ronde Bar fabricants fournisseurs,Fabricants et fournisseurs chinois de barres demi-rondes en acier inoxydable | Fabricants et fournisseurs de barres demi-rondes en acier inoxydable en Chine,72.72727272727273,False
551,Sinema HD tib 2026. Sèlman pou granmoun. Etikèt Prèvoit.,Films HD 2026. Réservé aux adultes. Label Prevoit.,Films HD Tube 2026. Seulement pour les adultes. Étiquettes de prêt.,Films HD 2026. Réservé aux adultes. Label Prévoit | Films HD 2026. Interdit aux mineurs. Label Prévoit,59.45945945945945,False
552,"3. Vaporizasyon: Degoute 3-5 gout nan lwil oliv nan machin nan aromaterapi, ak Lè sa a, limyè li bay soti parfen;","3. Vaporisation : Versez 3 à 5 gouttes d'huile dans l'appareil d'aromathérapie, puis allumez-le pour diffuser le parfum ;","3. Théorie: goutte à goutte 3-5 gouttes d'huile de la machine d'aromathérapie, puis sa lumière fournit du parfum;","Vaporisation : Déposez 3 à 5 gouttes d’huile dans le diffuseur d’arômes, puis mettez-le en marche pour parfumer la pièce | Diffusion : Versez 3 à 5 gouttes d’huile dans l’appareil d’aromathérapie, puis allumez-le pour répandre le parfum",65.11627906976744,False
553,1 bèk ki apwopriye pou akomode volim likid yo,1 bécher adapté pour contenir des volumes de liquide,1 Vérifier approprié pour accueillir le volume de liquide,1 bécher adapté pour contenir des volumes de liquide | un bécher adapté pour contenir des volumes de liquide,71.55963302752293,False
554,Sou entènèt sèks konparezon,comparaison sexuelle en ligne,Comparaison de sexe en ligne,comparaison de sexe en ligne | comparaison sexuelle sur Internet,100.0,True
555,"Livrezon machandiz pou Arabi Saoudit a lè[Jan 24, 2018]",Livraison de marchandises à l'Arabie saoudite dans les délais impartis [24 janvier 2018],"Produits de livraison pour l'Arabie Saoudite[Jan 24, 2018]",Livraison de marchandises en Arabie saoudite dans les délais impartis | Livraison ponctuelle de marchandises à destination de l’Arabie saoudite,59.183673469387756,False
556,"De (2) konsè yo mizisyen pi popilè Tiken Jah Fakoly, ki pwograme soti nan 13 mas a 14 nan Bobo-Dioulasso ak Ouagadougou te imedyatman afekte tou.","Les deux (2) concerts du célèbre musicien Tiken Jah Fakoly, prévus les 13 et 14 mars à Bobo-Dioulasso et Ouagadougou, ont également été immédiatement affectés.","Deux concerts les plus populaires musiciens turcs Jah Télécopoly, qui sont prévus du 13 mars à 14 à Bobo-Dioulasso et Ouagadougou ont été immédiatement touchés.","Les deux concerts du célèbre musicien Tiken Jah Fakoly, prévus les 13 et 14 mars à Bobo-Dioulasso et Ouagadougou, ont eux aussi été immédiatement touchés | Les concerts du célèbre Tiken Jah Fakoly, programmés les 13 et 14 mars à Bobo-Dioulasso et Ouagadougou, ont également été affectés sans délai",74.76038338658147,False
557,Lage pou laprès nan Konsèy Federal Swis ki entèdi gwo manifestasyon 28 fevriye 2020.,Communiqué de presse du Conseil fédéral suisse interdisant les grandes manifestations le 28 février 2020.,Communiqué de presse du Conseil fédéral suisse interdisant les manifestations majeures du 28 février 2020.,Communiqué de presse du Conseil fédéral suisse interdisant les grandes manifestations le 28 février 2020 | Communiqué du Conseil fédéral suisse interdisant les grandes manifestations le 28 février 2020,90.47619047619048,True
558,"Prezante baraj nan tout pwosesis lan faktori, ak karakteristik sekirite tankou ankadreman fiks ak senti sekirite 5-pwen sou pousèt ti bebe nou an, tout pwodwi Taili pase tès difisil, tankou tès sekirite pwodwi EN ak SGS, reyinyon estanda ki pi wo nan endistri an.","Grâce à des points de contrôle tout au long du processus de fabrication et à des dispositifs de sécurité tels que des cadres fixes et des ceintures de sécurité à 5 points sur nos poussettes, tous les produits Taili passent des tests rigoureux, tels que les tests de sécurité des produits EN et SGS, répondant ainsi aux normes les plus élevées du secteur.","Doté d'un barrage dans l'ensemble du processus d'usine, avec des caractéristiques de sécurité telles que les cadres fixes et les courroies de sécurité 5-point sur nos poussettes, tous les produits Taili passent des tests difficiles, tels que les tests de sécurité des produits EN et SGS, les réunions standard les plus élevées de l'industrie.","Grâce à des contrôles à chaque étape de la fabrication et à des dispositifs de sécurité comme des châssis fixes et des harnais de sécurité à 5 points sur nos poussettes, tous les produits Taili sont soumis à des tests rigoureux, notamment les tests de sécurité EN et SGS, afin de répondre aux normes les plus exigeantes du secteur. | Avec des points de contrôle tout au long du processus de production et des éléments de sécurité tels que des cadres fixes et des ceintures de sécurité à 5 points sur nos poussettes, tous les produits Taili passent des tests stricts, comme les tests de sécurité EN et SGS, pour satisfaire aux standards les plus élevés de l’industrie.",77.08978328173374,False
559,"11:33 Men non pitit Hashem, yon Gizonite: Jonatan, Pitit gason an nan Shagee, yon Ara;","11:33 Voici les noms des fils de l'Éternel, le Guizonien : Jonathan, fils de Shagié, le Haranien ;","11:33 Les fils de HAShem, une guérison: Jonathan, le fils de Shagee, un Ara;","Voici les noms des fils de l’Éternel, le Guizonien : Jonathan, fils de Shagié, le Haranien | Voici les descendants de l’Éternel, le Guizonien : Jonathan, fils de Shagié, le Haranien",68.42105263157895,False
560,"Konpayi nou an kouvri sou 5,000m2. Li te gen anpil fòs teknoloji , bon kondisyon nan pwodiksyon ak egzamen ak tou pafè sèvis apre-lavant yo. Plant nou egzekite tout pwosesis jesyon bon jan kalite","Notre entreprise s'étend sur une superficie de 5 000 m². Elle bénéficie d'une solide expertise technologique, d'excellentes conditions de production et de test, ainsi que d'un service après-vente irréprochable. Notre usine applique l'ensemble des processus de gestion de la qualité.","Notre société couvre plus de 5,000m2. Il a de nombreuses forces technologiques , de bonnes conditions de production et d'examen et aussi parfait service après-vente. Notre usine a exécuté tous les processus de gestion de la qualité","Notre société couvre une superficie d’environ 5 000 m². Elle dispose d’un solide savoir-faire technologique, de bonnes conditions de production et de contrôle, ainsi que d’un service après-vente irréprochable. Notre usine met en œuvre l’ensemble des प्रक्रédures de gestion de la qualité | Notre entreprise s’étend sur 5 000 m². Elle bénéficie d’une forte expertise technique, d’excellentes conditions de fabrication et d’essai, ainsi que d’un service après-vente parfait. Notre site applique tous les processus de gestion de la qualité",67.96536796536796,False
561,vidèo poutèt yo resevwa: 24:59,Vidéo reçue à 24:59,durée de la vierge : 24:59,Vidéo reçue à 24:59 | Vidéo reçue à 24:59,55.81395348837209,False
562,3. Se plant lan pòtab kraze itilize pou otomatik nan arabl ak yon varyete de lòt materyèl; separasyon gluan coagulation total; konstriksyon ak demolisyon endistri; kase apre tès depistaj la; Carrier endistri.,3. L'installation de concassage mobile est utilisée pour le traitement de la terre végétale et de divers autres matériaux ; la séparation de la coagulation des agrégats visqueux ; l'industrie de la construction et de la démolition ; le concassage après criblage ; l'industrie des carrières.,3. L'usine de concassage portable est utilisée pour le traitement des arachides et une variété d'autres matériaux; la séparation totale de la coagulation de visque; la construction et la démolition de l'industrie; après le dépistage; industrie du transporteur.,"L’installation mobile de concassage sert au traitement de la terre végétale et de divers matériaux ; à la séparation des agrégats visqueux ; aux secteurs de la construction et de la démolition ; au concassage après criblage ; à l’industrie des carrières | Le concasseur mobile est utilisé pour traiter la terre végétale et d’autres matériaux, pour séparer les amas visqueux, dans la construction-démolition, pour le concassage après criblage et dans les carrières",62.59842519685039,False
563,Komisyonin pwosesis KOB-6 oksijèn fè plant,Processus de mise en service de l'usine de production d'oxygène KOB-6,Processus de fabrication de l'oxygène KOB-6,Mise en service de l’usine d’oxygène KOB-6 | Démarrage du processus de mise en service de l’usine d’oxygène KOB-6,64.0,False
564,Kle-Kòd Recovery Opsyon,Options de récupération du code clé,Options de récupération Key-Code,Options de récupération du code clé | Options de récupération du mot de passe,88.88888888888889,True
565,"Nan 2017 ane etabli dosye a Ris pou lansman similtane 73 veso espasyèl lage nan twa òbit diferan: soti nan kosmodrom la Baikonur ak ""Soyuz-2.1a"" lè l sèvi avèk fize a konpayi asirans ak etap la anwo ""Fregat"" ki te avèk siksè aplike lansman ""Canopus-B-IR"" satelit ak 72 aparèy ti.","En 2017, le record russe du lancement simultané de 73 engins spatiaux a été établi sur trois orbites différentes : depuis le cosmodrome de Baïkonour avec « Soyouz-2.1a » utilisant la fusée porteuse et l'étage supérieur « Fregat » qui a réussi le lancement du satellite « Canopus-B-IR » et de 72 petits dispositifs.","En 2017 année a établi le fichier russe pour le lancement simultané 73 engins spatiaux livrés en trois orbite différents: du cosmodrome de Baïkonour et “Soyouz-2.1a” en utilisant la fusée porteuse et l'étage supérieur ""Fregat"" qui a mis en œuvre avec succès le lancement ""Canopus-B-IR"" satellite avec 72 petits appareils.","En 2017, la Russie a établi un record en lançant simultanément 73 engins spatiaux sur trois orbites différentes depuis Baïkonour, grâce à Soyouz-2.1a et à l’étage supérieur Fregat, avec le satellite Canopus-B-IR et 72 petits appareils. | En 2017, un record russe a été établi avec le lancement simultané de 73 engins spatiaux sur trois orbites différentes depuis le cosmodrome de Baïkonour, à l’aide de Soyouz-2.1a, de la fusée porteuse et de l’étage supérieur Fregat, qui ont permis de mettre en orbite Canopus-B-IR et 72 petits satellites.",73.21131447587355,False
566,Vintage : Fi toutouni gratis 3402 videyo,Vintage : Vidéos gratuites de femmes nues 3402,Vintage : Filles nues gratuites 3402 vidéos,Vidéos gratuites de femmes nues 3402 | 3402 vidéos gratuites de femmes nues,60.46511627906976,False
567,"Sèvis kliyan nou an se zanmitay ak konplikasyon-gratis, tanpri kontakte nou si sa nesesè:","Notre service client est convivial et sans tracas, veuillez nous contacter si nécessaire :","Notre service à la clientèle est convivial et sans tracas, s'il vous plaît nous contacter si nécessaire:","Notre service client est chaleureux et simple d’utilisation, n’hésitez pas à nous contacter si besoin | Notre service client est à l’écoute et sans souci, veuillez nous contacter au besoin",65.95744680851064,False
568,Inik AC vag pwodiksyon:,Sortie d'onde CA unique :,Sortie d'onde AC unique:,Sortie CA unique | Sortie d’onde CA unique,89.36170212765957,True
569,2. Ka Easemon monitè tout moun kap itilize li an kont apwè li installè pou yon òdinatè?,2. Easemon peut-il surveiller tous les utilisateurs de son compte après son installation sur un ordinateur ?,2. Moniteur Easemon peut-il utiliser un compte après avoir installé un ordinateur?,"Easemon peut-il surveiller tous les utilisateurs du compte après installation sur un ordinateur ? | Après installation sur un ordinateur, Easemon peut-il surveiller tous les utilisateurs du compte ?",67.07317073170731,False
570,Karakteristik epidemyolojik nan twa epidemi grav kowonaviris,Caractéristiques épidémiologiques de trois épidémies graves de coronavirus,Les caractéristiques épidémiologiques des trois épidémies graves de coronavirus,Caractéristiques épidémiologiques de trois graves épidémies de coronavirus | Profil épidémiologique de trois épidémies sévères de coronavirus,87.58169934640523,True
571,"12 Antennes GPS 3 G 4 G tout mobil Siyal Telefòn brouyeur fil VHF UHF RF siyal Blocker. Èske w te janm konsidere kòm ki jwenn sa yo kalite siyal Blocker sa ki ka koupe siyal nan 3 G 4 G tout mobil siyal telefòn, fil, GPSL, UHF VHF ak RF 315MHz? Isit la sa a High Power 12 Antennes Reglabl 3 G 4 G ...","Brouilleur de signaux mobiles (GPS, 3G, 4G, VHF, UHF, RF) avec 12 antennes. Avez-vous déjà envisagé d'acquérir un brouilleur de signaux capable de bloquer les signaux mobiles 3G, 4G, GPS, UHF, VHF et RF 315 MHz ? Voici un modèle haute puissance à 12 antennes réglables pour les réseaux 3G et 4G…","12 Antennes GPS 3G 4G tous les signaux de téléphone portable Jammer WiFi VHF UHF Bloqueur de signal RF. Avez-vous déjà envisagé de trouver ces types de bloqueur de signaux qui peut couper le signal de 3G 4G tous les signaux de téléphone mobile, WiFi, GPSL, UHF VHF et RF 315MHz? Ici, cette haute puissance 12 Antennes réglables 3G 4G ...","Brouilleur de signaux mobiles à 12 antennes pour GPS, 3G, 4G, VHF, UHF et RF 315 MHz. Avez-vous déjà pensé à vous procurer un brouilleur capable de couper les signaux 3G, 4G, GPS, UHF, VHF et RF ? Voici un modèle haute puissance à 12 antennes réglables… | Brouilleur de téléphone portable haute puissance à 12 antennes, compatible GPS, 3G, 4G, VHF, UHF et RF 315 MHz. Vous êtes-vous déjà demandé où trouver ce type de brouilleur capable de bloquer les signaux mobiles et GPS ? Voici un modèle réglable à 12 antennes…",57.33558178752107,False
572,"Calculators kraze wòch, gravye, sab, nan kalkil volim nan pil wòch la","Calculatrices pour pierre concassée, gravier, sable, pour calculer le volume d'un tas de roches","Calculatrice de la pierre de concassage, de gravier, de sable, dans le calcul du volume de la pierre",Calculateur de volume de tas de gravats | Calculatrice pour estimer le volume d’un tas de pierres,57.73195876288659,False
573,"Eyebright ekstrè yo itilize amelyore je vizyon klere, flavon se prensipal engredyan aktif nan ekstrè zèb eyebright. FZBIOTECH, kòm yon manifakti nan ekstrè plant, ki te konsakre bay pi bon ekstrè bon jan kalite eyebright natirèl nan tout mond lan ak pi bon pri. Pou koperasyon long tèm, echantiyon gratis ki disponib. Chat Now","L'extrait d'euphraise est utilisé pour améliorer la vision. La flavone est le principal ingrédient actif de cet extrait. FZBIOTECH, fabricant d'extraits végétaux, s'engage à fournir un extrait d'euphraise naturel de la meilleure qualité au monde entier, au meilleur prix. Des échantillons gratuits sont disponibles pour toute collaboration à long terme. Contactez-nous dès maintenant !","Extrait de Eyebright est utilisé pour améliorer la vision lumineuse, les flavonoïdes sont les principaux ingrédients actifs de l'extrait d'herbe d'Eyebright. FZBIOTECH, en tant que fabricant d'extrait de plante, s'est consacré à fournir la meilleure qualité d'extrait naturel d'Eyebright à travers le monde avec le meilleur prix. Pour la coopération à long terme, l'échantillon gratuit est disponible. Discuter maintenant","L’extrait d’euphraise est utilisé pour améliorer la vision. La flavone est le principal actif de cet extrait. FZBIOTECH, fabricant d’extraits végétaux, s’engage à fournir un extrait d’euphraise naturel de qualité supérieure dans le monde entier, au meilleur prix. Des échantillons gratuits sont disponibles pour une collaboration à long terme. Contactez-nous dès maintenant ! | L’extrait d’euphraise aide à améliorer la vision. La flavone en est le principal composé actif. FZBIOTECH, spécialiste des extraits de plantes, s’engage à proposer partout dans le monde un extrait d’euphraise naturel de haute qualité, au meilleur prix. Des échantillons gratuits sont disponibles pour une coopération durable. Contactez-nous maintenant !",65.21739130434783,False
574,Soti nan 1 Septanm 2017 jwenn kèk nan leson yo nan lokal nouvo nan bilding lan nouvo lòtbò lari la.,"À compter du 1er septembre 2017, certains cours se dérouleront dans de nouveaux locaux, dans le nouveau bâtiment situé de l'autre côté de la rue.",De 1 Septembre 2017 trouve quelques-uns des leçons de nouveaux locaux dans le nouveau bâtiment de la rue côté.,"À partir du 1er septembre 2017, certains cours auront lieu dans de nouveaux locaux, dans le nouveau bâtiment situé de l’autre côté de la rue | Dès le 1er septembre 2017, quelques cours se tiendront dans les nouveaux locaux du bâtiment neuf en face de la rue",73.63636363636363,False
575,Se konsa an n facteur soti yon negatif 8.,Factorisons donc par -8.,Nous allons donc factoriser un négatif 8.,Factorisons donc par -8 | Mettons -8 en facteur,48.78048780487805,False
576,"VideoFish Etid (n) ak vidèos de atravè lemond. Videyo se yon enstriman esansyèl pou aprann Angle. Lonje kò ou nan vidèos etranje pou ede w parfait compètences lang ou, ou annik pran plezi kèk.",VideoFish : Apprenez l'anglais grâce à des vidéos du monde entier. La vidéo est un outil essentiel pour progresser. Plongez-vous dans des vidéos en langue étrangère pour perfectionner vos compétences linguistiques ou tout simplement vous divertir.,"VideoFish Study (n) et videuros du monde entier. La vidéo est un instrument essentiel pour apprendre l'anglais. L'ombre de votre corps dans les vacanciers étrangers pour vous aider à perfectionner vos compasences linguistiques, ou en particulier quelques-uns.",Apprenez l’anglais avec des vidéos du monde entier. La vidéo est un outil essentiel pour progresser. Plongez dans des vidéos en langue étrangère pour perfectionner vos compétences linguistiques ou simplement vous divertir. | Découvrez l’anglais grâce à des vidéos venues du monde entier. La vidéo est un outil indispensable pour apprendre et progresser. Immergez-vous dans des contenus en langue étrangère pour améliorer vos compétences ou simplement passer un bon moment.,65.3763440860215,False
577,Soulye gwosè NC gwosè Pye longè (cm),Pointure NC Longueur du pied (cm),Taille des chaussures CN taille Longueur du pied (cm),Pointure NC Longueur du pied (cm) | Taille NC Longueur du pied (cm),73.6842105263158,False
578,Distribitè Larsen Lachin manifaktirè faktori ekspòtatè machann - pwodwi,Distributeurs Larsen Chine fabricants usine exportateurs vendeurs - produits,Réducteur de Chine fournisseur fabricant usine exportateur - produits,"Distributeurs Larsen en Chine | Fabricants, usine, exportateurs et vendeurs de produits",69.56521739130434,False
579,Klike la a pou achte Lecheek Nitrisyon StimShot soti nan A1Nutrition,Cliquez ici pour acheter Lecheek Nutrition StimShot chez A1Nutrition,Cliquez ici pour acheter lecheek Nutrition StimShot de A1Nutrition,Cliquez ici pour acheter Lecheek Nutrition StimShot chez A1Nutrition | Achetez Lecheek Nutrition StimShot sur A1Nutrition,95.45454545454545,True
580,"Lachin RVB miray reskonsab manifaktirè, distribitè, faktori, konpayi - pwodwi - Shenzhen Hoion ekleraj co, Ltd","Fabricants, fournisseurs, usine et entreprise de contrôleurs muraux RGB en Chine - Produits - Shenzhen Hoion Lighting Co., Ltd.","Chine RGB mur contrôleur fabricant, fournisseur, usine, entreprise - produits - Shenzhen Hoion Lighting Co., Ltd","Fabricants, fournisseurs, usine et entreprise de contrôleurs muraux RGB en Chine - Produits - Shenzhen Hoion Lighting Co., Ltd. | Fabricants, distributeurs, usine et société de contrôleurs muraux RGB en Chine - Produits - Shenzhen Hoion Lighting Co., Ltd.",70.83333333333333,False
581,"Dosye nan Nano Ale nan Euro-Azi Ekonomik Forum[Sep 21, 2017]",Nano Records participe au Forum économique euro-asiatique [21 septembre 2017],"Dossier de NANO Aller au Forum économique Euro-Azi[Sep 21, 2017]",Nano Records participe au Forum économique euro-asiatique | Nano Records au Forum économique euro-asiatique,67.82608695652175,False
582,"Se konsa, yon reyinyon yo te rele, jan de yon reyinyon dijans pi gwo gwoup Auguste pou eseye rezoud kèk nan pwoblèm sa yo.","Une réunion a donc été convoquée, une sorte de réunion d'urgence du groupe Auguste élargi, afin d'essayer de résoudre certains de ces problèmes.","Donc une réunion est appelée, comme une réunion d'urgence de plus grande classe Auguste d'essayer de résoudre certains de ces problèmes.",Une réunion d’urgence a donc été convoquée pour tenter de régler certains de ces problèmes | Une réunion exceptionnelle du groupe Auguste élargi a été organisée afin d’essayer de résoudre ces difficultés,58.4070796460177,False
583,"Ranpli sik: rezèvasyon, tcheke nan, lòd restoran an epi tcheke deyò","Cycle complet : réservation, enregistrement, commande au restaurant et départ","Cycle complet: réservations, vérifier, ordre du restaurant et vérifier","Parcours complet : réservation, arrivée, commande au restaurant et départ | Cycle complet : réservation, accueil, repas au restaurant et sortie",77.37226277372262,False
584,Immersion Gold 1U Nwa braze Mask PCB ProductionProfessional PCB Fabricant Konpayi fabrikasyon yo ak Founisè Lachin - Customized - SUNSOAR,Production de circuits imprimés avec masque de soudure noir et immersion or 1U - Fabricants et fournisseurs professionnels de circuits imprimés en Chine - Personnalisé - SUNSOAR,Immersion Gold 1U Masque noir PCB ProductionProfessional PCB Fabricants et fournisseurs Chine - Personnalisé - SUNSOAR,Fabrication de PCB avec masque de soudure noir et finition or immersion 1U - Fabricants et fournisseurs professionnels en Chine - Sur mesure - SUNSOAR | Circuits imprimés personnalisés avec masque noir et or immersion 1U - Fabricants et fournisseurs professionnels en Chine - SUNSOAR,65.53191489361703,False
585,Domèn Non Search,Recherche de noms de domaine,Nom du domaine Recherche,Recherche de noms de domaine | Recherche de domaines,83.33333333333334,True
586,American Airlines fete 40 ane nan sèvi Ayiti Detay,American Airlines célèbre 40 ans de service en Haïti. Détails,American Airlines a 40 ans de servir Haïti Détails,American Airlines fête ses 40 ans de service en Haïti. Détails | American Airlines célèbre 40 ans de service en Haïti. Détails,76.0,False
587,E pli vit pa Cruise bato,Et bientôt par bateau de croisière,Et bientôt par croisière bateau,et très bientôt en bateau de croisière | à très vite en croisière,67.85714285714286,False
588,"Se kou sa a pi byen adapte pou IT jeneralis, konsiltan, IT Pwofesyonèl ak Pwofesyonèl Pwofesyonèl.","Ce cours est idéal pour les généralistes en informatique, les consultants et les professionnels de l'informatique.","Ce cours est le mieux adapté pour les génériques informatiques, les consultants, les professionnels de l'informatique et des professionnels.","Ce cours est particulièrement adapté aux généralistes de l’informatique, aux consultants et aux professionnels de l’IT | Ce cours convient parfaitement aux profils généralistes en informatique, aux consultants et aux spécialistes de l’IT",68.86446886446886,False
589,"MOLDINGS nou jwi chimik ekselan ak pwopriyete fizik. Yo se rezistan a korozyon, lwil, -wo ki ba tanperati a, mete ak aje, epi yo gen entansite segondè. Pwodwi a plastik piki jwi lavi sèvis plis pase 3...","Nos pièces moulées présentent d'excellentes propriétés chimiques et physiques. Elles résistent à la corrosion, aux huiles, aux températures extrêmes, à l'usure et au vieillissement, et possèdent une grande intensité. Le produit moulé par injection plastique a une durée de vie supérieure à 3 ans.","Nos exploitations bénéficie d'excellentes propriétés chimiques et physiques. Ils sont résistants à la corrosion, à l'huile, à haute température, à l'usure et au vieillissement et ont une forte intensité. Le produit d'injection plastique bénéficie de la durée de vie de plus de 3...","Nos pièces moulées présentent d’excellentes propriétés chimiques et physiques. Elles résistent à la corrosion, aux huiles, aux températures extrêmes, à l’usure et au vieillissement, et offrent une grande résistance. Le produit moulé par injection plastique a une durée de vie de plus de 3 ans. | Nos pièces moulées ont d’excellentes caractéristiques chimiques et physiques. Elles sont résistantes à la corrosion, aux huiles, aux températures élevées et basses, à l’usure et au vieillissement, et présentent une grande solidité. Le produit moulé par injection plastique a une durée de vie supérieure à 3 ans.",77.22419928825623,False
590,Liy pwodiksyon ki pi pwodiktif nan endistri a nan Shredders. Konsepsyon patante nou kouto opere nan tolerans trè pre ki pwodui koupe endistri yo ?? Kouto yo ka resharpened ak reutilize ki anpil ogmante validite ak diminye depans.,"La ligne de production la plus performante du secteur des broyeurs. Notre conception de lames brevetée garantit une précision de coupe inégalée. Réaffûtables et réutilisables, les lames offrent une durée de vie accrue et des coûts réduits.",La ligne de production la plus productive de l'industrie desders. Notre conception brevetée de coupe fonctionne dans une tolérance très proche qui produit la coupe de l'industrie ?? Les couteaux peuvent être resharpened et réutilisés qui augmentent considérablement la durée de vie et réduit les coûts.,"La ligne de production la plus performante du secteur des broyeurs. Notre conception de lames brevetée garantit une précision de coupe exceptionnelle. Réaffûtables et réutilisables, les lames offrent une durée de vie prolongée et des coûts réduits. | La solution la plus productive du marché des broyeurs. Grâce à notre conception de lames brevetée, la coupe est d’une précision remarquable. Les lames, réaffûtables et réutilisables, assurent une longévité accrue et des coûts maîtrisés.",59.14972273567467,False
591,Cho Soulye Popilè Pliable Plastik Etajè Kalite Chinwa PROV ...,"Étagère à chaussures pliable en plastique, très populaire, qualité chinoise PROV...",Chaussures populaires en plastique pliable Type de crémaillère chinois PROV ...,Étagère à chaussures pliable en plastique très populaire | Étagère à chaussures pliable en plastique de qualité chinoise,64.61538461538461,False
592,Shanghai Entènasyonal Paran-Timoun Ekspozisyon,Salon international parents-enfants de Shanghai,Salon international des parents-un,Salon international parent-enfant de Shanghai | Salon international des parents et des enfants de Shanghai,91.17647058823529,True
593,DMS-59 PIN Gason Doub HDMI Splitter Ekstansyon ...,Rallonge répartiteur HDMI double mâle DMS-59...,DMS-59 Pin mâle double Extension HDMI Splitter ...,Rallonge répartiteur HDMI double mâle DMS-59 | Câble rallonge répartiteur HDMI double mâle DMS-59,52.0,False
594,"PCBA: Kantite, PCB dosye konsepsyon ak Deskripsyon ak BOM, Metòd Tès ak etap.","PCBA : Quantité, fichier de conception du circuit imprimé et description avec nomenclature, méthodes et étapes de test.","PCBA: Quantité, conception de fichiers PCB et description avec BOM, Méthode d'essai et étape.","PCBA : quantité, dossier de conception du circuit imprimé avec description et nomenclature, méthodes et étapes de test | PCBA : nombre, fichier de conception du PCB avec description, BOM, méthodes et phases de test",65.85365853658536,False
595,do fè wotè 106 - 116cm,hauteur du dossier 106 - 116 cm,hauteur du dos 106 - 116cm,hauteur du dossier 106 à 116 cm | dossier réglable en hauteur de 106 à 116 cm,81.63265306122449,True
596,larivy è Lefrat Lea a vit Forward,La rivière Lefrat Lea coule rapidement.,la rivière Lea rapide Forward,La rivière Lefrat Lea coule vite | Le fleuve Lefrat Lea s’écoule rapidement,71.11111111111111,False
597,"ka lakòz pèt blese, nan biznis. 3. Lojman pa ka bati nan","peut causer des blessures, des pertes commerciales. 3. Il est impossible de construire des logements dans","peut provoquer une perte de blessure, dans les entreprises. 3. Logement ne peut pas être construit dans",peut entraîner des blessures et des pertes commerciales | il est impossible de construire des logements dans,58.16326530612245,False
598,Ba Kondisyon Lè l sèvi avèk MACD Lakwa Endikatè.,Conditions de marché utilisant l'indicateur de croisement MACD.,Faible exigence à l'aide de MACD Cross Indicateur.,Conditions de marché avec croisement MACD | Conditions de marché basées sur le croisement MACD,43.99999999999999,False
599,Fim LCDs rekonpanse koperasyon ki rele louvwi trese Nematic (FSTN) a avanse ki pi resan ki te entwodiksyon fim rekonpanse koperasyon ki rele tab kontwòl louvwi trese Nematic (FSTN). Li te ajoute yon fim UN nan ekspozisyon STN sa compenser pou koulè a te ajoute ke efè...Plis,La plus récente avancée en matière d'écrans LCD est l'introduction de la technologie FSTN (Super Twisted Nematic). Celle-ci ajoute une couche à l'écran STN afin de compenser la dominante de couleur induite par l'effet...Plus,Le film LCDs compensant la coopération appelée Nematic (FSTN) avancé a été l'introduction de film compensant la coopération appelée table de contrôle Super Twisted Nematic (FSTN). Il ajoute un film d'affichage STN qui compenser...Plus,"La technologie LCD la plus récente est l’introduction du FSTN (Super Twisted Nematic), qui ajoute une couche à l’écran STN afin de compenser la dominante de couleur induite par l’effet… | L’avancée la plus récente des écrans LCD est l’apparition du FSTN (Super Twisted Nematic), une technologie qui ajoute une couche à l’écran STN pour corriger la coloration provoquée par l’effet…",51.59574468085106,False
600,New lojman solid PCB pou fè pou evite kraze,Nouveau boîtier de circuit imprimé solide pour éviter les casses,Nouveau boîtier de PCB solide pour éviter la rupture,Nouveau boîtier PCB robuste pour éviter les dommages | Nouveau boîtier de circuit imprimé solide pour prévenir les casses,78.72340425531915,False
601,Film te fè fas plywood,contreplaqué recouvert d'un film,Film de contreplaqué face,contreplaqué filmé | contreplaqué plaqué film,80.0,True
602,Avèk lojisyèl sa a ki senp ou ka sedui nenpòt ki itilizatè ou vle. Ou kapab achte kado yo pi chè epi ou yo pral tankou yon VIP. Ou ka chwazi nan 3 kalite pake: Pake 50 Kredi; Pake 100 Kredi; Pake 300 Kredi. Pou rezon sekirite gen yon limit chak jou:,"Ce logiciel simple vous permet de séduire n'importe quel utilisateur. Offrez-lui les cadeaux les plus luxueux et de bénéficier d'un traitement VIP. Choisissez parmi trois forfaits : 50 crédits, 100 crédits et 300 crédits. Pour des raisons de sécurité, une limite quotidienne est appliquée.","Avec ce logiciel simple, vous pouvez séduire tous les utilisateurs que vous voulez. Vous pouvez acheter les cadeaux les plus chers et vous serez comme un VIP. Vous pouvez choisir parmi 3 types de paquets: Pack 50 Crédit; Pack 100 Crédit; Package 300 Crédit. Pour des raisons de sécurité, il y a une limite quotidienne:","Ce logiciel simple vous permet de charmer n’importe quel utilisateur. Offrez-lui les cadeaux les plus prestigieux et profitez d’un traitement VIP. Choisissez parmi trois formules : 50 crédits, 100 crédits ou 300 crédits. Pour des raisons de sécurité, une limite quotidienne s’applique. | Avec ce logiciel simple, vous pouvez séduire n’importe quel utilisateur. Offrez les cadeaux les plus coûteux et bénéficiez d’un statut VIP. Trois packs sont disponibles : 50 crédits, 100 crédits et 300 crédits. Pour des raisons de sécurité, une limite par jour est en place.",67.68189509306261,False
603,Bòs otè: Heather Colman,Auteure principale : Heather Colman,Auteur expert: Heather Colman,Autrice principale : Heather Colman | Auteure principale : Heather Colman,77.55102040816327,False
604,"Hot Tags: kontwòl gen, Lachin, ke founisè, fabricants, faktori, konpayi an, ajan, distributeur, pwodwi yo","Mots-clés : générateur de contrôle, Chine, fournisseurs, fabricants, usine, entreprise, agent, distributeur, produits","Hot Tags: contrôle de la gen, Chine, fournisseurs, fabricants, usine, société, agent, distributeur, produits","Mots-clés : générateur de contrôle, Chine, fournisseurs, fabricants, usine, entreprise, agent, distributeur, produits | Tags : générateur de contrôle, Chine, fournisseurs, fabricants, usine, entreprise, agent, distributeur, produits",83.0,True
605,"Online web jwèt ofwi yon pilye chwa pou jwè yo, sòti de senp n. planch jwèt nan lojik pou konplèks, 3D interactive jwèt sa realistikman reproduire jwèt tankou biya, foutbòl, bal bizbòl, ets. sou la ki monitè kè bebe. Biya se yon jwèt popilè ki ka jwe sou yon PC, oubyen menm yon telefòn selilè.","Les jeux en ligne offrent un large choix aux joueurs, allant des jeux de société simples basés sur la logique aux jeux interactifs 3D complexes qui reproduisent fidèlement des sports comme le billard, le football, le baseball, etc. sur écran. Le billard est un jeu populaire auquel on peut jouer sur PC ou même sur téléphone portable.","Jeu en ligne offre un large éventail de choix pour les joueurs, à partir de jeux de snowboard simple dans la logique complexe, jeux interactifs 3D qui se reproduire des jeux comme billard, football, ballon d'affaires, etc.. sur le moniteur. billard est un jeu populaire qui peut jouer sur un PC, ou même un téléphone portable.","Les jeux en ligne proposent un large éventail de choix aux joueurs, des jeux de société simples fondés sur la logique aux jeux 3D interactifs plus complexes qui reproduisent fidèlement des sports comme le billard, le football ou le baseball à l’écran. Le billard est un jeu très populaire auquel on peut jouer sur PC ou même sur téléphone portable. | Les jeux en ligne offrent aux joueurs une grande variété d’options, allant de simples jeux de plateau basés sur la logique à des jeux interactifs en 3D très réalistes qui recréent des sports comme le billard, le football ou le baseball sur écran. Le billard est un jeu apprécié que l’on peut pratiquer sur ordinateur ou même sur mobile.",70.5521472392638,False
606,Ekrem Imamoglu Kabatas,Ekrem Imamoglu Kabatas,Ekrem Imamoglu Kabatas,Ekrem Imamoglu Kabatas | Ekrem İmamoğlu Kabataş,100.0,True
607,"Copyright - 2010-2019: Tout Dwa Rezève. Konsèy , Pwodwi en , Sitemap , Sit mobil","Droits d'auteur - 2010-2019 : Tous droits réservés. Conseils, Produits en ligne, Plan du site, Site mobile","Copyright - 2010-2019: Tous droits réservés. Conseils , Produits en vedette , Plan du site , Site mobile","Droits d’auteur - 2010-2019 : Tous droits réservés. Conseils, Produits en ligne, Plan du site, Site mobile | Copyright - 2010-2019 : Tous droits réservés. Conseils, Produits en ligne, Plan du site, Site mobile",93.13725490196079,True
608,12 Mwa septanm nan 12:00 nan Polòy yo te kòmanse difize espò televizyon Onz Siplemantè HD.,"Le 12 septembre à 12h00 en Pologne, la chaîne de télévision sportive Eleven Extra HD a commencé sa diffusion.",12 Septembre à 12:00 en Pologne a commencé à diffuser une télévision sportive Eleven Extra HD.,"Le 12 septembre à midi, en Pologne, la chaîne sportive Eleven Extra HD a commencé à émettre. | Le 12 septembre à 12h00, la chaîne de télévision sportive Eleven Extra HD a débuté sa diffusion en Pologne.",69.51219512195121,False
609,Klanps Lier ak chenn,Attaches et chaînes,Klanps Lier et chaînes,liens et chaînes | entraves et chaînes,73.6842105263158,False
610,Fakilte Inivèsite nan Lwa,Faculté de droit de l'université,Faculté des universités de droit,Faculté de droit | Faculté de droit de l’université,66.66666666666667,False
611,Kontakte nou - Joyelectric entènasyonal,Contactez-nous - Joyelectric International,Contactez-nous - Joyelectric International,Contactez-nous - Joyelectric International | Nous contacter - Joyelectric International,100.0,True
612,"Achte 2 Bibwon Winsol, Obtenir 1 boutèy gratis!","Achetez 2 bouteilles de Winsol, obtenez-en 1 gratuite !","Acheter 2 bouteilles Winsol, obtenez 1 bouteille gratuite!","Achetez 2 bouteilles de Winsol, recevez-en 1 gratuite ! | Pour 2 bouteilles de Winsol achetées, 1 offerte !",76.10619469026548,False
613,Fliter ki pa tise,Filtre non tissé,Fliter non tissé,filtre en non-tissé | filtre non tissé,87.5,True
614,santrifuj laboratwa nou yo gen otomatik rotor fonksyon idantifikasyon ak rotor fonksyon pre-refwadisman.,Nos centrifugeuses de laboratoire sont dotées d'une fonction d'identification automatique du rotor et d'une fonction de pré-refroidissement du rotor.,Nos centrifugeuses de laboratoire ont la fonction d'identification automatique du rotor et la fonction de refroidissement pré-refroidissement.,Nos centrifugeuses de laboratoire disposent de la reconnaissance automatique du rotor et d’une fonction de prérefroidissement du rotor. | Nos centrifugeuses de laboratoire sont équipées d’une identification automatique du rotor et d’une fonction de prérefroidissement du rotor.,80.42704626334519,True
615,Modèl Epesè nan plak (mm),Épaisseur de la plaque (mm),Modèle Épaisseur de la plaque (mm),Épaisseur de la plaque (mm) | Épaisseur du plateau (mm),88.52459016393442,True
616,Timoun Kids ti fi pou Plezi Rad Koton Summe ...,Vêtements d'été amusants pour enfants et filles en coton...,Enfants fille pour enfants Fun Vêtements Coton Summe ...,Vêtements d’été amusants pour enfants et filles en coton | Tenues d’été en coton pour enfants et filles,57.14285714285714,False
617,"Zheng Yang gen yon swaf dlo fò pou konesans, ak dezi a briye kòm yon IT pwofesyonèl.",Zheng Yang a une soif insatiable de connaissances et le désir d'exceller en tant que professionnel de l'informatique.,"Zheng Yang a une forte soif de connaissances, et le désir d'exceller en tant que professionnel informatique.",Zheng Yang a une grande soif d’apprendre et l’ambition de réussir dans l’informatique | Zheng Yang est avide de connaissances et souhaite exceller comme professionnel de l’informatique,74.50980392156863,False
618,1. Pouvwa ekipman pou vòltaj: 12V,1. Tension d'alimentation : 12 V,1. tension d'alimentation: 12V,Tension d’alimentation : 12 V | Alimentation électrique : 12 V,88.13559322033898,True
619,Pye apòt founi estabilite pandan itilize,Les pieds en caoutchouc assurent la stabilité pendant l'utilisation,Les arbres en caoutchouc fournissent une stabilité lors de l'utilisation,Les pieds en caoutchouc garantissent la stabilité pendant l’utilisation | Les pieds antidérapants assurent une bonne stabilité à l’usage,76.92307692307692,False
620,"Atravè rediksyon nan deklanchman an nan NF-kB, Synephrine diminye enflamasyon. Se paske se iperaktif NF-kB li te ye lakòz maladi enflamatwa tankou psoriasis, enflamatwa maladi entesten, osi byen ke opresyon.","En réduisant l'activation de NF-κB, la synéphrine diminue l'inflammation. En effet, une activation excessive de NF-κB est connue pour provoquer des maladies inflammatoires telles que le psoriasis, les maladies inflammatoires de l'intestin et l'asthme.","Grâce à la réduction de l'activation de NF-kB, la synéphrine réduit l'inflammation. C'est parce que l'hyperactive NF-kB est connu pour provoquer des maladies inflammatoires telles que le psoriasis, les maladies inflammatoires inflammatoires, ainsi que l'asthme.","En diminuant l’activation de NF-κB, la synéphrine réduit l’inflammation. En effet, une activation excessive de NF-κB est associée à des maladies inflammatoires comme le psoriasis, les maladies inflammatoires de l’intestin et l’asthme. | En limitant l’activation de NF-κB, la synéphrine atténue l’inflammation. Une hyperactivation de NF-κB est en effet connue pour favoriser des maladies inflammatoires telles que le psoriasis, les MICI et l’asthme.",72.32323232323232,False
621,Gwoup dwòg Ester esteroyid,groupe de médicaments stéroïdes esters,Classe de drogue Ster stéroïde,groupe de médicaments stéroïdiens estérifiés | groupe de stéroïdes esters,63.33333333333333,False
622,7. retire dampness ak dragage chanèl lokaj.,7. Éliminer l'humidité et déboucher le canal.,7. enlever la dampness et de dragage des canaux locaux.,Éliminer l’humidité et dégager le canal | Supprimer l’humidité et déboucher le conduit,48.93617021276596,False
623,vidèo poutèt yo resevwa: 12:20,Vidéo de leur réception : 12:20,durée de la vierge : 12:20,Vidéo de leur accueil : 12:20 | Vidéo de la réception : 12:20,69.23076923076923,False
624,"Nan jwèt la ou bezwen ede moun yo nan vil ou a, vin delivre yo nan sitiyasyon difisil. Premye klike sou machin nan epi ale pou pi devan pou avanti a!","Dans ce jeu, vous devez aider les habitants de votre ville et les secourir dans des situations difficiles. Cliquez d'abord sur la voiture et lancez-vous dans l'aventure !","Dans le jeu, vous devez aider les gens dans votre ville, pour les livrer dans des situations difficiles. Premier clic sur la voiture et aller de l'avant pour l'aventure!","Dans ce jeu, vous devez aider les habitants de votre ville et les sauver de situations difficiles. Cliquez d’abord sur la voiture et partez à l’aventure ! | Dans ce jeu, votre mission est d’aider les gens de votre ville et de les secourir dans des situations difficiles. Commencez par cliquer sur la voiture pour vous lancer dans l’aventure !",75.54179566563468,False
625,4. Apre sèvis vann:,4. Service après-vente :,4. Service après-vente :,service après-vente | assistance après-vente,90.9090909090909,True
626,Bloke oswa andikape ilegal pozisyon ki vyole lwa de pwotèksyon pèsonèl done – SeguInfo,Bloquer ou désactiver les positions illégales qui enfreignent les lois sur la protection des données personnelles – SeguInfo,Bloquer ou handicaper des sites illégaux qui violent la loi de la protection des données personnelles – SeguInfo,Bloquer ou désactiver les positions illégales violant la protection des données personnelles – SeguInfo | Bloquer ou désactiver les positions non autorisées enfreignant la loi sur la protection des données personnelles – SeguInfo,80.93023255813954,True
627,"Transfòme machin gaz sistèm nan gaz pou butane èthanol, gaz oswa lòt aparèy sibstiti oubyen biocarburants.","Convertit les systèmes d'essence des voitures au butane, à l'éthanol, à l'essence ou à d'autres carburants alternatifs ou biocarburants.","Transformer le système de gaz pour butane erhanol, gaz ou autres dispositifs de substitut ou biocarburants.","Convertit les systèmes d’alimentation des voitures pour fonctionner au butane, à l’éthanol, à l’essence ou à d’autres carburants alternatifs ou biocarburants | Adapte les moteurs de voiture pour utiliser du butane, de l’éthanol, de l’essence ou d’autres carburants alternatifs ou biocarburants",56.459330143540676,False
628,"Ratnagiri te yon fwa sit la nan yon Mahavihara, oswa gwo monastè Boudis, nan Brahmani a ak Birupa rivyè fon nan distri Jajpur nan Odisha, peyi Zend. Li te fè pati Inivèsite Puspagiri, ansanm ak Lalitgiri ak Udayagiri. Ratnagiri te etabli pa pita ke wa peyi Jida nan Gupta wa Narasimha Baladitya nan pwemye mwatye nan sis syèk la CE, ak devlope jouk douzyèm syèk la CE. Yon istwa tibeten, ...","Ratnagiri abritait autrefois un mahavihara, ou grand monastère bouddhiste, dans les vallées des rivières Brahmani et Birupa, dans le district de Jajpur, en Odisha (Inde). Il faisait partie de l'université de Puspagiri, avec Lalitgiri et Udayagiri. Ratnagiri fut fondé par le roi Gupta Narasimha Baladitya dans la première moitié du VIe siècle et connut son apogée jusqu'au XIIe siècle. Une légende tibétaine…","Ratnagiri était une fois le site d'un Mahavihara, ou un grand monastères bouddhistes, à Brahmani et la rivière Birupa dans le district de Jajpur d'Odisha, en Inde. Il appartient à l'Université de propagiri de Pus, avec Lalitgiri et Udayagiri. Ratnagiri a été créé par plus tard que le roi de Jida de Gupta King Narasimha Baladitya au cours du premier semestre de la CE, et a développé jusqu'au douzième siècle CE. Une histoire de tubeten, ...","Ratnagiri abritait autrefois un grand monastère bouddhiste, dans les vallées des rivières Brahmani et Birupa, dans le district de Jajpur, en Odisha, en Inde. Il faisait partie de l’université de Puspagiri, avec Lalitgiri et Udayagiri. Ratnagiri fut fondé par le roi Gupta Narasimha Baladitya au début du VIe siècle et prospéra jusqu’au XIIe siècle. Une légende tibétaine… | Ratnagiri fut autrefois le site d’un vaste monastère bouddhiste, situé dans les vallées de la Brahmani et de la Birupa, dans le district de Jajpur en Odisha, en Inde. Avec Lalitgiri et Udayagiri, il appartenait à l’université de Puspagiri. Fondé par le roi Gupta Narasimha Baladitya dans la première moitié du VIe siècle, il resta florissant jusqu’au XIIe siècle. Une tradition tibétaine…",71.03960396039604,False
629,Segondè Efikasite Ac Compression,Compresseur de climatisation haute efficacité,Haute efficacité Ac compresseur,compresseur de climatisation à haut rendement | compresseur de climatisation haute performance,64.51612903225806,False
630,Mobil pouvwa batri ak Green ki fè sa ki wòl,Batteries mobiles et environnement : quel rôle jouent-elles ?,puissance de la batterie mobile avec le vert qui fait le rôle,Batteries mobiles et environnement : quel rôle jouent-elles ? | Batteries portables et écologie : quel rôle jouent-elles ?,57.94392523364487,False
631,3 mm EVA smèl ofri kalaj,La semelle en EVA de 3 mm offre un amorti,3 mm EVA semelle extérieure offre,La semelle EVA de 3 mm offre un bon amorti | Semelle EVA de 3 mm pour un meilleur confort d’amorti,59.01639344262295,False
632,Sildenafil anvan tout koreksyon poud Espesifikasyon:,Spécifications de la poudre brute de sildénafil :,Sildenafil poudre brute Spécifications :,Spécifications de la poudre brute de sildénafil | Spécifications de la poudre de sildénafil brute,65.0,False
633,1375 Mod pale 20-pyès manch kabinè an fè materyèl kizin akseswa,"Ensemble de 20 poignées de meubles Mod Pale 1375, accessoires de cuisine",1375 Vintage Style 20 pièces poignée armoire fer matériel cuisine accessoires,"Ensemble de 20 poignées de meuble Mod Pale 1375, accessoires de cuisine | Lot de 20 poignées de meuble Mod Pale 1375, accessoires de cuisine",52.55474452554745,False
634,Enpòtan: Done Syans Kou Enfòmasyon,Important : Cours d'information sur la science des données,Important: Cours de science des données,Important : cours d’initiation à la science des données | Important : formation en science des données,77.14285714285715,False
635,Sou entènèt jwèt Russian roulette,Roulette russe en ligne,Jeu en ligne ROULETTE RUSSE,roulette russe en ligne | jeu de la roulette russe en ligne,81.4814814814815,True
636,"Pou Partnership Track: bousdetid a kouvri yon ane. Pou pwogram mèt la de ane? S, ka bousdetid la dwe renouvle pou dezyèm ane a ki baze sou pèfòmans akademik ak rekòmandasyon inivèsite a? A, ansanm ak nominasyon pa yon elèv? S ajans patwone.","Pour le parcours partenariat : la bourse couvre une année. Pour le master en deux ans, la bourse peut être renouvelée une deuxième fois en fonction des résultats scolaires, de la recommandation de l’université et de la nomination par l’organisme parrainant l’étudiant.","Pour Partenariat Track: La bourse couvre un an. Pour le programme de master deux ans? S, la bourse peut être renouvelé pour la deuxième année en fonction des performances académiques et des recommandations de l'université? A, avec la nomination d'un étudiant? S agence parrainé.","Pour le parcours partenariat, la bourse est accordée pour un an. Pour le master en deux ans, peut-elle être renouvelée pour la deuxième année selon les résultats scolaires et la recommandation de l’université, ainsi que la nomination par l’organisme parrainant l’étudiant ? | Dans le cadre du parcours partenariat, la bourse couvre une année. Pour un master de deux ans, est-il possible de la renouveler pour la deuxième année en fonction des performances académiques, de l’avis de l’université et de la désignation par l’organisme de parrainage ?",73.86363636363636,False
637,nan Fon Wildlife Mondyal,au Fonds mondial pour la nature,le Fonds mondial de la faune,au WWF | au Fonds mondial pour la nature,75.0,False
638,Soken Pouse bouton switch PS25-16-1 - Lachin Ningbo Mèt Soken Elèktrik,Interrupteur à bouton-poussoir Soken PS25-16-1 - Chine Ningbo Master Soken Electrical,Soken Push Button Switch PS25-16-1 - Chine Ningbo Maître Soken électrique,"Interrupteur à bouton-poussoir Soken PS25-16-1 - Ningbo, Chine | Bouton-poussoir Soken PS25-16-1 - Master Soken Électrique, Ningbo, Chine",61.64383561643836,False
639,"Gwoup kolaborasyon Jen 28, 2016 Non Kite yon kòmantè de 2,016 Pwen de vi",Groupe de collaboration 28 juin 2016 Non Laisser un commentaire 2 016 vues,"Groupe de collaboration Juin 28, 2016 Non classé Laisser un commentaire 2,016 Affichage",Groupe de collaboration 28 juin 2016 | Groupe de collaboration du 28 juin 2016,65.21739130434783,False
640,"Pòtatif estasyon antèn, antèn machin, baz antèn twa kategori.","Trois catégories d'antennes : station d'antenne portable, antenne de voiture et antenne fixe.","Station de poche antenne, antenne de voiture, antenne de base trois catégories.","Trois types d’antennes : portable, voiture et fixe | Antennes portables, antennes de voiture et antennes fixes",62.06896551724138,False
641,"Achte li jodi a epi aplike teknik yo nan kouri ou yo. Nan semèn 2, ou pral definitivman remake diferans lan. Li se ke bon.","Achetez-le dès aujourd'hui et appliquez les techniques à vos entraînements. En deux semaines, vous constaterez assurément la différence. C'est vraiment efficace.","Achetez-le aujourd'hui et mettre en œuvre les techniques de votre cours d'exécution. En semaine 2, vous remarquezrez certainement la différence. C'est bon.","Achetez-le dès aujourd’hui et mettez ces techniques en pratique lors de vos entraînements. En deux semaines, vous verrez clairement la différence. C’est vraiment efficace. | Procurez-vous-le dès maintenant et appliquez les techniques à vos séances de course. En seulement deux semaines, vous remarquerez sans aucun doute la différence. C’est très efficace.",72.72727272727273,False
642,21 Ang dwa fondamantal Empilement zèl lajè,21 Empilage de base à angle droit et à ailes larges,21 Largeur de l’aile de gerbage à Angle droit fondamental,Empilage de base à angle droit et à ailes larges | Empilement de base à angle droit et à ailes larges,64.91228070175438,False
643,"Gladyateur jwèt - yon egzanp pafè nan navigatè ki baze sou jwèt, ki se ki baze sou evènman istorik. Jwèt la gen eleman nan simulation finansye a (ekonomik), jwèt sosyal, estrateji, ak zafè militè.","Gladiator est un parfait exemple de jeu par navigateur basé sur des événements historiques. Il combine simulation financière (économique), interaction sociale, stratégie et guerre.","Gladiateurs jeu - un exemple parfait dans le jeu par navigateur, qui est basé sur des événements historiques. Le jeu contient des éléments de simulation financière (économique), des jeux sociaux, des stratégies et des affaires militaires.","Gladiateur est un excellent exemple de jeu en ligne basé sur des événements historiques. Il mêle simulation économique, aspects sociaux, stratégie et guerre | Gladiateur est un jeu par navigateur emblématique inspiré de faits historiques, combinant économie, interaction sociale, stratégie et combats militaires",66.34146341463413,False
644,"Nan evènman an pa EaseMon pwal koupab okenn pèdi done oubyen nenpòt domaj nenpòt kalite, finansye, fizik, fè emosyonèl oubyen lòt, ki te ka leve soti nan itilize li. epi tou, nou yo pa ka pwan responsabilite li pou move moun nan EaseMon.","EaseMon décline toute responsabilité en cas de perte de données ou de dommages de quelque nature que ce soit (financiers, physiques, moraux ou autres) pouvant résulter de son utilisation. De même, nous ne saurions être tenus responsables des agissements fautifs d'EaseMon.","À l’événement par EaseMon sera coupable de toute perte de données ou de dommages à n’importe quel type, financier, physique, émotionnel ou autre, qui pourrait se soulever de son utilisation. De plus,, nous ne pouvons pas prendre la responsabilité de la mauvaise personne à EaseMon.",EaseMon décline toute responsabilité en cas de perte de données ou de dommages de quelque nature que ce soit pouvant résulter de son utilisation. | Nous ne saurions être tenus responsables des agissements fautifs d’EaseMon.,60.53811659192825,False
645,"2:14 Antan li te pase nan, li wè Levi a Alfe, chita nan biwo a koutim. Apre sa, li di l ', ""Swiv mwen."" Apre sa, k ap monte moute, li swiv Jezi.","2:14 Comme il passait, il vit Lévi, fils d'Alphée, assis au bureau de la douane ; et il lui dit : « Suis-moi. » Et Lévi se leva et suivit Jésus.","2:14 Et quand il est arrivé à, il voit le Lévi Alfe, assis dans le bureau personnalisé. Et il lui dit:, ""Entrayez-moi."" Et en hausse, il suit Jésus.","Comme il passait, il vit Lévi, fils d’Alphée, assis au bureau des impôts. Il lui dit : « Suis-moi. » Alors Lévi se leva et suivit Jésus. | En passant, il aperçut Lévi, fils d’Alphée, assis au poste de douane. Il lui dit : « Viens à ma suite. » Lévi se leva et suivit Jésus.",59.859154929577464,False
646,"Kòm li di: an ale, kraze se di yo fè. Si ou te deside mete fen nan yon relasyon ki pote avèk li nenpòt ki santiman oswa emosyon, li enpòtan yo evalye apwòch ou a kraze li koupe pou fè pou evite blese lòt moun nan. Bon kraze-up etikèt depann lajman sou konbyen tan ou ak patnè ou te nan relasyon ki, ki jan grav relasyon an se, ak si wi ou non santiman sa-yo se mityèl.","Comme on dit, rompre n'est jamais facile. Si vous avez décidé de mettre fin à une relation qui vous tient à cœur, il est important de bien choisir la manière de procéder afin de ne pas blesser l'autre personne. Les bonnes manières lors d'une rupture dépendent en grande partie de la durée de votre relation, de son intensité et de la réciprocité des sentiments.","Comme il dit: la passe, la rupture est dit à faire. Si vous décidez de mettre fin à une relation qui porte avec elle tout sentiment ou émotions, il est important d'évaluer votre approche de rompre il coupe pour éviter les blessures de l'autre. étiquette de briser-up dépend largement de combien de temps vous et votre partenaire était dans les relations, comment la relation sérieuse est, et si ce sentiment est mutuel.","Comme on dit, une rupture n’est jamais facile. Si vous avez décidé de mettre fin à une relation qui vous tient à cœur, il est important de choisir avec soin la manière de procéder afin de ne pas blesser l’autre personne. Les bonnes manières lors d’une rupture dépendent beaucoup de la durée de votre relation, de son intensité et du caractère réciproque des sentiments. | Comme on dit, rompre n’est jamais simple. Si vous avez décidé de mettre fin à une relation qui compte pour vous, il est essentiel de bien réfléchir à la façon de vous y prendre pour éviter de faire souffrir l’autre. La manière de rompre dépend surtout de la durée de la relation, de son degré de sérieux et du fait que les sentiments soient partagés ou non.",58.88324873096447,False
647,Dimansyon ak procesna (mm),Dimensions et emballage (mm),Dimensions et emballage (mm),Dimensions et conditionnement (mm) | Dimensions et emballage (mm),100.0,True
648,"Operasyon ak fonksyon Gèrer-Gestion de, ni teknik.",Opérations et gestion des opérations ou des techniques.,Opérations et fonctions de Gèrer-Gestion ou technique.,Opérations et gestion technique | Gestion des opérations et des techniques,72.94117647058825,False
649,"Zibo Bainisi chimik co, Ltd se yonn nan moun kap dirije PFA Lachin ki doubli rèsine manifaktirè yo ak founisè, ak faktori pwofesyonèl nou pa ka pwodwi ba pwi PFA doubli rèsine, PFA soufle-doubli, vav PFA doubli ak yon bòn bon kalite.","Zibo Bainisi Chemical Co., Ltd. est l'un des principaux fabricants et fournisseurs chinois de revêtements en résine PFA. Grâce à son usine professionnelle, nous pouvons produire des revêtements en résine PFA à bas prix, des revêtements anti-soufflage PFA et des revêtements de vannes PFA de qualité fiable.","Zibo Bainisi Chemical Co., Ltd est l'un des principaux fabricants et fournisseurs de revêtement PFA en Chine, avec l'usine professionnelle, nous sommes en mesure de produire le revêtement de doubleli PFA à bas prix, PFA coupable, vanne PFA doubleli avec une qualité fiable.","Zibo Bainisi Chemical Co., Ltd. est l’un des principaux fabricants et fournisseurs chinois de revêtements en résine PFA, avec une usine professionnelle capable de produire des revêtements en résine PFA à prix compétitifs, des revêtements soufflés PFA et des revêtements de vannes PFA de haute qualité | Zibo Bainisi Chemical Co., Ltd. figure parmi les leaders chinois des revêtements en résine PFA et propose, grâce à son usine spécialisée, des revêtements PFA à bas coût, des revêtements anti-soufflage PFA et des revêtements de vannes PFA fiables",72.76190476190476,False
650,A2 fini. Se egzèsis la lè sa a repete.,L'étape A2 est terminée. L'exercice est ensuite répété.,A2 termine. L'exercice est ensuite répété.,L’étape A2 est terminée. L’exercice est ensuite répété. | L’étape A2 est achevée. On répète ensuite l’exercice.,92.85714285714286,True
651,Materyèl Syans Joint Doctorat. Pwogram degre,Doctorat conjoint en sciences des matériaux. Programme d'études,Matériel Science Joint Postdoctoral. Programme de diplôme,Doctorat conjoint en sciences des matériaux | Programme doctoral conjoint en sciences des matériaux,50.877192982456144,False
652,Pou itilizatè avanse:,Pour les utilisateurs avancés :,Pour les utilisateurs avancés:,Pour les utilisateurs avancés : | Pour les utilisateurs expérimentés :,98.30508474576271,True
653,"7. Ka sistèm fotovoltaik la dwe enstale tou pre konsomasyon pouvwa a. Nan zòn kote yo lwen griy pouvwa a, depans transmisyon ak distribisyon yo ka redwi, epi fyabilite enstalasyon ekipman pou pouvwa yo ka ogmante.","7. Le système photovoltaïque peut être installé à proximité du lieu de consommation électrique. Dans les zones éloignées du réseau électrique, les coûts de transport et de distribution peuvent être réduits, et la fiabilité des installations d'alimentation électrique améliorée.","7. Le système photovoltaïque peut être installé à proximité de la consommation d'énergie. Dans les zones éloignées de la grille d'énergie, les coûts de transmission et la distribution peuvent être réduits et la fiabilité de l'installation d'alimentation peut être augmentée.","Le système photovoltaïque peut être installé près du point de consommation d’électricité. Dans les zones éloignées du réseau, les coûts de transport et de distribution peuvent être réduits, et la fiabilité de l’alimentation électrique améliorée. | Le système photovoltaïque peut être placé à proximité du lieu de consommation. Dans les régions éloignées du réseau électrique, les frais de transport et de distribution diminuent, et la fiabilité des installations d’alimentation s’en trouve renforcée.",80.078125,True
654,"Pwezante laktoz fanatik, radyatè ak mòflè te redwi operasyon du tanperati a (gazolin modèl) fonksyònman tanperati a hydraulice lwil ki te redwi.","La présence d'un ventilateur, d'un radiateur et d'un silencieux a permis de réduire la température de fonctionnement du moteur (modèles à essence) et la température de fonctionnement de l'huile hydraulique.","Un positionnement optimal des ventilateurs, radiateur et silencieux a réduit l’opération du solénoïde de température (modèle à essence) la température de fonctionnement de l’huile hydraulique réduite.","La présence d’un ventilateur, d’un radiateur et d’un silencieux a permis de réduire la température de fonctionnement du moteur à essence et de l’huile hydraulique | Un ventilateur, un radiateur et un silencieux ont contribué à abaisser la température de fonctionnement du moteur (version essence) ainsi que celle de l’huile hydraulique",63.934426229508205,False
655,Pwomosyon chak semèn,Promotions hebdomadaires,Promotions hebdomadaires,promotions hebdomadaires | offres hebdomadaires,100.0,True
656,Logo Kliyan: Akseptab,Logo du client : Acceptable,Logo client: Acceptable,Logo client : acceptable | Logo du client : acceptable,95.65217391304348,True
657,"kloti, metal kaj, filtraj, elvaj, medikaman, papye-ap fè, may fil elektrik pou batri, may fil elektrik pou satelit ayeryen,","clôture, cage métallique, filtration, élevage, médecine, fabrication de papier, treillis métallique pour batterie, treillis métallique pour antenne satellite,","clôture, cage métallique, filtration, élevage, médecine, fabrication de papier, treillis métallique pour batterie, treillis métallique pour les satellites aériens,","clôtures, cages métalliques, filtration, élevage, médecine, papeterie, treillis métallique pour batteries, treillis métallique pour antennes satellites | clôture, cage en métal, filtration, élevage, médecine, fabrication du papier, grillage métallique pour batteries, grillage métallique pour antennes satellites",87.61904761904762,True
658,Die Coupe Machin Pou Yon ranje lajè aplikasyon pou,Machine de découpe pour une large gamme d'applications,Die Cutting Machine pour une large gamme d'applications,Machine de découpe pour de nombreuses applications | Machine de découpe polyvalente pour une large gamme d’utilisations,71.57894736842105,False
659,"Dirèk Lajan Prete pou elèv ak Kanada Elèv Lajan Prete ki disponib pou kalifye US ak Kanadyen elèv yo. Ekstèn Bousdetid ak finansye Pwogram Èd administre nan seu gen ladan Erasmus Erasmus bous pou etid, sibvansyon rechèch Erasmus, ak lòt bours prive ak piblik ak bous detid.","Les prêts étudiants directs et les prêts étudiants canadiens sont accessibles aux étudiants américains et canadiens admissibles. L'Université du Sud de l'Oregon (SEU) propose également des bourses d'études externes et des programmes d'aide financière, notamment des bourses Erasmus pour les études et la recherche, ainsi que d'autres bourses et programmes de recherche publics et privés.","Les bourses d'études directes pour les étudiants et les étudiants du Canada prétendent disponibles pour les étudiants américains et canadiens. Programme d'aide auditive externe et financière administré par CEU comprend des bourses Erasmus Mundus pour les études, des subventions de recherche Erasmus, et d'autres bourses privées et publiques et de bourses.","Les prêts étudiants directs et les prêts étudiants canadiens sont accessibles aux étudiants américains et canadiens admissibles. L’Université du Sud de l’Oregon (SEU) propose aussi des bourses externes et des aides financières, notamment des bourses Erasmus pour les études et la recherche, ainsi que d’autres bourses et programmes publics et privés | Les étudiants américains et canadiens admissibles peuvent bénéficier de prêts étudiants directs et de prêts canadiens. L’Université du Sud de l’Oregon (SEU) offre également des bourses externes et des dispositifs d’aide financière, dont les bourses Erasmus pour les études et la recherche, ainsi que diverses bourses et aides publiques et privées.",63.62339514978602,False
660,"Fè Angela selèb trè pèsonèl ou! nouri li, chante l ', manje trete apetisan li. Senpleman gade - li pral vire deyò an nouvo ou pi bon zanmi!","Faites d'Angela votre propre star ! Nourrissez-la, chantez-lui des chansons, offrez-lui de délicieuses friandises. Vous verrez, elle deviendra votre nouvelle meilleure amie !","Soyez Angela célébrité très personnelle! nourrir, la chanson, pour traiter son appétit. Regardez simplement - il se transformer en dehors de votre nouveau meilleur ami!","Faites d’Angela votre petite star à vous ! Prenez-en soin, chantez-lui des chansons, offrez-lui de bonnes friandises. Vous verrez, elle deviendra vite votre nouvelle meilleure amie ! | Faites d’Angela votre star préférée ! Nourrissez-la, chantez pour elle, donnez-lui de délicieuses friandises. Elle finira par devenir votre meilleure amie !",53.29153605015674,False
661,"Tout bandage yo kouch ak etap te bay nan companuy nou an. etap la se asye etap asanble, gwosè a se 1m 2m, sifas la se transparan tablo Acrylic.","Tous les bandages et marches ont été fournis par notre entreprise. Les marches sont des marches en acier préfabriquées, de 1 m x 2 m, avec une surface en acrylique transparent.","Toutes les bandes sont recouvertes de couches et de mesures fournies par nos companuy. L'étape est l'assemblage en acier, la taille est de 1m à 2m, la surface est un tableau acrylique transparent.","Tous les revêtements et marches ont été fournis par notre société. Les marches sont en acier préfabriqué, de dimensions 1 m x 2 m, avec une surface en acrylique transparent. | Tous les habillages et escaliers ont été fournis par notre entreprise. Les marches sont des marches en acier assemblées, de taille 1 m sur 2 m, avec une surface en acrylique transparent.",61.78010471204188,False
662,"Eric Schmidt di ke Tim Cook enfòme e ke ""Google plis sekirite"" – DiarioTI",Eric Schmidt affirme que Tim Cook est au courant et que « Google est plus sécurisé » – DiarioTI,"Eric Schmidt dit que Tim Cook est informé et que ""Google plus sûr"" – DiarioTI",Eric Schmidt affirme que Tim Cook est au courant et que « Google est plus sûr » – DiarioTI | Eric Schmidt dit que Tim Cook est informé et que « Google est plus sécurisé » – DiarioTI,83.11688311688312,True
663,"Apre sa, yo revize: Kote ou ye kominote yo?","Ensuite, ils examinent : Où se trouvent vos communautés ?",Et ils ont examiné: Où êtes-vous les communautés?,"Ensuite, ils examinent : Où sont vos communautés ? | Puis, ils vérifient : Où se trouvent vos communautés ?",70.10309278350515,False
664,legliz Holm la ak pawas,L'église et la paroisse de Holm,l' église Holm et paroissiale,l’église et la paroisse de Holm | l’église paroissiale de Holm,73.07692307692308,False
665,Yon syantis Meksiken an technologie nan Larisi yon batri enfini – Actualidadrt,Un scientifique mexicain a breveté une batterie infinie en Russie – Actualidadrt,Un scientifique mexicain est breveté en Russie une batterie inflible – Actualidadrt,Un scientifique mexicain a breveté une batterie infinie en Russie | Un chercheur mexicain a déposé un brevet pour une batterie infinie en Russie,76.92307692307692,False
666,"Sistèm travay pwesyon: 0.2 ou dèyè 0.8MPA, Pwesyon backwashing: 0.15 ou dèyè 0.8MPa","Pression de service du système : 0,2 à 0,8 MPa, pression de lavage à contre-courant : 0,15 à 0,8 MPa","Pression du système de travail : 0,2 ~ 0,8MPA, pression de lavage à contre-courant : 0.15 ~ 0.8Mpa","Pression de service du système : 0,2 à 0,8 MPa, pression de lavage à contre-courant : 0,15 à 0,8 MPa | Pression de fonctionnement du système : 0,2 à 0,8 MPa, pression de contre-lavage : 0,15 à 0,8 MPa",82.6530612244898,True
667,Videyo ak Ekran pou jwèt la Avanse,Vidéos et captures d'écran du jeu avancé,Vidéos et captures d'écran pour le jeu Avancé,Vidéos et captures d’écran du jeu avancé | Vidéos et images du jeu avancé,89.41176470588236,True
668,Pa gen supriz men li la toujou radikal !! Big wonn nan aplodisman,"Sans surprise, mais c'est quand même radical ! Bravo !",Il n'y a pas de surprises mais il est toujours radicale !! Big tour d'applaudissement,"Sans surprise, mais c’est toujours radical ! Bravo ! | Rien de surprenant, mais c’est vraiment radical ! Applaudissements !",64.66165413533835,False
669,Led High Bay Light Konpayi fabrikasyon yo ak Founisè - Lachin dirije Segondè Bay Limyè faktori,Fabricants et fournisseurs de luminaires industriels LED - Usine de luminaires industriels LED en Chine,Led High Bay Light fabricants et fournisseurs - Chine LED High Bay Light Factory,Fabricants et fournisseurs de luminaires LED pour grands espaces | Usine chinoise de luminaires LED pour grands espaces,59.09090909090908,False
670,"Sèvi ak YAMAHA pouvwa chòk 4 konjesyon serebral, OHV motè, pouvwa chwal segondè, konsomasyon lwil oliv ki ba ak durability segondè, se reyalizasyon pafè a nan YAMAHA avanse teknoloji lansman.Plis","Utilisant un amortisseur de puissance YAMAHA 4 temps, un moteur OHV, une puissance élevée, une faible consommation d'huile et une grande durabilité, il incarne parfaitement la technologie de pointe de YAMAHA.","L'utilisation de YAMAHA 4 courses de puissance, moteurs OHV, chevaux haute puissance, faible consommation d'huile et une durabilité élevée, est la réalisation parfaite de la technologie de lancement avancée YAMAHA.Plus","Utilisant un amortisseur de puissance YAMAHA 4 temps, moteur OHV, forte puissance, faible consommation d’huile et grande durabilité, il incarne parfaitement la technologie de pointe YAMAHA | Équipé d’un moteur YAMAHA 4 temps OHV, puissant, économe en huile et très durable, il reflète parfaitement l’excellence technologique de YAMAHA",71.92118226600985,False
671,"EUR 181 550 te sezi, epi;","La somme de 181 550 euros a été saisie, et ;","EUR 181 550 a été étonné, et;","181 550 euros ont été saisis, et | La somme de 181 550 euros a été saisie, et",55.172413793103445,False
672,Bòs otè: Stephen Snyder,Auteur : Stephen Snyder,Auteur expert: Stephen Snyder,Auteur : Stephen Snyder | Par Stephen Snyder,88.46153846153845,True
673,Se poutèt sa se san mank plusieurs komen yon Et se pi piti moun tout moun LCMs yo.,"Par conséquent, il s'agit assurément d'un multiple commun et du plus petit de tous les PPCM.",C'est donc un multiple commun et c'est le plus petit nombre de PPCM.,"C’est donc forcément un multiple commun, et le plus petit de tous | Par conséquent, c’est bien le plus petit multiple commun possible",75.96899224806202,False
674,"Photos de Rosa eskòt disponib yo afiche sou entènèt la, pa diskresyon nan nenpòt ka ofri ou ak foto plen-fas.","Les photos des escortes Rosa disponibles sont publiées sur internet, en toute discrétion et en vous fournissant dans tous les cas des photos de leur visage en entier.","Photos de Rosa escortent disponibles sont affichés sur le web, par discrétion, en tout cas vous fournir les photographies de face.","Les photos des escortes Rosa disponibles sont publiées en ligne, en toute discrétion, avec des photos de visage complet. | Les photos des escortes Rosa sont visibles sur internet, et des photos en gros plan du visage peuvent vous être fournies discrètement.",63.90041493775933,False
675,AC Hotel Tarragone Hotel SB de Tarragone Hotel Urbis Center,AC Hotel Tarragona Hôtel SB de Tarragona Hôtel Urbis Center,AC Hôtel Tarragone SB de Tarragone Hôtel Centre Urbis,AC Hotel Tarragone Hôtel SB de Tarragone Hôtel Urbis Center | AC Hotel de Tarragone Hôtel SB Tarragone Hôtel Urbis Center,85.71428571428572,True
676,"Dapre yon nòt pou laprès ak EDH, Direktè biro yo etabli yon komite nan travay dirèkteman ak kabinè avoka a jeni ak teknik sèvis yo, TETRA Tech, ki te kòmanse gen kontra ak ak EDH depi 2011. Rezilta a te espere se yon amelyorasyon nan operasyon yo teknik nan ak EDH.","Selon un communiqué de presse d'EDH, les directeurs du bureau ont mis en place un comité chargé de travailler directement avec la société d'ingénierie et de services techniques TETRA Tech, qui travaille avec EDH depuis 2011. L'objectif est d'améliorer les opérations techniques d'EDH.","Selon une note de presse et EDH, le directeur du biro pour établir un comité de travail directement avec le cabinet d'ingénierie et des services techniques, Tech TETRA, qui a commencé à avoir des contrats avec EDH depuis 2011. Le résultat devrait être une amélioration des opérations techniques et EDH.","Selon un communiqué de presse d’EDH, les dirigeants ont mis en place un comité pour travailler directement avec le cabinet d’ingénierie et de services techniques TETRA Tech, partenaire d’EDH depuis 2011. L’objectif est d’améliorer les opérations techniques de l’entreprise. | D’après un communiqué d’EDH, la direction a constitué un comité chargé de collaborer avec TETRA Tech, société d’ingénierie et de services techniques qui travaille avec EDH depuis 2011, afin d’optimiser les activités techniques de l’entreprise.",71.53024911032028,False
677,kapasite chaj: 10t maksimòm,Capacité de charge : 10 tonnes maximum,Capacité de charge: 10 t au maximum,Charge maximale : 10 tonnes | Capacité maximale de charge : 10 tonnes,68.57142857142857,False
678,Sponjbob: tretman dantè,Bob l'éponge : Soins dentaires,Bob l'éponge: traitement dentaire,Bob l’éponge : soins dentaires | Bob l’éponge : traitement dentaire,93.93939393939394,True
679,"Kontrèman, yon bwè laktoserom chak jou ranfòse dijesyon, dispèse santi nan grangou, dezidrate kò a epi li se yon kalori ki ba-kalori ak ranplasan grès pou manje remoute kouraj. Sa a pwomès yon rejim alimantasyon laktoserom, byenke pa gen okenn vit, men yon pèdi pwa sante ak ki dire lontan san yo pa mouri grangou. Slimming ak laktoserom se absoliman apwopriye pou itilize chak jou, san yo pa kalkile ak kalori konte fasil fè. Avèk resèt diferan ak varyasyon, yon rejim alimantè ki ka wouj kapab tou bon gou ak varye.","À l'inverse, une boisson à base de lactosérum consommée quotidiennement favorise la digestion, atténue la sensation de faim, hydrate l'organisme et constitue une alternative faible en calories et en matières grasses aux repas copieux. Ceci promet une perte de poids saine et durable, même si elle n'est pas rapide, sans pour autant provoquer de privation. Maigrir avec du lactosérum est parfaitement adapté à un usage quotidien, sans avoir à calculer les calories. Grâce à différentes recettes et variantes, ce régime peut également être savoureux et varié.","Contrairement à, une boisson de lactosérum quotidienne renforce la digestion, se sentent de la faim, de la déshydraté du corps et est une faible calories et des graisses substituées pour le confort des aliments. Cela promet un régime d'alignement de lactosérum, bien qu'il n'y a pas de rapide, mais une perte de poids saine et durable sans faim. Le diapositive et le lactosérum est absolument approprié pour une utilisation quotidienne, sans calculer avec des calories comprises faciles à faire. Avec différentes recettes et variations, un régime qui peut être rouge peut également être délicieux et varié.","Au contraire, une boisson au lactosérum prise chaque jour facilite la digestion, coupe la faim, hydrate le corps et remplace avantageusement les repas riches par une option légère et pauvre en calories. Ce type de régime promet une perte de poids saine et durable, sans sensation de privation. | À l’inverse, consommer quotidiennement une boisson à base de lactosérum aide à digérer, réduit l’appétit, hydrate l’organisme et offre une alternative minceur peu calorique aux repas copieux. C’est une solution idéale pour maigrir sans se priver, tout en variant les recettes.",54.16285452881976,False
680,Sèvi ak Manadjè Enterprise pou kreye ak configured Listener la,Utilisez Enterprise Manager pour créer et configurer le Listener.,Utiliser le gestionnaire d'entreprise pour créer et configurer le Listener,Utilisez Enterprise Manager pour créer et configurer le listener. | Servez-vous d’Enterprise Manager pour créer et configurer le listener.,78.26086956521739,False
681,Imajine de moun ki te pataje yon sekrè enpòtan gen pou separe.,Imaginez deux personnes qui partageaient un secret important et qui doivent se séparer.,Imaginez deux personnes qui ont partagé un secret important pour séparer.,Imaginez deux personnes qui ont partagé un secret important et qui doivent se quitter | Imaginez deux personnes qui se sont confié un secret important et qui doivent se séparer,91.04477611940298,True
682,IRON Konsomatè Cooperative,Coopérative de consommateurs IRON,coopérative IRON,Coopérative de consommateurs IRON | Coopérative des consommateurs IRON,85.71428571428572,True
683,"Nòmal pati AHU konpoze de seksyon sa yo, ki ka lib konbine ak monte nan lanvlop yo fòme seksyon konplè: melanje konsomasyon lè, seksyon filtre, seksyon chofaj, seksyon refwadisman, umidifye seksyon, seksyon fanatik, seksyon egzeyat.","La partie AHU normale se compose des sections suivantes, qui peuvent être librement combinées et montées dans le boîtier pour former des sections complètes : entrée d’air de mélange, section de filtration, section de chauffage, section de refroidissement, section d’humidification, section de ventilation, section de refoulement.","Partie normale AHU est composé de ces sections, qui peut être libre de combiner et de monter dans la section chemisée complète: la consommation d'air mixte, section de filtre, section de chauffage, section de refroidissement, section de l'après-midi, section de ventilateur, section de décharge.","La partie normale de l’AHU se compose des sections suivantes, qui peuvent être combinées librement et montées dans le caisson pour former des ensembles complets : prise d’air mélangé, section de filtration, section de chauffage, section de refroidissement, section d’humidification, section de ventilation, section de soufflage | L’unité AHU standard comprend les sections suivantes, pouvant être assemblées librement dans le boîtier afin de constituer des modules complets : entrée d’air mélangé, filtration, chauffage, refroidissement, humidification, ventilation, refoulement",70.84745762711864,False
684,Anlè Transmisyon pouvwa Fil,Ligne de transport d'énergie aérienne,Transmission de puissance du fil,ligne électrique aérienne | ligne à haute tension,40.625,False
685,"Machin nan adopte plen asye soude estrikti, Vibration elimiate estrès, gen frigiditè la trè bon ak estabilite. (gid machin machin)","La machine adopte une structure entièrement soudée en acier, élimine les vibrations et les contraintes, et présente une excellente rigidité et stabilité. (guide de la machine)","La machine adopte une structure de soudage en acier à plein air, un stress de vibration, a le très bon rigidité et la stabilité. (cisaille guillotine)","La machine est dotée d’une structure entièrement soudée en acier, supprimant vibrations et contraintes, avec une excellente rigidité et stabilité. (guide de la machine) | Structure tout acier soudée, sans vibrations ni tensions, offrant une très bonne rigidité et une grande stabilité. (guide de la machine)",64.66666666666667,False
686,"Tatoo a se youn nan wòch yo koute chè ki pi tap chache apre. Sa a se rezon an pou kisa moun wè li kòm yon siy kouraj ak bote. Si ou gen yon lide ki prèsiè ke ou vle montre nan mond lan atravè yon tatoo, ou ka fè pou sèvi ak tatoo a dyaman. Ka tatoo a dwe itilize yo reprezante pwoteksyon kont fòs yo sa ki mal epi li ede moun yo simonte laperèz yo. Siyifikasyon an kapab yon senbòl Infinity ak linivè. Ka tatoo a dyaman ka lye nan bagay majik oswa enèji majik. Yon anpil nan prèt relijye yo sèvi ak li. Tatoo a dyaman ka vle di lwayote, renmen, onèt limyè, lapè ak invizibl","Le tatouage de diamant est l'un des plus prisés. C'est pourquoi il est perçu comme un symbole de courage et de beauté. Si vous souhaitez exprimer un message précieux à travers un tatouage, le diamant est une excellente option. Ce tatouage peut représenter la protection contre les forces du mal et aider à surmonter ses peurs. Il peut symboliser l'infini et l'univers. Le tatouage de diamant est parfois associé à la magie ou à une énergie particulière. De nombreux religieux l'utilisent. Il peut également représenter la loyauté, l'amour, la lumière, la paix et l'invisible.","Le tatouage est l'un des pierres précieuses les plus recherchés après. C'est la raison pour laquelle les gens le voient comme un signe courage et une beauté. Si vous avez une idée qui prête à l'utiliser. Le tatouage de diamant peut signifier la fidélité, l'amour, la paix et l'invisibilité du tatouage de diamant. Le tatouage peut être utilisé pour représenter la protection contre les forces qui sont mal et aide les gens à surmonter leur crainte. La signification peut être un symbole infinity et l'univers. Le tatouage de diamant peut être lié à des choses magiques ou l'énergie magique. Beaucoup de prêtres religieuses à l'utiliser. Le tatouage de diamant peut signifier la fidélité, l'amour, la lumière, la paix et l'invisibilité","Le tatouage diamant est l’un des plus recherchés. Il est souvent vu comme un symbole de courage et de beauté. | Le diamant en tatouage peut évoquer la protection, la force intérieure, l’infini, la magie, ainsi que la loyauté, l’amour, la paix et la lumière.",54.86381322957199,False
687,Tout Banner - Kategori,Toutes les bannières - Catégories,Tous les Bannières - Catégorie,Toutes les bannières - Catégories | Tous les bannières - Catégories,100.0,True
688,Gratis yo jwe sou entènèt trampolining,trampoline en ligne gratuit,Gratuit pour jouer en ligne trampoline,trampoline gratuit en ligne | jeu de trampoline gratuit en ligne,71.05263157894737,False
689,"Rèn nan a sitiye nan vil la nan Kingston, Ontario, Kanada, mwatye chemen ant Monreyal ak Toronto, de nan pi gwo lavil Kanada a. Kingston se sitiye sou Shores yo nan Lake Ontario, tou pre pòtay ki bay sou St a. Lawrence Seaway, Thousand Islands ak Kanal rido.","L'hôtel Queen se trouve à Kingston, en Ontario, au Canada, à mi-chemin entre Montréal et Toronto, deux des plus grandes villes du pays. Kingston est située sur les rives du lac Ontario, à proximité de l'entrée de la voie maritime du Saint-Laurent, des Mille-Îles et du canal Curtain.","La Reine est située dans la ville de Kingston, en Ontario, au Canada, à mi-chemin entre Montréal et Toronto, deux des plus grandes villes du Canada. Kingston est situé sur les rives du lac de l'Ontario, près de la porte donnée sur la Saint-Pétersbourg Seaway, les îles Thousand et le canal rideau.","L’hôtel Queen est situé à Kingston, en Ontario, au Canada, à mi-chemin entre Montréal et Toronto, deux des plus grandes villes du pays. Kingston se trouve sur les rives du lac Ontario, près de l’entrée de la voie maritime du Saint-Laurent, des Mille-Îles et du canal Rideau. | Le Queen’s Inn se trouve à Kingston, en Ontario, au Canada, à mi-chemin entre Montréal et Toronto, deux des plus grandes villes du pays. Kingston est située sur les rives du lac Ontario, près de l’entrée de la voie maritime du Saint-Laurent, des Mille-Îles et du canal Rideau.",79.21847246891652,False
690,Chaje batri a chak 2-3 mwa lè yo kite rès pou yon tan long pou fè pou evite domaj pèmanan.,Rechargez la batterie tous les 2 à 3 mois si elle n'est pas utilisée pendant une période prolongée afin d'éviter tout dommage permanent.,Chargez la batterie tous les 2-3 mois lorsqu'ils quittent le reste pendant longtemps pour éviter les dommages permanents.,"Rechargez la batterie tous les 2 à 3 mois lorsqu’elle n’est pas utilisée pendant une longue période afin d’éviter tout dommage permanent. | Pensez à recharger la batterie tous les 2 à 3 mois si l’appareil reste inutilisé longtemps, pour éviter toute détérioration irréversible.",67.76859504132231,False
691,inivèsite nan teknoloji,université de technologie,l' université de technologie,université technologique | université de technologie,96.2962962962963,True
692,CMC moustik roulo Klas,Spirale anti-moustiques CMC de qualité supérieure,CMC rouleau de qualité,spirale anti-moustiques CMC de qualité supérieure | spirale anti-moustiques CMC haut de gamme,63.63636363636363,False
693,Yo wè li ki opinyon mwen vle di ke nou ap bèrse nan yon eta kote nou pa yo ap prepare pou swa antikristyanism a oswa soufrans. Petèt tou li ta pwal genyen yon chape ak panse dèzireu - li nan sa ki mal.,"Ils interprètent cela comme mon opinion selon laquelle on nous berce d'illusions, nous empêchant d'être préparés à l'Antéchrist et à la tribulation. Ce serait peut-être aussi une façon d'échapper à l'illusion – qui est malfaisante.",Ils le voient que mon opinion signifie que nous sommes à travers un état où nous ne sommes pas prêts à l'Antéchrist soit l'Antéchrist ou la souffrance. Peut-être aussi il y aura une évasion et de réflexion - il est mauvais.,"Ils y voient mon opinion, à savoir qu’on nous berce d’illusions et qu’on nous empêche de nous préparer à l’Antéchrist et à la tribulation. | Peut-être aussi que ce serait une manière d’échapper à cette illusion, qui est néfaste.",59.154929577464785,False
694,"Manifakti yo Y-2761 peyi Lachin, ke founisè ak faktori - en pwodwi - Anji Guyou mèb co, Ltd","Fabricants, fournisseurs et usine de meubles Anji Guyou Co., Ltd (Chine Y-2761) - Produits en gros","Chine Y-2761 fabricants, fournisseurs et usine - Produits de gros - Anji Guyou Furniture Co., Ltd","Fabricants, fournisseurs et usine de meubles Anji Guyou Co., Ltd (Chine Y-2761) - Produits en gros | Anji Guyou Co., Ltd, fabricant et fournisseur de meubles en Chine (Y-2761) - Vente en gros",72.04968944099379,False
695,V DC renouvlab Solè panèl Enèji Solè Street...,Panneau solaire renouvelable V CC Énergie solaire Rue...,V DC renouvelable Panneau solaire Énergie solaire Street...,Panneau solaire rechargeable pour rue | Éclairage solaire de rue renouvelable,54.16666666666667,False
696,Add yon revizyon Anile reply,Ajouter un avis Annuler la réponse,Ajouter un avis Annuler la réponse,Ajouter un commentaire | Annuler la réponse,75.0,False
697,"Torch jwè, Torch mizik ak jwèt Torch","Joueur de torche, musique de torche et jeux de torche","Torche Joueur, Torch musique et jeux Torch","joueur de flambeau, musique de flambeau et jeux de flambeau | torcheur, musique torche et jeux torche",76.54320987654322,False
698,Bòs otè: Kimmy Thompson,Auteure : Kimmy Thompson,Auteur expert: Kimmy Thompson,Auteur : Kimmy Thompson | Autrice : Kimmy Thompson,88.46153846153845,True
699,Dwa klike sou,clic droit,Faites un clic droit sur,clic droit | faire un clic droit,83.72093023255813,True
700,Ranpli kondisyon nan FTP's règ,Respectez les exigences des règles de FTP,Remplissez les conditions de flux FTP,Respectez les règles FTP | Conformez-vous aux règles FTP,49.18032786885246,False
701,Koperasyon entènasyonal ak Devlopman,Coopération et développement internationaux,Coopération internationale et développement,coopération internationale et développement | coopération et développement internationaux,100.0,True
702,14 Mast wotè Fork te ogmante milimèt 4250,14 Hauteur de fourche du mât augmentée à 4250 mm,14 Mât hauteur fourche soulevée mm 4250,Hauteur de fourche du mât portée à 4250 mm | Hauteur des fourches du mât augmentée à 4250 mm,64.1025641025641,False
703,sa ki gen pou fè nan majnkrafte,Que faire dans Minecraft,ce qu'il faut faire dans majnkrafte,Que faire dans Minecraft | Quoi faire dans Minecraft,72.1311475409836,False
704,OEM manifakti bonbon puzzle koutim puzzle ak materyèl fò,Fabricant OEM de biscuits puzzle personnalisés avec des matériaux résistants,Fabricants OEM de puzzle de bonbons personnalisés avec des matériaux forts,Fabricant OEM de biscuits puzzle sur mesure en matériaux résistants | Fabricant OEM de biscuits puzzle personnalisés avec matériaux robustes,77.77777777777779,False
705,Aplikasyon vè fibre ranfòse ankò plastik kab ...,Application du câble en plastique renforcé de fibres de verre...,Application fibre de verre renforcé câble en plastique ...,Application du câble en plastique renforcé de fibres de verre | Pose de câble en plastique renforcé de fibres de verre,71.73913043478262,False
706,"Dinatè Rezo Ekipman: Servers, modèm, routeurs, Hubs, kat rezo, estasyon travay, switch","Équipements de réseau informatique : serveurs, modems, routeurs, concentrateurs, cartes réseau, postes de travail, commutateurs","Équipement de réseau informatique: serveurs, modems, routeurs, Hubs, cartes réseau, station de travail, commutateurs",Équipements réseau informatique | Matériel réseau informatique,69.23076923076923,False
707,Solid gaz selil wouj oksid Gaz oksid Optimize Materyel optimize Ver eneji Elev yo atrave lemond UK Oto-Vale ki finanse deja Aplikasyon aksepte tout ane an Oto-Vale ki finanse deja PhD Elev Se selman PhD Ewop Mas 2014 Enfomatik chemen-jwenn Materyel Solid selil,"Oxydes de globules rouges à combustible solide, gaz oxyde, matériaux optimisés, énergie optimisée, étudiants verts du monde entier, Royaume-Uni, autofinancement, candidatures acceptées toute l'année, doctorants autofinancés uniquement, doctorat en Europe, mars 2014, informatique novatrice, matériaux, cellules solides",L'oxyde de gaz rouge solide optimisée optimisation de l'oxyde de gaz cellulaire Vérification des eaux usées du monde UK Auto-Vale financé Les demandes sont acceptées toute l'année auto-Vale financé PhD Elev Se seul PhD Europep Mars 2014 Infomatique chemins de fer-trouverte Mater ventile solide,"Oxydes de globules rouges à combustible solide, gaz oxyde, matériaux optimisés, énergie optimisée, étudiants verts du monde entier, Royaume-Uni, autofinancement, candidatures acceptées toute l'année, doctorants autofinancés uniquement, doctorat en Europe, mars 2014, informatique novatrice, matériaux, cellules solides | Oxydes de globules rouges à combustible solide, gaz oxyde, matériaux optimisés, énergie optimisée, étudiants verts du monde entier, Royaume-Uni, autofinancement, candidatures acceptées toute l'année, doctorants autofinancés uniquement, doctorat en Europe, mars 2014, informatique novatrice, matériaux, cellules solides",57.391304347826086,False
708,Ranpli Beginner Gid Pou Itali Pa tren,Guide complet du débutant pour voyager en train en Italie,Guide complet Beginner pour l'Italie En train,Guide pratique pour débutants pour voyager en train en Italie | Guide complet pour débutants pour prendre le train en Italie,57.77777777777777,False
709,"Hot Tags: lèt te kanpe moute bec ètui, Lachin, manifaktirè, distribitè, en","Mots-clés : sachets de thé au lait à bec verseur, Chine, fabricants, fournisseurs, vente en gros","Hot Tags: lait debout bec, Chine, fabricant, fournisseur, vente en gros","Mots-clés : sachets de thé au lait avec bec verseur, Chine, fabricants, fournisseurs, vente en gros | Mots-clés : sachets de thé au lait à bec, Chine, fabricants, distributeurs, en gros",80.28169014084507,True
710,New style mòd bon jan kalite bon senp pu ti ...,"Nouvelle mode de bonne qualité, simple et élégante...",nouveau style de mode de qualité simple pu petit ...,"nouveau style de bonne qualité, simple et élégant | mode nouvelle, de qualité, simple et chic",80.85106382978724,True
711,gratis anbake Sal matènite pantalon Capri,Pantalon Capri de maternité avec livraison gratuite,Livraison gratuite Pantacourts grossesse,Pantalon de maternité Capri avec livraison gratuite | Capri de maternité livré gratuitement,62.5,False
712,"pi bon konpayi domèn, pi bon konpayi sit entènèt, domèn bu .net, achte domèn Com, achte domèn .org, achte Non sit entènèt, Kreye yon sit entènèt, domèn rejistrè, enskri non domèn","Meilleure agence de noms de domaine, meilleure agence web, achat de domaine .net, achat de domaine .com, achat de domaine .org, achat de nom de site web, création de site web, bureau d'enregistrement de noms de domaine, enregistrement de nom de domaine","meilleure entreprise de domaine, meilleure entreprise de site Web, domaine bu .net, acheter le domaine Com, acheter le domaine .org, acheter le nom du site Web, créer un site Web, domaine registraire, enregistrer le nom de domaine","Meilleure agence de noms de domaine, meilleure agence web, achat de domaine .net, achat de domaine .com, achat de domaine .org, achat de nom de site web, création de site web, bureau d’enregistrement de noms de domaine, enregistrement de nom de domaine | Meilleure société de noms de domaine, meilleure société web, achat de domaine .net, achat de domaine .com, achat de domaine .org, achat de nom de site web, création de site web, registrar de noms de domaine, enregistrement de nom de domaine",76.33928571428572,False
713,16 .Lis fini sou sifas,16. Finition de surface lisse,16 .Lis finition sur la surface,fini lisse | finition lisse,66.66666666666667,False
714,PATI-TIME EDIKASYON SEKONDÈ,ENSEIGNEMENT SECONDAIRE À TEMPS PARTIEL,EXPOSITION DE LA CÔTÉ PARTIQUE,enseignement secondaire à temps partiel | secondaire à temps partiel,54.54545454545454,False
715,"Pou ansyen, pake a de baz yo tranche accessories yo fikse Pwodwi pou Telefòn yo LV-ABC nan Pòl gen ladan.:","Pour le premier, le kit d'accessoires de base pour fixer les accessoires LV-ABC au poteau comprend :","Pour l'ancien, le paquet de base pour les accessoires de fixation LV-ABC de Paul comprend:","Pour commencer, le kit d’accessoires de base pour fixer les accessoires LV-ABC au poteau comprend : | En premier lieu, le kit d’accessoires de base pour fixer les accessoires LV-ABC au poteau comprend :",68.88888888888889,False
716,"Lachin vè au dezè chalè gerizon chodyè manifaktirè yo ak Founisè ki - bon jan kalite pwodwi - JSDJ yon gwo endistri co, Ltd","Fabricants et fournisseurs chinois de chaudières à récupération de chaleur pour fours à verre du désert - Produits de haute qualité - JSDJ Great Industry Co., Ltd.","Chine verre four chaleur résiduelle récupération chaudière fabricants et fournisseurs - qualité produits - JSDJ Heavy Industry Co., Ltd","Fabricants et fournisseurs chinois de chaudières de récupération de chaleur pour fours à verre du désert - Produits de haute qualité - JSDJ Great Industry Co., Ltd. | Fabricants et fournisseurs en Chine de chaudières récupératrices de chaleur pour fours à verre du désert - Produits de haute qualité - JSDJ Great Industry Co., Ltd.",61.48148148148148,False
717,HSK viktwa nan matche ak yè a Bonna,HSK remporte le match d'hier contre Bonna,HSK victoire de match hier à Bonna,HSK a gagné le match d’hier contre Bonna | HSK s’est imposé hier face à Bonna,61.53846153846154,False
718,PCB Faktori kapasite,Capacité de fabrication de circuits imprimés,Capacité d'usine de PCB,Capacité de production de circuits imprimés | Capacité de fabrication de cartes électroniques,72.22222222222221,False
719,Maksimòm dòz:400 mg enjekte nan misk ou chak semèn 2.,Dose maximale : 400 mg injectés dans le muscle toutes les 2 semaines.,Dosage maximum:400 mg injecté dans vos muscles chaque semaine 2.,Dose maximale : 400 mg en injection intramusculaire toutes les deux semaines | Dose maximale : 400 mg à injecter dans le muscle toutes les deux semaines,67.1875,False
720,ASTM B862 soude ti ak Ti-alyaj Tib,Tubes soudés en titane et en alliage de titane conformes à la norme ASTM B862,ASTM B862 tubes soudés avec Ti-aliment,Tubes soudés en titane et alliages de titane conformes à la norme ASTM B862 | Tubes soudés en titane et en alliage de titane selon la norme ASTM B862,78.94736842105263,False
721,"pou asyèt, manje, manje, bwason. Achitèk Landscape rekòmande zonirovat","Pour les plats, la nourriture et les boissons. Les architectes paysagistes recommandent le zonage.","pour les plats, les aliments, les boissons. Architecture Landscape recommande zonirovat","Pour les assiettes, les repas et les boissons. Les architectes paysagistes recommandent le zonage. | Pour la vaisselle, la nourriture et les boissons. Les architectes paysagistes recommandent le zonage.",73.5632183908046,False
722,"Nan parantèz, mwen ka fè ou konnen ke gen ""multitud konpayi."" Konsa, n ap anpil anpil sove ap retounen avèk Jezi!","Entre parenthèses, je peux vous dire qu'il y a une « multitude de compagnons ». Ainsi, nous serons sauvés en abondance et retournerons avec Jésus !","Dans les supports, je peux vous faire savoir qu'il y a ""multitud société."" Ainsi, nous sommes très nombreux sauvé de revenir avec Jésus!","Entre parenthèses, je peux vous dire qu’il y a une foule de compagnons. Ainsi, nous serons sauvés en grand nombre et retournerons avec Jésus ! | Au passage, je peux vous dire qu’il y a une multitude de compagnons. Ainsi, nous serons sauvés en abondance et reviendrons avec Jésus !",65.1685393258427,False
723,"An jiyè 2011, nan Scotland , te vin pwi a pi gwo nan dè milyon yo Euro. Li montan a 185 000 000 milyon dola.","En juillet 2011, en Écosse, le plus gros gain jamais remporté à l'EuroMillions s'élevait à 185 millions de dollars.","En juillet 2011, en Écosse, est devenu le plus grand prix des millions d'euros. Il est élevé à 185 000 000 000 millions.","En juillet 2011, en Écosse, le plus gros jackpot jamais remporté à l’EuroMillions s’élevait à 185 millions de dollars. | En juillet 2011, en Écosse, le plus gros gain de l’EuroMillions jamais enregistré atteignait 185 millions de dollars.",64.60176991150442,False
724,"Pou bèt: bronchopneumonia ak lòt enfeksyon respiratwa, enfeksyon nan aparèy la gastwoentestinal, metrit, mamit, sèptisemi, enfeksyon puèrperal, ak enfeksyon bacterrial segondè sitou ki te koze pa viris, elatriye","Chez les animaux : bronchopneumonie et autres infections respiratoires, infections du tube digestif, métrite, mammite, septicémie, infections puerpérales et infections bactériennes secondaires principalement causées par des virus, etc.","Pour les animaux: bronchopneumonia et d'autres infections respiratoires, les infections des voies gastro-intestinales, les métrite, les mammites, la septicémie, les infections puerales et les infections bactérieuses sont principalement causées par des virus, etc.","Chez les animaux : bronchopneumonies et autres affections respiratoires, infections digestives, métrite, mammite, septicémie, infections puerpérales et surinfections bactériennes secondaires, notamment d’origine virale, etc. | Chez les animaux : bronchopneumonie et autres maladies respiratoires, infections gastro-intestinales, métrite, mammite, septicémie, infections du post-partum et infections bactériennes secondaires surtout liées à des virus, etc.",76.79671457905543,False
725,TOTAL manm (sòm nòt yo): 2600,Nombre total de membres (somme des scores) : 2600,ADHÉSION TOTAL (SOMME DE GRADES): 2600,Nombre total de membres (total des points) : 2600 | Effectif total des membres (somme des points) : 2600,61.53846153846154,False
726,"Lachin Bass pyèj Konpayi fabrikasyon, Founisè ak faktori - Pwodwi Wholesale - Shenzhen Vinco Soundproufin Materyèl co, Ltd","Fabricants, fournisseurs et usine de pièges à basses fréquences en Chine - Produits en gros - Shenzhen Vinco Soundproofing Materials Co., Ltd.","Chine Bass fabricants, fournisseurs et usine - Produits de gros - Shenzhen Vinco insonorisation Materials Co., Ltd","Fabricants, fournisseurs et usine de pièges à basses fréquences en Chine - Produits en gros - Shenzhen Vinco Soundproofing Materials Co., Ltd. | Fabricants, fournisseurs et usine de pièges à basses fréquences en Chine - Vente en gros - Shenzhen Vinco Soundproofing Materials Co., Ltd.",71.9298245614035,False
727,yo a Enstiti de agrikòl machin,l'Institut des machines agricoles,l’ Institut machines agricoles,l’Institut des machines agricoles | Institut des machines agricoles,86.66666666666667,True
728,Nimewo Modèl: YZ-MO-bar,Numéro de modèle : YZ-MO-bar,Numéro de modèle: YZ-MO-bar,Numéro de modèle : YZ-MO-bar | Référence du modèle : YZ-MO-bar,96.2962962962963,True
729,Otomatik machin seye,machine de test automatique,Machine de refendage automatique,machine automatique de test | banc d’essai automatique,74.50980392156863,False
730,"Adrès: No.140, Houyu Vilaj, Houzhai Street, Yiwu City, Lachin, 322008","Adresse : No.140, village Houyu, rue Houzhai, ville de Yiwu, Chine, 322008","Adresse: No.140, Houyu Village, Houzhai Street, ville de Yiwu, Chine, 322008","Adresse : No 140, village de Houyu, rue Houzhai, Yiwu, Chine, 322008 | Adresse : No 140, Houyu, Houzhai, Yiwu, Chine, 322008",79.06976744186046,False
731,Jèn tòti Ninja tortu: jèn tòti Ninja tortu,Les Tortues Ninja : Les Tortues Ninja,Teenage Mutant Ninja Turtles: Teenage Mutant Ninja Turtles,Les Tortues Ninja | Tortues Ninja,58.18181818181818,False
732,Copyright 2020 vBulletin solisyon Inc. Tout dwa rezeve.,Copyright 2020 vBulletin Solutions Inc. Tous droits réservés.,Copyright 2020 vBulletin Solutions Inc. Tous droits réservés.,Copyright 2020 vBulletin Solutions Inc. Tous droits réservés. | Copyright 2020 vBulletin Solutions Inc. Tous droits réservés.,100.0,True
733,"Vann pi wo pase mande pri135,000",Vendu au-dessus du prix demandé de 135 000,"La vente au-dessus de la demande de prix135,000",Vendu au-dessus du prix demandé de 135 000 | Vendu à plus de 135 000 que le prix demandé,74.15730337078652,False
734,Enstiti Nasyonal sou Abi Dwòg,Institut national sur l'abus de drogues,Institut national de l' Abi médicaments,Institut national sur l’abus des drogues | Institut national de lutte contre l’abus des drogues,73.23943661971832,False
735,Kijan Pou Achte Penny vant ozanchè Software,Comment acheter un logiciel de penny auction,Comment acheter Penny logiciel d'enchères,Comment acheter un logiciel de vente aux enchères à un centime | Comment acheter un logiciel de penny auction,81.69014084507043,True
736,E depi tout tan tout tan 2010 li te gen klè,"Et depuis 2010, cela est devenu évident.",Et depuis 2010 il a été clair,"Et depuis 2010, c’est devenu clair. | Depuis 2010, c’était évident.",69.56521739130434,False
737,demann PVC mache etaj,demande du marché des revêtements de sol en PVC,demande du marché du sol en PVC,demande du marché des sols en PVC | demande du marché des revêtements de sol en PVC,90.32258064516128,True
738,Mondyal nan tank,Monde des chars,World of Tanks,monde des blindés | univers des chars,38.46153846153846,False
739,Lalin lan te augmentè - nòt ak tèks,La lune était croissante - notes et texte,Lune a été protégée - notes et texte,la lune montait | la lune était en croissance,46.37681159420289,False
740,"Hot Tags: pwen te achte en carton ekspozisyon tabletop kanpe ak twou, Lachin fabricants, ke founisè, faktori, konpayi an, Brandon yo, bon kalite, pwodwi yo","Mots-clés : présentoir de table en carton perforé pour point de vente, fabricants, fournisseurs, usine, entreprise, marques, produits de haute qualité en Chine","Hot Tags: point d'achat en carton ondulé support avec trou, Chine fabricants, fournisseurs, usine, société, marques, haute qualité, produits","Mots-clés : présentoir de comptoir en carton perforé pour point de vente, fabricants chinois, fournisseurs, usine, entreprise, marques, produits de qualité | Présentoir de table en carton avec perforations pour PLV, fabricants, fournisseurs, usine, société, marques, produits de haute qualité en Chine",67.85714285714286,False
741,"Atravè ekselans akademik, gwo respè pou valè, tradisyon ak relijyon, menm jan tou yon devouman nan aprantisaj, nou vize yo enspire ou li kapab akonpli potentiels akademik ak pèsonèl ou nan tout mezi posib.","Par l’excellence académique, un profond respect des valeurs, des traditions et de la religion, ainsi qu’un dévouement à l’apprentissage, nous visons à vous inspirer à réaliser pleinement votre potentiel académique et personnel.","Grâce à l'excellence académique, un grand respect pour la valeur, la tradition et la religion, ainsi qu'un dévouement d'apprentissage, nous visons à vous inciter à atteindre vos potentiels académiques et personnelles à toutes les mesures possibles.","Par l’excellence académique, le respect des valeurs, des traditions et de la religion, ainsi qu’un engagement envers l’apprentissage, nous voulons vous inspirer à réaliser pleinement votre potentiel académique et personnel. | Grâce à l’excellence académique, au profond respect des valeurs, des traditions et de la religion, et à un réel dévouement à l’apprentissage, nous cherchons à vous प्रेरer à atteindre tout votre potentiel académique et personnel.",75.47169811320755,False
742,Plotter Konpayi fabrikasyon woule papye ak founisè - Customized Desen papye woule - Guanhua Papye,Fabricants et fournisseurs de rouleaux de papier pour traceur - Rouleaux de papier pour traceur personnalisés - Guanhua Paper,Fabricants et fournisseurs de rouleaux de papier de platine - Rouleau de papier de dessin personnalisé - Papier Guanhua,Fabricants et fournisseurs de rouleaux de papier pour traceur - Rouleaux de papier pour traceur sur mesure - Guanhua Paper | Fabricants et fournisseurs de rouleaux de papier pour traceur - Rouleaux de papier pour traceur personnalisés - Guanhua Paper,82.35294117647058,True
743,"fèy plywood la hardboard, oswa plizyè kouch NEWSPRINT.","La feuille de contreplaqué est en panneau dur, ou composée de plusieurs couches de papier journal.","la feuille de contreplaqué robuste, ou plusieurs couches NEWSPRINT.",en panneau dur ou en plusieurs couches de papier journal | en panneau dur ou constitué de plusieurs couches de papier journal,58.4070796460177,False
744,Mur Louvri nan 'Chak Opòtinite' (via Slashdot) Èske mur sou wout pou l mete...Li plis,BlackBerry ouvert à « toutes les opportunités » (via Slashdot) : BlackBerry est-il sur la bonne voie ?… Lire la suite,Mur ouvert à 'Chak Opportunités' (via Slashdot) Est-ce mur sur la route de mettre...En savoir plus,BlackBerry ouvert à toutes les opportunités | BlackBerry prêt à saisir toutes les opportunités,52.02312138728325,False
745,"Hot Tags: vav idwolik yo opere blòk, blòk idwolik yo opere, Lachin, manifaktirè yo, ke founisè, faktori, an gwo, personnalisè, acheter, en","Mots-clés : bloc de vannes hydrauliques, bloc hydraulique, Chine, fabricants, fournisseurs, usine, vente en gros, sur mesure, achat, en vrac","Hot Tags: bloc hydraulique, bloc hydraulique, Chine, fabricants, fournisseurs, usine, vente en gros, meilleur, acheter, en vrac","Bloc de vannes hydrauliques, bloc hydraulique, Chine, fabricants, fournisseurs, usine, vente en gros, sur mesure, achat, en vrac | Bloc hydraulique à commande hydraulique, bloc de vannes hydrauliques, Chine, fabricants, fournisseurs, usine, gros, personnalisé, achat, en vrac",86.61417322834646,True
746,430 Nerjaveèi asye Bobin elatriye.,"Bobine en acier inoxydable 430, etc.",430 Spool en acier inoxydable etc.,"Bobine en acier inoxydable 430, etc. | Bobines en inox 430, etc.",73.52941176470588,False
747,6. Valye wou kontwòl pa 4 nivo,6. Contrôlez la valeur de la roue sur 4 niveaux.,6. Valider la roue de commande par 4 niveaux,Réglez la valeur de la roue sur 4 niveaux | Ajustez la valeur de la roue sur 4 niveaux,68.42105263157895,False
748,Eleman Fòm Enfòmasyon:,Éléments du formulaire d'information :,Informations de forme d'élément:,Éléments du formulaire d’information | Rubriques du formulaire d’information,59.375,False
749,Jwèt pou pasaj nan yon travay yo rele jwèt rp sou entènèt.,Les jeux permettant de réaliser une tâche sont appelés jeux de rôle en ligne.,Jeux pour le passage d'un travail appelé jeu rpg en ligne.,Les jeux permettant d’accomplir une tâche sont appelés jeux de rôle en ligne | On appelle jeux de rôle en ligne les jeux qui servent à réaliser une tâche,58.62068965517242,False
750,Demo videyo a:,Démonstration vidéo :,Démonstration vidéo:,Vidéo de démonstration | Démo vidéo,85.0,True
751,Estratejik kreye patenarya nan Sinopec pou pwodwi acetate Vinyl,Partenariat stratégique avec Sinopec pour la production d'acétate de vinyle,Partenaire stratégique de Sinopec pour les produits d'acétate de vinyle,Partenariat stratégique avec Sinopec pour produire de l’acétate de vinyle | Alliance stratégique avec Sinopec pour la fabrication d’acétate de vinyle,83.09859154929578,True
752,"3, Jwenn yon debaz",3. Établir une base de référence,"3, Trouver un base",Établir un point de départ | Définir une base de référence,55.55555555555556,False
753,Komèsyal Sèvis Finansye Vanwatou,Ventes de services financiers au Vanuatu,Service commercial Vanuatuors,Vente de services financiers au Vanuatu | Commercialisation de services financiers au Vanuatu,65.51724137931035,False
754,Kondisyon pou sètifikasyon Virtualization KVM,Exigences pour la certification de virtualisation KVM,Exigences pour la certification de virtualisation KVM,Conditions de certification de la virtualisation KVM | Critères de certification pour la virtualisation KVM,76.19047619047619,False
755,Èske ou trafik resikle?,Recyclez-vous le trafic ?,Êtes-vous un trafic recyclé?,Vous recyclez le trafic ? | Est-ce que vous recyclez le trafic ?,56.41025641025641,False
756,Fotograf Job Deskripsyon – JobDescriptionSample.org,Description de poste de photographe – JobDescriptionSample.org,Description du poste photographe – JobDescriptionSample.org,Description de poste de photographe – JobDescriptionSample.org | Fiche de poste de photographe – JobDescriptionSample.org,93.22033898305084,True
757,Koulè Origami Papye,Papier origami coloré,Couleur Papier Origami,papier coloré pour origami | papier d’origami coloré,68.18181818181819,False
758,Bòs otè: Carmelita Rameriz,Auteur principal: Carmelita Rameriz,Auteur expert: Carmelita Rameriz,Auteur principal: Carmelita Rameriz | Auteur : Carmelita Rameriz,89.65517241379311,True
759,Mande pou 1 touche jwe.,Nécessite un seul contact pour jouer.,Exiger 1 jeu tactile.,Un simple toucher suffit pour jouer | Jouable d’un seul contact,50.0,False
760,"Piba a, w gen enstriksyon an pou PC a ak Mac vèsyon an sa a zouti Hack. Vèsyon sa yo mande pou yon kèk etap yo nan lòd yo konplete pwosesis la ranje andedan. Si ou vle download epi sèvi ak app a ranje andedan dirèkteman sou aparèy ou an, inyore enstriksyon sa yo ak ale pi devan!","Vous trouverez ci-dessous les instructions pour les versions PC et Mac de cet outil de piratage. Ces versions nécessitent quelques étapes pour finaliser le processus. Si vous souhaitez télécharger et utiliser l'application piratée directement sur votre appareil, ignorez ces instructions et procédez comme vous le souhaitez !","Ci-dessous vous avez l'instruction pour le PC et la version Mac de cet outil de hack. Ces versions nécessitent quelques étapes pour terminer le processus de piratage. Si vous voulez télécharger et utiliser l'application de piratage directement sur votre appareil, ignorer ces instructions et aller de l'avant!","Vous trouverez ci-dessous les instructions pour les versions PC et Mac de cet outil de piratage. Ces versions nécessitent quelques étapes pour terminer le processus. Si vous souhaitez télécharger et utiliser l’application piratée directement sur votre appareil, ignorez ces instructions et continuez ! | Voici les instructions pour les versions PC et Mac de cet outil de piratage. Ces versions demandent quelques étapes pour finaliser le processus. Si vous voulez télécharger et utiliser l’application piratée directement sur votre appareil, passez ces instructions et allez-y !",83.25041459369817,True
761,Britanik Kòporasyon Televizyon bb C,"BBC, la British Television Corporation",British Broadcasting Corporation Bb,"BBC, la British Broadcasting Corporation | BBC, la Société britannique de radiodiffusion",94.28571428571428,True
762,"Blesi Deskripsyon Yon ka zo kase estrès se yon kalite ka zo kase enkonplè nan zo yo. Li se ki te koze pa ""estrès etranj oswa repete"" epi tou li lou kontinyèl pwa sou cheviy la oswa janm...[2] ...","Description de la blessure : Une fracture de stress est un type de fracture incomplète d'un os. Elle est causée par des contraintes inhabituelles ou répétées, ainsi que par une charge lourde et continue sur la cheville ou la jambe...[2] ...",Description de la blessure Un cas de stress fracture est un type de fracture incomparable dans les os. Il est causé par « stress inhabituelle ou répétée » et aussi lourd poids continu sur la cheville ou la jambe[19]. ...,"Description de la blessure : Une fracture de stress est une fracture incomplète de l’os, causée par des contraintes inhabituelles ou répétées, ainsi que par une charge lourde et continue sur la cheville ou la jambe...[2] ... | Description de la blessure : Une fracture de fatigue est une fracture partielle de l’os due à des efforts répétés ou inhabituels, avec une pression prolongée sur la cheville ou la jambe...[2] ...",75.51487414187643,False
763,58 bytes pou chak pake,58 octets par paquet,58 by paquet,58 octets par colis | 58 octets par lot,50.0,False
764,vidèo poutèt yo resevwa: 17:49,Vidéo reçue à 17h49,vierge pour recevoir: 17:49,Vidéo reçue à 17h49 | Vidéo reçue à 17:49,56.52173913043479,False
765,"Fòm dyaman (santral defandè, plen tounen, de midfielders).","Formation en losange (défenseur central, latéral, deux milieux de terrain).","Forme diamant ( défenseur central, plein de retour, deux milieux de terrain).",formation en losange | dispositif en losange,47.76119402985075,False
766,Moun ki make ki lach byen bonè epi atake diferan pwen andedan bwat 18yrd kwen bwat 6yrd.,"Les joueurs qui marquent les joueurs libres tôt et attaquent différents points à l'intérieur de la surface de réparation des 18 yards, dans le coin de la surface de réparation des 6 yards.",Les gens marquent en vrac tôt et attaquent différents points à l'intérieur de la boîte de coin 18yrd.,Les joueurs qui se démarquent tôt et attaquent différents espaces dans la surface de réparation | Les joueurs qui prennent rapidement leurs marques et exploitent plusieurs zones dans la surface de réparation,62.03208556149733,False
767,"Mwazi materyèl: DIEVAR, SKD61, H13,8407, elatriye.","Matériau du moule : DIEVAR, SKD61, H13,8407, etc.","Matériaux de moule: DIEVAR, SKD61, H13,8407, etc.","Matériau du moule : DIEVAR, SKD61, H13, 8407, etc. | Matériau du moule : DIEVAR, SKD61, H13, 8407, etc.",93.87755102040816,True
768,Chanje estrateji replikasyon,Stratégie de réplication des changements,Changer la stratégie de réplication,Stratégie de réplication des modifications | Stratégie de réplication des changements,82.85714285714285,True
769,"Yo ranvwaye nan 26 oktòb 2014 epi 26 oktòb 2015, jou a nan premye tou an nan eleksyon prezidansyèl la. [1]","Elles ont été reportées au 26 octobre 2014 et au 26 octobre 2015, jour du premier tour de l'élection présidentielle. [1]","Le 26 octobre 2014 et le 26 octobre 2015, le premier jour du premier tour de l'élection présidentielle[1].","Elles ont été reportées au 26 octobre 2014 et au 26 octobre 2015, date du premier tour de l’élection présidentielle. | Elles ont été renvoyées au 26 octobre 2014 et au 26 octobre 2015, jour du premier tour de l’élection présidentielle.",88.77551020408163,True
770,Persuasion-bon lòt moun pou chanje aksyon oubyen intellects yo.,Persuasion – convaincre les autres de modifier leurs actions ou leurs idées.,Persuasion-bon autre pour modifier les actions ou les intellects.,persuasion | art de convaincre,61.81818181818181,False
771,"Se poutèt sa mwen gade m' strcuture Point mwen kapab Tyeke pou asire w mwen gen kantite egzak valence èlectrons mwen bezwen 14, an se konsa nou kontinye e mwen konte yo","Je regarde donc ma structure et je peux vérifier que j'ai bien le nombre exact d'électrons de valence dont j'ai besoin, 14, alors on va les compter.","J'ai donc regardé mon point strcuture je peux vérifier pour vous assurer que j'ai le nombre exact de valence, j'ai besoin de 14, donc nous continuons et j'ai compté","Je regarde donc ma structure et je peux vérifier que j’ai bien le nombre exact d’électrons de valence dont j’ai besoin, 14, alors on va les compter. | Je vérifie donc ma structure pour m’assurer que j’ai bien les 14 électrons de valence nécessaires, puis on les compte.",66.01941747572815,False
772,"Created sou Lendi, Me 09, 2011 4:11 PM PORTLAND, Jamayik - Polis nan Portland Pawas ap lachas dèyè yon nonm yo kwè yo dwe yon jwè nan zam yo pou ganja komès ak Ayiti.","Créé le lundi 9 mai 2011 à 16h11 PORTLAND, Jamaïque - La police de la paroisse de Portland recherche un homme qu'elle soupçonne d'être impliqué dans le trafic d'armes contre du cannabis avec Haïti.","Créé le Lundi 09, 2011 Le PM 04:11 PORTLAND, Jamaïque - La police de Portland Parwas chasse au-delà d'un homme croit d'être un joueur des armes pour le commerce des gants et Haïti.","Créé le lundi 9 mai 2011 à 16h11 PORTLAND, Jamaïque - La police de la paroisse de Portland est à la recherche d’un homme soupçonné d’être impliqué dans un trafic d’armes contre du cannabis avec Haïti. | Publié le lundi 9 mai 2011 à 16h11 PORTLAND, Jamaïque - La police de Portland traque un homme qu’elle pense lié à un trafic d’armes contre de la ganja avec Haïti.",67.65578635014838,False
773,"Konsepsyon an se modèn, men materyèl natirèl yo itilize anndan kreye yon santiman ekstrèmman cho ak envite. Trè ba planche konkrè antretyen konpleman gade nan endistriyèl, pandan y ap milti-sifas ki gen koulè panno bwa teren ak Birch taye fòme palè an koulè enteryè. Twa tablèt ak anpil fenèt ak pòt glisman bay anpil limyè natirèl. Ki fèt ak yon recho bwa lavni nan tèt ou, yon insert miray se deja an plas.","Le design est moderne, mais les matériaux naturels utilisés à l'intérieur créent une atmosphère incroyablement chaleureuse et accueillante. Les sols en béton, très faciles d'entretien, complètent le style industriel, tandis que les lambris en bois teinté aux multiples finitions et les moulures en bouleau composent la palette de couleurs intérieure. Trois puits de lumière et de nombreuses fenêtres et portes coulissantes laissent entrer une abondante lumière naturelle. Conçu pour accueillir un futur poêle à bois, un insert mural est déjà prévu.","La conception est moderne, mais le matériel naturel est utilisé à l'intérieur pour créer un sentiment extrêmement chaud et invite. Le plancher en béton très bas remporte le look industriel, tandis que les panneaux en bois multicolores multicolores et les portes de bouleau forment le palais de couleur intérieure. Trois tablettes avec de nombreuses fenêtres et portes coulissantes fournissent de nombreuses lumières naturelles. Conçu avec un poêle de bois à l'esprit, un insert de mur est déjà en place.","Le design est contemporain, mais les matériaux naturels employés à l’intérieur créent une ambiance très chaleureuse et conviviale. Les sols en béton, faciles à entretenir, renforcent le style industriel, tandis que les panneaux de bois teinté aux tons variés et les finitions en bouleau composent la palette intérieure. Trois puits de lumière ainsi que de grandes fenêtres et portes coulissantes apportent une belle lumière naturelle. Pensé pour accueillir un futur poêle à bois, un insert mural est déjà prévu. | Le style est moderne, mais les matériaux naturels à l’intérieur donnent une atmosphère particulièrement chaleureuse et accueillante. Les sols en béton, simples à entretenir, s’accordent parfaitement avec l’esprit industriel, tandis que les lambris en bois teinté multicolore et les moulures en bouleau définissent la palette de l’intérieur. Trois puits de lumière, de nombreuses fenêtres et des portes coulissantes laissent entrer une abondante lumière du jour. Prévu pour un futur poêle à bois, un insert mural est déjà en place.",66.99801192842942,False
774,"Tanpri eseye enfimite Scripts yo nan opsyon anba, kite m 'konnen si sa a fikse li",Veuillez essayer de désactiver les scripts dans les options ci-dessous et dites-moi si cela résout le problème.,"S'il vous plaît essayer de désactiver les scripts dans les options ci-dessous, laissez-moi savoir si ce correctif",Veuillez essayer de désactiver les scripts dans les options ci-dessous et dites-moi si cela résout le problème. | Merci d’essayer de désactiver les scripts dans les options ci-dessous et de me dire si cela règle le problème.,77.66990291262135,False
775,Zenk alyaj kay koup,maisonnette pour couple en alliage de zinc,Zinc alliage maison trophée,petite maison pour couple | maisonnette pour deux,53.84615384615385,False
776,Etikèt la 'amp-ad ekstansyon .js script' ki manke,La balise « script .js de l'extension amp-ad » est manquante.,L'étiquette « rampe d'extension .js script » manquante,La balise « script .js de l’extension amp-ad » est absente | La balise « script .js de l’extension amp-ad » manque,58.82352941176471,False
777,iCloud Drive transpòte tout dosye yo sou Desktop ou ant machin. Foto: Apple,iCloud Drive vous permet de transférer tous vos fichiers entre vos ordinateurs. Photo : Apple,iCloud Drive transporte tous les fichiers sur votre ordinateur de bureau entre les voitures. Photographie: Apple,iCloud Drive vous permet de synchroniser tous vos fichiers entre vos appareils. Photo : Apple | iCloud Drive vous permet de partager tous vos fichiers entre vos ordinateurs. Photo : Apple,64.03940886699507,False
778,Separe solè Street Limyè,Éclairage public solaire séparé,Réverbère solaire séparée,éclairage public solaire séparé | lampadaire solaire séparé,80.95238095238095,True
779,"Dokiman pa gen okenn analogue . Panno Sandwich : kalite , karakteristik ak pri.","Ce document est unique en son genre. Panneaux sandwich : types, caractéristiques et prix.","Documents n'ont pas d'analogues . Panwich : type , caractéristiques et prix.","Ce document est sans équivalent. Panneaux sandwich : types, caractéristiques et prix. | Ce document est unique en son genre. Panneaux sandwich : types, caractéristiques et prix.",73.91304347826086,False
780,"kreze desen, kapasite a se pi plis 12000 Tòn pou chak ane.","Grâce à sa conception de creuset, sa capacité dépasse 12 000 tonnes par an.","dessins creux, la capacité est plus 12000 tonnes par an.","Grâce à sa conception de creuset, sa capacité dépasse 12 000 tonnes par an. | Sa conception de creuset lui permet de dépasser 12 000 tonnes par an.",76.78571428571428,False
781,2. Download ak sove dosye a .m3u.,2. Téléchargez et enregistrez le fichier .m3u.,2. Télécharger et enregistrer le fichier .m3u.,Téléchargez et sauvegardez le fichier .m3u | Téléchargez puis enregistrez le fichier .m3u,85.71428571428572,True
782,RF chak Konben fwa,Fréquence RF,Fréquence RF,Fréquence RF | Fréquence radiofréquence,100.0,True
783,"MOTA klasik Jou Konje tren an Mete ak Real lafimen - Limyè Natif natal, ak Son - yon seri plen ak Locomotive Engine, kago Machin, Tracks ak Nwèl Lespri Bondye","Coffret de train de Noël MOTA Classic avec fumée réaliste, lumières et sons authentiques : un ensemble complet comprenant une locomotive, des wagons de marchandises, des rails et une ambiance de Noël.","Le train de vacances classique MOTA avec la fumée Real - Lumières authentiques, et son - une gamme complète de moteurs de locomotive, cargaison de voiture, pistes et spiritueux de Noël","Coffret de train de Noël classique MOTA avec fumée réaliste, lumières et sons authentiques, comprenant une locomotive, des wagons de marchandises et des rails | Ensemble de train de Noël MOTA classique avec fumée, lumières et sons, incluant locomotive, wagons de fret et voies ferrées",63.501483679525215,False
784,"UK Telefòn kazino bonis – Jwe Top fant mobil Koulye a,!",Bonus de casino mobile au Royaume-Uni – Jouez dès maintenant aux meilleures machines à sous mobiles !,UK Téléphone Casino bonus – Jouer Top Slots mobile maintenant!,Bonus casino mobile au Royaume-Uni – Jouez dès maintenant aux meilleures machines à sous mobiles ! | Bonus de casino sur mobile au Royaume-Uni – Jouez tout de suite aux meilleures machines à sous mobiles !,55.46218487394958,False
785,Boy Ponpye ak Dlo ti fi,Garçon de feu et fille de l'eau,Boy Feu et l'eau fille,garçon fougueux et fille calme | garçon de feu et fille d’eau,63.63636363636363,False
786,"estrateji a nan VICKS se: ""Bon jan kalite a se yon eleman enpòtan nan pwodwi mak famouse, syans la ak teknoloji se garanti a nan pwodwi mak,","La stratégie de VICKS est la suivante : « La qualité est un élément important des produits de marque renommés, la science et la technologie sont la garantie des produits de marque. »","La stratégie de VICKS est: « La qualité est un élément important dans la production de marques familiales, la science et la technologie est la garantie des produits de marque,","La stratégie de VICKS est la suivante : « La qualité est essentielle aux grandes marques, et la science et la technologie en sont la garantie. » | La stratégie de VICKS est la suivante : « La qualité fait la force des marques reconnues, et la science comme la technologie en assurent la fiabilité. »",70.37037037037037,False
787,Founisè ak vibre ekran,fournisseur de tamis vibrants,Écran vibrant,fournisseur de cribles vibrants | fournisseur de tamis vibrants,72.72727272727273,False
788,"Kayseri Erciyes te prezante a pwofesyonèl touris nan Thailand, ki se detèmine kòm yon mache nan sijè ki abòde lan touris ak nouvo estrateji pwomosyon. Reyinyon pwomosyon Kayseri-Erciyes ki te fèt nan Bangkok, kapital la nan Thailand ak inisyativ nan Tays Airlines Direksyon Kayseri, [Plis ...]","Kayseri-Erciyes a été présentée aux professionnels du tourisme thaïlandais, identifiée comme un marché potentiel dans le cadre des stratégies touristiques et de promotion innovantes. Une réunion de promotion de Kayseri-Erciyes s'est tenue à Bangkok, capitale de la Thaïlande, à l'initiative de la direction de Thai Airways à Kayseri. [suite...]","Kayseri Erciyes a présenté aux professionnels du tourisme en Thaïlande, qui est déterminé en tant que marché dans le cadre du tourisme et de nouvelles stratégies de promotion. Réunion de la promotion de Kayseri-Erciyes a eu lieu à Bangkok, la capitale de la Thaïlande et de l'initiative de la direction de Kayseri, [Plus ...]","Kayseri-Erciyes a été présenté aux professionnels du tourisme en Thaïlande, considérée comme un marché cible dans le cadre des nouvelles stratégies de promotion touristique. Une réunion de promotion de Kayseri-Erciyes s’est tenue à Bangkok, capitale thaïlandaise, à l’initiative de la direction de Thai Airways à Kayseri. | Kayseri-Erciyes a été présenté aux acteurs du tourisme thaïlandais, identifié comme un marché prometteur dans le cadre des nouvelles stratégies de développement touristique. Une rencontre de promotion de Kayseri-Erciyes a eu lieu à Bangkok, capitale de la Thaïlande, à l’initiative de la direction de Thai Airways à Kayseri.",79.61783439490446,False
789,Ray Veterinè Digital Radyografi sistèm,Système de radiographie numérique vétérinaire Ray,Système de radiographie numérique Ray vétérinaire,Système de radiographie numérique vétérinaire Ray | Système de radiographie vétérinaire numérique Ray,95.74468085106383,True
790,Fevriye 2013 Kristalizasyon Ewòp PhD EPSRC Kontini manifakti Centre nan Faktori kontini ak kristalizasyon,Février 2013 Crystallization Europe Doctorat EPSRC Centre de fabrication continue en fabrication continue et cristallisation,Février 2013 Cristallisation Europe PhD EPSRC Centre continu de fabrication continue et cristallisation,"Février 2013, cristallisation en Europe, doctorat EPSRC, centre de fabrication continue | Février 2013, cristallisation européenne, doctorat EPSRC, centre de fabrication continue et de cristallisation",83.49514563106796,True
791,Ekipman satelit yo pri 0,Les coûts des équipements satellitaires sont de 0,L'équipement satellite coût 0,Les équipements satellitaires sont gratuits | Le coût des équipements satellitaires est nul,75.86206896551724,False
792,Meanwell chofè pou ki ap dirije lineyè High Bay limyè 360W,Alimentation Meanwell pour luminaire linéaire LED industriel 360 W,Conducteur de Meanwell LED Linear High Bay Light 360W,Alimentation Meanwell pour luminaire LED linéaire industriel 360 W | Driver Meanwell pour high bay linéaire LED 360 W,61.855670103092784,False
793,Eklatman nan branch fanmi APK Download pou android – Pi bon Apps Pou mobil,Téléchargez Clash of Clans (APK) pour Android – Les meilleures applications mobiles,Clash of Clans APK Télécharger pour Android – Meilleures applications pour Mobiles,Télécharger Clash of Clans (APK) pour Android – Meilleures applications mobiles | Clash of Clans (APK) à télécharger sur Android – Les meilleures applis mobiles,86.25,True
794,Materyèl Building lafimen Dansite tèsteur,Testeur de densité de fumée pour matériaux de construction,Matériaux de construction fumée Densité testeur,Testeur de densité de fumée pour matériaux de construction | Appareil de mesure de la densité de fumée des matériaux de construction,74.46808510638299,False
795,"Doub refrijerasyon modil, doub compressor","Module frigorifique double, compresseur double","Module de réfrigération double, compresseur double","Module de réfrigération double, double compresseur | Double module frigorifique, double compresseur",86.36363636363636,True
796,Ki sa ki òdinatè?,Qu'est-ce qu'un ordinateur ?,Qu'est-ce que l'ordinateur?,Qu’est-ce qu’un ordinateur ? | C’est quoi un ordinateur ?,83.01886792452831,True
797,"Hot Tags: idwolik yo opere collecteur, Lachin, manifaktirè yo, ke founisè, faktori, an gwo, personnalisè, achte, en","Mots-clés : collecteur hydraulique, Chine, fabricants, fournisseurs, usine, vente en gros, sur mesure, achat, en vrac","Hot Tags: collecteur hydraulique, Chine, fabricants, fournisseurs, usine, vente en gros, meilleur, acheter, en vrac","Mots-clés : collecteur hydraulique, Chine, fabricants, fournisseurs, usine, vente en gros, sur mesure, achat, en vrac | Tags : collecteur hydraulique, Chine, fabricants, fournisseurs, usine, gros, personnalisé, achat, en vrac",88.69565217391305,True
798,"1, jwèt Edikasyon: an bwa blòk, an bwa devinèt, timoun yo jwèt jwèt, chvale, pèl jwèt, abak, bisiklèt balans, jwèt ti bebe, jwèt machin, machin an bwa, jwèt tren, jwèt avyon, fize an bwa, jwèt mizik.","1. Jouets éducatifs : blocs de bois, puzzles en bois, jouets pour enfants, chevalet, jouets de perles, boulier, vélo d'équilibre, jouets pour bébés, voitures miniatures, voitures en bois, trains miniatures, avions miniatures, fusées en bois, jouets musicaux.","1, Jeux éducatifs: blocs de bois, puzzle en bois, jeux pour enfants, jeux de chauve-souris, jeux de perles, abactes, balançoire vélo, jeux pour bébé, machines de jeux, machine en bois, jeux de train, jeux d'avion, la fusée en bois, jeux de musique.","Jouets éducatifs : blocs en bois, puzzles en bois, jouets pour enfants, chevalet, perles à enfiler, boulier, vélo d’équilibre, jouets pour bébé, petites voitures, voitures en bois, trains miniatures, avions miniatures, fusées en bois, instruments de musique pour enfants | Jouets pédagogiques : cubes en bois, puzzles en bois, jeux pour enfants, chevalet, jeux de perles, abaque, draisienne, jouets pour bébés, voitures miniatures, voitures en bois, trains miniatures, avions miniatures, fusées en bois, jouets musicaux",65.85858585858585,False
799,5. Nan endiksyon estrus ak estrus senkronizasyon .,5. Dans l'induction et la synchronisation de l'œstrus.,5. Dans l'induction oestrus et la synchronisation oestrus.,Dans l’induction et la synchronisation des chaleurs | Pour l’induction et la synchronisation des chaleurs,80.0,True
800,"Se konsa, fè yon bagay?.","Alors, faites quelque chose ?","Donc, faites quelque chose?.","Alors, faites quelque chose ? | Eh bien, faites quelque chose ?",90.56603773584906,True
801,"Hot Tags: oem Azòt dèlko, Lachin, manifaktirè yo, ke founisè, faktori, Ekspòtè yo, machann, achte","Mots-clés : générateur d'azote OEM, Chine, fabricants, fournisseurs, usine, exportateurs, vendeur, acheter","Hot Tags: générateur d'azote oem, Chine, fabricants, fournisseurs, usine, exportateurs, vendeur, acheter","Mots-clés : générateur d’azote OEM, Chine, fabricants, fournisseurs, usine, exportateurs, vendeurs, achat | Tags populaires : générateur d’azote OEM, Chine, fabricants, fournisseurs, usine, exportateurs, vendeurs, achat",93.0,True
802,"Objektif la nan enpòtans nan kilti Ameriken an se komen. Cool se omniprèsente. Kòm Mack Stiles di, Pifò kretyen nan mond lan dwe gen krentif pou pwen an leve soti vivan; Ameriken gen krentif pou sousi a leve soti vivan. Sa vle di nou pa fre. pa enpòtan.",L'aspiration à être pertinent est courante dans la culture américaine. Le cool est omniprésent. Comme le dit Mack Stiles : « La plupart des chrétiens du monde doivent craindre le haussement de sourcil ; les Américains craignent le haussement de sourcil. Cela signifie que nous ne sommes pas cool. Que nous ne sommes pas pertinents. »,"L'objectif de l'importance de la culture américaine est courant. Cool est omnipressente. Comme Mack Stiles dit, La plupart des chrétiens du monde doivent avoir des crains pour le point de vie; Les Américains ont peur de la soucis. Cela signifie que nous ne sommes pas frais. pas important.","L’aspiration à être dans le coup est très répandue dans la culture américaine. Le cool est partout. Comme le dit Mack Stiles : « La plupart des chrétiens dans le monde doivent craindre le haussement de sourcil ; les Américains, eux, craignent le haussement de sourcil. Cela veut dire que nous ne sommes pas dans le coup. Pas pertinents. » | Dans la culture américaine, le souci d’être pertinent est très courant. Le cool est omniprésent. Comme le dit Mack Stiles : « La plupart des chrétiens du monde doivent redouter le haussement de sourcil ; les Américains, eux, le redoutent aussi. Autrement dit, nous ne sommes pas cool. Nous ne sommes pas pertinents. »",68.85813148788927,False
803,7. Connect mobil ak kamera pou pran foto.,7. Connectez votre téléphone portable à l'appareil photo pour prendre des photos.,7. Connect Mobile et caméra pour capturer des photos.,Connectez votre mobile à l’appareil photo pour prendre des photos | Branchez votre téléphone à l’appareil photo pour prendre des photos,62.264150943396224,False
804,Longè li se apeprè karant (40) kilomèt.,Sa longueur est d'environ quarante (40) kilomètres.,Sa longueur est d'environ quarante kilomètres.,Sa longueur est d’environ 40 kilomètres | Il mesure environ 40 kilomètres,84.70588235294117,True
805,3. Nou pral voye bòdwo a Proforma ak sele.,3. Nous vous enverrons la facture pro forma avec cachet.,3. Nous enverrons le projet de loi et d'étanchéité Proforma.,Nous vous adresserons la facture pro forma tamponnée | Nous vous ferons parvenir la facture pro forma avec le cachet officiel,52.94117647058824,False
806,"4.7 zetwal - ki baze sou 2,177 revize www.ferryto.com","4,7 étoiles - basé sur 2 177 avis www.ferryto.com","4.7 étoiles - basé sur 2,177 commentaires www.ferryto.com","4,7 étoiles sur 5, basé sur 2 177 avis | Note de 4,7/5 basée sur 2 177 avis",62.5,False
807,"Panyòl konpayon pwolongasyon, Panyòl Ajans eskòt, eskòt liksye Italyen an nan Madrid, Eskòt Panyòl ak apatman nan Barcelona, Eskòt Italyen an nan Madrid, Young liksye eskòt","Escortes espagnoles haut de gamme, agences d'escortes espagnoles, escortes italiennes de luxe à Madrid, escortes espagnoles avec appartements à Barcelone, escortes italiennes à Madrid, jeunes escortes de luxe","escorte espagnole de haut standing, Agence d'escortes espagnole, escorte de luxe italienne à Madrid, Escorts espagnol avec appartement à Barcelone, Escorte italien à Madrid, Jeune luxe d'escorte","escortes espagnoles de luxe, agences d’escortes espagnoles | escortes italiennes haut de gamme à Madrid, jeunes escortes de luxe",73.94957983193278,False
808,"1 Desanm 2017 ane televizyon ""Konstantinòp"" ak 7tv retire kò yo nan ""Yon"" pake a.","Le 1er décembre 2017, les chaînes de télévision « Constantinople » et 7tv se sont retirées du bouquet « One ».",1 Décembre 2017 année TV « Constantinople » et 7tv enlever les corps du paquet « One ».,"Le 1er décembre 2017, les chaînes de télévision « Constantinople » et 7tv ont quitté le bouquet « One ». | Le 1er décembre 2017, les chaînes « Constantinople » et 7tv se sont retirées du bouquet « One ».",74.71264367816092,False
809,"Predispozisyon, ki yon priori ofri INEZ:","Prédisposition, qui offre a priori INEZ :","Prédisposition, qui offre à priori INEZ:","Prédisposition, qui présente d’emblée INEZ | Prédisposition, qui offre par avance INEZ",80.0,True
810,"Fanmi ComPro nou an kounye a gen ladan plis pase 2500 MSCS gradye nan peyi 85, plis pase 800 kounye a enskri elèv yo nan lakou lekòl la ak fè estaj alantou peyi Etazini an","Notre famille ComPro compte désormais plus de 2500 diplômés MSCS dans 85 pays, plus de 800 étudiants actuellement inscrits sur le campus et effectuant des stages à travers les États-Unis.","Notre famille ComPro comprend actuellement plus de diplômés 2500 MSCS dans les pays 85, plus de 800 actuellement inscrits aux étudiants sur le campus et effectuent des stages autour des États-Unis","Notre communauté ComPro compte désormais plus de 2 500 diplômés MSCS dans 85 pays, ainsi que plus de 800 étudiants actuellement inscrits sur le campus et en stage aux États-Unis | La famille ComPro rassemble aujourd’hui plus de 2 500 diplômés MSCS répartis dans 85 pays, et plus de 800 étudiants sont actuellement inscrits sur le campus et en stage à travers les États-Unis",69.70509383378017,False
811,"Hot Tags: sòti tib Lachin, fabricants, faktori, en, bon mache","Mots-clés : tuyau d'échappement Chine, fabricants, usine, vente en gros, pas cher","Hot Tags: Tube de Chine, fabricants, usine, gros, bon marché","tuyau d’échappement chinois, fabricants, usine, gros, pas cher | échappement Chine, fabricants, usine, vente en gros, économique",68.33333333333333,False
812,Telegram Louvri Rezo,Réseau ouvert Telegram,Telegram Open Networks,Réseau Telegram ouvert | Réseau ouvert sur Telegram,63.63636363636363,False
813,Mondyal Federasyon nan Emofili,Fédération mondiale de l'hémophilie,Fédération mondiale de l'hémophilie,Fédération mondiale de l’hémophilie | Fédération internationale de l’hémophilie,97.14285714285714,True
814,"Hot Tags: papye tèmik re-l' 57 tan 30 milimèt ti pen pou kès machin, Lachin, manifaktirè yo, ke founisè, personnalisè, ba pri, goute gratis","Mots-clés : Rouleau de papier thermique 57 mm x 30 mm pour caisse enregistreuse, Chine, fabricants, fournisseurs, sur mesure, prix bas, échantillon gratuit","Hot Tags: rouleau de papier thermique ré-impression de 57 jours 30mm pour la machine de caisse enregistreuse, Chine, fabricants, fournisseurs, coque, bas prix, échantillon gratuit","Mots-clés : rouleau de papier thermique 57 mm x 30 mm pour caisse enregistreuse, Chine, fabricants, fournisseurs, sur mesure, prix bas, échantillon gratuit | Papier thermique 57 mm x 30 mm pour caisse enregistreuse, fabricants chinois, fournisseurs, personnalisation, prix bas, échantillon gratuit",78.44311377245509,False
815,"4. bon rezistans pou efòmasyon ak duretè anwo nan syèl la pano kò, pesè: 175 milimèt.","4. Bonne résistance à la déformation et dureté élevée du panneau de carrosserie, épaisseur : 175 mm.","4. bonne résistance à la déformation et durcissant corps de panneau élevé, épaisseur : 175mm.","Bonne résistance à la déformation et dureté élevée du panneau de carrosserie, épaisseur : 175 mm | Excellente résistance à la déformation et grande dureté du panneau de carrosserie, épaisseur : 175 mm",76.34408602150538,False
816,"Nan yon anviwònman fèmen, sèten konsantrasyon nan rezistans korozyon, rezistans dife, DYEING likid apre vakyòm, presyon ki wo, frekans, presyon frekans nan bwa a nan enteryè a nan selil la, enben, efè a nan anti-korozyon, kanni, mit k'ap manje rad, anti tèrmit ak rezistan flanm dife, DYEING elatriye","Dans un environnement clos, une certaine concentration de résistance à la corrosion, à l'incendie et de teinture liquide après vide, haute pression, fréquence et pression de fréquence du bois à l'intérieur de la cellule, ainsi, l'effet anticorrosion, antimildiou, antimites, anti-termites et ignifuge, teinture, etc.","Dans un environnement proche, certaines concentrations de résistance à la corrosion, la résistance au feu, le liquide de teinture après le vide, la haute pression, la fréquence, la pression de la fréquence du bois à l'intérieur de la cellule, ainsi que l'effet d'anti-corrosion, la moisissure, la mythie des vêtements, anti-moderme et ignifuge, la teinture, etc.","Dans un environnement clos, sous certaines concentrations, traitement du bois par imprégnation sous vide et sous pression pour une meilleure résistance à la corrosion, au feu, aux moisissures, aux mites et aux termites, avec teinture éventuelle, etc. | En milieu fermé, application d’un traitement du bois par vide, haute pression et fréquence afin d’obtenir des effets anticorrosion, antifongiques, antimites, antitermites et ignifuges, avec teinture, etc.",56.82137834036568,False
817,Vle a pi bon piblisite detonasyon pou ou gratis?,Vous voulez la meilleure publicité Sonic gratuite ?,Vous voulez la meilleure démonation publicitaire gratuitement?,Vous voulez la meilleure pub Sonic gratuite ? | Vous voulez la meilleure publicité Sonic gratuite ?,77.87610619469027,False
818,"Koulye a, entèpretasyon strik la nan 'timoun' vle di ke adolesan eksplore kiryozite seksyèl yo, avèk èd nan nouvo teknoloji, ka chaje avèk yon zak seksyèl grav.","Désormais, l'interprétation stricte du terme « enfant » signifie que des adolescents explorant leur curiosité sexuelle, grâce aux nouvelles technologies, peuvent être accusés d'un acte sexuel grave.","Maintenant, l'interprétation stricte des «enfants» signifie que les adolescents exploitent leur curiosité sexuelle, avec l'aide de nouvelles technologies, peuvent être chargés d'un acte sexuel grave.","Désormais, une interprétation stricte du terme « enfant » peut conduire à accuser lourdement des adolescents qui explorent leur sexualité avec les nouvelles technologies. | À présent, une lecture stricte du mot « enfant » signifie que des adolescents découvrant leur curiosité sexuelle via les nouvelles technologies peuvent être poursuivis pour une infraction sexuelle grave.",74.87179487179488,False
819,"Tou depan de rejim alimantè a, sa a rejim alimantè complètèe pa egzèsis Fitness divès kalite.","Selon le régime alimentaire, ce régime est complété par divers exercices de remise en forme.","Selon le régime alimentaire, ce régime est completé par divers exercices de fitness.","Selon le régime alimentaire, ce programme est complété par divers exercices de fitness | En fonction du régime alimentaire, ce régime s’accompagne de différents exercices de remise en forme",92.85714285714286,True
820,"Depi 1928, Lothar Collatz te enterese ak iterasyon nonb antye yo, li te konn reprezante yo avèk ak graf ak ipègraf.","Depuis 1928, Lothar Collatz s'intéressait aux itérations des entiers, qu'il représentait par des graphes et des hypergraphes.","Depuis 1928, le Lothar Collatz s'intéresse à l'humanité des nombres entier, il est souvent représenté avec le graphique et l'hypographe.","Depuis 1928, Lothar Collatz s’intéressait aux itérations des nombres entiers, qu’il représentait à l’aide de graphes et d’hypergraphes. | Dès 1928, Lothar Collatz s’intéressait aux itérations des entiers, qu’il figurait au moyen de graphes et d’hypergraphes.",74.53874538745387,False
821,vidèo poutèt yo resevwa: 11:16,vidéo de leur réception : 11:16,durée de la vierge : 11:16,vidéo de leur accueil | vidéo de leur arrivée,50.0,False
822,Bòs otè: Oliver Hartman,Auteur : Oliver Hartman,Auteur expert: Oliver Hartman,Auteur : Oliver Hartman | Par : Oliver Hartman,88.46153846153845,True
823,Nèf Ki plwaye Profil Rezo Kabinè,Armoire réseau à profil neuf plié,Nined Profilé Réseau Cabinet,armoire réseau à profil plié neuf | armoire réseau profilée neuve pliée,57.692307692307686,False
824,"9, K: Ki sa ki se tan an livrezon pou lòd la Egzanp:",9. Q : Quel est le délai de livraison pour la commande d'échantillons ?,"9, Q: Quel est le délai de livraison pour l'ordre d'échantillon:",Quel est le délai de livraison pour la commande d’échantillons ? | Quel est le délai de livraison pour les échantillons commandés ?,84.8,True
825,Jwèt yo jwenn diferans ki genyen. Jwèt Tach diferans la. Jwèt sou entènèt tach diferans nan. Diferans Jwenn gratis,Jeux de différences. Trouvez les différences. Jeux de différences en ligne. Trouvez les différences gratuitement.,Jeux pour trouver la différence. Jeux de Spot the Difference. Jeux en ligne Spot the Difference. Différence Obtenez gratuitement,Jeux des différences | Trouvez les différences,67.53246753246754,False
826,kriz finansye Global ou GFC Anpil,Crise financière mondiale ou CFM Nombreux,Crises financières mondiales ou GFC,crise financière mondiale | crise financière globale,87.5,True
827,MeLE A1000G kourikoulòm-andwad ansanm sou tèt bwat pou televizyon,Boîtier TV Android MeLE A1000G,MeLE A1000G aperçu-Android ensemble Top boîte pour TV,Boîtier TV Android MeLE A1000G | Box TV Android MeLE A1000G,51.61290322580645,False
828,Analiz ak defragmantasyon nan rejis la,Analyse et défragmentation du registre,Analyse et défragmentation du registre,Analyse et défragmentation du registre | Analyse et réorganisation du registre,100.0,True
829,"Sa a fèy pye bwa yo se opoze a, konpoze, 6 pous 9 long, 5 feyè 9 ki varye ant 3 pous 4 nan longè. Vèt mwayen an ete ak klere jòn nan otòn.","Les feuilles de cet arbre sont opposées, composées, de 15 à 23 cm de long, avec 5 à 9 folioles mesurant de 7 à 10 cm de long. Elles sont vert moyen en été et jaune vif en automne.","Cette feuille d'arbre est opposée, composée, 6 pouces 9 long, 5 fées 9 varient entre 3 pouces 4 de long. La moyenne d'été verte et jaune vif à l'automne.","Les feuilles de cet arbre sont opposées, composées, de 15 à 23 cm de long, avec 5 à 9 folioles mesurant de 7 à 10 cm de long. Elles sont vert moyen en été et jaune vif en automne. | Feuillage opposé et composé, long de 15 à 23 cm, à 5 à 9 folioles de 7 à 10 cm, vert moyen en été et jaune vif en automne.",61.43790849673203,False
830,Jodi a nan Istwa: 11 Oktòb 1872 Rumeli ray tren ...,"Aujourd'hui dans l'histoire : 11 octobre 1872, chemin de fer de Rumeli…",Aujourd'hui dans l'histoire: 11 Octobre 1872 Rumeli chemins de fer ...,"Aujourd’hui dans l’histoire : 11 octobre 1872, chemin de fer de Rumeli… | Dans l’histoire d’aujourd’hui : 11 octobre 1872, chemin de fer de Rumeli…",87.02290076335878,True
831,Lachin CNC Punch machin manifakti ak distribitè - Pri faktori - PUHUA,Fabricants et fournisseurs chinois de poinçonneuses CNC - Prix usine - PUHUA,Chine CNC Punch Machine Fabricant et fournisseur - Prix d'usine - PUHUA,Fabricants et fournisseurs chinois de poinçonneuses CNC - prix d’usine - PUHUA | Fabricants et distributeurs chinois de poinçonneuses CNC - prix usine - PUHUA,58.33333333333333,False
832,Ki sa ki nan benefis ki genyen nan Fahold linè Chofè Limyè?,Quels sont les avantages de la lampe pilote Fahold Lunar Driver Light ?,Quels sont les avantages des pilotes légers Fahold?,Quels sont les avantages du voyant pilote Fahold Lunar Driver Light ? | Quels sont les atouts de la lampe témoin Fahold Lunar Driver Light ?,80.8080808080808,True
833,Et denominatè a devient 2.4.,"Et le dénominateur devient 2,4.",Et le dénominateur devient 2.4.,"Et le dénominateur devient 2,4 | Et le dénominateur passe à 2,4",95.08196721311475,True
834,New York match Knicks,Match des New York Knicks,New York Knicks,match des Knicks de New York | match des New York Knicks,100.0,True
835,AnabellaSanti de chat,AnabellaSanti de chat,Paris-Belle's chat,AnabellaSanti de chat | AnabellaSanti de chat,55.55555555555556,False
836,On:GSM Telefòn Selilè brouyeur Pwochen:Brouyeur Telefòn Selilè,Sur : Brouilleur de téléphone portable GSM Suivant : Brouilleur de téléphone portable,Une paire de:Bloqueur de téléphone cellulaire Un article:Bloqueurs de téléphone cellulaire,Sur : Brouilleur de téléphone portable GSM | Suivant : Brouilleur de téléphone portable,61.53846153846154,False
837,Pwopriyete yo nan PFA rvetman,Les propriétés des revêtements PFA,Les propriétés du revêtement PFA,Les propriétés des revêtements en PFA | Les caractéristiques des revêtements PFA,88.88888888888889,True
838,On: Univèsal tras-Acides (eleman Aminès sitwon mak Chelated),Sur : Acides traces universels (acides aminés chélatés),Une paire de: Super Trace-aminés (éléments de chélatés acides aminés),Sur : oligo-éléments universels (acides aminés chélatés) | Sur : traces universelles (acides aminés chélatés),55.65217391304348,False
839,Hd 720p Aksyon Jwèt espò yo Kamera,Caméra de jeu de sport d'action HD 720p,Hd 720p action Jeux de sport Caméra,Caméra sport/action HD 720p | Caméra de sport et d’action HD 720p,57.14285714285714,False
840,nouvo Funkin defans,nouvelle défense Funkin,Nouvelle défense Funkin,nouvelle défense Funkin | nouveau système de défense Funkin,100.0,True
841,"Apèsi sou kondisyon achitekti, wòl nan eleman RADOS debaz, ak Ceph Gateway (RADOSGW).","Aperçu des exigences architecturales, des rôles des composants RADOS principaux et de la passerelle Ceph (RADOSGW).","Vue d'ensemble des exigences architecturales, le rôle des composants de base RADOS et Ceph Gateway (RADOSGW).","Aperçu des contraintes architecturales, du rôle des principaux composants RADOS et de la passerelle Ceph (RADOSGW) | Vue d’ensemble des exigences d’architecture, des fonctions des éléments RADOS essentiels et de la passerelle Ceph (RADOSGW)",66.05504587155964,False
842,"Turkey Georgia konstriksyon an nan konstriksyon nan tren; founi koneksyon tren san enteripsyon ant Latiki ak Georgia, Azerbaydjan ak Repiblik Tik yo nan Azi Santral. [Plis ...]","Construction de la ligne ferroviaire Turquie-Géorgie ; assurant des liaisons ferroviaires ininterrompues entre la Turquie et la Géorgie, l’Azerbaïdjan et les républiques turcophones d’Asie centrale. [Suite...]","La Turquie Georgia construction de la construction du train; fournir des liaisons ferroviaires sans interruption entre la Turquie et la Géorgie, l'Azerbaïdjan et la République turque en Asie centrale. [Plus ...]","Construction de la ligne ferroviaire Turquie-Géorgie, assurant une liaison ferroviaire continue entre la Turquie, la Géorgie, l’Azerbaïdjan et les républiques turcophones d’Asie centrale | Projet de chemin de fer Turquie-Géorgie garantissant des connexions ferroviaires ininterrompues avec l’Azerbaïdjan et l’Asie centrale turcophone",69.0,False
843,"lagè Ris la-Tik. Estrikti sa a manyifik gen 12 dom,","la guerre russo-turque. Cette magnifique structure possède 12 dômes,","la guerre russe-Tik. Cette magnifique structure a 12 dom,",la guerre russo-turque | la guerre entre la Russie et la Turquie,57.425742574257434,False
844,Lachin Mining Konpayi fabrikasyon machin Founisè,Fabricants et fournisseurs de machines minières en Chine,China Mining Machinery Fournisseurs,Fabricants et fournisseurs chinois de machines minières | Entreprises chinoises de fabrication et de fourniture de machines pour l’exploitation minière,59.01639344262295,False
845,ak koulè yo lwil oliv jòn kreye yon santi yo pite ak senplisite. Spring rejim alimantè,et la couleur jaune de l'huile d'olive crée une impression de pureté et de simplicité. Régime printanier,et les couleurs de l'huile jaune créent un sentiment de pureté et de simplicité. régime alimentaire de printemps,et la teinte jaune de l’huile d’olive évoque pureté et simplicité. Régime de printemps | la couleur jaune de l’huile d’olive donne une impression de pureté et de simplicité. Régime printanier,69.76744186046511,False
846,Lower Manhattan vizite kat jeyografik,Carte touristique du Lower Manhattan,Carte de visite inférieur Manhattan,Plan touristique de Lower Manhattan | Carte de visite touristique de Lower Manhattan,61.81818181818181,False
847,"Hot Tags: Titan fouyeur machin, Lachin, manifaktirè, Swèd, faktori, konpayi, wholesale, pwodwi","Mots-clés : Pelle mécanique Titan, Chine, fabricants, fournisseurs, usine, entreprise, vente en gros, produits","Hot Tags: Machine de four de titane, Chine, fabricants, fournisseurs, usine, entreprise, vente en gros, produits","Mots-clés : pelle Titan, Chine, fabricants, fournisseurs, usine, entreprise, vente en gros, produits | Mots-clés : excavatrice Titan, Chine, fabricants, fournisseurs, usine, société, gros, produits",84.90566037735849,True
848,Nwèl Fòm Dans,Forme de danse de Noël,Danse de forme de Noël,danse de Noël | danse festive de Noël,74.4186046511628,False
849,"Sèten kontni, pwodwi ak sèvis ki disponib nan sèvis nou yo ka gen ladan materyèl nan twazyèm pati.","Certains contenus, produits et services disponibles via nos services peuvent inclure des éléments provenant de tiers.","Le contenu ciblé, les produits et les services disponibles à nos services peuvent inclure le matériel de tiers.","Certains contenus, produits et services proposés par nos services peuvent inclure des éléments de tiers. | Certains contenus, produits et services accessibles via nos services peuvent contenir des éléments provenant de tiers.",74.4186046511628,False
850,"3, pasaj ak zo nan rèldo konekte ak zepeng, couple plimen oubyen pinless, pou yo rive a asn louvri fèmen","3. Le passage et la colonne vertébrale sont reliés par des goupilles, des raccords à vis ou sans goupille, pour assurer la fonction d'ouverture-fermeture.","3, arbre et disque connecté avec broche, vis de couple ou pinless, pour atteindre la fermeture ouverte","3. Le passage et la colonne vertébrale sont reliés par des goupilles, des raccords à vis ou sans goupille, pour assurer l’ouverture et la fermeture | 3. Le passage et la colonne vertébrale sont assemblés par des goupilles, des raccords vissés ou sans goupille, afin de permettre l’ouverture-fermeture",51.96078431372548,False
851,"Entegral Fork Positioners ak gwo entreprise Lespri Bondye a, VIMAR toujou ladan l li dedike pou tèt ou anwo nan syèl la bon kalite entegral fouchèt positioners TCM, Hangcha, Eli, TUE, ak Unicarrier. Founisè nou, ki sitiye nan la chin, tou kapab pou l ofri ou ranmase entegral positioners kouwòn, Hyster, Hyundai, BT,...","Positionneurs de fourches intégrés. Fort de son esprit d'entreprise, VIMAR s'engage à vous fournir des positionneurs de fourches intégrés de haute qualité pour les marques TCM, Hangcha, Eli, TUE et Unicarrier. Notre fournisseur, basé en Chine, propose également des positionneurs intégrés pour les marques Crown, Hyster, Hyundai, BT, etc.","Intégrante positionneurs de fourche avec fort esprit d’entreprise, VIMAR est toujours dédié à fournir vous positionneurs de fourche intégrale de haute qualité TCM Hangcha, Heli, tue et Unicarrier. Nos fournisseurs, situés en Chine, est également en mesure d’offrir vous collectionneurs de Couronne intégrale, Hyster, Hyundai, BT,...","Positionneurs de fourches intégrés de haute qualité pour chariots élévateurs | Positionneurs de fourches intégrés fiables pour TCM, Hangcha, Hyster et autres marques",60.60606060606061,False
852,"Apre sa, seri a nan Feeds se gwo, sa ki pèmèt machin nan fè gwo koupe ak yon gwo kantite lajan pou koupe. CNC machin zouti yo k ap antre nan epòk la nan gwo vitès D, CNC machin zouti k ap deplase pati nan mouvman an rapid ak pwezante ak segondè-vitès D, anpil amelyore pwodiktivite a. Anplis de sa, ak sant lan pwosesis nan magazin an ak itilize a nan yon machin kapab reyalize nan yon pwosesis milti-chanèl kontinyèl yo, pou redui pwodwi yo semi-fini ant tan an ap travay ak amelyore pwodiktivite.","La large plage d'avance permet à la machine de réaliser des passes importantes et en grande quantité. Les machines-outils à commande numérique entrent dans l'ère de l'usinage à grande vitesse : le déplacement et le positionnement rapides des pièces mobiles, associés à un usinage à grande vitesse, améliorent considérablement la productivité. De plus, grâce au centre d'usinage intégré au magasin et à l'utilisation d'une seule machine, un traitement continu multicanal est possible, réduisant ainsi le temps d'attente entre les produits semi-finis et augmentant la productivité.","Et la gamme de fils est grande, ce qui permet à la machine de faire de grandes coupures et une grande quantité de coupe. Les machines-outils CNC entrent à l'époque de l'usinage à grande vitesse, les machines-outils CNC se déplacent dans le mouvement rapide et de positionnement avec l'usinage à grande vitesse, améliorant considérablement la productivité. En outre, avec le centre de traitement du magazine et l'utilisation d'une machine peut être atteint dans un processus multicanal continu, pour réduire les produits semi-finis entre le temps de travail et améliorer la productivité.","La large plage d’avance permet à la machine de réaliser des passes importantes et en grande quantité. Les machines-outils à commande numérique entrent dans l’ère de l’usinage à grande vitesse, avec des déplacements rapides, un positionnement précis et une productivité nettement améliorée. De plus, grâce au centre d’usinage intégré au magasin et à l’utilisation d’une seule machine, un traitement continu multicanal est possible, ce qui réduit les temps d’attente entre les produits semi-finis et accroît la productivité. | Une grande plage d’avance permet à la machine d’effectuer des passes profondes et nombreuses. Les machines-outils CNC passent à l’usinage à grande vitesse, où les mouvements rapides et le positionnement précis des pièces améliorent fortement la productivité. Par ailleurs, l’intégration du centre d’usinage au magasin et l’emploi d’une seule machine rendent possible un traitement continu sur plusieurs canaux, réduisant les délais entre les semi-produits et augmentant le rendement.",63.53790613718411,False
853,"7:48 Men, Bondye ki anwo nan syèl la pa rete nan kay ki te bati ak men, menm jan li te di nan bouch pwofèt la:","7:48 Mais le Très-Haut n'habite pas dans des maisons faites de main d'homme, comme il l'a dit par le prophète :","7:48 Mais le grand Dieu ne reste pas dans la maison construite par la main, comme il a dit dans la bouche du prophète:",Mais le Très-Haut n’habite pas dans des temples faits de main d’homme | Le Dieu Très-Haut ne demeure pas dans des édifices construits par des mains humaines,52.863436123348016,False
854,"Telecard ""nan nenpòt sitiyasyon sou bò gòch ou. Aksyon an ""Gade pou zero"" prèv!",Telecard « dans n'importe quelle situation à votre gauche. L'action « Cherchez zéro » est une preuve ! »,"Telecard ""dans n'importe quelle situation sur votre gauche. L'action ""Voir à Zero"" preuve!",Télécard « dans toutes les situations à votre gauche. L’action « Cherchez zéro » en est la preuve ! » | Télécard « quelle que soit la situation sur votre gauche. L’action « Cherchez zéro » le prouve ! »,69.18238993710692,False
855,DVD sa a di Holger Nilsson sou sa a ak plis ankò nan sis pwogram demi-èdtan (apeprè 27-28 minit chak). Pwogram sa yo ka gen ladan zouti yo pou lidè jèn nan legliz yo ak parèt nan koleksyon pou jèn yo.,Ce DVD présente Holger Nilsson à ce sujet et bien plus encore dans six programmes d'une demi-heure (environ 27 à 28 minutes chacun). Ces programmes peuvent inclure des outils pour les responsables de groupes de jeunes dans les églises et être inclus dans les collectes pour les jeunes.,Ce DVD dit Holger Nilsson sur ce et plus dans les six programmes de demi-heure (environ 27-28 minutes par minute). Ces programmes peuvent inclure les outils pour les leaders de la jeunesse dans les églises et apparaissent dans la collection pour les jeunes.,Ce DVD présente Holger Nilsson sur ce sujet et bien plus encore dans six émissions d’une demi-heure (environ 27 à 28 minutes chacune). Ces émissions peuvent inclure des outils pour les responsables de groupes de jeunes dans les églises et figurer dans des compilations pour la jeunesse. | Ce DVD met en avant Holger Nilsson sur ce thème et bien davantage à travers six programmes d’une demi-heure (environ 27 à 28 minutes chacun). Ces programmes peuvent servir d’outils aux responsables de jeunes dans les églises et être intégrés à des recueils destinés aux jeunes.,71.59533073929961,False
856,Lars Erik - Anba la a ba,Lars Erik - Ci-dessous se trouve le bar,Lars Erik - ci-dessous la barre,Lars Erik - Le bar est en bas | Lars Erik - Le bar se trouve en dessous,70.58823529411764,False
857,Se konsa nou gen pou evalye Parameswaran oke.,"Nous devons donc évaluer Parameswaran, d'accord ?",Donc nous devons évaluer le Parameswaran d'accord.,"Nous allons donc évaluer Parameswaran, d’accord ? | Il faut donc évaluer Parameswaran, d’accord ?",76.28865979381443,False
858,"Yon konpayon, ansanm ki gen matirite disponib nan Barcelona ak vwayaj, trè rekòmande pou dine ak aswè ak ekla eskòt, trè rekòmande dam nan tout fason, ofri Greek fè sèks nan dèyè ak bo avèk pasyon, ki disponib nan adisyon a Barcelona, Sant Cugat del Valles, Castelldefels, Cerdanyola del Valles, Coslada, Viladecans, granole, Salou, Tarragone, Mollet del Valles, Sabadèl, Villanova mwen la Gertru, Tarrassa, San Boi de Llobregat, Lleida.","Un compagnon, ensemble mature disponible à Barcelone et en voyage, fortement recommandé pour dîner et soirée avec escort glamour, dame hautement recommandée dans tous les sens, offrant du sexe anal grec et des baisers passionnés, disponible en plus de Barcelone, Sant Cugat del Valles, Castelldefels, Cerdanyola del Valles, Coslada, Viladecans, Granollers, Salou, Tarragone, Mollet del Valles, Sabadell, Villanova i la Gertru, Tarrassa, San Boi de Llobregat, Lérida.","Un compagnon, ensemble mature disponible à Barcelone et Voyage, est fortement recommandé pour le dîner et le soir avec l'escorte glamour, fortement recommandé dames de toute façon, offrant le sexe grec derrière et baisers avec passion, disponible en plus de Barcelone, Sant Cugat del Valles, Castelldefels, Cerdanyola del Valles, Coslada, Viladecans, Granole, Salou, Tarragone, Mollet del Valles, Sabadel, Ma Villanova Gertru, Tarrassa, San Boi de Llobregat, Lleida.","Compagnon mature disponible à Barcelone et en déplacement, idéal pour dîner et soirée glamour, très recommandé, prestations haut de gamme, baisers passionnés et plaisir anal grec, disponible aussi dans plusieurs villes autour de Barcelone | Escort élégant et mature à Barcelone, parfait pour une sortie dîner/soirée, très apprécié, services raffinés et sensuels, disponible également à Sant Cugat, Castelldefels, Cerdanyola, Coslada, Viladecans, Granollers, Salou, Tarragone, Mollet, Sabadell, Vilanova i la Geltrú, Terrassa, Sant Boi et Lérida",61.74142480211082,False
859,Flicker gratis pou aplikasyon pou emisyon.,Sans scintillement pour les applications de diffusion.,Flicker gratuit pour les applications de diffusion.,Sans scintillement pour les applications de streaming | Sans scintillement pour les applications de diffusion en continu,76.47058823529412,False
860,GZL Seri Woulo sèch Granulator,Granulateur à rouleaux secs série GZL,GZL série Rouleau à sec Granulateur,Granulateur à rouleaux secs série GZL | Granulateur à rouleaux de séchage série GZL,62.857142857142854,False
861,"Opere Koulye a, Operasyon bra","Opérer maintenant, chirurgie du bras","Exploitation Maintenant, opération de bras",Opération immédiate du bras | Chirurgie du bras maintenant,52.17391304347826,False
862,Avantur yo nan Lilo ak Stitch,Les aventures de Lilo et Stitch,Les Fronts de Lilo et Stitch,Les aventures de Lilo et Stitch | Les aventures de Lilo et Stitch,83.33333333333334,True
863,"Anba a ou ka wè kalite mozayik twati metal . Pou yon BECA de Des mozayik nou yo, tanpri al gade bwochi Apèsi sou lekòl la New Sunlight . Sinon, klike sou chak imaj yo wè style la nan pi pre detay. Chak mozayik do-kay asye itilize teknoloji Zincalume pou ajoute durability.","Vous trouverez ci-dessous les différents types de tuiles métalliques. Pour un aperçu de nos profils de tuiles, veuillez consulter la brochure « Présentation de New Sunlight ». Vous pouvez également cliquer sur chaque image pour observer le style plus en détail. Chaque tuile en acier bénéficie de la technologie Zincalume pour une durabilité accrue.","Ci-dessous vous pouvez voir le type de tuile de toiture en métal . Pour un aperçu de nos tuiles, s'il vous plaît voir le brossage Vue d'ensemble du nouveau soleil . Autrement, cliquez sur chaque image pour voir le style de détail le plus proche. Chaque tuile de toit en acier utilise la technologie Zincalume pour ajouter la durabilité.","Ci-dessous, vous pouvez découvrir les différents modèles de tuiles métalliques. Pour un aperçu de nos profils de tuiles, veuillez consulter la brochure « Présentation de New Sunlight ». Vous pouvez aussi cliquer sur chaque image pour voir le style plus en détail. Chaque tuile de toiture en acier intègre la technologie Zincalume pour une durabilité renforcée. | Vous trouverez ci-dessous nos différents types de tuiles métalliques. Pour en savoir plus sur nos profils de tuiles, veuillez consulter la brochure « Présentation de New Sunlight ». Sinon, cliquez sur chaque image pour examiner le style de plus près. Chaque tuile de toiture en acier utilise la technologie Zincalume afin d’offrir une meilleure durabilité.",69.04761904761905,False
864,Dèlko WeTeK.Play mete ajou kle 16.03.2016,Générateur de clés WeTeK.Play mis à jour le 16/03/2016,WeTeK.Play mis à jour la clé 16.03.2016,Générateur de clés WeTeK.Play mis à jour le 16/03/2016 | Générateur de clés WeTeK.Play actualisé le 16/03/2016,82.05128205128204,True
865,"Salvia miltiorrhiza ekstrè, toujou itilize yo retire stasis san ak soulaje doulè, anvan tout koreksyon soti nan Shandong, Lachin. Tanshinone IIA ak danshinolik asid yo se prensipal engredyan yo aktif nan salvya miltiorrhiza ekstrè. FZBIOTECH, kòm yon manifakti nan ekstrè plant, ki te konsakre bay pi bon bon jan kalite natirèl catuaba ekstrè poud nan tout mond lan ak pi bon pri. Pou koperasyon long tèm, echantiyon gratis ki disponib. Chat Now","L'extrait de Salvia miltiorrhiza, traditionnellement utilisé pour résorber la stase sanguine et soulager la douleur, provient de la province du Shandong, en Chine. La tanshinone IIA et l'acide danshinolique sont les principaux ingrédients actifs de cet extrait. FZBIOTECH, fabricant d'extraits végétaux, s'engage à fournir au monde entier une poudre d'extrait de catuaba naturel de la plus haute qualité au meilleur prix. Des échantillons gratuits sont disponibles pour toute collaboration à long terme. Contactez-nous dès maintenant !","Extrait de Salvia multiorrhiza, toujours utilisé pour éliminer la stase du sang et soulager la douleur, la matière première du Shandong, en Chine. L'acide Tanshinone IIA et densehinolique sont les principaux ingrédients actifs de l'extrait de salvia multiorrhiza. FZBIOTECH, en tant que fabricant d'extrait de plante, a été consacré à fournir la poudre d'extrait de catuaba naturel de meilleure qualité à travers le monde avec le meilleur prix. Pour la coopération à long terme, l'échantillon gratuit est disponible. Discuter maintenant","L’extrait de Salvia miltiorrhiza est traditionnellement utilisé pour favoriser la circulation sanguine et apaiser la douleur. Originaire du Shandong, en Chine, il contient notamment de la tanshinone IIA et de l’acide danshinolique, ses principaux actifs. FZBIOTECH, fabricant d’extraits végétaux, propose de la poudre d’extrait de catuaba naturelle de haute qualité au meilleur prix. Échantillons gratuits disponibles pour une collaboration à long terme. Contactez-nous dès maintenant ! | L’extrait de Salvia miltiorrhiza, reconnu pour aider à dissiper la stase sanguine et calmer les douleurs, provient du Shandong, en Chine. Ses composés actifs principaux sont la tanshinone IIA et l’acide danshinolique. FZBIOTECH, spécialiste des extraits de plantes, offre une poudre d’extrait de catuaba naturelle de qualité supérieure à prix compétitif. Des échantillons gratuits sont proposés pour toute coopération durable. Contactez-nous maintenant !",64.24116424116424,False
866,sanble ak biswit materyèl:Plastik revèti,Ressemble à des biscuits. Matière : plastique enrobé.,semblable aux matériaux de BISS :Plastique vêtu,"Ça ressemble à des biscuits | Aspect biscuit, matière plastique gainée",48.93617021276596,False
867,"Hot Tags: byè brew ekipman, byè brew sistèm Lachin, Hangzhou, manifaktirè yo, ke founisè, faktori, an gwo, pa chè, ba pri, acheter rabè, te fè nan peyi Lachin","Mots-clés : équipement de brassage de bière, système de brassage de bière, Chine, Hangzhou, fabricants, fournisseurs, usine, vente en gros, pas cher, prix bas, achat à prix réduit, fabriqué en Chine","Hot Tags: bière équipement, bière système Chine, Hangzhou, fabricants, fournisseurs, usine, vente en gros, pas cher, prix bas, acheter discount, fabriqué en Chine","Mots-clés : matériel de brassage de bière, système de brassage de bière, Chine, Hangzhou, fabricants, fournisseurs, usine, vente en gros, pas cher, prix bas, achat à prix réduit, fabriqué en Chine | Tags : équipement de brassage de bière, système de brassage de bière, Chine, Hangzhou, fabricants, fournisseurs, usine, gros, économique, bas prix, achat avec remise, fabriqué en Chine",80.24691358024691,True
868,"Nan sa yo lis volonte ak atitid eskòt a sa a, pou yon reyinyon ak tout detay yo pi byen, li enpòtan fè nou patisipe nan volonte l 'lè òganize yon reyinyon pa imel, fòm, oswa telefòn, Se konsa, eskòt a kapab akomode volonte ou, pou pwoblèm ki pa nan lis tanpri kontakte nou. klarifikasyon enpòtan opsyon yo ki mansyonè nan vèt vle di ke yon priori se eskòt a predispoze, men se pa vle di nenpòt obligasyon, sèvis yo ofri nan ti fi yo yo konpayon VIP, nenpòt patisipasyon entim ki rive gen yo dwe te dakò pa ou menm ak eskòt la segondè Premium kanpe.","Pour une rencontre optimale, il est important de nous informer de vos souhaits et préférences concernant l'escorte lors de la prise de rendez-vous par e-mail, formulaire ou téléphone. Ainsi, elle pourra répondre au mieux à vos attentes. Pour toute question non mentionnée, veuillez nous contacter. Précision importante : les options en vert indiquent une prédisposition de l'escorte, sans engagement. Les services proposés sont ceux d'une accompagnatrice VIP ; toute relation intime doit être consentie par vous et l'escorte.","La liste suivante indique la prédisposition et l'attitude de l'escorte, pour obtenir une réunion avec tous les meilleurs détails, il est important de nous faire participer à vos souhaits lors de l'organisation d'une réunion par e-mail, formulaire ou téléphone, de sorte l'escorte peut répondre à vos souhaits, pour des questions non indiquées s'il vous plaît contactez-nous. Précision importante les options décrites dans le vert signifie que a priori l'escorte est prédisposé, mais ne signifie pas une obligation, les services offerts par les filles sont Vip compagnon, toute implication intime qui se pose doit être accepté par vous et l'escorte haut de gamme.","Pour une rencontre réussie, merci de nous faire part de vos souhaits et préférences lors de la réservation par e-mail, formulaire ou téléphone, afin que l’escorte puisse s’y adapter au mieux. Pour toute demande non mentionnée, n’hésitez pas à nous contacter. À noter : les options en vert indiquent une préférence de l’escorte, sans engagement. Les prestations proposées sont celles d’une accompagnatrice VIP ; toute relation intime éventuelle doit être consentie par vous et l’escorte. | Afin d’organiser une rencontre dans les meilleures conditions, veuillez nous communiquer vos souhaits et préférences au moment de la prise de rendez-vous par e-mail, formulaire ou téléphone, pour que l’escorte puisse répondre au mieux à vos attentes. Pour toute précision non indiquée, merci de nous contacter. Important : les options en vert signalent une disposition de l’escorte, sans obligation. Les services proposés relèvent d’une accompagnatrice VIP ; toute intimité doit faire l’objet d’un accord mutuel entre vous et l’escorte.",59.93690851735016,False
869,"Mas 8 2020 ADHD, Atik, tretman","8 mars 2020 TDAH, Articles, Traitement","8 mars 2020 TDAH, Article, traitement","8 mars 2020 TDAH, Articles, Traitement | 8 mars 2020 TDAH, Articles, Traitement",97.2972972972973,True
870,"Karakteristik: Design ak konsèp la nan mòd, elegant ak modere","Caractéristiques : Design inspiré de la mode, élégant et sobre","Caractéristiques: Conception et conception de la mode, élégante et modérée",Design chic et épuré | Style élégant et discret,54.347826086956516,False
871,Pwochen istwa Transpondeur nouvèl 11 Janvye 2018,"Article suivant : Actualités sur les transpondeurs, 11 janvier 2018",Prochaine histoire Transpondeur nouvelles 11 Janvier 2018,"Article suivant : Actualités sur les transpondeurs, 11 janvier 2018 | Prochain article : Nouvelles sur les transpondeurs, 11 janvier 2018",71.42857142857143,False
872,"Hot Tags: 150W a limyè lari, limyè lari 150W, 150W a limyè, limyè a nan Ri 150W, manifaktirè yo, ke founisè, faktori, en","Mots-clés : lampadaire LED 150 W, éclairage public 150 W, fabricant, fournisseur, usine, vente en gros","Hot Tags: Réverbère de LED 150W, réverbère de 150W, lumière de LED 150W, réverbère de 150W LED, fabricants, fournisseurs, usine, commerce de gros","Mots-clés : lampadaire LED 150 W, éclairage public 150 W, fabricant, fournisseur, usine, vente en gros | Tags : lampadaire LED 150 W, éclairage public 150 W, fabricant, fournisseur, usine, en gros",60.75949367088608,False
873,Carton Sealing Tape Avèk Distribitè ak koulè,Ruban adhésif pour carton avec distributeur et couleur,Ruban d'étanchéité en carton avec distributeur et couleur,Ruban adhésif coloré avec dévidoir | Scotch d’emballage avec dévidoir et couleur,56.17977528089888,False
874,Fenèt aliminyòm ekran - Lachin Hebei Samsung Metal Fil may,Moustiquaire en aluminium - Chine Hebei Samsung Maille métallique,Écran de fenêtre en aluminium - Chine Hebei Samsung Métal Mesh,Moustiquaire en aluminium | Maille métallique en aluminium,52.33644859813084,False
875,se Flam tren liy lan soti nan Flam Myrdal di ke yo dwe youn nan vwayaj yo tren ki pi bèl nan mond lan epi nou ka konprann poukisa. Vwayaj la sèlman pran yon èdtan men peyizaj la se vrèman souf-pran. pa manke eksperyans sa a lè vizite,"La ligne de train de Flåm à Myrdal est réputée pour être l'un des plus beaux trajets ferroviaires au monde, et on comprend pourquoi. Le voyage ne dure qu'une heure, mais le paysage est absolument époustouflant. Ne manquez pas cette expérience lors de votre visite.","La ligne de train Flam est de Flam Myrdal dit qu'ils doivent être l'un des plus beaux voyages de train du monde et nous pouvons comprendre pourquoi. Le voyage ne prend qu'une heure, mais le paysage est vraiment pris. Ne manquez pas cette expérience lors de la visite","La ligne de train de Flåm à Myrdal est considérée comme l’un des plus beaux trajets ferroviaires au monde, et on comprend aisément pourquoi. Le voyage ne dure qu’une heure, mais les paysages sont à couper le souffle. Ne manquez pas cette expérience lors de votre visite. | Le train de Flåm à Myrdal est réputé comme l’un des plus beaux voyages en train du monde, et ce n’est pas sans raison. En seulement une heure, on traverse des panoramas absolument spectaculaires. À ne pas manquer pendant votre séjour.",75.37878787878788,False
876,Entènèt Ministè - Saint Kits,Ministère Internet - Saint-Kitts,Ministères de l'Internet - Saint Kits,Ministère de l’Internet - Saint-Kitts | Ministère de l’Internet de Saint-Kitts,91.89189189189189,True
877,Lis jounal ayisyen yo,Liste des journaux haïtiens,Liste des journaux haïtiens,Liste des journaux haïtiens | Répertoire des journaux haïtiens,100.0,True
878,"Nou jis konsantre sou SPA, Pwofesyon fè Trust.","Nous nous concentrons uniquement sur les services de spa, les professionnels inspirent confiance.","Nous nous concentrons simplement sur SPA, Profession fait confiance.","Nous nous concentrons uniquement sur les soins spa, des professionnels de confiance | Nous sommes spécialisés dans le spa, avec des experts fiables",73.52941176470588,False
879,COFDM sans elikoptè kontwòl remote avyon robo san fil kominikasyon sistèm transmisyon dyagram,"Schéma du système de transmission de communication sans fil COFDM pour hélicoptère, aéronef et robot télécommandé.",COFDM sans fil hélicoptère télécommande avion Robot système de transmission de communication schéma sans fil,"Schéma du système de transmission sans fil COFDM pour hélicoptère, drone et robot télécommandé | Schéma de transmission de communication sans fil COFDM pour hélicoptère, aéronef et robot télécommandé",70.37037037037037,False
880,Fedner - Men Bannann nan [Kanaval 2017].mp,Fedner - Voici les bananes [Karaval 2017].mp,Fedner - La banane [Kanaval 2017].mp,Voici les bananes | Les bananes sont là,49.18032786885246,False
881,"Dapre Robert Koch Institute (RKI), sepandan, yon ogmantasyon nan maladi transmisib seksyèl tankou sifilis ak gonore te obsève pou kèk tan.","Cependant, selon l’Institut Robert Koch (RKI), une augmentation des maladies sexuellement transmissibles telles que la syphilis et la gonorrhée est observée depuis un certain temps.","Selon l'Institut Robert Koch (RKI), cependant, une augmentation des maladies sexuellement transmissibles telles que le sifilisme et la gonorrhée a été observée pendant un certain temps.","Cependant, selon l’Institut Robert Koch (RKI), on constate depuis quelque temps une hausse des infections sexuellement transmissibles comme la syphilis et la gonorrhée. | Selon l’Institut Robert Koch (RKI), une augmentation des IST telles que la syphilis et la gonorrhée est observée depuis un certain temps.",77.63975155279503,False
882,"Created sou Mèkredi, 15 me, 2013 1:32 PM EVANSTON, USA (defend.ht) - Li te yon sèn istorik lè Chicago Jij, ayisyen-Ameriken Lionel Jean-Baptiste te fè sèman nan ayisyen-Ameriken Gary Gaspard kòm nouvo Sipèvizè a Township Evanston nan Lendi.","Créé le mercredi 15 mai 2013 à 13h32 EVANSTON, États-Unis (defend.ht) - C'était une scène historique lorsque le juge de Chicago, l'Américain d'origine haïtienne Lionel Jean-Baptiste, a assermenté l'Américain d'origine haïtienne Gary Gaspard comme nouveau superviseur du canton d'Evanston lundi.","Créé le Mercredi 15 mai 2013 13:32 ÉVÉNON, Etats-Unis (defend.ht) - C'était une scène historique de Chicago Juj, haïtienne-américaine Lionel Jean-Baptiste a fait serment en Haïti-américain Gary Gaspard comme le nouveau superviseur Township Evanston lundi.","Créé le mercredi 15 mai 2013 à 13h32 à Evanston, aux États-Unis (defend.ht) - C’était une scène historique lorsque le juge de Chicago, Lionel Jean-Baptiste, Américain d’origine haïtienne, a prêté serment à Gary Gaspard, lui aussi Américain d’origine haïtienne, en tant que nouveau superviseur du canton d’Evanston lundi. | Publié le mercredi 15 mai 2013 à 13h32 à Evanston, aux États-Unis (defend.ht) - Une scène historique s’est déroulée lorsque le juge de Chicago Lionel Jean-Baptiste, d’origine haïtienne, a assermenté Gary Gaspard, également d’origine haïtienne, comme nouveau superviseur du canton d’Evanston lundi.",67.90123456790124,False
883,Lachin andedan kay la aliminyòm panno Konpayi fabrikasyon ak founisè - andedan kay la aliminyòm panno faktori - BAHE,Fabricants et fournisseurs chinois de panneaux d'aluminium pour l'intérieur - Usine de panneaux d'aluminium pour l'intérieur - BAHE,Chine Fabricants et fournisseurs de panneaux en aluminium intérieur - Usine de panneaux en aluminium d'intérieur - BAHE,Fabricants et fournisseurs de panneaux d’aluminium intérieurs - Usine de panneaux d’aluminium intérieurs - BAHE | Fabricants et fournisseurs de panneaux d’aluminium pour intérieur - Usine de panneaux d’aluminium pour intérieur - BAHE,91.30434782608697,True
884,"DZ252S se 52 pous ak yon sèl cha sistèm doub roulo sèl, devicde ak monte-pozisyon roulo satisfè kondisyon pou li tansyon pou trikote yon pati nan .Ekipe ak enfrawouj sistèm alam detekte, ka efektivman evite manke alam ak zegwi frape nan. Sa a deviced ak pwogram lespri ak enfrawouj Capteur sèlman detekte zòn nan trikote pou fè pou evite alarmant nan manke. Vire tounen jwenti kontwole pa kite motè, ogmante vitès la cha retounen ak pwodiktivite kòm byen ke evite chire a nan ...","La DZ252S mesure 52 pouces et est équipée d'un chariot unique à double rouleau. Son rouleau de relevage assure une tension optimale pour le tricotage. Dotée d'un système de détection d'alarme infrarouge, elle évite efficacement les alarmes de non-tricotage et les chocs d'aiguilles. Grâce à son programme intelligent et à son capteur infrarouge, elle détecte uniquement la zone de tricotage, évitant ainsi les alarmes intempestives. Le retour du chariot, commandé par un moteur latéral, augmente la vitesse et la productivité, tout en prévenant le déchirement du fil.","DZ252S est 52 pouces avec un seul système de double rouleau de chariot, le rouleau de devicde et le rouleau d'affichage pour répondre à l'exigence de tension pour le tricotage partie .Équipé avec système d'alarme de détection infrarouge, peut effectivement éviter l'alarme manquante et l'aiguille de frappe. Ce dispositifd avec un programme intelligent et capteur infrarouge ne détecte que la zone de tricotage pour éviter l'alarmant manquante. Tournez joint contrôlé par le moteur gauche, augmenter la vitesse de retour et la productivité ainsi que d'éviter la déchirure de ...","La DZ252S mesure 52 pouces et dispose d’un chariot unique à double rouleau, avec rouleau de relevage pour une tension idéale au tricotage. Son système d’alarme infrarouge limite efficacement les alertes de non-tricotage et les chocs d’aiguilles. | La DZ252S, d’une largeur de 52 pouces, est équipée d’un chariot simple à double rouleau et d’un rouleau de relevage assurant une bonne tension. Grâce à sa détection infrarouge intelligente, elle ne surveille que la zone de tricotage et évite les fausses alarmes.",54.8936170212766,False
885,"UltraISO – yon lojisyèl pwisan nan travay ak imaj. Lojisyèl an sipòte anpil fòma imaj popilè, tankou: ISO, IMG, kaf, BIN, NRG elatriye kalite prensipal yo nan UltraISO gen ladan yo kreye, koreksyon, transfòme oswa efase nan done imaj. Lojisyèl an gen yon modil nan ISO-image estrikti optimize pou konsève pou nan espas ki gen kapasite. UltraISO pèmèt yo kreye disk bòt ak mòn dosye imaj disk vityèl.","UltraISO est un logiciel puissant de gestion d'images. Il prend en charge de nombreux formats d'image courants, tels que ISO, IMG, CIF, BIN et NRG. Ses principales fonctionnalités incluent la création, l'édition, la transformation et la suppression de données d'image. Le logiciel intègre un module de structure d'image ISO optimisé pour économiser de l'espace disque. UltraISO permet également de créer des disques de démarrage et de monter des images disque virtuelles.","UltraISO – un logiciel puissant pour travailler avec des images. Le logiciel soutient de nombreux formats d’image populaires, tels que: ISO, IMG, CIF, BIN, NRG etc. Les principaux types de UltraISO comprennent la création, la correction, la transformation ou la suppression des données d’image. Le logiciel a un module de structure de l’image ISO pour conserver l’espace disque. UltraISO permet de créer des disques de démarrage et de montage des images de disques virtuels.","UltraISO est un logiciel performant pour gérer les images disque. Il prend en charge de nombreux formats courants, comme ISO, IMG, CIF, BIN et NRG. Ses principales fonctions sont la création, l’édition, la conversion et la suppression d’images. Il intègre aussi une structure ISO optimisée pour économiser de l’espace sur le disque. UltraISO permet enfin de créer des disques de démarrage et de monter des images disque virtuelles. | UltraISO est un outil puissant de gestion d’images disque. Il prend en charge plusieurs formats populaires, notamment ISO, IMG, CIF, BIN et NRG. Ses fonctions principales comprennent la création, la modification, la conversion et la suppression de données d’image. Le logiciel dispose d’un module ISO optimisé pour réduire l’espace utilisé sur le disque. UltraISO permet également de créer des disques bootables et de monter des images disque virtuelles.",72.48618784530387,False
886,Egzèsis rondo tranzisyonèl itilize pou devlope divès aspè nan jwe nan tandem. Premyèman posesyon ...,"Les exercices de rondo de transition servent à développer différents aspects du jeu en tandem. Premièrement, la possession…",Exercice de transition rondo utilisé pour développer divers aspects du jeu de tandem. Premièrement la possession ...,"Les exercices de rondo de transition servent à développer différents aspects du jeu en tandem. D’abord, la conservation… | Les exercices de rondo de transition visent à développer plusieurs aspects du jeu en tandem. En premier lieu, la possession…",74.31192660550458,False
887,Previous istwa Televizyon Transponder Nouvèl Satelit 09 Fevriye 2018,"Article précédent : Actualités sur les transpondeurs de télévision par satellite, 9 février 2018",Histoire précédente Transpondeur Nouvelles TV par satellite 09 Février 2018,"Article précédent : Actualités sur les transpondeurs TV par satellite, 9 février 2018 | Article précédent : Nouvelles des transpondeurs de télévision par satellite, 9 février 2018",73.91304347826086,False
888,Pou manman pou Pick yon varyete Woodpulp bebe Effets eksperyans,Pour permettre aux mères de choisir parmi une variété d'expériences pour bébés Woodpulp,Pour les mères pour Pick une variété de pâte de bois lingettes expérience,Pour permettre aux mères de choisir parmi une gamme d’articles pour bébé en pulpe de bois | Offrir aux mères un choix varié de produits pour bébé en pulpe de bois,49.31506849315068,False
889,"Rezo desen anime se toujou disponib pou kliyan Freesat ak Soundtracks nan lang angle ak lang Hungarian. Koulye a, Freesat abonnès ka itilize kanal la lejand ak kote yo Czech. Si Rezo desen anime pa travay otomatikman ak son an Czech, jis mete tras la Czech nan meni reseptè a.","Cartoon Network reste disponible pour les clients Freesat avec des pistes audio en anglais et en hongrois. Désormais, les abonnés Freesat peuvent regarder cette chaîne culte avec des sous-titres tchèques. Si Cartoon Network ne fonctionne pas automatiquement avec le son tchèque, il suffit de sélectionner la piste tchèque dans le menu de votre décodeur.","Cartoon Network est toujours disponible pour les clients Freesat et Soundtracks en anglais et en langue hongroise. Maintenant Freesat abonnerie peut utiliser le canal légendaire et les côtés tchèque. Si les dessins animés réseau ne fonctionnent pas automatiquement avec le son tchèque, il suffit de définir la piste tchèque dans le menu du récepteur.","Cartoon Network reste disponible pour les abonnés Freesat avec des pistes audio en anglais et en hongrois. Désormais, les abonnés Freesat peuvent profiter de cette chaîne culte avec des sous-titres tchèques. Si Cartoon Network ne bascule pas automatiquement sur le son tchèque, il suffit de sélectionner la piste tchèque dans le menu du récepteur. | Cartoon Network est toujours accessible aux clients Freesat, avec des pistes audio en anglais et en hongrois. À présent, les abonnés Freesat peuvent regarder cette chaîne emblématique avec des sous-titres tchèques. Si le son tchèque ne s’active pas automatiquement sur Cartoon Network, il suffit de choisir la piste tchèque dans le menu du décodeur.",70.58823529411764,False
890,(1 pous longè gage),(calibre de longueur 1 pouce),(1 pouces longueur de gage),un calibre d’un pouce | un calibre de 1 pouce,48.14814814814815,False
891,"1. Pou konvèti yon HTML, trennen ak gout oswa klike sou zòn tèlèchargement nou yo Upload dosye a","1. Pour convertir un fichier HTML, glissez-déposez-le ou cliquez sur notre zone de téléchargement pour l'envoyer.","1. Pour convertir un HTML, faites un glisser-déposer ou cliquez sur des zones telles que nos garanties pour télécharger le fichier.","Pour convertir un fichier HTML, glissez-déposez-le ou cliquez sur notre zone de téléchargement pour l’envoyer. | Pour convertir un HTML, faites-le glisser-déposer ou cliquez sur la zone de téléversement pour le charger.",76.47058823529412,False
892,Pran satisfaksyon kliyan kòm objektif la - TRUST,Prioriser la satisfaction client - CONFIANCE,Prenez satisfaction du client comme l'objectif - TRUST,Prioriser la satisfaction du client | Faire de la satisfaction client une priorité,63.55140186915889,False
893,Yon Gid retablisman Jenetik pou Konsèvasyon Coral Reef,Guide de restauration génétique pour la conservation des récifs coralliens,Un guide de rétablissement Génétique pour la conservation des récifs coralliens,Guide de restauration génétique pour la préservation des récifs coralliens | Guide de rétablissement génétique pour la conservation des récifs coralliens,98.71794871794873,True
894,"Mango Stoner: Sa a trè senp yo sèvi ak, li retire grenn yo e li te koupe ansanm fwi a nan mwatye.","Dénoyauteur de mangue : Très simple d’utilisation, il retire les noyaux et coupe le fruit en deux.","Mango Stoner: C'est très simple à utiliser, il supprime les graines et a coupé le long du fruit de la moitié.","Dénoyauteur de mangue : Très simple à utiliser, il enlève le noyau et coupe le fruit en deux. | Coupe-mangue : Très facile à utiliser, il retire le noyau et tranche la mangue en deux.",61.92893401015229,False
895,Doktè yo te divize sou si ou pa fè pwosedi a nan tout. Èske gen yon transplantasyon tèt etik?,Les médecins sont partagés quant à l'opportunité de pratiquer cette intervention. Une greffe de tête est-elle éthique ?,Les médecins ont été divisés sur si vous ne faites pas la procédure de tous. Y at-il une transplantation éthique supérieure?,Les médecins sont divisés sur l’intérêt de pratiquer cette intervention. Une greffe de tête est-elle moralement acceptable ? | Les médecins ne sont pas d’accord sur la nécessité de réaliser cette intervention. Une greffe de tête est-elle éthique ?,56.038647342995176,False
896,Guangzhou faktori bouton mayetik ak Rivet,Usine de boutons magnétiques et de rivets de Guangzhou,usine de boutons magnétiques à Guangzhou et rivet,Usine de boutons magnétiques et rivets de Guangzhou | Fabrique de boutons magnétiques et rivets de Guangzhou,86.04651162790698,True
897,Modèl Lojman BBBC prezante Pandan Semèn Rekonstriksyon an,Modèle de logement BBBC présenté lors de la semaine de reconstruction,Modèles de logement BBBC présenté au cours de la Semaine de la reconstruction,Modèle de logement BBBC présenté pendant la Semaine de la reconstruction | Présentation du modèle de logement BBBC lors de la Semaine de la reconstruction,88.59060402684564,True
898,"Booth Tèb: 6.2D095, 22-24th, Disparèt, 2017 Adrès: Konferans Nasyonal la ak Egzibisyon (Shanghai)","Numéro de stand : 6.2D095, 22-24, Disappear, 2017 Adresse : Conférence et exposition nationale (Shanghai)","Booth n °: 6.2D095, 22-24th, Disparter, 2017 Adresse: Conférence nationale et exposition (Shanghai)","Numéro de stand : 6.2D095, 22-24, Disparition, 2017 Adresse : Conférence et exposition nationale (Shanghai) | Stand n° 6.2D095, 22-24, Disparu, 2017 Adresse : Conférence et exposition nationale (Shanghai)",81.91489361702128,True
899,Downloaders Manadjè a pou downloads dosye vit ak efikas. Lojisyèl an pèmèt ou download dosye soti nan sèvis sa yo dosye hosting popilè e li gen ladan testaman yo nan yo.,Gestionnaire de téléchargements pour des téléchargements de fichiers rapides et efficaces. Ce logiciel vous permet de télécharger des fichiers depuis les services d'hébergement de fichiers les plus populaires et inclut leurs extensions.,Le gestionnaire pour télécharger rapidement les fichiers et efficaces. Le logiciel permet de télécharger les fichiers de ces services d’hébergement populaires et contient les ajouts d’eux.,Gestionnaire de téléchargements pour des fichiers rapides et efficaces. Ce logiciel vous permet de télécharger des fichiers depuis les services d’hébergement les plus populaires et inclut leurs extensions. | Gestionnaire de téléchargement pour des téléchargements rapides et efficaces. Ce logiciel permet de récupérer des fichiers depuis les services d’hébergement de fichiers les plus populaires et comprend leurs extensions.,79.25531914893618,False
900,"En piroliz Plant faktori, Founisè, Konpayi fabrikasyon Lachin - NIutech","Usine d'installations de pyrolyse d'acier, fournisseurs, fabricants en Chine - NIutech","Usine de pyrolyse en caoutchouc, fournisseurs, fabricants Chine - NIutech","Usine d’installations de pyrolyse en acier, fournisseurs, fabricants en Chine - NIutech | Installations de pyrolyse en acier : usine, fournisseurs, fabricants en Chine - NIutech",84.93150684931507,True
901,5. Wall thichness: Dapre lòd,5. Épaisseur de la paroi : selon la commande,5. thichness Wall: Selon ordre,selon la commande | épaisseur selon commande,50.98039215686274,False
902,3. Puhopharma espesyalize nan kontwole bon jan kalite a ak diminye enpurte yo nan Baz Epinephrine.,3. Puhopharma est spécialisée dans le contrôle de la qualité et la réduction des impuretés dans l'épinéphrine base.,3. Puhopharma est spécialisée pour contrôler la qualité et réduire les impuretés de la base d'épinéphrine.,Puhopharma est spécialisée dans le contrôle qualité et la réduction des impuretés de la base d’épinéphrine | Puhopharma se spécialise dans la maîtrise de la qualité et la diminution des impuretés de l’épinéphrine base,84.90566037735849,True
903,Avi: JavaScript mande pou kontni sa a.,Remarque : JavaScript est requis pour ce contenu.,Avis: JavaScript nécessite ce contenu.,Remarque : JavaScript est nécessaire pour afficher ce contenu. | Veuillez activer JavaScript pour voir ce contenu.,70.4225352112676,False
904,King Kong Lajan Kach,King Kong Cash,King Kong Cash,argent liquide | cash,58.33333333333333,False
905,Ki jan yo achte Pharmaceutical Klas tranbolon Enanthate poud soti nan SZOB?,Comment acheter de la poudre d'énanthate de trenbolone de qualité pharmaceutique auprès de SZOB ?,Comment acheter la poudre de Trenbolone Enanthate de qualité pharmaceutique de SZOB?,Comment se procurer de la poudre d’énanthate de trenbolone de qualité pharmaceutique chez SZOB ? | Comment acheter de la poudre d’énanthate de trenbolone de qualité pharmaceutique auprès de SZOB ?,78.57142857142857,False
906,pasaj sipery è souteren,Passage supérieur et passage souterrain,l' aéroport souterrain,passage supérieur | passage souterrain,66.66666666666667,False
907,2. Long lavi ak gwo aplikasyon;,2. Longue durée de vie et large champ d'application ;,2. Longue durée de vie et grande application;,Longue durée de vie et grande polyvalence | Durabilité et large éventail d’utilisation,83.11688311688312,True
908,Taking avantaj de la Camping sou Komisyon Konsèy fòmil (ki soti nan avril rive oktòb 1st 31st):,Profitez de la formule Camping à bord (du 1er avril au 31 octobre) :,Taking avantage du camping sur le Conseil de formule (à partir d'avril à Octobre 1st 31st):,Profitez de la formule camping à bord (du 1er avril au 31 octobre) | Bénéficiez de l’offre camping à bord (du 1er avril au 31 octobre),48.75000000000001,False
909,Parcourir konn otè Jonthan Wilder Atik kategori:,Parcourir les catégories d'articles de l'auteur Jonthan Wilder :,Auteur Expert de parcourir De Jonthan Wilder Articles par catégorie:,Parcourir les catégories d’articles de l’auteur Jonthan Wilder | Parcourir les rubriques d’articles de l’auteur Jonthan Wilder,58.82352941176471,False
910,Tan-Jesyon-Managing oneis okazyon pèsonèl.,Gestion du temps - Gérer ses occasions personnelles.,Gestion du temps-Gestion oneis occasion personnelle.,Gestion du temps - Gérer ses affaires personnelles | Gestion du temps - S’occuper de ses affaires personnelles,73.26732673267327,False
911,"Aksyon jwèt sou entènèt gratis, jwe gratis Aksyon","Jeux d'action en ligne gratuits, jouez gratuitement à des jeux d'action","Jeux d'action en ligne gratuit, jouer gratuitement action","Jeux d’action gratuits en ligne, jouez gratuitement à des jeux d’action | Jeux d’action en ligne gratuits, jouez gratuitement à des jeux d’action",85.96491228070175,True
912,Fim ak S: Soulye nan Manito,Film avec S : Chaussures à Manitou,Film avec S: Chaussures à Manito,Film avec S : Les chaussures de Manitou | Film avec S : Les souliers de Manitou,78.68852459016394,False
913,"Nan ane 1960 yo, rejim parèt, sitou nan Chili ( diktati militè Augusto Pinochet a ) ak nan Espay (rejim frankis), ki pa te posib yo klase kòm rejim totalitè.","Dans les années 1960, des régimes ont émergé, notamment au Chili (la dictature militaire d'Augusto Pinochet) et en Espagne (le régime de Franco), qui ne pouvaient être classés comme régimes totalitaires.","Dans les années 1960, le régime est apparu, principalement au Chili (le dictature militaire Augusto Pinochet) et en Espagne (régime franciste), qui n'a pas été possible de classer en tant que régimes totalitaires.","Dans les années 1960, sont apparus des régimes, notamment au Chili (la dictature militaire d’Augusto Pinochet) et en Espagne (le franquisme), qui ne pouvaient pas être qualifiés de totalitaires. | Dans les années 1960, certains régimes ont émergé, en particulier au Chili (la dictature militaire d’Augusto Pinochet) et en Espagne (le régime franquiste), sans pouvoir être classés parmi les régimes totalitaires.",77.46478873239437,False
914,"Fòma une::LAVIL AYI, PDF, DIDANTITE, PS, CDR","Format des fichiers : CITY AI, PDF, ID, PS, CDR","Format d’oeuvre::LAVIL AI, PDF, ID, PS, CDR","Format des fichiers : ville d’Haïti, PDF, pièce d’identité, PS, CDR | Formats acceptés : ville d’Haïti, PDF, carte d’identité, PS, CDR",58.13953488372092,False
915,Semi-oto manje machin,Machine d'alimentation semi-automatique,Machine d'alimentation semi-automatique,machine d’alimentation semi-automatique | machine semi-automatique d’alimentation,97.43589743589743,True
916,Jwe majong gratis,Jouez gratuitement au Mahjong,Jouer Mahjong gratuit,Jouez au Mahjong gratuitement | Mahjong gratuit,86.48648648648648,True
917,"2. panèl Front: ankadreman asye ak 10mm Series tablo eleman,","2. Panneau avant : cadre en acier et carte de composants moulée de 10 mm,","2. panneau avant: cadre en acier avec 10 mm moulé bord composant,",Panneau avant : châssis en acier et carte de composants de 10 mm | Face avant : cadre en acier et carte de composants de 10 mm,67.22689075630252,False
918,Blan Plastik Table,Table en plastique blanc,Tableau en plastique blanc,table blanche en plastique | table en plastique blanc,96.0,True
919,Montre nan se menm jan ak MasterCard yon òganizasyon koperativ. Mèt konpayi a se posede pa yon asosyasyon biznis ki gen ladan sitou nan bank. Gen lyen solid ak Bank of America te bank la premye te kòmanse founi dokiman yo viza predesesè BankAmericard 1958. Premye kat te kapab BankAmericard itilize sèlman nan California. Li te entèdi yo ka fè bank atravè fwontyè leta yo. Sa a skirted li pa lisans kat la nan bank ak lòt. Pifò kat kredi,"Le concept est similaire à celui de MasterCard, une coopérative. L'entreprise appartient à une association d'entreprises composée principalement de banques. Elle entretient des liens étroits avec Bank of America, la première banque à avoir émis l'ancêtre de Visa, la BankAmericard, en 1958. La première carte BankAmericard était utilisable uniquement en Californie et ne permettait pas d'effectuer des virements bancaires entre États. Cette restriction a été contournée par l'octroi de licences d'exploitation à d'autres banques. La plupart des cartes de crédit","Le spectacle est similaire à MasterCard une organisation coopérative. Le propriétaire de l'entreprise est détenue par une association d'affaires, y compris la plupart des banques. Il existe des liens solides avec la Banque d'Amérique a commencé à fournir les documents de visa prédécesseur BankAmericard 1958. La première carte pourrait être utilisée uniquement en Californie. Il a été interdit d'effectuer des banques à travers les frontières de l'État. Cela a plaidé par la carte de licence de banque et d'autres. La plupart des cartes de crédit","Le concept est similaire à celui de MasterCard, une coopérative. | Le principe est comparable à celui de MasterCard, une coopérative.",62.121212121212125,False
920,"Osi lwen ke mwen konnen, yo tout elektrik. Fasilman, gen yon moulen kafe, li mete kòm yon veso lèt. Se konsa, nou gen achte sèlman Italyen Gaggia, elatriye?","À ma connaissance, elles sont toutes électriques. Pratique, il y a un moulin à café intégré, qui sert aussi de récipient à lait. Donc, on est obligé d'acheter uniquement des machines italiennes Gaggia, etc. ?","Aussi loin que je sais, ils sont tous électriques. Facilement, il y a un moulin à café, il a mis comme un récipient de lait. Donc, nous avons acheté uniquement l'Italie Gaggia, etc?","À ma connaissance, elles sont toutes électriques. Pratique, il y a un moulin à café intégré qui fait aussi office de réservoir à lait. Donc, il faut acheter uniquement des machines italiennes Gaggia, etc. ? | D’après ce que je sais, elles fonctionnent toutes à l’électricité. C’est pratique : il y a un moulin à café intégré, qui sert aussi de bac à lait. Du coup, on doit acheter seulement des machines italiennes Gaggia, et autres ?",66.29834254143645,False
921,Paj koloran otòn sezon,Coloriages d'automne,Coloriage d'automne,Coloriages d’automne | Dessins à colorier d’automne,89.47368421052632,True
922,Prevansyon Revizyon Ahora,Examen de la prévention maintenant,Prévention de l'examen Ahora,Examen préventif maintenant | Révision de la prévention maintenant,61.224489795918366,False
923,Ou lide ke okenn peyi ta dwe baze sou peche.,Vous pensez qu'aucun pays ne devrait être fondé sur le péché.,Vous pensez que tout pays doit être basé sur le péché.,Vous pensez qu’aucun pays ne devrait reposer sur le péché | Vous estimez qu’aucune nation ne devrait être fondée sur le péché,70.37037037037037,False
924,Ki sa ki peye pwoteksyon asirans (PPP)?,Qu’est-ce que l’assurance protection des paiements (PPP) ?,Qu'est-ce que la protection des assurances (PPP)?,Qu’est-ce que l’assurance protection des paiements ? | Qu’est-ce que la protection des paiements ?,78.26086956521739,False
925,Bòs otè: Ann M Stewart,Auteur : Ann M Stewart,Auteur expert: Ann M Stewart,Auteur : Ann M Stewart | Par : Ann M Stewart,88.0,True
926,Hub USB Rasin,Concentrateur racine USB,Hub USB Root,Concentrateur racine USB | Hub racine USB,58.33333333333333,False
927,"Moun ki afiche li Rob Y. on April 26, 2014 Leave a Comment",Publié par Rob Y. le 26 avril 2014. Laisser un commentaire.,"Posté par Rob Y. on April 26, 2014 Laisser un commentaire",Publié par Rob Y. le 26 avril 2014. Laisser un commentaire. | Publié par Rob Y. le 26 avril 2014. Ajouter un commentaire.,80.70175438596492,True
928,"Evanjelis Wyl Laventure fet 16 oktob 1979 an Ayiti zon Jakmel,","L’évangéliste Wyl Laventure est né le 16 octobre 1979 à Jakmel, en Haïti.","Evanjelis Wyl aventure fet 16 octob 1979 en Haïti zonage Jakmel,","L’évangéliste Wyl Laventure est né le 16 octobre 1979 à Jacmel, en Haïti. | L’évangéliste Wyl Laventure, né le 16 octobre 1979 à Jacmel en Haïti.",69.29133858267717,False
929,Mennen tan: 20-50 jou,Délai de livraison : 20 à 50 jours,Délai d’exécution : 20-50 jours,Délai de livraison : 20 à 50 jours | Livraison sous 20 à 50 jours,67.74193548387098,False
930,"Nenpòt paran konnen ke lè li leve timoun yo, gen anpil zòn ki ka difisil pou atake yo, epi chak timoun bezwen pwòp plan swen yo. Men, nou tout konnen ke dife se danjere, Se poutèt sa nou avèti timoun yo sou danje yo nan yon fason ke yo ka konprann. Nou pa pèmèt yo aprann ke dife se danjere pa kite yo jwe avèk li. Mak yo ak doulè ta dwe santi lontan apre domaj la ta ka fè si sa a te konsa. Nan menm fason an, poukisa nou ta dwe mande yo ki pèmèt timoun nou yo patisipe nan pwogram ki natirèlman mande timoun yo sispann konfyans yo nan inite fanmi yo pou bay konsèy ki nesesè nan travay wout yo nan pwoblèm nan kwasans, spirasyon ak devlopman yo epi yo dwe. sijè a ""edikasyon"" pi lwen pase sijè ki abòde lan anti-entimidasyon ak akseptasyon nan divèsite. Men, sa a se sa ki Pwogram Lekòl Safe mande nou fè.","Tout parent sait qu'élever des enfants comporte son lot de difficultés et que chaque enfant a besoin d'un accompagnement personnalisé. De même, nous savons tous que le feu est dangereux, et nous mettons donc les enfants en garde contre les dangers de manière compréhensible. Nous ne leur permettons pas d'apprendre le danger du feu en jouant avec. Les séquelles et la douleur seraient bien plus graves si tel était le cas. De la même façon, pourquoi leur demander d'autoriser nos enfants à participer à des programmes qui les obligent à renoncer à la confiance que leur famille leur accorde pour surmonter les difficultés liées à leur croissance, leur maturation et leur développement, et à se soumettre à une « éducation » qui dépasse le cadre de la lutte contre le harcèlement et de l'acceptation de la diversité ? C'est pourtant ce que nous demande le programme « Écoles sûres ».","Tous les parents savent que quand il réveille les enfants, il y a de nombreuses zones qui peuvent être difficiles à attaquer, et chaque enfant a besoin de leur propre plan de soins. Mais nous savons tous que le feu est dangereux, donc nous mettons en garde les enfants sur leur danger de manière à comprendre. Nous ne permettent pas d'apprendre que les incendies ne sont pas laissés à jouer avec elle. Les marques et les douleurs devraient se sentir longtemps après que le dommage pourrait faire si cela était si. De la même manière, pourquoi nous devrions demander à nos enfants de participer à des programmes qui demandent naturellement les enfants à cesser la confiance des unités familiales pour fournir des conseils nécessaires pour travailler leur chemin dans les problèmes de croissance, de maturation et de développement et d'être. Le sujet ""éducation"" au-delà du champ anti-entimide et de l'acceptation de la diversité. Mais c'est ce programme Safe School nous demande.","Tout parent sait qu’élever des enfants comporte son lot de difficultés et que chaque enfant a besoin d’un accompagnement adapté. De même, nous savons tous que le feu est dangereux, et nous avertissons donc les enfants des risques d’une manière qu’ils peuvent comprendre. Nous ne leur apprenons pas que le feu est dangereux en les laissant jouer avec. Les blessures et la douleur seraient bien plus graves si tel était le cas. De la même façon, pourquoi demander à nos enfants de participer à des programmes qui les amènent à se détourner de la confiance de leur famille pour recevoir les conseils nécessaires afin de traverser les difficultés liées à leur croissance, leur maturation et leur développement, et à se soumettre à une « éducation » qui dépasse le simple cadre de la lutte contre le harcèlement et de l’acceptation de la diversité ? C’est pourtant ce que nous demande le programme « Écoles sûres ». | Tout parent sait qu’élever des enfants n’est pas chose facile et que chacun a besoin d’un accompagnement particulier. Nous savons tous que le feu est dangereux, c’est pourquoi nous apprenons aux enfants à s’en méfier d’une manière qu’ils comprennent. Nous ne les laissons pas découvrir ce danger en jouant avec. Les marques et la douleur seraient bien pires si c’était le cas. Alors pourquoi demander à nos enfants de prendre part à des programmes qui les poussent à ne plus faire confiance à leur famille pour les guider dans les défis de la croissance, de la maturation et du développement, et à suivre une « éducation » qui va bien au-delà de la lutte contre le harcèlement et de l’acceptation de la diversité ? C’est pourtant ce que nous impose le programme « Écoles sûres ».",67.20516962843294,False
931,Administrasyon Èspanyòl la,L'administration espagnole,l' Administration espagnole,l’administration espagnole | les autorités espagnoles,94.33962264150944,True
932,Etap kap vini,Prochaines étapes,L'étape suivante,Étapes suivantes | Suite des étapes,90.32258064516128,True
933,Lachin nwèl papye sak manifaktirè yo ak founisè - en nan faktori - Caicheng jounal,Fabricants et fournisseurs chinois de sacs de Noël en papier - Vente en gros directement de l'usine - Caicheng Paper,Chine Noël papier sac fabricants et fournisseurs - commerce de gros de l’usine - Caicheng d’impression,Fabricants et fournisseurs chinois de sacs de Noël en papier - Vente en gros directe d’usine - Caicheng Paper | Fabricants et fournisseurs de sacs de Noël en papier en Chine - Vente directe d’usine - Caicheng Paper,63.725490196078425,False
934,Afriken segondè bon jan kalite koton dantèl twal,dentelle de coton africain de haute qualité,Tissu dentelle de coton de haute qualité africaine,dentelle africaine en coton de qualité supérieure | dentelle en coton haut de gamme d’inspiration africaine,64.58333333333333,False
935,"Eske ou vle discuss Carleton University ? Nenpòt kesyon, kòmantè oswa revize","Vous souhaitez discuter de l'Université Carleton ? Des questions, des commentaires ou des avis ?","Voulez-vous discuter de l'Université Carleton ? Des questions, commentaires ou avis","Vous voulez parler de l’Université Carleton ? Des questions, des commentaires ou des avis ? | Vous souhaitez échanger au sujet de l’Université Carleton ? Des questions, des commentaires ou des avis ?",84.33734939759037,True
936,foto: Deakin University ofisyèl Facebook,Photo : page Facebook officielle de l'université Deakin,Photos: Université Deakin Facebook officielle,Photo : page Facebook officielle de l’université Deakin | Photo : page Facebook officielle de Deakin University,72.72727272727273,False
937,pa Gourou Pibliye 08.04.2016 Mete ajou 20.07.2016,"Par Guru, publié le 08/04/2016, mis à jour le 20/07/2016",par Gourou · Publié 08.04.2016 Mise à jour 20.07.2016,"Par Guru, publié le 08/04/2016, mis à jour le 20/07/2016 | Par Guru, publié le 08/04/2016, mis à jour le 20/07/2016",77.35849056603774,False
938,"(2) pwodiksyon pou machin avanse yo se a plus. Nou gen bezwen mande abitye pou kontwole tout bon kalite. Apre sa, nou pa gen plis pase 10 zan eksperyans.",(2) Nos machines de production de pointe sont optimales. Nous devons maîtriser le contrôle qualité et bénéficions de plus de 10 ans d'expérience.,(2) les machines de production sont le plus récent. Nous avons besoin de se familiariser à contrôler la qualité. Et nous n'avons pas plus de 10 ans d'expérience.,Nos équipements de production de pointe sont performants. Nous devons maîtriser le contrôle qualité et avons plus de 10 ans d’expérience. | Nos machines de production modernes sont au top. Nous devons bien gérer le contrôle qualité et nous avons plus de 10 ans d’expérience.,76.45051194539249,False
939,"Vandredi, 14 fevriye - fèt nan sen patwon an",Vendredi 14 février - fête du saint patron,Vendredi 14 février - née dans le saint patron,fête patronale du vendredi 14 février | célébration du saint patron le vendredi 14 février,76.08695652173914,False
940,"Osi lontan ke nou ap enfòme sou bezwen jèn moun an davans, nou ka bay manje ki pi espesyalite pou kondisyon dyetetik, ki gen ladan halal, kosher, vejetaryen, vejetalyen, ak gluten-gratis manje, ak pou alèji alimantè divès kalite. Men kèk egzanp sou manje ki disponib pandan pati rezidansyèl yo. Opsyon yo ap varye:","Si nous sommes informés à l'avance des besoins des jeunes, nous pouvons proposer la plupart des repas adaptés à leurs régimes alimentaires spécifiques, notamment halal, casher, végétarien, végétalien et sans gluten, ainsi que des repas pour diverses allergies alimentaires. Voici quelques exemples de repas disponibles lors des séjours résidentiels. Les options varient.","Tant que nous informons sur les besoins des jeunes à l'avance, nous pouvons fournir la nourriture la plus spécialité pour les conditions alimentaires, y compris le halal, le cosher, le végétarien, le végétarien et les aliments sans gluten, et pour diverses allergies alimentaires. Voici quelques exemples de nourriture disponibles au cours des parties résidentielles. Les options vont varier:","Si nous sommes informés à l’avance des besoins des jeunes, nous pouvons proposer des repas adaptés à la plupart des régimes alimentaires spécifiques, notamment halal, casher, végétarien, végétalien et sans gluten, ainsi que pour diverses allergies alimentaires. Voici quelques exemples de repas disponibles lors des séjours résidentiels. Les options varient. | Si nous sommes prévenus à l’avance des besoins des jeunes, nous pouvons fournir des repas adaptés à leurs régimes alimentaires particuliers, y compris halal, casher, végétarien, végétalien et sans gluten, ainsi que pour différentes allergies alimentaires. Voici quelques exemples de repas proposés pendant les séjours résidentiels. Les options peuvent varier.",72.28915662650603,False
941,"Fon lwar an Frans se lakay yo nan kèk nan chato ki pi bèl nan mond lan ak rejyon diven enpresyonan. Epi, li tou jwe lame Abbey nan pi gwo nan tout nan Ewòp - Fonteyraud Abbey. Fonteyraud tèt li tounen nan 12yèm syèk la, ak yon fwa loje dè milye de mas anvan Napoleyon sove li soti nan destriksyon, repete li kòm yon penitansye nan 1804.","La vallée de la Loire, en France, abrite certains des plus beaux châteaux du monde et d'impressionnants vignobles. Elle abrite également la plus grande abbaye d'Europe : l'abbaye de Fonteyraud. Fondée au XIIe siècle, Fonteyraud abritait autrefois des milliers de moines avant que Napoléon ne la sauve de la destruction et la transforme en pénitencier en 1804.","Le Fonds royal en France abrite quelques-uns des plus beaux châteaux du monde avec des régions de vin impressionnantes. Et il joue également l'armée Abbey le plus grand de toute l'Europe - Fonteyraud Abbey. Fonteyraud lui-même retourné au 12ème siècle, et une fois loger des milliers de masques avant Napoléon l'a sauvé de la destruction, le répéter comme un peintre en 1804.","La vallée de la Loire, en France, abrite certains des plus beaux châteaux du monde et d’impressionnants vignobles. Elle abrite aussi la plus grande abbaye d’Europe : l’abbaye de Fontevraud. Fondée au XIIe siècle, Fontevraud accueillait autrefois des milliers de moines avant que Napoléon ne la sauve de la destruction et ne la transforme en pénitencier en 1804. | La vallée de la Loire, en France, est le berceau de certains des plus beaux châteaux du monde et de remarquables vignobles. On y trouve également la plus grande abbaye d’Europe, l’abbaye de Fontevraud. Datant du XIIe siècle, Fontevraud hébergea jadis des milliers de moines avant que Napoléon ne la préserve de la ruine et ne l’aménage en prison en 1804.",66.30434782608697,False
942,[1] Prezidan Lèopold Berlanger li admèt kèk jou pita ke dat dezyèm tou la p ap respekte. [2],[1] Le président Léopold Berlanger a admis quelques jours plus tard que la date du second tour ne serait pas respectée. [2],Le président Lorsqueopold Ber transport il admet quelques jours plus tard que la deuxième date du second tour ne sera pas respecté[19].,"Le président Léopold Berlanger a reconnu quelques jours plus tard que la date du second tour ne serait pas tenue. | Quelques jours après, le président Léopold Berlanger a admis que la date du second tour ne serait pas respectée.",78.2258064516129,False
943,Ale vasserlech - Vyolon ak gita,Ale vasserlech - Violon et guitare,Ale vasserlech - violon et guitare,Aller en duo | En duo violon-guitare,60.71428571428572,False
944,"Kote yo ye: Gaobu Endistriyèl Distri a, Dongguan, Lachin","Lieu : Zone industrielle de Gaobu, Dongguan, Chine","Lieu: Gaobu Industrial District, Dongguan, Chine","Zone industrielle de Gaobu, Dongguan, Chine | Parc industriel de Gaobu, Dongguan, Chine",69.47368421052632,False
945,Fasil yo jwenn kòm direksyon yo di - dirèkteman anfas mil kilomèt 34 sou Hwy 410 tit nan Greenwater.,"Facile à trouver, comme indiqué dans les directions : juste en face du repère kilométrique 34 sur la route 410 en direction de Greenwater.",Facile à trouver comme directions - directement en face de mille kilomètres 34 sur le titre Hwy 410 à Greenwater.,"Facile à trouver, juste en face du kilomètre 34 sur la route 410 en direction de Greenwater | Très facile à repérer, juste en face du repère 34 sur la route 410 vers Greenwater",66.66666666666667,False
946,Blog Prezidan an (188),Le blog du président (188),Blog du président (188),Le blog du président | Le blog présidentiel,81.81818181818181,True
947,"Premyeman, si'w se youn nan 250 milyon Ameriken isit ki deja genyen asirans de sante, lwa sa p'ap retire'l nan men'w.","Premièrement, si vous faites partie des 250 millions d'Américains qui possèdent déjà une assurance maladie, cette loi ne vous la retirera pas.","Tout d'abord, si vous êtes un des 250 millions d'Américains qui ont déjà une assurance maladie, cette loi ne l'enlève pas.","Premièrement, si vous faites partie des 250 millions d’Américains qui ont déjà une assurance maladie, cette loi ne vous la retirera pas. | D’abord, si vous êtes l’un des 250 millions d’Américains qui ont déjà une couverture santé, cette loi ne vous l’enlèvera pas.",81.9672131147541,True
948,Diven Fè Ekipman,Équipement de vinification,Équipement de fabrication de vin,matériel de vinification | équipement de vinification,75.86206896551724,False
949,Sou entènèt jwèt Tire SCHOOL. Jwe sou entènèt gratis,Jeu en ligne SHOOTING SCHOOL. Jouez gratuitement en ligne.,Jeu en ligne Tirez SCHOOL. Jouez en ligne gratuit,Jeu de tir SCHOOL en ligne gratuit | Jouez gratuitement au jeu SCHOOL de tir en ligne,79.51807228915662,False
950,"Zhang Jianping, direktè nan Creole Kowoperasyon Ekonomik Enstiti a nan Devlopman ak refòm komisyon Nasyonal la, te di depi Kore di sid se konpetan nan sèvis opere komès ak ki gen rapò sektè tankou lojistik, touris, anbake, swen sante, finans ak devlopman smart-vil la, biznis li yo kwè Kore di Lachin-South FTA a ka rich ak diversifièe nan sèvis ak modèl devlopman ekonomik envestisman-alimentè.","Zhang Jianping, directeur de l'Institut de coopération économique internationale de la Commission nationale du développement et de la réforme, a déclaré que, puisque la Corée du Sud maîtrise les services commerciaux et les secteurs connexes tels que la logistique, le tourisme, le transport maritime, la santé, la finance et le développement des villes intelligentes, ses hommes d'affaires estiment que l'accord de libre-échange Chine-Corée du Sud peut être riche et diversifié en matière de services et de modèles de développement économique axés sur l'investissement.","Zhang Jianping, directeur de l'Institut de coopération économique international du développement et de la réforme nationale, a déclaré depuis la Corée du Sud est compétent dans les services d'exploitation du commerce et des secteurs connexes tels que la logistique, le tourisme, l'expédition, les soins de santé, les finances et le développement intelligent, ses entreprises pensent que la Corée de la Chine-South FTA peut être riche et diversifiée des services et des modèles de développement économique des investissements-alimentaires.","Zhang Jianping, directeur de l’Institut de coopération économique internationale de la Commission nationale du développement et de la réforme, a indiqué que, la Corée du Sud étant très compétente dans les services commerciaux et les secteurs connexes comme la logistique, le tourisme, le transport maritime, la santé, la finance et le développement des villes intelligentes, les milieux d’affaires estiment que l’accord de libre-échange Chine-Corée du Sud pourrait favoriser une coopération plus riche et plus diversifiée dans les services et les modèles de développement économique fondés sur l’investissement. | Zhang Jianping, directeur de l’Institut de coopération économique internationale de la Commission nationale du développement et de la réforme, a expliqué que, grâce à son expertise dans les services commerciaux et des domaines tels que la logistique, le tourisme, le transport maritime, la santé, la finance et les villes intelligentes, la Corée du Sud permettrait, selon les entreprises, de rendre l’accord de libre-échange Chine-Corée du Sud plus varié et plus dynamique dans les services et les stratégies de développement économique axées sur l’investissement.",70.07434944237917,False
951,"Hot Tags: otomatik senti CONVEYOR manje twal koupe machin manifaktirè, founisè Lachin, lò founisè, CE sètifika","Mots-clés : fabricants et fournisseurs de machines de découpe de tissu à alimentation automatique par convoyeur en Chine, fournisseur certifié CE","Hot Tags: fabricants automatiques de machine de découpe de tissu de convoyeur à bande d'alimentation, fournisseur Chine, fournisseur d'or, CE diplômée","Mots-clés : fabricants et fournisseurs chinois de machines de découpe de tissu à alimentation automatique par convoyeur, fournisseur certifié CE | Mots-clés : fabricants et fournisseurs en Chine de machines de découpe de tissu à alimentation automatique par convoyeur, certifié CE",64.62585034013605,False
952,"david wardle janvye 24, 2018 nan 10:17 menm","David Wardle, le 24 janvier 2018 à 10h17","david wardle janvier 24, 2018 à 10:17 un m","David Wardle, le 24 janvier 2018 à 10h17 | David Wardle, le 24 janvier 2018 à 10:17",80.48780487804879,True
953,Sunscreens pou sèvis transpò Vessel,Crèmes solaires pour les services de transport maritime,Les écrans solaires pour les services de transport maritime,Crèmes solaires pour le transport maritime | Protection solaire pour les services de transport maritime,90.74074074074075,True
954,"karaktè, aplikasyon pou nan swen pou po, medikaman, aromaterapi, ak pafen, elatriye. Rose lwil la konsidere kòm youn nan pi plis la","L'huile de rose est considérée comme l'une des plus précieuses, notamment pour ses propriétés et ses applications en soins de la peau, en médecine, en aromathérapie et en parfumerie.","caractère, applications de soins de la peau, de la médecine, de l'aromathérapie et du parfum, etc. L'huile de rose est considérée comme l'un des plus","L’huile de rose est considérée comme l’une des plus précieuses, notamment pour ses usages en soins de la peau, en médecine, en aromathérapie et en parfumerie | L’huile de rose est réputée pour sa grande valeur, en particulier dans les soins cutanés, la médecine, l’aromathérapie et la parfumerie",67.11409395973153,False
955,"An 2004, Georges Dècimus ak Marie Josèe Gibon retounen nan twoup la pou soti 14 yèm albòm.","En 2004, Georges Dècimus et Marie Josée Gibon sont revenus au sein du groupe pour sortir leur 14e album.","En 2004, Georges Dercimus et Marie Josèe Gibon revient au troupes pour 14e albums.","En 2004, Georges Dècimus et Marie Josée Gibon ont rejoint le groupe pour sortir leur 14e album. | En 2004, Georges Dècimus et Marie Josée Gibon sont revenus dans le groupe pour publier leur 14e album.",80.76923076923077,True
956,2. Rezistans korozyon ekselan,2. Excellente résistance à la corrosion,2. excellente résistance à la corrosion,Excellente résistance à la corrosion | Très bonne résistance à la corrosion,96.0,True
957,2. fondatè a nan rotor Dezumidifikasyon nan peyi Lachin.,2. Le fondateur de la déshumidification par rotor en Chine.,2. Le fondateur des rotors déshumidificateurs en Chine.,Le fondateur du déshumidificateur à rotor en Chine | Le pionnier de la déshumidification par rotor en Chine,78.0952380952381,False
958,Se sèlman yon elefan danse konnen kote l 'prale.,Seul un éléphant dansant sait où il va.,Seul un éléphant dansant sait où il est épuisé.,Seul celui qui danse sait où il va | Chacun suit sa propre voie,60.97560975609756,False
959,"Annanfans alzaymè konsidere kòm 7th kap dirije san touye nan eta Zini nan lane 2004. Alè moun mouri a kontinye ap monte chak lanne. Maladi a se twazyèm lan ki koute nan maladi kè Etazini ak maladi kansè sont pwemye ak dezyèm ki koute respektivman. Sa ekri sa a 24 milyon moun ki te avè demans atravè lemond, figi lan pwal plis ke double pa 2040.","En 2004, la maladie d'Alzheimer figurait au septième rang des causes de décès aux États-Unis. Le nombre de décès continue d'augmenter chaque année. Cette maladie est la troisième cause de mortalité aux États-Unis, après les maladies cardiaques et le cancer. À l'heure actuelle, 24 millions de personnes dans le monde sont atteintes de démence, un chiffre qui devrait plus que doubler d'ici 2040.","La maladie d'Alzheimer est considérée comme le 7ème mort de l'état des États-Unis en 2004. La maladie de mort continue d'augmenter chaque année. La maladie est le troisième qui a écouté aux maladies cardiaques et aux cancers des États-Unis sont le premier et le second qui a coûté respectivement. Cela écrit ce 24 millions de personnes avec la démence dans le monde entier, le visage sera plus que doublé par 2040.","En 2004, la maladie d’Alzheimer était la septième cause de décès aux États-Unis. Le nombre de décès ne cesse d’augmenter chaque année. Cette maladie est la troisième cause de mortalité aux États-Unis, après les maladies cardiaques et le cancer. Aujourd’hui, 24 millions de personnes dans le monde vivent avec une démence, un chiffre qui devrait plus que doubler d’ici 2040. | En 2004, Alzheimer occupait le septième rang des causes de décès aux États-Unis. Les décès liés à cette maladie augmentent chaque année. Elle constitue la troisième cause de mortalité dans le pays, derrière les maladies du cœur et le cancer. À ce jour, 24 millions de personnes dans le monde sont atteintes de démence, et ce nombre devrait plus que doubler d’ici 2040.",60.482846251588306,False
960,14. Militè memwa tatoo sou men zepòl,14. Tatouage commémoratif militaire sur l'épaule de la main,14. Tatouage de mémoire militaire sur l'épaule des mains,tatouage militaire commémoratif sur l’épaule | tatouage souvenir militaire sur l’épaule,72.16494845360825,False
961,"endiferan nan Kosmetoloji. Se poutèt sa, preparasyon pou nan Ekstrè nan remèd fèy se pi","indifférent à la cosmétologie. Par conséquent, la préparation d'extraits de plantes est la plus","Les indifférents de la Kosmetologie. Par conséquent, la préparation de l'extrait de remèdes naturels est plus",indifférent en cosmétologie. C’est pourquoi la préparation d’extraits de plantes est la plus | sans intérêt pour la cosmétologie. C’est pourquoi la préparation d’extraits de plantes est la plus,70.64676616915423,False
962,Estanda nan 200 milimèt,Standard à 200 mm,Norme en 200mm,Norme de 200 mm | Standard de 200 mm,85.71428571428572,True
963,"3, Ou ka jwenn yon kòmanse pou mezire yon echantiyon, fasil yo sèvi ak efikas.",3. Vous pouvez commencer par mesurer un échantillon ; c’est simple et efficace.,"3, Vous pouvez obtenir un départ pour mesurer un échantillon, facile à utiliser.",Vous pouvez d’abord mesurer un échantillon ; c’est simple et efficace. | Commencez par mesurer un échantillon : c’est facile et efficace.,67.15328467153286,False
964,Jwèt Makak avanti: pwoblèm 51 sou entènèt,Game Monkey Adventure : Problème 51 en ligne,FAIRE DU THÉÂTRE Les aventures d`un singe: numéro 51 en ligne,Aventure du jeu du singe : problème 51 en ligne | Jeu d’aventure du singe : niveau 51 en ligne,69.72477064220183,False
965,Ki sa ki pi bon kostim twal yo pou kostim chòp?,Quels sont les meilleurs tissus pour les costumes masculins ?,Qu'est-ce que les meilleurs costumes de tissu pour les costumes de nouveau?,Quels sont les meilleurs tissus pour les costumes pour hommes ? | Quels sont les meilleurs tissus pour les costumes masculins ?,71.875,False
966,"Sou setyèm jou senkyèm mwa nan diznevyèm lanne reny Nèbikadneza , wa Babilòn lan , Neboucharadan , chèf lagad la , yonn nan konseye li yo , antre lavil Jerizalèm .","Le septième jour du cinquième mois, la dix-neuvième année du règne de Nabuchodonosor, roi de Babylone, Nebuzaradan, chef de la garde, l'un de ses conseillers, entra à Jérusalem.","Le septième jour de dix-neuvième année, le roi de Babylone, Neboucharadan, le prince de glace, l'un de ses conseillers, entre Jérusalem.","Le septième jour du cinquième mois, la dix-neuvième année du règne de Nabuchodonosor, roi de Babylone, Nebuzaradan, chef de la garde, l'un de ses conseillers, entra à Jérusalem. | Le 7e jour du 5e mois, durant la 19e année du règne de Nabuchodonosor, roi de Babylone, Nebuzaradan, chef de la garde et conseiller du roi, entra à Jérusalem.",72.79411764705883,False
967,"Yon jou , li vin kot Jezi lannwit epi li di li : — Mèt , nou kwè se Bondye menm ki voye ou anseye nou . Paske pyès moun pa ka fè tout mirak sa yo si Bondye pa avèk li .","Un soir, il vint trouver Jésus de nuit et lui dit : « Maître, nous croyons que tu es venu de Dieu pour nous enseigner. Car personne ne peut accomplir ces miracles si Dieu n'est pas avec lui. »","Un jour, il devient la nuit de Jésus et il dit : — Master, nous croyons que Dieu vous envoie. Parce que le nombre de gens ne peuvent pas faire tous ces miracles si Dieu n'est pas avec elle.","Un soir, il vint trouver Jésus de nuit et lui dit : « Maître, nous croyons que tu viens de Dieu pour nous enseigner. Car personne ne peut faire tous ces miracles si Dieu n’est pas avec lui. » | Une nuit, il alla trouver Jésus et lui dit : « Maître, nous savons que c’est Dieu qui t’a envoyé pour nous enseigner. Car nul ne peut accomplir de tels miracles si Dieu n’est pas avec lui. »",72.53333333333333,False
968,"Jan te batize nou avèk dlo , men nou menm , nan kèk jou ankò , nou pral batize nan Sentespri .","Jean nous a baptisés d'eau, mais vous serez baptisés du Saint-Esprit dans quelques jours.","Comme nous l'avons baptisé avec de l'eau, mais nous sommes, dans quelques jours, nous étions baptisés dans le Saint-Esprit.","Jean nous a baptisés d’eau, mais vous serez baptisés du Saint-Esprit dans quelques jours. | Jean nous a baptisés d’eau, mais vous serez bientôt baptisés du Saint-Esprit.",63.31658291457287,False
969,"Apre dis jou yo , figi ti mesye yo te pi fre , yo te pi anfòm pase jenn gason ki te manje manje wa a .","Au bout de dix jours, le visage des jeunes hommes était plus frais et plus sain que celui des jeunes hommes qui avaient mangé la nourriture du roi.","Après dix jours, le visage des garçons était plus frais, ils ont été plus adaptés que les jeunes hommes qui mangent le roi.","Au bout de dix jours, leur visage était plus frais et plus sain que celui des jeunes gens qui avaient mangé les mets du roi | Après dix jours, ils avaient meilleure mine et semblaient plus robustes que ceux qui avaient mangé à la table du roi",67.55555555555556,False
970,Yonn ladan yo ki te dirèktè lalwa mande li :,"L'un d'eux, qui était scribe, lui demanda :",L'un d'entre eux a été directrice de la loi lui a demandé :,L’un des scribes lui demanda : | Un des scribes lui posa cette question :,53.93258426966292,False
971,"Lè li fin pale , li di Simon konsa : Vanse kannòt la plis nan fon ; jete senn ou pou peche .","Quand il eut fini de parler, il dit à Simon : « Avance en eau profonde et jette tes filets pour pêcher. »","Quand il parle, il dit Simon ainsi : le canot plus profond ; jeter vos sponsors pour les péchés.",Avance au large et jette tes filets pour pêcher | Va en eau profonde et lance tes filets pour la pêche,51.578947368421055,False
972,"Zakari mande yo yon ti tablo , epi li ekri : Se Jan ki non li . Yo tout te sezi .",Zacharie demanda une tablette à écrire et écrivit : « Son nom est Jean. » Ils furent tous stupéfaits.,"Zacharie leur demande un petit tableau, et il écrit : C'est comme son nom. Ils ont tous été surpris.",Zacharie demanda une tablette pour écrire et écrivit : « Il s’appelle Jean. » Ils furent tous étonnés. | Zacharie demanda une tablette et écrivit : « Son prénom est Jean. » Ils furent tous surpris.,69.79166666666667,False
973,Pa antrave travay Sentespri a.,N’entravez pas l’œuvre du Saint-Esprit.,Ne pas traiter le Saint-Esprit.,Ne faites pas obstacle à l’action du Saint-Esprit | Ne contrariez pas l’œuvre du Saint-Esprit,72.1311475409836,False
974,Ewodyad te kenbe Jan nan kè. Li te vle fè yo touye li.,Hérodiade nourrissait une rancune tenace envers Jean et souhaitait le faire tuer.,Hérodiade a gardé John au cœur. Il voulait le tuer.,Hérodiade nourrissait une haine tenace contre Jean et voulait le faire tuer | Hérodiade gardait une profonde rancune contre Jean et cherchait à le faire tuer,52.94117647058824,False
975,"Dapre nou , kisa Kris la ye ? Pitit kilès li ye ? Yo reponn li : — Li se pitit pitit David !",Qui pensez-vous que soit le Christ ? De qui est-il le fils ? Ils lui répondirent : « Il est le fils de David. »,"Selon nous, qu'est-ce que le Christ ? Fils de culotte ? Ils lui répondent : — Il est le fils de David !","Qui pensez-vous que soit le Christ ? De qui est-il le fils ? Ils lui répondirent : « Il est le fils de David. » | À votre avis, qui est le Christ ? De qui est-il le fils ? Ils répondirent : « C’est le fils de David. »",75.72815533980582,False
976,"Yo te reskonsab pen yo te ofri bay Bondye yo , farin frans yo sèvi pou fè ofrann yo , pen san ledven yo , ofrann farin melanje ak lwil yo . Se yo ki te reskonsab peze ak mezire ofrann nan Tanp lan .","Ils étaient chargés du pain offert à Dieu, de la fine farine pour l'offrande, du pain sans levain, de l'offrande de céréales mélangée à de l'huile, et des offrandes au poids et à la mesure pour les offrandes du Temple.","Le contrôleur de pain a été offert par Dieu, la farine sert à faire leur offre, leur pain sans levure, offrant de la pâte mélangée et leur huile. Il est responsable de la pression et mesure des offres dans le sanctuaire.","Ils étaient chargés des pains consacrés à Dieu, de la fleur de farine pour l’offrande, des pains sans levain, des offrandes de céréales mêlées d’huile, ainsi que du pesage et du mesurage des offrandes du Temple | Ils avaient la responsabilité des pains offerts à Dieu, de la farine fine pour les sacrifices, des pains sans levain, des offrandes de céréales à l’huile, et de la pesée et du mesurage des offrandes du Temple",61.53846153846154,False
977,Chante pou li ! Fè lwanj li ! Rakonte tout bèl bagay li te fè yo .,"Chantez pour lui, chantez ses louanges, racontez tous ses actes merveilleux.",Chantez-le ! Faire ses éloges ! Souhaitez tout merveilleux qu'il les a fait.,"Chantez pour lui, célébrez-le, proclamez ses merveilles | Louez-le en chantant et racontez ses hauts faits",50.331125827814574,False
978,"Gen yon lòt kalite moun ankò ki mete nan tèt yo yo pa kanmarad pesonn , wa pa kouzen yo .","Il existe un autre type de personne qui pense n'être l'amie de personne, ni la cousine de personne.","Il y a un autre type de plus qui se met en eux-mêmes par des pairs de personne, par leur cousin.","Il y a encore un autre genre de personne qui se croit au-dessus de tout le monde, sans être l’amie ni la parente de personne | Il existe aussi des gens qui se prennent pour des êtres à part, sans lien avec personne",57.47126436781609,False
979,"Se konsa, mwen mande Tit pou l'al lakay nou pou l ka kontinye travay li te konmanse a, pou nou ka bay sa nou gen pou n bay la ak tout kè nou.","J’ai donc exhorté Tite à venir chez nous afin qu’il puisse achever l’œuvre qu’il avait commencée, afin que nous puissions donner de tout notre cœur ce que nous avons.","J'ai demandé le titre de notre maison afin de continuer son travail à commencer, afin que nous puissions donner ce que nous devons fournir avec tous nos coeurs.","J’ai donc demandé à Tite de venir chez nous pour qu’il puisse poursuivre le travail qu’il avait commencé, afin que nous puissions donner généreusement ce que nous avons | J’ai alors prié Tite de venir chez nous pour achever ce qu’il avait entrepris, afin que nous puissions offrir de tout cœur ce que nous possédons",63.125,False
980,"Apre sa , mwen wè lavil Bondye a , lòt Jerizalèm nèf lan , ki t'ap desann sòti bò kote Bondye ye nan syèl la . Li te byen abiye , li te pare tankou yon lamarye ki pral kontre fyanse li .","Et je vis la cité de Dieu, la nouvelle Jérusalem, qui descendait du ciel, d'auprès de Dieu, parée comme une épouse parée pour son époux.","Et je vois la ville de Dieu, l'autre Jérusalem neuf, qui descendait du côté de Dieu au ciel. Il était bien vêtu, il était prêt comme un marié qui rencontrera sa fiancée.","Et je vis la cité de Dieu, la nouvelle Jérusalem, qui descendait du ciel, d’auprès de Dieu, parée comme une épouse pour son époux | Je vis la ville de Dieu, la nouvelle Jérusalem, qui descendait du ciel, venant de Dieu, belle comme une fiancée prête pour son mari",63.78737541528239,False
981,"Yo reponn li: Se paske pèsonn pa ban nou travay. Mèt la di yo: Enben, nou menm tou, nou mèt al travay nan jaden rezen m lan.","Ils lui répondirent : « Parce que personne ne nous a embauchés. » Il leur dit : « Allez, vous aussi, travailler dans ma vigne. »","Ils l'ont répondu: C'est parce que personne ne nous donne pas de travailler. Le maître leur dit: Donc, nous allons aussi travailler dans le jardin de ma vigne.",Parce que personne ne nous a pris à travailler. | Puisque personne ne nous a embauchés.,66.66666666666667,False
982,"Chak premye jou nan senmenn lan , se pou chak moun mete yon ti lajan apa dapre sa yo te fè . Y'a sere l lakay yo . Konsa , nou p'ap bezwen tann se lè m rive lakay nou pou n'ap chache lajan an .","Le premier jour de chaque semaine, que chacun de vous mette de côté un peu d'argent en fonction de ses revenus, en l'épargnant, afin de ne pas avoir à attendre que je vienne le collecter.","Chaque premier jour de la same, c'est pour chacun d'avoir mis une monnaie séparée en fonction de ce qu'ils ont fait . Je serai chez eux. Donc, nous n'aurions pas besoin d'attendre que je suis à la maison que vous cherchez de l'argent.","Le premier jour de chaque semaine, que chacun mette de côté une somme selon ses moyens, afin qu’on n’ait pas à attendre mon arrivée pour la collecte. | Chaque début de semaine, que chacun réserve un peu d’argent en fonction de ses revenus, pour qu’il n’y ait pas besoin d’attendre ma venue afin de le récupérer.",53.94402035623409,False
983,"Mesye sa yo menm , yo tankou bèt ki san konprann , k'ap viv dapre ensten yo epi ki la sou latè pou moun kenbe touye . Yo pale mal sou bagay yo pa konnen , yo gen pou yo peri menm jan ak bèt .","Ces hommes sont comme des bêtes sauvages, vivant selon leurs instincts, et leur seul but sur terre est d'être capturés et tués. Ils blasphèment ce qu'ils ignorent, et ils périront comme des bêtes.","Les messieurs sont comme des animaux sans compréhension, vivant selon les instants et la terre pour les gens de garder assassiner . Ils parlent de mal sur les choses qu'ils ne savent pas, ils doivent percevoir comme des animaux.","Ces hommes sont comme des bêtes sauvages, guidés par leurs instincts, voués à être pris et abattus. Ils insultent ce qu’ils ne connaissent pas, et finiront comme des bêtes | Ces hommes ressemblent à des bêtes féroces, vivant selon leurs instincts et destinées à être capturées puis tuées. Ils dénigrent ce qu’ils ignorent, et périront comme des bêtes",55.32994923857868,False
984,"Si yon moun pote plent lajistis pou ou , si nou tou de nou pral nan tribinal ansanm , pito n chache antann nou pandan nou nan chemen . Si se pa sa , l'ap trennen ou devan jij la , jij la ap lage ou nan men lapolis , lapolis ap mete ou nan prizon .","Si quelqu'un vous poursuit en justice et que vous vous retrouvez au tribunal ensemble, essayez de régler l'affaire à l'amiable pendant le trajet. Sinon, il vous traînera devant le juge, qui vous remettra à la police, et la police vous jettera en prison.","Si quelqu'un se plaignera de l'âge, si vous êtes à la fois que nous serons devant les tribunaux, préférez nous attendons lors de notre chemin . Si ce n'est pas, il vous sera tiré devant le juge, le juge vous sera libéré de la police, la police vous mettra en prison.","Mieux vaut s’arranger à l’amiable avant d’aller au tribunal, sinon l’affaire peut aller très loin. | Essayez de trouver un accord en chemin, avant que le juge et la police ne s’en mêlent.",48.12834224598931,False
985,"Lè sa a , rèl ap pete lavil Jerizalèm tankou lè rèl te pete pou Adad-Rimòn nan plenn Megidon an .",Alors le cri sera comme le cri d'Hadad-rimmon dans la plaine de Megiddo.,Puis pleurer la ville de Jérusalem comme lorsque les pleures étaient nées pour Adad-Rimone dans la plaine de Megidon.,de grands cris de deuil | une immense lamentation collective,44.99999999999999,False
986,"Malgre delege yo gen tan rive lavil Zoan ak lavil Anès ,","Bien que les délégués aient déjà atteint les villes de Zoan et d'Anes,","Malgré les délégués, il y a du temps d'arrivée de zoos et de la ville d'Anest,",Bien que les délégués soient déjà arrivés à Zoan et à Anès | Même si les délégués ont déjà atteint Zoan et Anès,53.84615384615385,False
987,Ki moun ki konnen sa k'ap pase nan tèt Mèt la ? Ki moun ki ka ba li konsèy ?,Qui sait ce qui se passe dans l'esprit du Maître ? Qui peut lui donner des conseils ?,Qui sait ce qui se passe dans le top Maître ? Qui peut lui donner des conseils ?,Qui peut comprendre les pensées du Maître ? | Qui peut lui donner des conseils ?,78.37837837837837,False
988,"Moun ki resevwa pawòl la tankou grenn ki tonbe nan bon tè a , se moun ki konprann pawòl la lè yo tande li . Lè sa a , yo donnen . Gen ladan yo ki bay san , yon lòt bay swasant , yon lòt bay trant .","Et ceux qui ont reçu la parole dans la bonne terre, ce sont ceux-là qui, lorsqu'ils l'entendent, la comprennent et portent du fruit, les uns cent fois plus, les autres soixante, les autres trente.","Les gens qui reçoivent le mot comme les graines qui tombent dans le bon sol, sont ceux qui comprennent le mot quand ils l'entendent. Puis ils sont des fruits . Il y a ceux qui donnent du sang, un autre soixant, un autre trente.","Ceux qui accueillent la parole avec un cœur ouvert portent du fruit en abondance, chacun selon sa mesure | La parole porte du fruit chez ceux qui la comprennent vraiment, avec des résultats différents selon les personnes",48.108108108108105,False
989,"Yo rele moun , epi yo mande : — Eske se isit Simon yo rele Pyè a fè ladesant li ?","Ils ont crié et demandé : « Est-ce que Simon, qu'on appelle Pierre, loge ici ? »","Ils appellent ceux-ci, et ils demandent : — est-ce ici Simon ils appellent Pierre pour le faire de l'descent ?","Est-ce que Simon, surnommé Pierre, est ici ? | Simon, qu’on appelle Pierre, est-il logé ici ?",51.891891891891895,False
990,"Avèk fòs ou , ou mete mòn yo kanpe nan plas yo . Ou fè wè jan ou gen anpil pouvwa .","Tu as placé les montagnes par ta force, et tu as montré l'étendue de ta puissance.","Avec votre force, vous mettez les montagnes debout à leur place . Vous voyez comme vous avez beaucoup de pouvoir.","Par ta force, tu as établi les montagnes. | Tu as montré la grandeur de ta puissance.",57.33333333333333,False
991,"Menm lè moun sòt ap mache nan lari , li egare , li fè tout moun wè se moun sòt li ye .","Même un imbécile qui marche dans la rue s'égare, montrant à tous qu'il est un imbécile.","Même quand les gens marchent dans la rue, il est égaré, il fait tout le monde voit est le peuple qu'il est.","Même un sot se perd en chemin, révélant sa sottise | Même l’imbécile qui marche dans la rue finit par montrer sa bêtise",49.71098265895954,False
992,"Li wè de zanj Bondye abiye tout an blan , chita kote yo te mete kò Jezi a , yonn nan plas tèt la , lòt la nan plas pye yo .","Elle vit deux anges vêtus de blanc assis là où avait reposé le corps de Jésus, l'un à la tête et l'autre aux pieds.","Il voit deux anges habiller en blanc, assis où ils ont mis le corps de Jésus, l'un des meilleurs endroits, l'autre de leur place.","Elle vit deux anges en blanc assis à l’endroit où avait été déposé le corps de Jésus, l’un à la tête et l’autre aux pieds | Elle aperçut deux anges vêtus de blanc, assis là où le corps de Jésus avait été placé, l’un du côté de la tête et l’autre du côté des pieds",66.12903225806453,False
993,Ewòd menm ansanm ak tout gad li yo t'ap pase Jezi nan rizib . Yo mete l nan yon wonn tenten . Yo mete yon bèl rad sou li . Epi yo voye l tounen bay Pilat .,"Et Hérode et tous ses soldats se moquèrent de Jésus ; l’ayant placé dans un lieu méprisable, et l’ayant revêtu d’une robe somptueuse, ils le renvoyèrent à Pilate.",Hérode même avec tous ses gardes qui passent Jésus dans le sport. Ils l'ont mis dans un tour de malbouffe. Ils mettent un bel vêtement sur elle . Et ils l'ont envoyé à Pilate.,"Hérode et ses soldats se moquèrent de Jésus, le revêtirent d’un habit de parade, puis le renvoyèrent à Pilate | Hérode et toute sa garde tournèrent Jésus en dérision, le parèrent d’une belle robe et le renvoyèrent à Pilate",54.03508771929825,False
994,Se sa ki ekri nan Liv la : Nenpòt moun ki rele non Mèt la gen pou jwenn delivrans .,Il est écrit : « Quiconque invoquera le nom du Seigneur sera sauvé. »,Ce qui est écrit dans le livre : Tout le monde est appelé Master doit trouver des livraisons.,Il est écrit : « Quiconque invoquera le nom du Seigneur sera sauvé. » | « Celui qui invoquera le nom du Seigneur sera sauvé. »,46.4516129032258,False
995,"Lajounen , nwaj Seyè a te rete anwo tant lan , men lannwit , se te yon dife tout pèp Izrayèl la te wè klere nan nwaj la . Se konsa sa te fèt pandan tout vwayaj la .","Le jour, la nuée de l'Éternel était au-dessus du tabernacle ; la nuit, une lueur de feu brillait dans la nuée, à la vue de tous les enfants d'Israël. Il en fut ainsi tout au long du voyage.","L'âge de la journée, le nuage du Seigneur est resté au-dessus de la tente, mais la nuit était un feu d'Israël a vu le brillant dans le nuage. Il a donc eu lieu tout au long du voyage.","La nuée du Seigneur reposait sur la tente le jour, et la nuit un feu brillait dans la nuée, sous les yeux de tout Israël. Ainsi en fut-il durant tout le voyage. | Le jour, la nuée de l’Éternel était au-dessus du tabernacle ; la nuit, un feu y brillait pour tous les enfants d’Israël. Il en fut ainsi pendant toute la traversée.",57.51633986928104,False
996,"Nan maten , bonè bonè , Abimelèk rele tout domestik li yo , li rakonte yo tout bagay . Yo tout yo te pè anpil .","Tôt le matin, Abimélec appela tous ses serviteurs et leur raconta tout ; ils furent tous saisis d'une grande frayeur.","Le matin, tôt, Abimek appelle tout son intérieur, il les raconte tout . Ils ont tous été nombreux craintes.","Tôt le matin, Abimélec convoqua tous ses serviteurs et leur raconta tout ; ils furent tous saisis de grande peur. | Dès l’aube, Abimélec fit appeler tous ses serviteurs et leur expliqua toute l’affaire ; ils furent tous très effrayés.",61.68224299065421,False
997,"Se mwen menm Pòl ak Timote , de sèvitè Jezikri , k'ap ekri lèt sa a voye bay tout pèp Bondye nan lavil Filip la k'ap viv ansanm nan Jezikri . Lèt sa a se pou tout moun ki chèf nan legliz la ak pou tout dyak yo tou .","Paul et Timothée, serviteurs de Jésus-Christ, à tous les saints en Christ Jésus qui sont à Philippes, et aux anciens et aux diacres.","Je suis Paul et Timothée, deux serviteurs de Jésus-Christ, qui écrivent cette lettre pour envoyer à tous les saints dans la ville de Philippes qui vivent ensemble à Jésus-Christ. Ce dernier est pour tous ceux qui se sont tenus à l'église et pour tous les diacres.","Paul et Timothée, serviteurs de Jésus-Christ, s’adressent à tous les croyants de Philippes unis à Jésus-Christ, ainsi qu’aux responsables de l’Église et aux diacres. | Paul et Timothée, serviteurs du Christ Jésus, écrivent à tous les fidèles de Philippes qui vivent en communion avec Jésus-Christ, ainsi qu’aux anciens et aux diacres.",63.084112149532714,False
998,"Lè sa a , yo fè estati yon ti towo bèf , epi yo fè sakrifis bèt bay zidòl la . Yo te kontan pou sa yo te fè ak men yo a .","Puis ils firent un veau et lui offrirent un sacrifice, se réjouissant du travail de leurs mains.","Puis ils ont fait un petit vein, et ils ont fait sacrifier les animaux à l'image. Ils étaient heureux de ceux qui ont fait avec leur main.","Puis ils fabriquèrent un veau d’or et lui offrirent un sacrifice, se réjouissant de l’œuvre de leurs mains. | Alors ils façonnèrent un veau et lui présentèrent des sacrifices, se réjouissant de ce qu’ils avaient fait de leurs mains.",57.03125,False
999,"Si yo ka pran san bouk kabrit ak san towo bèf ansanm ak san vyann ti gazèl bèf yo boule sou lotèl la pou voye sou moun ki mete tèt yo nan kondisyon yo pa ka sèvi Bondye dapre lalwa , pou mete yo nan kondisyon pou yo fè sèvis Bondye ,","Si le sang des boucs et des taureaux, et le sang des jeunes génisses brûlés sur l'autel, peuvent être répandus sur ceux qui se sont rendus impurs et qui ne peuvent servir Dieu selon la loi, afin de les purifier pour le service de Dieu,","Si elles peuvent prendre du sang et du sang de boeuf et du sang de la viande de la vache sont brûlées sur l'autel pour envoyer des gens qui se retrouvent dans leurs conditions ne peuvent pas servir de Dieu selon la loi, pour les mettre dans des conditions de service de Dieu ,","Si le sang des boucs et des taureaux, ainsi que celui des génisses brûlées sur l’autel, peut être répandu sur ceux qui sont devenus impurs pour les purifier et les rendre aptes au service de Dieu | Si le sang des boucs, des taureaux et des génisses offertes en sacrifice peut purifier ceux qui sont souillés et les remettre en état de servir Dieu",53.813559322033896,False
1000,"Se yo menm menm ki te fè lide sa a. Men, pou di vre, yo te dwe pòv yo sa. Paske, menm jan jwif yo te separe benediksyon ki sòti nan Lespri Bondye a avèk moun ki pat jwif yo, konsa tou, moun ki pa jwif yo gen pou devwa pou rann yo sèvis avèk byen latè yo.","C’est eux-mêmes qui ont eu cette idée. Mais, à vrai dire, ils le devaient aux pauvres. Car, de même que les Juifs partageaient les bienfaits de l’Esprit avec les païens, ces derniers avaient aussi le devoir de les servir avec leurs biens terrestres.","Ce sont les mêmes qui ont fait cette idée. Mais pour dire vrai, ils doivent être pauvres. Parce que les Juifs ont séparé des bénédictions de l'Esprit de Dieu avec des gens qui ne sont pas des Juifs, ainsi aussi ceux qui ne Juifs doivent pas devoirs de les rendre services avec leur terre.","C’est eux qui ont pris cette initiative. Mais, à vrai dire, ils le devaient aux pauvres. Car, de même que les Juifs avaient partagé les bienfaits de l’Esprit avec les païens, ceux-ci avaient aussi le devoir de les servir de leurs biens terrestres. | C’est bien eux qui ont eu cette idée. Mais, pour être franc, ils le devaient aux pauvres. Car, tout comme les Juifs avaient communiqué les dons de l’Esprit aux païens, les païens devaient à leur tour les aider avec leurs biens matériels.",62.75992438563327,False
1001,Pa bliye kò nou . Kenbe fèm nan konfyans nou . Mete kouray sou nou . Pa moutre nou fèb .,N'oublie pas qui tu es. Garde la foi. Sois fort. Ne montre pas ta faiblesse.,Ne pas oublier notre corps . Gardez la ferme dans notre foi . Porter les rayons sur nous . Ne pas enseigner notre faible .,N’oublie pas qui tu es. Reste fort et garde la foi. | N’oublie pas tes valeurs. Tiens bon dans la foi et ne montre pas ta faiblesse.,53.278688524590166,False
1002,"Kris la menm mouri yon sèl fwa pou peche nou , li p'ap janm mouri ankò . Li menm ki t'ap mache dwat devan Bondye , li mouri pou moun ki pa t'ap mache dwat yo , pou li te ka mennen yo bay Bondye . Li mouri , men ak pouvwa Lespri Bondye a , li resisite nan lanmò .","Car Christ est mort une fois pour toutes pour les péchés, il ne mourra plus jamais. Il est mort pour les justes et les injustes, afin de les amener à Dieu. Il est mort, mais il est ressuscité des morts par l'Esprit de Dieu.",La Bible en Francais et en Créole Haitien _ FouyeBible,"Car Christ est mort une fois pour toutes pour nos péchés, il ne mourra plus jamais. Il est mort pour les justes et les injustes afin de les conduire à Dieu. Il est mort, mais il est ressuscité d’entre les morts par la puissance de l’Esprit de Dieu. | Christ est mort une seule fois pour le pardon de nos péchés et ne mourra plus. Il a donné sa vie pour les justes comme pour les injustes, afin de nous rapprocher de Dieu. Mort, il est pourtant revenu à la vie par l’Esprit de Dieu.",44.44444444444444,False
1003,"Yon ti kadè apre , moun ki te la yo pwoche , yo di Pyè konsa : — Se vre wi , monchè . Ou fè pati moun sa yo tou . Jan ou pale a fè nou rekonèt ou .","Au bout d'un moment, ceux qui étaient là s'approchèrent et dirent à Pierre : « Homme, tu es l'un des leurs. Tes paroles nous inspirent la reconnaissance. »","Un petit quadrant après, les gens qui se sont approchés, ils disent Pierre ainsi : — Vraiment, Monke. Vous faites partie de ces hommes aussi . Comme vous le parlez de vous reconnaître.","Au bout d’un moment, les gens présents s’approchèrent et dirent à Pierre : « C’est sûr, mon gars, tu es des leurs. À t’entendre parler, on te reconnaît tout de suite. » | Peu après, ceux qui étaient là s’approchèrent de Pierre et lui dirent : « Oui, c’est certain, mon ami, tu fais partie de ces gens-là. Ta façon de parler te trahit. »",56.00000000000001,False
1004,"Nenpòt moun ki mande nou kichòy , ba li l. Si yon moun pran sa ki pou nou , kite l pou li .","Donnez à celui qui vous demande. Si quelqu'un prend ce qui vous appartient, rendez-le-lui.","Toute personne qui nous demande à Cologne, lui donne. Si quelqu'un prends ce qu'il faut, laissez-le.","Donnez à ceux qui vous demandent. Si quelqu’un prend ce qui vous appartient, laissez-le lui | Donnez à quiconque vous demande, et si l’on vous prend quelque chose, ne le réclamez pas",66.31016042780749,False
1005,"Lè Jezi rive kay chèf la, li jwenn fanfa a t' ap pare pou lantèman an ansanm ak yon foul moun ki t'ap fè yon pakèt bri.","Lorsque Jésus arriva chez le chef du royaume, il trouva le cortège funèbre et la foule qui faisait beaucoup de bruit.","Quand Jésus est venu à la tête, il obtient le fanfa prête à l'honnêtement avec une foule qui a fait un tas de bruit.","Lorsque Jésus arriva chez le chef, il trouva le cortège funèbre et la foule en pleine agitation | À son arrivée chez le chef, Jésus trouva les funérailles déjà en cours, avec une foule très bruyante",48.67724867724868,False
1006,"menm jan Papa m te ban m pouvwa sa a tou . Y'a gouvènen nasyon yo ak yon baton fè , y'a kraze yo an miyèt moso tankou yon kannari yo kraze .","De même que mon Père m'a donné le pouvoir de gouverner les nations avec une verge de fer, elles seront brisées comme un vase de potier.","Comme mon père m'a donné cette puissance aussi . Y'a gouvernera les nations et un bâton de fer, et ils se brisent en morceaux comme un canarien pour rompre.","De même que mon Père m’a donné le pouvoir de régner sur les nations avec un sceptre de fer, elles seront brisées comme un vase de potier | Mon Père m’a donné l’autorité de dominer les nations avec un bâton de fer ; elles seront réduites en morceaux comme un vase de potier",66.89655172413794,False
1007,"Yon dyak fèt pou l gen yon sèl madanm , se pou l konn dirije pitit li yo ak tout kay li byen .",Un diacre doit être l'époux d'une seule femme et bien gérer ses enfants et sa maison.,"Un diet est conçu pour qu'il a une femme, alors qu'il dirige son enfant et sa maison bien.",Un diacre doit être marié à une seule femme et bien diriger sa famille | Un diacre doit avoir une seule épouse et bien gérer ses enfants et sa maison,57.831325301204814,False
1008,"Rive la , li kontre yon jwif yo te rele Akilas , moun peyi Pon , ki te fèk rive soti Itali ansanm ak madanm li yo te rele Prisil , apre Seza Klòd te bay lòd pou tout jwif te kite lavil Wòm . Pòl al wè yo ,","Là, il rencontra un Juif nommé Aquila, originaire du Pont, qui était récemment arrivé d'Italie avec sa femme Priscille, après que Claude eut ordonné à tous les Juifs de quitter Rome. Paul alla les voir.","Puis il rencontre un Juif nommé Akilas, le pont de l'homme, récemment venu de l'Italie avec sa femme nommée Prisil, après Seza Klode commandée pour tous les Juifs laissés à Rome. Et Paul les voit ,","Là, il rencontra un Juif nommé Aquilas, originaire du Pont, qui venait d’Italie avec sa femme Priscille, après l’expulsion des Juifs de Rome par Claude. Paul alla les voir. | Là, il trouva un Juif appelé Aquilas, du Pont, récemment arrivé d’Italie avec sa femme Priscille, après que Claude eut ordonné à tous les Juifs de quitter Rome. Paul leur rendit visite.",65.4353562005277,False
1009,"Yo san wont konsa , yo lage kò yo nan tout kalite vis , yo pran plezi yo nan fè tout kalite vye bagay sal san rete .","Ils sont si effrontés qu'ils s'adonnent à toutes sortes de vices, ils prennent plaisir à faire toutes sortes de choses immondes sans cesse.","Ils sont sans honte, ils libèrent leur corps dans toutes sortes de vis, ils se plaignent de faire tout type de vieilles choses.","Ils sont tellement sans vergogne qu’ils se livrent à tous les vices, prenant plaisir à faire des saletés sans arrêt. | Ils sont d’une impudence incroyable, s’adonnant à toutes sortes de vices et à des actes immondes sans cesse.",55.93220338983051,False
1010,"Lè lènmi va bat pèp Izrayèl la paske pèp la te peche kont ou , si yo tounen vin jwenn ou , si yo fè lwanj pou ou , si yo vin lapriyè nan pye ou isit la nan kay sa a ,","Lorsque l'ennemi aura vaincu le peuple d'Israël parce qu'il aura péché contre toi, et qu'il se sera tourné vers toi, aura confessé ton nom et t'aura prié dans ce temple,","Quand l'ennemi sera le baptême d'Israël parce que le peuple est péché contre vous, s'ils sont venus vous, si ils sont loués pour vous, s'ils viennent prier à vos pieds ici dans cette maison,","Lorsque l’ennemi aura vaincu Israël à cause de son péché contre toi, s’il revient à toi, s’il te loue et s’il prie devant toi dans cette maison | Quand l’ennemi aura battu le peuple d’Israël parce qu’il a péché contre toi, s’ils se tournent vers toi, te glorifient et viennent te prier ici dans ce temple",63.793103448275865,False
1011,"Lè l fin lave pye yo tout , Jezi mete gwo rad la sou li ankò , li tounen nan plas li bò tab la , epi li di yo : — Eske nou konprann sa m sot fè la a ?","Après leur avoir lavé les pieds, Jésus remit ses vêtements, retourna à table et leur dit : « Comprenez-vous ce que je vous ai fait ? »","Quand il se lave les pieds de tous, Jésus a mis le grand vêtement à nouveau, il revient à sa place à la table, et il leur dit : — Est-ce que nous comprenons ce que j'ai fait là ?",Comprenez-vous ce que je viens de faire ? | Avez-vous compris ce que je viens de faire ?,52.94117647058824,False
1012,"Bondye voye Sentespri li sou nou an kantite , gremesi Jezi , Kris la , ki delivre nou .","Dieu a répandu sur nous abondamment son Esprit Saint par Jésus-Christ, qui nous a rachetés.","Dieu envoie son Saint-Esprit au nombre, Jésus-Christ, qui nous a sauvé.","Dieu a déversé abondamment son Saint-Esprit sur nous par Jésus-Christ, notre libérateur | Dieu nous a largement accordé son Esprit Saint par Jésus-Christ, qui nous a sauvés",74.60317460317461,False
1013,"Lè yon tè bwè dlo lapli ki tonbe anpil sou li , si li pouse plant ki ka sèvi moun k'ap travay li a , Bondye ap beni li .","Lorsqu'une terre absorbe la pluie qui tombe en abondance sur elle, si elle produit des plantes qui servent celui qui la cultive, Dieu la bénira.","Quand une eau de pluie est tombée sur elle, si elle pousse les plantes qui peuvent servir ses gens, Dieu le bénisse.","Une terre bien arrosée qui porte du fruit pour celui qui la cultive, Dieu la bénit | Quand une terre reçoit abondamment la pluie et produit ce qui est utile à son cultivateur, Dieu la bénit",52.727272727272734,False
1014,"Lè sa a , Abraram separe ba li yon dizyèm nan tou sa li te pran . Nonb Mèlkisedèk la gen de sans . Nan yon premye sans , li vle di Wa ki bay jistis la . Men , akòz li te wa peyi Salèm , li gen yon dezyèm sans . Li vle di tou Wa ki bay kè poze a.","Abraham lui donna alors la dîme de tout ce qu'il avait pris. Le nom Melchisédek a deux significations. Premièrement, il signifie « roi de justice ». Mais comme il était roi de Salem, il a une seconde signification : « roi de paix ».","Puis Abraham est séparé pour lui donner un dixième de tout ce qu'il prenait . Le nom de Melkiséricorde a deux sens. Dans un premier sens, il signifie le roi de la justice. Mais en raison de son règne de Salème, il a un second sens . Il signifie aussi le roi qui donne le cœur de la paix.","Abraham lui donna alors la dîme de tout ce qu’il avait pris. Le nom de Melchisédek a deux sens. D’abord, il signifie « roi de justice ». Mais comme il était roi de Salem, il a aussi un autre sens : « roi de paix ». | Abraham lui remit alors la dîme de tout ce qu’il avait pris. Le nom de Melchisédek a deux significations. En premier lieu, il veut dire « roi de justice ». Mais puisqu’il était roi de Salem, il a également un second sens : « roi de paix ».",64.67065868263472,False
1015,"Lè Jan te fin batize tout moun , li batize Jezi tou . Antan Jezi t'ap lapriyè , syèl la louvri .","Quand Jean eut fini de baptiser tout le monde, il baptisa aussi Jésus. Pendant que Jésus priait, le ciel s'ouvrit.","Et quand John avait baptisé tout le monde, il baptisa aussi Jésus. Et quand Jésus prit, le ciel ouvert.","Quand Jean eut baptisé tout le monde, il baptisa aussi Jésus. Pendant que Jésus priait, le ciel s’ouvrit. | Après avoir baptisé tout le monde, Jean baptisa aussi Jésus. Tandis que Jésus priait, le ciel s’ouvrit.",85.85365853658537,True
1016,"Mwen gen anpil lòt bagay ankò pou m di nou , men nou pa ka konprann yo kounyeya .","J'ai encore beaucoup de choses à vous dire, mais vous ne pouvez pas les supporter maintenant.","J'ai beaucoup d'autres choses pour vous dire, mais nous ne pouvons pas les comprendre maintenant.","J’ai encore beaucoup de choses à vous dire, mais vous ne pouvez pas les comprendre maintenant. | J’ai encore bien des choses à vous dire, mais vous n’êtes pas en mesure de les recevoir maintenant.",85.86387434554975,True
1017,"lavil Jamout , lavil Angannim ansanm ak tout savann pou bèt yo .","Jarmuth et sa banlieue, et Angannim et sa banlieue.","Jamout, ville d'Angannim et sa banlieue pour les animaux.","Jarmuth et ses environs, ainsi qu’Angannim et ses environs | Jarmuth et sa périphérie, ainsi qu’Angannim et sa périphérie",49.46236559139785,False
1018,"Jezi di ankò : — Vwala , se te yon nonm ki te gen de pitit gason .",Jésus dit encore : — Il y avait un homme qui avait deux fils.,"Jésus dit à nouveau : — Vwala, était un homme qui avait deux fils.",Jésus dit encore : — Il y avait un homme qui avait deux fils. | Jésus reprit : — Un homme avait deux fils.,83.46456692913385,True
1019,"Se pou moun k'ap kriye yo viv tankou moun ki pa gen lapenn . Moun ki gen kè kontan yo , se pou yo viv tankou moun ki pa gen kè kontan . Se pou moun k'ap achte yo viv tankou si sa yo achte a pat pou yo .",Que ceux qui pleurent vivent comme s'ils ne sont pas en deuil. Que ceux qui se réjouissent vivent comme s'ils ne se réjouissaient pas. Que ceux qui achètent vivent comme s'ils n'ont pas acheté.,"C'est pour ceux qui vivent comme ceux qui n'ont pas deuil . Les gens qui ont leur joie, ils vivent comme ceux qui n'ont pas de joie . C'est pour les gens qui achètent leur vie comme si ceux qu'ils achètent le patron pour eux .",Que les affligés vivent comme s’ils n’étaient pas dans le deuil. | Que ceux qui pleurent vivent comme s’ils n’avaient pas de chagrin.,58.64661654135339,False
1020,"Se poutèt sa, mwen te voye Timote ban nou, mwen pat kapab tann ankò. Mwen te voye l pran nouvèl jan konfyans nou nan Bondye ye. Mwen te pè pou Satan pat pran nou nan pèlen li, pou tout travay mwen an pat pèdi.","C’est pourquoi je n’ai pas pu attendre plus longtemps pour vous envoyer Timothée. Je l’ai envoyé pour s’enquérir de votre foi en Dieu, car je craignais que Satan ne vous prenne dans son piège et que tous mes efforts soient vains.","Donc, je vous ai envoyé Timothée, je ne peux pas attendre à nouveau. J'ai envoyé des nouvelles que nous sommes confiants. J'ai peur de Satan n'a pas nous emmener à sa perle, pour tous mon travail n'a pas perdu.","C’est pourquoi je n’ai plus pu attendre pour vous envoyer Timothée. Je l’ai envoyé prendre des nouvelles de votre foi en Dieu, car je craignais que Satan ne vous tende un piège et que tout mon travail soit réduit à néant. | Voilà pourquoi j’ai envoyé Timothée sans tarder, afin de m’informer de votre foi en Dieu, de peur que Satan ne vous piège et que tous mes efforts soient inutiles.",57.14285714285714,False
1021,"Men , Seyè a pa nan patipri , li koupe kòd mechan yo te pase nan kou nou .","Mais le Seigneur ne fait pas de favoritisme, il a coupé les cordes que les méchants avaient mises autour de notre cou.","Mais le Seigneur n'est pas parti pris, il coupe le code cru qu'ils sont passés à notre cours.","Mais le Seigneur ne fait pas de favoritisme, il a brisé les liens que les méchants nous avaient imposés. | Le Seigneur est impartial : il a rompu les chaînes que les méchants avaient mises à notre cou.",62.365591397849464,False
1022,"Apre sa , yo sòti kite sinagòg la , y'ale ansanm ak Jak ak Jan lakay Simon ak Andre .",Et ils quittèrent la synagogue et allèrent avec Jacques et Jean chez Simon et André.,"Et ils ont quitté le synagogue, et ils ont rejoint James et Jean Simon et Andrew.","Ils quittèrent la synagogue et se rendirent chez Simon et André avec Jacques et Jean | Après cela, ils sortirent de la synagogue et allèrent avec Jacques et Jean chez Simon et André",69.1358024691358,False
1023,"Yon esklav pa fè pati moun kay la pou tout tan . Men , yon pitit fè pati moun kay la pou tout tan .","Un esclave n'appartient pas à la famille pour toujours, mais un fils appartient à la famille pour toujours.",Un esclave ne fait pas partie de la maison pour toujours. Mais un enfant fait partie de la maison pour toujours.,"Un serviteur ne fait pas partie de la famille pour toujours, mais un fils en fait partie pour toujours | Un esclave n’appartient pas à la maison pour toujours, tandis qu’un fils y appartient à jamais",79.43925233644859,False
1024,Se konsa yon moun di Jezi : — Men manman ou ak frè ou yo deyò a . Yo ta renmen pale avè ou .,Alors quelqu'un dit à Jésus : « Ta mère et tes frères sont dehors et ils aimeraient te parler. »,Donc quelqu'un dit Jésus : — mais votre mère et vos frères sont là-bas . Ils aimeraient parler avec vous .,Quelqu’un dit à Jésus : « Ta mère et tes frères sont dehors ; ils aimeraient te parler. » | On dit alors à Jésus : « Ta mère et tes frères sont dehors et veulent te parler. »,73.73737373737373,False
1025,"Mwen gade ankò , mwen tande yon gwo malfini ki t'ap vole byen wo nan syèl la . Li t'ap pale byen fò , li t'ap di : — Ala de malè ! Sa pral rèd nèt pou moun ki sou latè a , lè kout klewon twa lòt zanj yo va kònen .","Alors je regardai, et j'entendis un grand aigle voler haut dans le ciel, disant d'une voix forte : « Malheur aux habitants de la terre, lorsque les trompettes des trois anges vont sonner ! »","J'ai regardé à nouveau, j'ai entendu un aigle qui a volé tout au long du ciel. Il a parlé de la forteresse, et il dit : — Joyeux malheur ! Cela sera complètement difficile pour ceux de la terre, quand trois autres anges vont souffrir.","Alors je regardai de nouveau, et j’entendis un grand aigle voler très haut dans le ciel, proclamant d’une voix forte : « Malheur aux habitants de la terre, quand les trompettes des trois autres anges retentiront ! » | Je regardai encore, et j’entendis un grand aigle planer dans le ciel, disant à haute voix : « Malheur à ceux qui habitent la terre, lorsque les trois autres anges sonneront de la trompette ! »",57.466063348416284,False
1026,"Jou saba apre a , prèske tout moun nan vil la te rasanble pou tande pawòl Senyè a .","Le sabbat suivant, presque toute la ville se rassembla pour entendre la parole du Seigneur.","Le jour de sable, presque tout le monde dans la ville se réunit pour entendre le mot du Seigneur.","Le sabbat suivant, presque toute la ville s’assembla pour écouter la parole du Seigneur. | Le sabbat d’après, presque toute la ville se réunit pour entendre la parole du Seigneur.",78.36257309941521,False
1027,"Pandan Jezi t'ap mache bò lanmè Galile, li wè de pechè. Se te Simon ak frè li Andre. Yo t'ap voye privye nan lanmè a.","Alors que Jésus marchait au bord de la mer de Galilée, il vit deux pêcheurs, Simon et son frère André, qui jetaient un filet dans la mer.","Au cours de Jésus a franchi la mer Galilée, elle voit deux pêcheurs. C'était Simon et son frère Andrew. Ils ont envoyé des filets dans la mer.","Alors que Jésus marchait au bord du lac de Galilée, il aperçut deux pêcheurs, Simon et son frère André, en train de jeter un filet à la mer | Jésus marchait le long de la mer de Galilée lorsqu’il vit deux pêcheurs, Simon et son frère André, qui lançaient un filet dans l’eau",68.79432624113475,False
1028,"Men , mwen te di nou sa : nou wè m , men nou pa kwè toujou .","Mais je vous l'ai dit : vous m'avez vu, et vous ne croyez pas.","Mais je vous ai dit : on me voit, mais nous ne croyons pas toujours.","Je vous l’ai bien dit : vous m’avez vu, mais vous ne croyez toujours pas. | Je vous l’avais dit : vous m’avez vu, et pourtant vous ne croyez pas.",73.52941176470588,False
1029,"Lè sa a , Abraram te vanse gen santan . Men konfyans li pa te febli lè li te wè kò li ap tchoule , epi madanm li Sara pa t'ap ka fè pitit .","Abraham, alors âgé de cent ans, ne perdit pas la foi lorsqu'il vit que son corps était déjà mort et que sa femme Sarah était stérile.","Puis Abraham a vénéré qu'il y avait un centre. Mais sa foi n'a pas été affaiblie quand il a vu son corps, et sa femme de Sara ne pouvait pas faire le fils.","Abraham, âgé de cent ans, ne perdit pas la foi malgré son grand âge et la stérilité de Sarah | À cent ans, Abraham garda la foi, même si son corps était usé et que Sarah ne pouvait pas avoir d’enfant",55.05226480836236,False
1030,Men sa Seyè a di sou Jezabèl : Chen gen pou manje kadav li nan mitan lavil Jizreyèl .,Voici ce que dit le Seigneur au sujet de Jézabel : Les chiens dévoreront son cadavre dans la cour de Jizreel.,Mais ce que le Seigneur dit au sujet de Jésus-Christ : Il doit se nourrir dans la ville de Jizreel.,Voici ce que dit le Seigneur au sujet de Jézabel : les chiens dévoreront son corps à Jizreel | Le Seigneur annonce que Jézabel sera livrée aux chiens dans la cour de Jizreel,61.78010471204188,False
1031,"Pitit mwen yo , dènye jou a pa lwen rive . Nou tande yo te di nou moun k'ap goumen ak Kris la gen pou vini . Men kounyeya , se yon bann moun ki kanpe pou konbat Kris la . Se sa ki fè nou konnen dènye jou a pa lwen rive ankò .","Mes enfants, le dernier jour est proche. Vous avez entendu dire que l'Antéchrist vient, et maintenant beaucoup se sont levés pour combattre le Christ ; cela vous prouve que le dernier jour est proche.","Mon fils, le dernier jour n'est pas loin. Nous avons entendu qu'ils nous ont dit que les gens se battent avec le Christ doivent venir . Mais maintenant, c'est un groupe qui se tient pour lutter contre le Christ. C'est ce qui nous fait savoir le dernier jour n'est pas encore arrivé .","Mes enfants, la fin est proche. Vous avez entendu dire que l’Antéchrist doit venir, et maintenant beaucoup se dressent contre le Christ ; cela montre bien que la fin est proche. | Mes chers enfants, le dernier temps approche. Vous avez entendu parler de la venue de l’Antéchrist, et voilà que beaucoup se lèvent contre le Christ ; c’est bien la preuve que la fin est proche.",55.294117647058826,False
1032,"Premye a vini , li di : Monwa , pyès lò ou te ban mwen an rapòte dis pyès ankò .","Le premier vint et dit : « Monsieur, la pièce que vous m'avez donnée a gagné dix fois plus. »","Le premier à venir, il dit : Monois, votre pièce d'or m'a donné un rapport de dix pièces.","Le premier arriva et dit : « Monsieur, la pièce que vous m’avez confiée a rapporté dix autres pièces. » | Le premier vint dire : « Monsieur, la somme que vous m’avez donnée a produit dix fois plus. »",62.5,False
1033,Li pat pèmèt pèsonn travèse tanp lan ak bagay nan men yo .,Il n'autorisait personne à traverser le temple les mains chargées.,Il ne permet pas de peste de traverser le temple et les choses.,Il ne laissait personne entrer dans le temple avec des objets en main | Il interdisait à quiconque de traverser le temple en portant quelque chose,64.40677966101696,False
1034,"Apre sa , Jezi ale ak disip li yo nan yon lavil yo rele Kapènawòm . Jou repo a , Jezi antre nan sinagòg la ; li kòmanse moutre moun yo anpil bagay .","Après cela, Jésus et ses disciples se rendirent dans une ville appelée Capernaüm. Le jour du sabbat, Jésus entra dans la synagogue et commença à enseigner.","Et Jésus va avec ses disciples dans une ville appelée Cap-Haïtien . Le jour de la pause, Jésus entra dans le synagogue ; il commence à enseigner les nombreuses choses.","Après cela, Jésus et ses disciples allèrent à Capharnaüm. Le jour du sabbat, il entra dans la synagogue pour enseigner. | Ensuite, Jésus se rendit avec ses disciples à Capharnaüm. Le jour du sabbat, il entra dans la synagogue et se mit à enseigner.",63.41463414634146,False
1035,"Men nou menm , se pou Kris la nou ye . Kris la menm , se pou Bondye .","Mais nous appartenons au Christ, et le Christ appartient à Dieu.","Mais nous sommes pour le Christ que nous sommes . Le même Christ, c'est pour Dieu.","Mais nous sommes au Christ, et le Christ est à Dieu. | Nous appartenons au Christ, et le Christ appartient à Dieu.",71.64179104477613,False
1036,"Pa jije moun pou Bondye pa jije nou ,","Ne jugez pas les autres, de peur que Dieu ne nous juge.","Ne jugez pas à vous juger,","Ne jugez pas les autres, afin de ne pas être jugés | Ne jugez personne, pour que Dieu ne vous juge pas",72.34042553191489,False
1037,"Apre sa, m'a di tèt mwen: Monchè, depo ou chaje pou plizyè lane ankò. Manyè bay kò ou repo. Chita, manje manje ou, bwè bwè ou, pran plezi ou.","Alors je me dirai : « Mon ami, tu as encore de nombreuses réserves pour de nombreuses années. Laisse ton corps se reposer. Assieds-toi, mange, bois et profite de la vie. »","Et je me dis: Les déchets, le stockage ou le chargement pendant de nombreuses années. Les manières donnent à votre corps de repos. Assez-vous, mangez votre nourriture, buvez-vous, vous amuser.","Mon ami, tu as encore de quoi vivre de longues années. Repose-toi, mange, bois et fais-toi plaisir. | Mon cher, tu as encore des réserves pour bien des années. Prends du repos, assieds-toi, mange, bois et profite de la vie.",48.45070422535211,False
1038,"Tout rès istwa Peka a ak tou sa li te fè , nou jwenn sa ekri nan liv Istwa wa peyi Izrayèl yo .",Le reste des événements du règne de Pékah et tout ce qu'il a fait sont consignés dans le livre des annales des rois d'Israël.,"Tout le reste de l'histoire de Peka et tout ce qu'il a fait, nous avons trouvé ce qu'il écrit dans l'histoire du livre d'Israël.",Le reste du règne de Pékah et ses autres faits sont rapportés dans le livre des annales des rois d’Israël. | Le reste des actes de Pékah et tout ce qu’il a accompli figurent dans le livre des annales des rois d’Israël.,61.34453781512605,False
1039,"Men, lè yo rive sou Jezi, yo wè li te gentan mouri. Se sa k fè yo pat kraze janm li yo.","Mais lorsqu'ils arrivèrent auprès de Jésus, ils virent qu'il était déjà mort. C'est pourquoi ils ne lui brisèrent pas les jambes.","Mais quand ils arrivent à Jésus, ils ont vu qu'il avait déjà été morts. C'est ce qu'ils ne brisent jamais ses jambes.","Mais quand ils arrivèrent près de Jésus, ils virent qu’il était déjà mort. C’est pourquoi ils ne lui cassèrent pas les jambes. | Lorsqu’ils arrivèrent auprès de Jésus, ils constatèrent qu’il était déjà mort ; aussi ne lui brisèrent-ils pas les jambes.",70.99567099567099,False
1040,"Gen moun ki di : Lè Pòl ekri nou , lèt li toujou gen pwa , yo toujou djanm . Men lè li nan mitan nou , li pa ka kase ze . Ata pale li pa ka pale .","Certains disent : « Quand Paul nous écrit, ses lettres sont toujours profondes, toujours percutantes. Mais quand il est parmi nous, il est incapable de casser des œufs. Il ne peut même plus parler. »","Il y a des gens qui disent : quand Paul nous écrit, son lait a toujours le poids, ils ont toujours le gingembre. Mais quand il est au milieu de nous, il ne peut pas rompre les oeufs. Ata parler, il ne peut pas parler.","Certains disent : « Quand Paul nous écrit, ses lettres sont toujours fortes et convaincantes, mais en personne, il est sans éclat et n’a rien d’impressionnant. » | Certains disent : « Quand Paul nous écrit, ses lettres ont toujours du poids, elles sont percutantes ; mais face à nous, il est incapable de s’imposer, il ne sait même plus parler. »",61.92893401015229,False
1041,"Li te di : Mwen pwomèt ou pou m beni ou , pou m ba ou anpil anpil pitit pitit .","Il a dit : Je promets de te bénir, de te donner une nombreuse descendance.","Il a dit : Je vous promets de vous bénir, pour moi de vous donner beaucoup de fils.",Je te promets de te bénir et de te donner une nombreuse descendance | Je promets de te bénir et de te donner une grande descendance,57.74647887323944,False
1042,Moun ki gen lespri yo pral klere tankou limyè nan syèl la . Moun ki te moutre jan pou moun mache dwat yo va klere tankou zetwal pou tout tan tout tan .,"Ceux qui sont sages brilleront comme l'éclat de l'immensité du ciel, et ceux qui ramènent les hommes à la droiture brilleront comme les étoiles, à jamais.",Les gens qui ont l'esprit ils vont briller comme la lumière du ciel . Les gens qui ont enseigné comment les gens marchent juste ils vont briller comme des étoiles pour toujours.,"Ceux qui sont sages resplendiront comme la lumière du ciel, et ceux qui guident les autres vers la justice brilleront comme les étoiles pour toujours | Les sages brilleront comme l’éclat du ciel, et ceux qui enseignent la droiture rayonneront comme les étoiles à jamais",67.48466257668711,False
1043,"Anvan tout lòt bagay, frè mwen yo, men sa ki enpòtan: Piga nou sèmante ni sou syèl la, ni sou latè a, ni sou tèt okenn lòt bagay. Yon sèl pawòl pou nou genyen: se wi, se non. Konsa nou p'ap tonbe anba jijman Bondye.","Avant tout, mes frères, ne jurez point, ni par le ciel, ni par la terre, ni par aucun autre serment, mais par votre oui et votre non, afin de ne pas tomber sous le jugement.","Tout d'abord, mon frère, mais ce qui est important: Bon, nous soyons commenté ou au-dessus du ciel, ni de la terre, ni de l'autre chose. Un mot que nous avons: oui, c'est le nom. Donc, nous ne sommes pas tombés sous le jugement de Dieu.","Avant tout, mes frères, ne jurez pas du tout : que votre oui soit oui et votre non, non, afin de ne pas tomber sous le jugement. | Mes frères, surtout, ne faites pas de serments : dites simplement oui ou non, pour ne pas être condamnés.",50.40650406504066,False
1044,"Nou pran tout lavil ki nan gwo platon sou tèt mòn yo , tout peyi Galarad la ak peyi Bazan an rive jouk Salka ak Edreyi , de lavil ki te pou Og , wa Bazan an .","Nous avons pris toutes les villes du haut plateau, tout Galaad et Bashan, jusqu'à Salecah et Edrei, les villes d'Og, roi de Bashan.","Nous prenons toutes les villes de grands plateaux sur les montagnes, tous les pays de la Galarade et le pays de Basan arrivent jusqu'à Salka et Edreyi, deux villes qui étaient à Og, le roi Basan.","Nous avons conquis toutes les villes de la région montagneuse, tout le Galaad et le Bashan, jusqu’à Salecah et Edrei | Nous avons pris toutes les villes du plateau, tout le Galaad et le Bashan, jusqu’à Salecah et Edrei",62.9737609329446,False
1045,"Abraram reponn li : Yo gen Moyiz ak pwofèt yo pou avèti yo , se pou yo koute yo .",Abraham lui répondit : « Ils ont Moïse et les prophètes ; qu'ils les écoutent. »,"Abraham lui répond : Ils ont des Moïse et leurs prophètes pour les avertir, qu'ils coûtent.",Ils ont Moïse et les prophètes ; qu’ils les écoutent. | Qu’ils écoutent Moïse et les prophètes.,64.19753086419753,False
1046,Wa David sanble tout moun li yo . Li chwazi chèf pou chak rejiman mil sòlda ak pou chak divizyon san sòlda .,Le roi David rassembla tout son peuple et nomma des chefs de milliers et des chefs de centaines.,Le roi David regarde son peuple. Il choisit le chef pour chaque légitime de milliers de soldats et par des divisions sans soldats.,Le roi David rassembla son peuple et nomma des chefs de mille et de cent | Le roi David réunit tout son peuple et établit des chefs de milliers et de centaines,57.14285714285714,False
1047,"Se sa k fè, nou menm, kit nou jwif, kit nou pa jwif, kit nou esklav, kit nou pa esklav, nou tout nou te resevwa batèm pou n te ka fè yon sèl kò ansanm, pa pouvwa yon sèl Lespri a. Nou tout nou te bwè nan yon sèl Lespri a.","Car c'est par un seul Esprit que nous avons tous été baptisés pour former un seul corps, Juifs ou Grecs, esclaves ou libres, et nous avons tous été abreuvés d'un seul Esprit.","C'est ce qu'on fait, on nous dit que nous juifs, qu'il nous soit pas juif, d'éclater, d'éclater en esclave, nous avons tous obtenu le baptême afin que nous puissions faire un corps ensemble, pas le pouvoir d'un esprit. Nous avons tous buté dans un seul esprit.","C’est ainsi que, nous tous, Juifs ou non-Juifs, esclaves ou libres, nous avons été baptisés pour ne faire qu’un seul corps, par un seul Esprit. Nous avons tous bu d’un seul Esprit. | Ainsi, nous avons tous été baptisés dans un même Esprit pour former un seul corps, que nous soyons Juifs ou Grecs, esclaves ou libres, et nous avons tous été abreuvés d’un seul Esprit.",62.72727272727272,False
1048,"Ekri tou sa ou wè a: ni sa k'ap pase kounyeya, ni sa ki gen pou rive apre.",Notez tout ce que vous voyez : ce qui se passe maintenant et ce qui se passera plus tard.,"Écrire tout ce que vous voyez: ni ce qui se passe maintenant, ni ce qui doit arriver après.",Notez tout ce que vous voyez : ce qui se passe maintenant et ce qui se passera plus tard. | Écrivez tout ce que vous voyez : ce qui se passe maintenant et ce qui arrivera ensuite.,84.26966292134833,True
1049,"Nou te gen espwa se li menm ki t'ap vin delivre pèp Izrayèl la . Men , jòdi a fè twa jou depi bagay sa yo pase .","Nous avions espéré que ce serait lui qui rachèterait Israël, mais aujourd'hui, cela fait trois jours que ces choses se sont produites.","Nous avons eu l'espoir, c'est le même livre d'Israël. Mais aujourd'hui fait trois jours depuis ces choses.","Nous espérions que c’était lui qui allait délivrer Israël, et voilà déjà trois jours que tout cela s’est passé | Nous avions mis notre espoir en lui pour libérer Israël, mais cela fait maintenant trois jours que ces événements ont eu lieu",63.20754716981132,False
1050,"Lè sa a , Pilat renmèt yo Jezi pou y'al kloure l sou yon kwa . Se konsa , yo pran Jezi , yo mennen l ale .",Pilate leur livra alors Jésus pour qu'il soit crucifié. Ils prirent donc Jésus et l'emmenèrent.,"Puis Pilates révèlent Jésus pour l'avoir crucifié sur une croix. Alors ils prennent Jésus, ils l'ont amené.",Pilate leur livra alors Jésus pour être crucifié. Ils prirent donc Jésus et l’emmenèrent. | Alors Pilate leur remit Jésus pour qu’il soit crucifié. Ils prirent Jésus et l’emmenèrent.,62.17616580310881,False
1051,"Lòt pitit Jakòb yo menm jete kò yo sou kadav yo , yo piye lavil la byen piye , paske moun lavil la te avili sè yo a .","Les autres fils de Jacob se jetèrent sur les cadavres et pillèrent la ville, parce que les hommes de la ville avaient profané leur sœur.","Les autres enfants de Jacob ont jeté leur corps sur leur corps, ils pimentent la ville, parce que la ville était l'avili soeur.","Les autres fils de Jacob se ruèrent sur les corps et mirent la ville à sac, car les habitants avaient déshonoré leur sœur | Les autres fils de Jacob fondirent sur les cadavres et pillèrent la ville, parce que les gens de la ville avaient souillé leur sœur",66.9291338582677,False
1052,"Men , nou pa menm kwè nan sa Moyiz te ekri a , kijan pou n'ta kwè nan sa m'ap di nou ?","Mais si vous ne croyez pas ce qu'a écrit Moïse, comment croirez-vous ce que je dis ?","Mais nous ne croyons pas dans ce que Moïse a écrit, comment croyez-vous dans ce que je vous dis ?","Mais si vous ne croyez pas à ce qu’a écrit Moïse, comment croirez-vous ce que je vous dis ? | Si vous ne croyez pas ce que Moïse a écrit, comment croirez-vous ce que je dis ?",84.0909090909091,True
1053,"Akimaz pwoche , li di wa a bonjou . Lèfini , li tonbe ajenou devan wa a , li bese tèt li jouk atè , li di : - Monwa , lwanj pou Seyè a , Bondye ou la , paske li lage tout moun ki te leve dèyè ou yo nan men ou !","Ahimaaz s'approcha et salua le roi. Puis il se prosterna face contre terre et dit : « Ô roi, béni soit l'Éternel, ton Dieu, qui a livré entre tes mains tous ceux qui se sont dressés contre toi ! »","L'Ammazie, il dit au roi de Dieu. L'aigle, il s'est avéré devant le roi, et a baissé jusqu'à l'enterrement et dit : - Monsieur, loué au Seigneur, votre Dieu, parce qu'il a sorti tout le monde qui se lève à vous dans votre main !","Ahimaaz s’approcha, salua le roi, puis se prosterna devant lui en disant : « Ô roi, loué soit l’Éternel, ton Dieu, qui a livré entre tes mains tous ceux qui s’étaient dressés contre toi ! » | Ahimaaz s’avança et salua le roi. Ensuite, il se jeta face contre terre et dit : « Mon roi, que l’Éternel, ton Dieu, soit béni, lui qui a mis tous tes ennemis entre tes mains ! »",51.26903553299492,False
1054,"lavil Esbon , lavil Jazè ansanm ak tout savann pou bèt yo .",Heshbon et Jazer avec leurs banlieues.,Les villes de Jazz et savanes pour les animaux.,Heshbon et Jazer avec leurs environs | Heshbon et Jazer et leurs alentours,53.191489361702125,False
1055,"Ou fè nou tounen yon depotwa , yon pil fatra nan mitan lòt nasyon sou latè yo .","Vous avez fait de nous une décharge, un dépotoir parmi les nations de la terre.","Vous nous renvoyez un gaspillage, une poubelle entre autres nations du monde.",Vous avez fait de nous un peuple méprisé parmi les nations | Vous avez fait de nous un objet de honte parmi les peuples de la terre,54.28571428571429,False
1056,"Nan de jou, se te fèt Pak ak fèt Pen San Ledven. Chèf prèt yo ak direktè lalwa yo t'ap chache okazyon arete Jezi san pesonn pa konn sa, pou fè touye li.","Or, c'était la Pâque et la fête des Pains sans levain, et les principaux sacrificateurs et les scribes cherchaient une occasion d'arrêter secrètement Jésus et de le mettre à mort.","En deux jours, il n'y a pas eu lieu et né le stylo San Ledven. Les dirigeants et les directeurs de la loi ont cherché l'occasion d'arrêter Jésus sans aucun doute, pour le tuer.","C’était la Pâque et la fête des pains sans levain ; les chefs des prêtres et les scribes cherchaient à arrêter Jésus en secret pour le faire mourir | C’était le temps de la Pâque et des pains sans levain, et les grands prêtres avec les scribes cherchaient une occasion d’arrêter Jésus discrètement afin de le mettre à mort",56.81818181818181,False
1057,"Lè li fin pale konsa , Pòl mete ajenou ansanm ak yo tout , epi li lapriyè .","Après avoir ainsi parlé, Paul s’agenouilla avec eux tous et pria.","Et quand il a parlé, Paul a mis l'argile avec eux tous, et il prit.","Après avoir parlé ainsi, Paul s’agenouilla avec eux tous et pria | Après ces paroles, Paul se mit à genoux avec eux tous et pria",66.11570247933885,False
1058,"Konnen sa byen : nou mouri deja , lavi nou kache ansanm ak Kris la nan Bondye .","Sachez-le bien : nous sommes morts, et notre vie est cachée avec le Christ en Dieu.","Savoir ce que c'est bien : nous sommes déjà morts, notre vie se cachée avec le Christ de Dieu.","Sachez-le bien : nous sommes déjà morts, et notre vie est cachée avec le Christ en Dieu. | Gardez-le bien à l’esprit : nous sommes morts, et notre vie est désormais cachée avec le Christ en Dieu.",85.71428571428572,True
1059,Bann je pete ! Kisa ki pi konsekan : ofrann lan osinon lotèl la kote yo mete ofrann lan apa pou Bondye ?,Ouvrez grand les yeux ! Qu'est-ce qui est le plus important : l'offrande ou l'autel où l'offrande est sanctifiée à Dieu ?,Banter des yeux ! Qu'est-ce que le plus commun : l'offre ou l'autel où ils mettent l'offre de sanctification ?,Ouvrez les yeux ! Qu’est-ce qui compte le plus : l’offrande ou l’autel qui la sanctifie ? | Ouvrez grand les yeux ! Qu’est-ce qui est le plus important : le don ou l’autel qui le rend sacré ?,66.33165829145729,False
1060,"Enben, Bondye ki konnen sa ki nan kè moun, li moutre nou ki jan li menm li asepte yo: li ba yo Sentespri menm jan li te fè l pou nou an.","Dieu, qui connaît le cœur, nous a montré comment il les a accueillis : il leur a donné le Saint-Esprit comme il l’a fait pour nous.","Donc Dieu sait ce qui est au cœur de l'homme, il nous dit comment il leur a accepté: il leur donne le Saint-Esprit comme il l'a fait pour nous.","Dieu, qui connaît les cœurs, nous a montré qu’il les a aussi accueillis : il leur a donné le Saint-Esprit comme à nous | Dieu, qui sonde les cœurs, a prouvé qu’il les avait acceptés en leur donnant le Saint-Esprit, tout comme à nous",62.83524904214559,False
1061,"Nou menm ki nan Kris la , nou te sikonsi tou , men se pa men lèzòm ki te sikonsi nou . Sikonsizyon pa nou an delivre nou anba kò peche a : se sa sikonsizyon Kris la ye .","En Christ, vous aussi êtes circoncis d’une circoncision non faite de mains humaines, par le dépouillement du corps du péché, par la circoncision de Christ.","Nous sommes même dans le Christ, nous avons également été circoncision, mais pas la menstrualité qui nous a été circoncision. La circoncision par nous est livrée sous le péché : c'est ce que la circoncision du Christ est .","En Christ, vous avez aussi reçu la circoncision, non faite par la main des hommes, par le dépouillement du corps du péché, c’est-à-dire la circoncision du Christ. | En union avec le Christ, vous avez également été circoncis d’une circoncision qui n’est pas l’œuvre des hommes, par le rejet du corps du péché : telle est la circoncision du Christ.",61.69154228855722,False
1062,"Menm jan nou fè yonn ak li paske nou te mouri yon jan tankou li menm li te mouri a , konsa tou n'a fè yonn avè li , paske n'a leve sòti vivan nan lanmò tankou l tou .","Car si nous avons été unis à lui par une mort semblable à la sienne, nous le serons aussi par une résurrection semblable à la sienne.","Comme nous l'avons fait un et parce que nous l'avons tué un peu comme il l'a vu, et je ne suis pas un avec elle, parce que vous vieillissez dans la mort comme elle aussi.","Car si nous avons été unis à lui dans une mort semblable à la sienne, nous le serons aussi dans une résurrection semblable à la sienne | Puisque nous avons partagé sa mort, nous partagerons aussi sa résurrection",50.0,False
1063,Seyè a kanpe nan kay ki apa pou li a . Se pou tout moun sou latè pe bouch devan li .,Le Seigneur est dans son saint temple ; que toute la terre garde le silence devant lui.,Le Seigneur se tient à la maison sa sanctifiée. Celui qui est sur la terre de la lèvre devant elle.,Le Seigneur est dans son saint temple ; que toute la terre se taise devant lui | Le Seigneur est dans son temple saint ; que toute la terre fasse silence devant lui,65.14285714285715,False
1064,"Kilès ki wa ki gen pouvwa sa a ? Se Seyè ki chèf lame zanj yo , se li menm ki wa ki gen pouvwa a .",Qui est ce roi puissant ? Le Seigneur des armées est le roi puissant.,"Qui est le roi qui a ce pouvoir ? C'est le Seigneur de l'armée des anges, il est le même roi du pouvoir.","Qui est ce roi tout-puissant ? Le Seigneur des armées est ce roi puissant. | Qui est ce roi puissant ? Le Seigneur des armées, chef des armées célestes, est le roi puissant.",65.99999999999999,False
1065,Tout lavil sa yo ak tout ti bouk ki te sou lòd yo te nan pòsyon tè yo te bay moun branch fanmi Isaka yo pou yo separe bay chak fanmi pa yo .,"Toutes ces villes et leurs villages faisaient partie de l'héritage de la tribu d'Issacar, selon leurs familles.",Toutes ces villes et villes qui ont été sur commandementées dans les portions terriennes ont donné aux membres de la famille d'Hisaka à se séparer de chaque famille.,"Toutes ces villes et leurs villages faisaient partie de l’héritage de la tribu d’Issacar, selon leurs familles. | Toutes ces villes et leurs villages relevaient du patrimoine de la tribu d’Issacar, réparti entre leurs familles.",54.67625899280575,False
1066,"Yo rele apòt yo ankò. Yo fè yo bat yo byen bat, yo pase yo lòd pou yo pa pale nan non Jezi ankò. Apre sa yo lage yo.","Ils firent de nouveau venir les apôtres, les fouettèrent et leur ordonnèrent de ne plus parler au nom de Jésus, puis les relâchèrent.","Ils appellent les apôtres à nouveau. Ils ont fait leur battre, ils ont réussi à ne pas parler au nom de Jésus à nouveau. Et ils leur sont libérés.","Ils firent revenir les apôtres, les firent fouetter et leur interdirent de parler au nom de Jésus, puis les relâchèrent | Ils rappelèrent les apôtres, les battirent à coups de fouet, leur ordonnèrent de ne plus parler de Jésus, puis les laissèrent partir",58.273381294964025,False
1067,"Moun Filisti yo tande rèl la , yo di : - Pouki tout gwo rèl sa a nan kan moun Izrayèl yo ? Lè yo vin konnen se Bwat Kontra Seyè a ki te rive nan kan an ,","Lorsque les Philistins entendirent le bruit du cri, ils dirent : « Que signifie ce grand cri dans le camp d’Israël ? » Lorsqu’ils comprirent que l’arche de l’alliance du Seigneur était entrée dans le camp,","Les Philistins entendent la pleure, disant : - Que ce soit toutes les grandes cris du camp d'Israël ? Quand ils viennent savoir est l'Arche de l'Arche du Seigneur qui est arrivé au camp,","Les Philistins entendirent ce grand cri et demandèrent ce qui se passait dans le camp d’Israël. | Quand ils apprirent que l’arche de l’alliance du Seigneur était arrivée dans le camp,",66.66666666666667,False
1068,"Lapriyè Bondye pou jou n'a gen pou n kouri a pa rive ni nan tan fredi, ni yon jou saba.",Priez Dieu pour que le jour où nous devrons fuir n'arrive ni en hiver ni un jour de sabbat.,La Bible en Francais et en Créole Haitien _ FouyeBible,Priez Dieu que notre fuite n’ait lieu ni en hiver ni un jour de sabbat | Demandez à Dieu que le jour où nous devrons fuir ne tombe ni en hiver ni un jour de sabbat,48.14814814814815,False
1069,"Koulye a , nou fè lide vin kraze otorite Seyè a te mete nan men fanmi David la , tou sa paske nou gen avèk nou yon gwo lame ak tout estati towo bèf an lò Jewoboram te fè pou sèvi nou bondye a .","Maintenant, vous projetez de transgresser la loi du Seigneur qui a été donnée à la maison de David, alors même que nous avons avec nous une grande armée et tous les veaux d'or que Jéroboam a faits pour nous.","Maintenant, nous avons l'idée de briser l'autorité du Seigneur a été mis en place par la famille de David, tout cela parce que nous avons avec nous une grande armée et le statut de vache d'or Jewoboram a fait de nous servir le dieu.","Vous voulez maintenant vous opposer à l’autorité que le Seigneur a donnée à la maison de David, alors que nous avons une grande armée et les veaux d’or que Jéroboam a faits pour nous. | Maintenant, vous envisagez de braver l’autorité du Seigneur donnée à la maison de David, alors que nous disposons d’une grande armée et des veaux d’or fabriqués par Jéroboam pour notre culte.",63.67924528301887,False
1070,"Se pou benediksyon Jezikri , Senyè nou an , toujou la avèk nou tout .",Que la bénédiction de notre Seigneur Jésus-Christ soit avec vous tous.,"C'est la bénédiction de Jésus-Christ, notre Seigneur, toujours là avec nous tous.","Que la grâce de Jésus-Christ, notre Seigneur, soit toujours avec nous tous | Que la bénédiction de notre Seigneur Jésus-Christ demeure avec nous tous",81.29032258064515,True
1071,"Poukisa ? Paske nou konnen lè n'ap soufri sa fè nou gen pasyans . Lè nou gen pasyans konsa , sa ban nou kouray pou nou soufri . Plis nou gen kouray , se plis nou gen espwa .","Pourquoi ? Parce que nous savons que la souffrance engendre la patience. Et cette patience nous donne la force de souffrir. Plus nous avons de force, plus nous avons d'espoir.","Pourquoi ? Parce que nous savons quand vous souffrez de ce que nous avons patience. Et quand nous avons patience, ce qui nous donne des pulvérisations pour vous souffrez . Plus nous avons des cours d'énergie, c'est plus nous avons l'espoir.","Pourquoi ? Parce que la souffrance produit la patience. Et la patience nous donne la force d’endurer. Plus nous avons de force, plus nous avons d’espoir. | Pourquoi ? Parce que l’épreuve fait naître la patience. Et cette patience nous donne le courage de tenir bon. Plus nous avons de courage, plus nous avons d’espérance.",66.15776081424936,False
1072,"Sipoze gen yon frè osinon yon sè ki toutouni , ki pa manje kont li chak jou ,","Imaginez un frère ou une sœur nu(e), qui n'a pas assez à manger chaque jour,","Supposons qu'il ya un frère ou une sœur nue, qui ne mange pas contre elle tous les jours,","Imaginez un frère ou une sœur démuni(e), qui manque de nourriture au quotidien | Supposons qu’un frère ou une sœur soit dans le besoin, sans quoi se nourrir chaque jour",63.63636363636363,False
1073,"Nou wè tout bagay sa yo , yon jou , p'ap gen de wòch k'ap kanpe yonn sou lòt . Tou sa pral kraze nèt vide atè .","Nous voyons toutes ces choses, mais un jour, il ne restera plus deux pierres les unes sur les autres. Tout sera complètement détruit et réduit en miettes.","On verra toutes ces choses, un jour, et il y aura deux pierres qui se situent sur l'autre . Tout ce sera complètement drainé.","Un jour, tout sera rasé de fond en comble. | Un jour, il ne restera rien debout, tout sera détruit.",51.61290322580645,False
1074,"Se konsa , mwen pat kapab tann ankò . Mwen pran desizyon rete pou kont mwen lavil Atèn .",Je ne pouvais donc plus attendre. J'ai décidé de rester seule à Athènes.,Je ne peux plus attendre . Je prends des décisions de rester seul Athènes.,Je n’en pouvais plus d’attendre. J’ai décidé de rester seule à Athènes. | Je ne pouvais plus patienter. J’ai choisi de rester seule à Athènes.,74.48275862068965,False
1075,"Si tout kò a te yon grenn je, ki jan l ta ka tande? Si l te yon zòrèy, ki jan l ta ka pran sant?","Si le corps entier était un œil, comment pourrait-il entendre ? S'il était une oreille, comment pourrait-il sentir ?","Si tout le corps était un œil, comment pourrait-il entendre? Si elle était une oreille, comment pourrait-elle se sentir?","Si tout le corps n’était qu’un œil, comment pourrait-il entendre ? | Si tout le corps n’était qu’une oreille, comment pourrait-il sentir ?",80.0,True
1076,( we vèsè pwochen ),(voir le verset suivant),( we verset suivant ),voir le verset suivant | voir le verset ci-dessous,85.71428571428572,True
1077,"Jou ki fè Noe sisanzan ( 600 an ) , yon mwa , disèt jou , tout sous nan fon lanmè a pete . Syèl la menm louvri , li konmanse vide dlo sou tè a .","La six centième année de la vie de Noé, le dix-septième jour du mois, toutes les sources de l'abîme jaillirent, les cieux s'ouvrirent et les eaux se répandirent sur la terre.","Le jour de Noe six ans ( 600 ans ) , un mois, dix jours, toutes les sources de la mer se propage . Le ciel même ouvert et commence à verser l'eau sur la terre.","Au six centième anniversaire de Noé, le 17e jour du mois, les sources du grand abîme se sont ouvertes et les cieux ont déversé leurs eaux sur la terre | Le jour où Noé eut six cents ans, le 17e jour du mois, les fontaines de l’abîme jaillirent et le ciel s’ouvrit pour inonder la terre",57.0446735395189,False
1078,"Li travay kat kòn sou kat kwen lòtèl la . Kòn yo te fè yon sèl pyès ak lòtèl la . Apre sa , li kouvri tout ak kwiv .","Il lui fit des cornes à ses quatre coins. Ces cornes étaient d'une seule pièce avec le corps, et il les recouvrit de bronze.",Il travaille quatre cônes sur quatre coins de l'autre. Les cônes ont fait une seule pièce et l'autre. Et il couvre tous avec le cuivre.,Il lui fit quatre cornes aux angles | Il lui ajouta quatre cornes aux coins et les recouvrit de bronze,53.25443786982249,False
1079,"Li pa pwofite sou pesonn , li pa bay pesonn koutba , li renmèt garanti moun te ba li pou lajan li prete yo . Li bay moun ki grangou yo manje , li bay moun ki toutouni yo rad pou mete sou yo .","Il n'a opprimé personne, il n'a opprimé personne, il a rendu l'argent qu'il avait emprunté, il a donné à manger aux affamés et des vêtements aux nus.","Il n'a pas profité de personne, il n'a pas donné à personne d'autre, et a renoncé à ceux qui lui ont donné de l'argent qu'il emprunt. Il donne aux gens de la faim de manger, il donne aux gens nuits à leur porter.","Il n’a fait de tort à personne, il a remboursé ses dettes, il a nourri les affamés et vêtu les nus | Il n’a lésé personne, il a honoré ses engagements, il a donné à manger aux affamés et des habits aux démunis",50.79365079365079,False
1080,mwen pa janm sispann di Bondye mèsi pou nou . Mwen toujou chonje nou lè m'ap lapriyè .,"Je ne cesse de remercier Dieu pour toi, et je te porte toujours dans mes prières.",je n'ai jamais cessé de dire à Dieu pour nous . Je vous souviens quand je prie .,"Je rends toujours grâce à Dieu pour vous, et je vous garde dans mes prières. | Je ne manque jamais de remercier Dieu pour vous, et je pense à vous dans mes prières.",63.74999999999999,False
1081,"Moun k'ap pale langay , se ak Bondye y'ap pale . Yo p'ap pale ak moun . Pèsonn pa ka konprann yo . Avèk pouvwa Sentespri a , yo di yon bann verite ki rete kache pou tout moun .","Ceux qui parlent en langues parlent à Dieu. Ils ne parlent pas aux hommes. Personne ne peut les comprendre. Par la puissance du Saint-Esprit, ils révèlent de nombreuses vérités qui demeurent cachées à tous les hommes.",La Bible en Francais > Le livre de Nombres > La Bible en Francais et en Créole Haitien _ FouyeBible,"Ceux qui parlent en langues s’adressent à Dieu, pas aux hommes. Personne ne les comprend. Par la puissance du Saint-Esprit, ils révèlent des vérités cachées à tous. | Parler en langues, c’est parler à Dieu et non aux hommes. Nul ne peut les comprendre. Grâce au Saint-Esprit, ils dévoilent des vérités secrètes à tous.",44.44444444444444,False
1082,"Lè yo rive Pòtay Fontenn dlo a , yo moute dwat devan yo , yo pran macheskalye ki mennen nan lavil wa David la , yo pase sou kote palè David la , yo moute sou tèt miray la ankò jouk yo rive Pòtay Dlo yo bò solèy leve .","Arrivés à la Porte de la Fontaine, ils montèrent tout droit, prirent les marches qui mènent à la Cité de David, passèrent devant le palais de David et remontèrent sur le mur jusqu'à la Porte de l'Eau à l'est.","Quand ils arrivent à la porte de la fontaine de l'eau, ils tombent vers leur droite, ils prennent des escaliers qui conduisent à la ville du roi de David, ils passent sur le côté de la palais de David, ils tombent sur le dessus de la paroi jusqu'à ce qu'ils arrivent des portes d'eau à l'est.","Arrivés à la porte de la Fontaine, ils montèrent tout droit, prirent les marches menant à la cité de David, passèrent devant le palais de David et remontèrent sur la muraille jusqu’à la porte de l’Eau, à l’est | Une fois parvenus à la porte de la Fontaine, ils prirent la montée directe, empruntèrent les degrés vers la cité de David, passèrent devant le palais de David puis regagnèrent la muraille jusqu’à la porte de l’Eau, du côté est",62.6746506986028,False
1083,Moun ki t'ap gade kochon yo pran kouri . Yo gaye nouvèl la nan lavil la kou andeyò . Moun sòti toupatou vin wè sa k te rive .,Les porchers s'enfuirent et répandirent la nouvelle dans toute la ville et la campagne environnante. Des gens de partout accoururent pour voir ce qui s'était passé.,Les gens ont regardé les porcs en cours d'exécution . Ils ont diffusé les nouvelles de la ville de cours à l'extérieur . Les gens viennent partout voir ce qui est arrivé.,"Les gardiens de porcs prirent la fuite et la nouvelle se répandit partout en ville et dans les environs. Des gens accoururent de partout pour voir ce qui s’était passé | Les porchers s’enfuirent, et la rumeur se propagea dans toute la ville et la campagne. Tout le monde vint voir ce qui était arrivé",57.57575757575757,False
1084,"Yo fè nou pase pou moun pèsonn pa konnen , epoutan yo konnen nou byen pwòp . Yo pran nou pou moun mouri , men nou byen vivan . Nou pran anpil kou , men nou pa mouri .","Ils font semblant d'être des étrangers, pourtant ils savent que nous sommes intègres. Ils nous croient morts, mais nous sommes vivants. Nous sommes battus, mais nous ne mourons pas.","On nous fait passer à personne personne ne sait pas, les époutants nous savent bien. Ils nous emmènent pour les morts, mais nous vivons bien. Nous prenons beaucoup de cours, mais nous ne sommes pas morts.","Ils font comme s’ils ne nous connaissaient pas, mais ils savent très bien qui nous sommes. Ils nous croient morts, mais nous sommes bien vivants. On nous frappe, mais on ne meurt pas | Ils nous prennent pour des inconnus, pourtant ils nous connaissent parfaitement. Ils nous pensent morts, mais nous sommes toujours vivants. On encaisse les coups, mais on ne meurt pas",60.41666666666667,False
1085,"Koute byen wi , si nou gen zòrèy pou tande !","Écoutez attentivement, si vous avez des oreilles pour entendre !","Écoutez bien, si nous avons des oreilles pour entendre !","Écoutez bien, si vous avez des oreilles pour entendre ! | Faites attention, si vous avez des oreilles pour entendre !",93.69369369369369,True
1086,"Lafimen lansan li t'ap boule a pran moute nan men zanj ki te devan Bondye a , ansanm ak lapriyè pèp Bondye a.","La fumée de l'encens qui brûlait s'élevait de la main de l'ange qui se tenait devant Dieu, mêlée aux prières du peuple de Dieu.","Fumer l'encens qu'il brûle en prenant des anges qui étaient devant Dieu, et prier le peuple de Dieu.","La fumée de l’encens montait de la main de l’ange devant Dieu, avec les prières du peuple de Dieu | La fumée de l’encens s’élevait de la main de l’ange qui se tenait devant Dieu, en même temps que les prières du peuple de Dieu",64.9746192893401,False
1087,"Yo touye senk wa moun Madyan yo : Evi , Rekèm , Zou , Our ak Reba . Yo touye Balaram , pitit Beyò a , tou .","Ils tuèrent les cinq rois de Madian : Évi, Rékem, Tsur, Hur et Réba. Ils tuèrent également Balaam, fils de Béor.","Ils ont tué le cinquième roi des Madyan : Evi, Rectième, Zoo, Our et Reba. Ils ont tué le fils de Balaram, aussi.","Ils ont mis à mort les cinq rois de Madian : Évi, Rékem, Tsur, Hur et Réba. Ils ont aussi tué Balaam, fils de Béor. | Ils ont exécuté les cinq rois de Madian : Évi, Rékem, Tsur, Hur et Réba, ainsi que Balaam, fils de Béor.",70.04608294930877,False
1088,"Lè y'ap rale zòrèy nou, sa fè nou pi tris pase sa fè nou kontan. Men pita, moun ki soti byen pare, apre tout egzèsis sa yo, yo pral mennen yon lavi dwat ak kè poze.","Les reproches nous attristent plus qu'ils ne nous réjouissent. Mais ceux qui, après avoir bien préparé ces épreuves, mèneront une vie juste et paisible.","Lorsque vous tirez nos oreilles, ce qui nous rend plus triste que ce qui nous rend heureux. Mais plus tard, ceux qui sont bien prêts, après toutes ces exercices, ils conduira une bonne vie et la paix.",Les reproches nous peinent plus qu’ils ne nous réjouissent. | Mais ceux qui se seront bien préparés à ces épreuves mèneront une vie juste et paisible.,54.18060200668897,False
1089,"Se pou yo di Seyè a mèsi pou jan li pa janm sispann renmen yo , pou bèl bagay Bondye fè pou moun .","Qu’ils rendent grâce au Seigneur pour son amour indéfectible à leur égard, pour les merveilles que Dieu a accomplies pour l’humanité.","Laissez-vous dire le Seigneur merci pour la façon dont il n'a jamais cessé d'adorer , pour la merveilleuse chose de Dieu pour les hommes.","Qu’ils remercient le Seigneur pour son amour fidèle envers eux, pour les merveilles qu’il a faites pour les hommes | Qu’ils rendent grâce au Seigneur pour son amour sans faille à leur égard, pour les prodiges accomplis pour l’humanité",60.55776892430279,False
1090,"Pandan n'ap viv ansanm ak Kris la, Bondye fè nou rich nèt, li ban nou tout kalite kado: kado sa yo penmèt nou preche pawòl la tout jan epi yo ban nou anpil konesans.","En Christ, Dieu nous a comblés de tous dons, nous permettant de proclamer la parole dans toute sa plénitude et d'accroître notre connaissance.","Alors que vous vivez avec le Christ, Dieu nous fait riches, il vous donne tous les types de cadeaux: Ces cadeaux nous promets de prêcher le mot tout comme et nous donner beaucoup de connaissances.","En Christ, Dieu nous a comblés de toutes sortes de dons, nous permettant d’annoncer pleinement sa parole et d’approfondir notre connaissance | En vivant avec le Christ, Dieu nous a enrichis de nombreux dons, qui nous aident à proclamer sa parole dans toute sa richesse et à grandir en connaissance",58.11965811965811,False
1091,"Domestik yo ale nan tout granchemen , yo sanble tout moun yo jwenn , ni move ni bon . Konsa , kote yo t'ap fè nòs la te plen moun .","Les serviteurs se rendirent sur toutes les routes, rassemblant tous ceux qu'ils trouvèrent, bons et mauvais. Ainsi, le lieu des noces fut rempli de monde.","Les Domestiques iront à tout grand nombre, ils semblent tout le monde à trouver, ni mauvais ni mauvais. Donc, où ils ont fait l'épidélité de toute personne.","Les serviteurs allèrent sur tous les chemins et rassemblèrent tous ceux qu’ils rencontrèrent, bons comme mauvais. Ainsi, la salle des noces fut pleine de monde. | Les domestiques parcoururent toutes les routes pour réunir tous ceux qu’ils trouvèrent, qu’ils soient bons ou mauvais. Le lieu du mariage était alors bondé.",51.92307692307692,False
1092,"Salomon te renmen ak anpil fanm ki moun lòt nasyon . San konte pitit fi wa peyi Lejip la , li te gen fanm ki soti nan peyi Moab , nan peyi Amon , nan peyi Edon , nan peyi Sidon ak nan peyi Et .","Salomon aimait beaucoup de femmes étrangères, notamment la fille du roi d'Égypte, des femmes de Moab, d'Ammon, d'Édom, de Sidon et des femmes hittites.","Salomon a aimé avec de nombreuses femmes d'autres nations. En plus de la fille royale de l'Égypte, elle avait des femmes de Moab, en Amon, en Édon, en sud-est et en pays et.","Salomon aimait beaucoup de femmes étrangères, notamment la fille du roi d'Égypte, des femmes de Moab, d’Ammon, d’Édom, de Sidon et des Hittites. | Salomon avait de nombreuses femmes étrangères, dont la fille du roi d’Égypte, ainsi que des femmes de Moab, d’Ammon, d’Édom, de Sidon et des Hittites.",68.11145510835914,False
1093,"Sa m'ap di nou la a , se vre wi : Nan tout moun ki fèt sou latè pa gen yonn ki pi konsekan pase Jan Batis . Malgre sa , moun ki pi piti nan Peyi Wa ki nan syèl la , pi konsekan pase l .","En vérité, je vous le dis, parmi ceux qui sont nés de femmes, il n'y en a pas eu de plus grand que Jean-Baptiste. Cependant, le plus petit dans le royaume des cieux est plus grand que lui.","Je vous dis ici, bien sûr, dans tout le monde n'a pas un plus convoqué que Jean-Baptiste. En dépit de cela, le plus petit du royaume du ciel, au moins.","En vérité, je vous le dis, parmi les hommes, il n’y en a pas eu de plus grand que Jean-Baptiste. Pourtant, le plus petit dans le royaume des cieux est plus grand que lui. | Je vous le dis en vérité : de tous ceux qui sont nés de femme, nul n’a été plus grand que Jean-Baptiste. Mais le plus petit dans le royaume des cieux est plus grand que lui.",63.576158940397356,False
1094,"Tansèlman , Ezekyas ansanm ak moun lavil Jerizalèm yo rekonèt fòt yo apre sa . Depi lè sa a , Seyè a pa move sou yo ankò jouk jou Ezekyas mouri .","Mais Ézéchias et les habitants de Jérusalem se repentirent, et la colère de l'Éternel se détourna d'eux jusqu'au jour de la mort d'Ézéchias.","Tansèlement, Ezekyas et Jérusalem pour reconnaître leur faute après cela . Puis le Seigneur n'est pas mal à nouveau jusqu'à ce jour Ezekyas meurt.","Mais Ézéchias et les habitants de Jérusalem se repentirent, et la colère du Seigneur se détourna d’eux jusqu’à la mort d’Ézéchias | Ézéchias et les habitants de Jérusalem reconnurent leur faute, et le Seigneur cessa de s’irriter contre eux jusqu’au jour de la mort d’Ézéchias",58.7360594795539,False
1095,"Travay di fè ou grannèg . Men , parese fè ou rete ak moun .","Le travail acharné vous rend exceptionnel, mais la paresse vous fait rester parmi les mêmes personnes.",Le travail dit que vous êtes grand. Mais paresseux de vous faire rester avec les hommes.,"Le travail acharné vous élève, tandis que la paresse vous maintient dans la même situation. | Le travail assidu fait de vous quelqu’un d’exceptionnel, alors que la paresse vous laisse au même niveau que les autres.",60.0,False
1096,"Se sa k fè , moun k'ap viv dapre lide ki nan lemonn lan , avèk tout bon konprann yo , yo pa kapab rekonèt Bondye kote Bondye ap fè wè bon konprann li . Se poutèt sa , Bondye deside delivre tout moun ki kwè nan pawòl moun fou n'ap anonse a.","Car puisque la sagesse de Dieu, qui est dans la sagesse du monde, ne connaissait pas Dieu, il a plu à Dieu de sauver ceux qui croient à la folie de ce que nous prêchons.","C'est ce qui rend, qui vit selon l'idée du monde, avec toutes les sages, ils ne sont pas en mesure de reconnaître Dieu où Dieu va voir sa sagesse. Par conséquent, Dieu décide de livrer à tous ceux qui croient dans le mot fou et vous annoncera.","C’est pourquoi, puisque la sagesse du monde n’a pas connu Dieu, Dieu a voulu sauver ceux qui croient au message que nous annonçons, même s’il paraît fou | Ainsi, la sagesse humaine n’ayant pas reconnu Dieu, il a décidé de sauver ceux qui mettent leur foi dans la folie de notre prédication",50.94850948509485,False
1097,"Nan fon kè m , mwen jwenn tout plezi m nan lalwa Bondye a .","Au plus profond de mon cœur, je trouve ma joie dans la loi de Dieu.","Dans mon cœur, je reçois tout mon plaisir dans la loi de Dieu.","Au fond de mon cœur, je prends plaisir à la loi de Dieu. | Dans le plus profond de mon cœur, la loi de Dieu fait toute ma joie.",74.57627118644068,False
1098,"Depi lè sa a , Jezi konmanse pale aklè ak disip li yo , li di : — Fòk mwen moute lavil Jerizalèm . Fòk mwen soufri anpil nan men chèf fanmi yo , nan men chèf prèt yo , nan men dirèktè lalwa yo . Y'ap fè yo touye mwen . Men , sou twa jou , mwen gen pou m leve sòti vivan nan lanmò .","À partir de ce moment-là, Jésus commença à parler ouvertement à ses disciples, disant : « Il faut que je monte à Jérusalem et que je souffre beaucoup de la part des anciens, des chefs des prêtres et des scribes ; ils me feront mourir, et après trois jours je ressusciterai d’entre les morts. »","Depuis lors, Jésus a commencé à parler avec ses disciples, il dit : — Fok je monte à Jérusalem . Monoch a souffert de nombreux chefs de leurs familles, de leurs prédécesseurs, de leur droit directrice. Je vais me tuer . Mais au cours de trois jours, je dois soulever de la mort.","À partir de ce moment, Jésus se mit à parler franchement à ses disciples : « Il faut que j’aille à Jérusalem, que je souffre beaucoup de la part des anciens, des chefs des prêtres et des scribes ; ils vont me faire mourir, mais au bout de trois jours, je ressusciterai. » | Dès lors, Jésus commença à parler ouvertement à ses disciples : « Je dois monter à Jérusalem, y endurer bien des souffrances de la part des anciens, des chefs des prêtres et des scribes ; ils me feront mourir, puis, trois jours après, je reviendrai à la vie. »",60.966542750929364,False
1099,Seyè a di Moyiz : - Ale bò kote pèp la . Fè yo pran jounen jòdi a ak jounen denmen an pou yo mete yo nan kondisyon pou fè sèvis pou mwen . Se pou yo lave rad yo .,L’Éternel dit à Moïse : « Va vers le peuple et consacre-les aujourd’hui et demain. Qu’ils lavent leurs vêtements. »,L'Éternel dit à Moïse : - Aller à côté du peuple . Faites-le jour aujourd'hui et le lendemain pour les mettre en condition de faire des services pour moi. C'est pour se laver les vêtements.,L’Éternel dit à Moïse : « Va vers le peuple et prépare-les aujourd’hui et demain pour qu’ils se consacrent à moi. Qu’ils lavent leurs vêtements. » | Le Seigneur dit à Moïse : « Va trouver le peuple et mets-le à part aujourd’hui et demain pour qu’il se prépare à me servir. Qu’ils lavent leurs vêtements. »,65.46546546546547,False
1100,"Se sou baz travay prèt ras Levi yo Bondye te bay pèp Izrayèl la lalwa Moyiz la . Si travay prèt ras Levi yo te yon travay ki te bon nèt , pa ta gen nesesite menm pou yon lòt prèt ki menm jan ak Mèlkisedèk men ki pa menm jan ak Arawon ta vini .","C’est par le sacerdoce lévitique que Dieu a donné la loi à Israël. Si le sacerdoce lévitique avait été parfait, il n’aurait pas été nécessaire qu’un autre prêtre apparaisse selon l’ordre de Melchisédek mais pas selon celui d’Aaron.","C'est sur la base de travail prêtre que Dieu a donné Israël la loi de Moïse. Si le travail prêtre de la race de Lévi était un travail parfait, il n'y aurait même pas besoin d'un autre prêtre similaire à celui de Melkiséck mais qui n'est pas similaire à l'Aaron venait .","C’est par le sacerdoce lévitique que Dieu a donné la loi à Israël. Si ce sacerdoce avait été parfait, il n’aurait pas été nécessaire qu’un autre prêtre vienne, à la manière de Melchisédek et non d’Aaron. | C’est grâce au sacerdoce lévitique que Dieu a donné la loi à Israël. Si ce sacerdoce avait été pleinement accompli, il n’aurait pas fallu qu’apparaisse un autre prêtre, selon l’ordre de Melchisédek et non celui d’Aaron.",58.62785862785862,False
1101,"Yo fè nou anpil kado. Lè pou n anbake menm, yo ban nou tou sa nou te bezwen pou vwayaj la.","Ils nous ont offert de nombreux cadeaux. Au moment du départ, ils nous ont fourni tout le nécessaire pour le voyage.","Ils nous font beaucoup de cadeaux. Quand nous expédions, ils nous ont donné tout ce dont nous avons besoin pour le voyage.","Ils nous ont fait beaucoup de cadeaux. Au départ, ils nous ont tout donné pour le voyage. | Ils nous ont offert de nombreux présents et nous ont tout fourni pour partir.",73.93364928909952,False
1102,"Lè sa mache pou moun serye yo , tout moun lavil la gen kè kontan . Konsa tou , lè mechan yo mouri , se kontantman pou tout moun .","Quand les justes prospèrent, toute la ville se réjouit ; mais quand les méchants meurent, tous se réjouissent.","Et puis marcher pour les gens fiables, tout le monde de la ville est heureux . Ainsi, quand les méchants sont morts, le bonheur pour tout le monde.","Quand les gens honnêtes réussissent, toute la ville est en joie ; quand les méchants disparaissent, tout le monde se réjouit | Quand les justes prospèrent, la cité entière se réjouit ; et quand les méchants meurent, c’est la joie générale",59.23076923076923,False
1103,"Si se moun nou konnen k'ap renmèt nou nou prete sèlman, ki benediksyon pou nou tann pou sa? Mechan yo tou, yo prete mechan parèy yo ki kapab renmèt yo sa yo te prete yo a san mank.","Si nous n'empruntons qu'à ceux que nous connaissons, quel bienfait pouvons-nous en espérer ? Même les méchants prêtent à leurs semblables, qui sauront assurément les rembourser.","Si quelqu'un que nous savons que nous empruntons seulement, qui est bénéfique pour vous d'attendre? Les mécanismes aussi, ils empruntent leur voisin qui peut remettre ces emprunts sans manque.","Si nous ne prêtons qu’à ceux que nous connaissons, quel mérite y a-t-il ? | Si nous n’empruntons qu’à nos proches, quel bien en attendre ?",54.85232067510548,False
1104,"Se konsa wi: Se pa moun k'ap fè lwanj tèt yo ki bon pou travay la, men se moun Senyè a rekòmande ki bon pou travay la.","Ce ne sont donc pas ceux qui se recommandent eux-mêmes qui sont qualifiés pour l'œuvre, mais ceux qui sont approuvés par le Seigneur.","Bien sûr, les gens ne sont pas des éloges qui sont bons pour le travail, mais le Seigneur recommande le bon pour le travail.","Ce ne sont pas ceux qui se vantent eux-mêmes qui sont aptes à la tâche, mais ceux que le Seigneur approuve | Ce ne sont pas les gens qui s’autoproclament qui sont dignes de cette œuvre, mais ceux que le Seigneur recommande",58.091286307053934,False
1105,"Non , nou fèt pou nou bon nèt , menm jan Bondye Papa nou ki nan syèl la bon nèt .","Non, nous devons être parfaits, tout comme notre Père céleste est parfait.","Non, nous ne sommes pas parfait, comme Dieu notre Père céleste.","Non, nous devons être parfaits, comme notre Père céleste est parfait. | Non, il faut que nous soyons parfaits, tout comme notre Père céleste est parfait.",80.67226890756302,True
1106,"Apre sa , yo sòti kite sinagòg la , y'ale ansanm ak Jak ak Jan lakay Simon ak Andre .",Et ils quittèrent la synagogue et allèrent avec Jacques et Jean chez Simon et André.,"Et ils ont quitté le synagogue, et ils ont rejoint James et Jean Simon et Andrew.","Ils quittèrent la synagogue et se rendirent chez Simon et André avec Jacques et Jean | Après cela, ils sortirent de la synagogue et allèrent avec Jacques et Jean chez Simon et André",69.1358024691358,False
1107,"Yo krache sou li, yo pran wozo a, yo ba l kou nan tèt.","Ils lui crachèrent dessus, prirent le roseau et le frappèrent à la tête.","Ils crachent à ce sujet, ils ont pris le haut, ils lui donnent bien sûr.",Ils l’ont humilié et frappé | Ils l’ont insulté et roué de coups,50.45045045045045,False
1108,"Paske yo menm ki sikonsi , yo pa fè tou sa lalwa mande . Men , yo vle nou sikonsi pou yo ka fè grandizè pou jan yo te fè nou asepte mak sa a nan kò nou .","Car même ceux qui sont circoncis n'observent pas la loi, mais ils veulent que vous soyez circoncis afin de pouvoir se vanter de la marque qu'ils ont apposée sur votre corps.","Parce qu'ils ont circoncision, ils ne le font pas tout ce que la loi est demandée. Mais ils veulent que nous circoncision pour pouvoir se vanter de ce qu'ils nous ont accepté cette marque dans notre corps.","Car même les circoncis n’observent pas la loi, mais ils veulent vous faire circoncire pour pouvoir se glorifier de la marque qu’ils ont mise sur votre corps. | Même ceux qui sont circoncis n’obéissent pas à la loi ; ils veulent pourtant que vous soyez circoncis afin de se vanter de cette marque sur votre corps.",63.63636363636363,False
1109,"Apre sa , Moyiz mete lanp sèt branch lan nan Tant Randevou a , sou bò sid tant lan anfas tab la .","Moïse plaça ensuite le chandelier dans la Tente de la Rencontre, du côté sud de la tente, en face de la table.","Et Moïse a mis les lumières de la tente, sur le côté sud de la tente de face de la table.","Moïse plaça ensuite le chandelier dans la Tente de la Rencontre, du côté sud de la tente, en face de la table. | Puis Moïse mit le chandelier dans la Tente de la Rencontre, au sud de la tente, vis-à-vis de la table.",73.03370786516854,False
1110,"Se bagay tout moun nan Jerizalèm konnen byen . Se pou sa nan lang yo , yo te rele tè a : Akèldama , ki vle di : jaden san an .","Ceci est bien connu de tous les habitants de Jérusalem, et c'est pourquoi, dans leur propre langue, ils appelaient ce champ Akeldama, ce qui signifie Champ de Sang.","Tout le monde à Jérusalem est bien connu. C'est ce que dans les langues, nommé la terre : Akeldama, ce qui signifie : le jardin du sang.","C’est un fait connu de tous à Jérusalem, d’où le nom d’Akeldama, le Champ du Sang | Tout Jérusalem le savait bien, et c’est pourquoi on appelait ce terrain Akeldama, c’est-à-dire le Champ du Sang",59.10931174089069,False
1111,"Tout moun ki pat konn lalwa Moyiz la epi ki fè sa ki mal , y'ap peri san lalwa pa reskonsab . Men , tout moun ki konnen lalwa a epi ki fè sa ki mal , y'ap pase anba jijman dapre lalwa a.","Car sans la loi, tous ceux qui font le mal périront ; sans la loi, tous ceux qui font le mal seront jugés par la loi.","Tout le monde n'a pas le droit de Moïse et qui a fait le mal, et il n'y a pas de droit. Mais tout le monde sait la loi et le mal, et il se produira par le jugement selon la loi.",Tous ceux qui ont péché sans connaître la loi périront sans la loi | Ceux qui connaissent la loi et font le mal seront jugés par la loi,51.11111111111111,False
1112,"Se pou nou admèt mwen pat janm yon chay pou nou . Men , gen moun ki va di : Pòl se yon nonm ki malen wi . Gade jan li pran nou nan pèlen ak yon bann manti .","Reconnaissons-le, je ne vous ai jamais été un fardeau. Mais certains diront : « Paul est un homme rusé. Voyez comment il nous a piégés avec des mensonges. »",Permettez-vous d'admettre que je n'ai jamais une charge pour nous . Mais il y a des gens qui vont dire : Paul est un homme qui tort bien. Regardez comme il vous emmène dans les pins et une bande menée.,"Reconnaissons-le, je ne vous ai jamais été un fardeau. Mais certains diront : « Paul est un homme rusé. Voyez comment il nous a pris au piège avec toutes ces mensonges. » | Avouons-le, je ne vous ai jamais été un poids. Pourtant, certains diront : « Paul est un malin. Regardez comme il nous a piégés avec un tas de mensonges. »",57.14285714285714,False
