id,cr,reference_en,prediction
0,"Epi konsa, chak fwa, demann li a te parèt pi ensanse pou yo, jiskaske lapli a te vini.","And so, each time, his request seemed more absurd to them, until the rain came.","And so, each time, his demand appeared to be more emphatic for them, until the rain came."
1,Antonov Yon - 225 mriya la,The Antonov An-225 Mriya,The Antonov Yon - 225 million
2,Yon konte ki gen lanmou ak bote.,A county of love and beauty.,A tale of love and beauty.
3,Nou pa bezwen al mache sou rivaj Galile yo oubyen pami mòn Jide yo pou nou mache kote Jezi te mache.,We don't have to walk along the shores of Galilee or among the mountains of Judea to walk where Jesus walked.,We do not need to walk along the shores of Galilee or the mountains of Judea to walk where Jesus walked.
4,Etikèt Pou Istwa Lavi,Life Story Tags,Labels For Life Story
5,Nimewo Modèl: UF65-B,Model Number: UF65-B,Model Number: UF65-B
6,"Nou kapab mentni panse nou pwòp lè nou li, gade epi tande bagay ki envite Sentespri a.","We can keep our thoughts pure by reading, watching, and listening to things that invite the Holy Ghost.","We can keep our minds clean when we read, watch and hear things that invite the Holy Spirit."
7,"Mo kle: NFC tag, RFID, ISO 14443A (Mifare) estanda likid Jesyon Teknoloji Pty Ltd (fm), yon espesyalis nan ...","Keywords: NFC tag, RFID, ISO 14443A (Mifare) standard Liquid Management Technology Pty Ltd (FM), a specialist in...","Keywords: NFC tag, RFID, ISO 14443A (Mifare) standard Flexible Management Technology Pty Ltd (fm), a specialist in..."
8,Prepare pou antre nan tanp sen an (36793),Prepare to enter the holy temple (36793),Prepare to enter the sanctuary (36793)
9,I-Station Videyo Sistèm,I-Station Video System,I-Station Video System
10,Jou 2: Vizite Jagannath tanp lan,Day 2: Visit Jagannath Temple,Day 2: Visit Jagannath Temple
11,Èske l pafwa difisil pou n antre bagay espirityèl yo nan orè fanmi an?,Is it sometimes difficult to fit spiritual things into the family schedule?,Is it sometimes difficult to put spiritual things in the family schedule?
12,"Fè timoun yo fè tankou yo se Mowoni, ki ap ekri sou plak yo epi antere yo.","Have the children pretend to be Moroni, who is writing on the plates and burying them.","Have the children pretend to be Mowoni, writing on the plates and burying them."
13,"Menm Joseph Smith li menm, nan laj 22 an, te bliye nan ki direksyon li t ap gade lè li te mande Senyè a pèmisyon san rete pou L te pèmèt Martin Harris prete 116 paj maniskri yo. Petèt Joseph te vle montre Martin rekonesans li pou sipò l te ba li. Nou konnen ke Joseph te ekstrèmman anvi pou te gen lòt temwen kanpe avèk li kont foste ak mansonj penib yo t ap simaye sou li yo.","Even Joseph Smith, at the age of 22, forgot which way he was looking when he repeatedly asked the Lord for permission to lend Martin Harris 116 pages of manuscript. Perhaps Joseph wanted to show Martin his gratitude for his support. We know that Joseph was extremely eager to have other witnesses stand with him against the falsehoods and painful lies being spread about him.","Even Joseph Smith himself, at the age of 22, had forgotten what direction he was looking when he asked the Lord for permission to allow Martin Harris to preach the 116 pages manuscript. Perhaps Joseph wanted to show Martin his gratitude for the support he had given him. We know that Joseph was extremely anxious to have other witnesses stand with him against the falsehoods and misdeeds that were spreading on him."
14,"Epi, se te konsa, sèvitè l yo te pran l, e yo te pote l bay madanm li, e yo te mete l kouche sou yon kabann;","And it came to pass that his servants took him, and carried him to his wife, and laid him upon a bed;","And so, his servants took him, and they brought him to his wife, and they laid him on a bed;"
15,kay pwodwi yo CAMPING sak pou dòmi,Home Products CAMPING SLEEPING BAGS,Home Products Camping Bags For Sleep
16,"""Senyè a Aple Nou pou Nou Preche Levanjil la""",The Lord Calls Us to Preach the Gospel,The Lord Appears to Us to Preach the Gospel
17,"Lè Senyè a te di: ""Kiyès m ap voye?""","When the Lord said, ""Whom shall I send?""","The Lord said, Who shall I send?"
18,Nou te jwenn plizyè id pozisyon.,We found several position ids.,We found several position id.
19,"Samdi, 29 Mas rive Samdi, 19 Avril 2014","Saturday, March 29 to Saturday, April 19, 2014","Saturday, 29 March to Saturday, 19 April 2014"
20,"Revelasyon Joseph Smith, Pwofèt la ak Sidney Rigdon te resevwa, nan Perrysburg, New York, 12 Oktòb 1833.","Revelation given through Joseph Smith the Prophet and Sidney Rigdon, at Perrysburg, New York, October 12, 1833.","Revelation received by Joseph Smith, the Prophet and Sidney Rigdon, in Perrysburg, New York, October 12, 1833."
21,"Konsa, pwochèn fwa nou wè paran nou, yon frè oswa sè nou, oubyen yon zanmi, panse sou sèvi yo pou montre afeksyon nou pou yo.","So, the next time you see your parents, a sibling, or a friend, think about serving them to show your affection for them.","So the next time we see our parents, a brother or sister, or a friend, think about using them to show our affection for them."
22,"Mesye saj la te koute avèk atansyon epi, apresa, li te di tigason an, ""Ale lakay ou epi retounen nan de semèn.""","The wise man listened carefully and then said to the boy, ""Go home and come back in two weeks.""","The gentleman listened carefully and, afterward, he said to the young man, Go home and come back in two weeks."
23,w te DIRIJE pake pouvwa ijans,you have LED emergency power pack,w w LED Emergency Power Pack
24,Sa klè anpil. .,That's very clear.,That's pretty clear. .
25,Zonbi vs Plant,Zombies vs Plants,Zombie vs. Plant
26,Genyen plizyè fason diferan pou jwenn videyo nan Medyatèk la:,There are several different ways to find videos in the Media Library:,There are several different ways to find video in the MediaTek:
27,. Gratis jwèt sou entènèt Bay yon chans pye bwa (),. Free online game Give a Tree a Chance (),. Free online game Give Trees a Chance ().
28,Kounyeya nou bezwen pale.,Now we need to talk.,Now we need pale.
29,Yon wou elektwonik balans Scooter,One Wheel Electronic Balance Scooter,Yon Wheel Electronic Balance Scooter
30,"Deskripsyon nan jwèt la Amoure dat liy. Kouman yo jwe jwèt la sou entènèt Ou ka gade yon edulkore bèl ak dous sa a koup bèl. Kokèt ti fi ak enb nèg vle rankontre nan pak la, si ou kreye tout fason ki apwopriye yo. Ede ti fi a ak nèg la yo abiye èlègance ak alamòd. Chak nan marye yo pral gen kè kontan ak yon imaj klere kreye pa ou.","Description of the game Romantic Date line. How to play the game online You can watch a sweet and sweet sweet couple. Coquettish girl and humble guy want to meet in the park, if you create all the appropriate ways. Help the girl and the guy to dress elegantly and fashionably. Each of the couple will be happy with a bright image created by you.","Description of the game Romantic date line. How to play the online game You can watch a cute and sweet edulcor to this cute couple. Coquette girls and enb guys want to meet in the park, if you create all the proper way. Help the girl and the guy to dress stylish and fashionable. Each of the couples will be happy with a bright image created by you."
31,HOT VANN 4 Twou nan gaz Injector 0280155828 Fo ...,HOT SALE 4 Hole Fuel Injector 0280155828 Fo...,HOT VANN 4 Holes of Fuel Injector 0280155828 Fo...
32,Lekti 47Konekte ak Cassandra Cluster lè l sèvi avèk WebPage,Reading 47Connect to Cassandra Cluster using WebPage,Lecture 47Connect with Cassandra Cluster using WebPage
33,Doktrin ak Alyans 70:1–4,Doctrine and Covenants 70:1–4,Doctrine and Covenants 70:14
34,kan dez è Pase nwit,Camp Des and Spend the Night,Canary Wharf Overnight
35,Antre nan kominote FamilySearch anliy nan pou èd nan rechèch.,Join the online FamilySearch community for help with your research.,Join the FamilySearch community online for help in searching.
36,Mechan sòsyè ou deside jwe. Olye de sa li pral yon gwosè ou glise chat. Se poutèt sa sa a se jwèt ki rele. Ou dwe ap tankou yon broch konvansyonèl bowling espò frape-chat. pa manke! Grèv pa te anile.,Your wicked witch decides to play. Instead it will be a size you slide cat. That's why this game is called. You must be like a conventional bowling pins sports hit-cat. do not miss! Strike has not been canceled.,Wicked witch you decide to play. Rather it will be a size or slide cat. That's why this is the game called. You must be like a conventional sports bowling pin hit-cat. Don't miss! Strike wasn't canceled.
37,"Ante nan Ris Septanm 25th, 2017 (2)","Haunted in Russian September 25th, 2017 (2)","Ante nan Ris September 25th, 2017 (2)"
38,Ane nesans timoun lan vini pita ke ane lanmò papa a.,The year of the child's birth comes later than the year of the father's death.,The child's birth year comes later than the father's death year.
39,Paste egzanp sou post la sa ki te crased fowòm ou,Paste the example of the post that crashed your forum.,Paste example of the post that has crased your forum
40,"LWW-5,Mi Dyod Limyè Machin Pou Lave,Constant Current Led Products,Constant Voltage Led Products - LWW-5, , Ofri ba pri, gwo kalite","LWW-5,LED Wall Washer Light,Constant Current Led Products,Constant Voltage Led Products - LWW-5, , Offer low price, high quality","LWW-5,My LED Light Washing Machine,Constant Current Led Products,Constant Voltage Led Products - LWW-5, Offers low price, high quality"
41,"TradiksyonEdit Translation D' nan ane 1999-2017 Awosoft co, Ltd. Tout dwa rezève","TranslationEdit Translation Copyright 1999-2017 Awosoft Co., Ltd. All rights reserved","TransiksyonEdit Translation Copyright from 1999-2017 Awosoft Co., Ltd. All Rights Reserved"
42,Vin Tounen tankou Timoun Piti yo,Become Like Little Children,Come Back as a Puppy
43,"Papye woulo liv près: Kontre papye woulo liv endistri a bezwen pou domaj gratis ti pen pale ansanm ak yon maksimòm efikasite, VIMAR ofri yon liy plen papye ti pen klanpse ak ti pen près domaj sou zafè pou diminye posiblite pou yo fè lè papye rolls nenpòt moun dyamèt, pwa, oubyen kalite papye. VIMAR ' papye anyan s...","Paper Roll Presses: Meeting the paper roll industry's need for damage-free rolls with maximum efficiency, VIMAR offers a full line of paper roll clamps and roll press equipment to reduce the possibility of damage to paper rolls regardless of diameter, weight, or paper type. VIMAR's rugged paper s...","Paper Roll Clamps: To meet the paper roll industry's need for damage-free paper rolls with maximum efficiency, VIMAR offers a full line of paper roll clamps and paper roll clamps to reduce the possibility of making paper rolls of any diameter, weight, or paper type. VIMAR' paper rolls are..."
44,Modèl Pa gen.: KC-005,Model No.: KC-005,Model No.: KC-005
45,"Thomas S. Monson, ""Zwazo Kanari avèk koulè gri sou zèl yo,"" Ensign oswa Liahona, Jen 2010, 4;","Thomas S. Monson, “Canaries with Gray Wings,” Ensign or Liahona, June 2010, 4;","Thomas S. Monson, ""Canary Birds with gray color on their wings,"" Ensign or Liahona, Jen 2010, 4;"
46,Mak ba mentyen an,Mark the maintenance man,Mark ba mentyen an
47,"Men gade, li te delivre yo paske yo te imilye yo devan l;","But behold, he delivered them because they humbled themselves before him;","But behold, he delivered them because they had humiliated them before him;"
48,"Kòlè frèt kondwi nan rayisab yo sinema dore. Koup la jèn achte tikè espesyalman fim nan pi raz yo sal sinema te mwatye vid oswa vid, e menm fim nan se pa sa distrè.","Cold anger drives the lovers to golden cinema. The young couple bought tickets specifically for the most boring movie, the cinema hall was half empty or empty, and even the movie is not that distracting.","Cold anger drives into the golden cinema races. The young couple buy tickets especially to the most boring movie theaters half empty or empty, and even the movie is not so distracting."
49,TOTAL manm (sòm nòt yo): 462,TOTAL members (sum of scores): 462,TOTAL MEMBERSHIP (SUM OF GRADES): 462
50,Mekanik teyorik ak Resous pou sove Technologies,Theoretical Mechanics and Resources for Saving Technologies,Theoretical Mechanics and Rescue Technologies
51,Kisa ou pi renmen konsènan non ou?,What do you like most about your name?,What do you like best about your name?
52,DMT seri tourèl par double-motè kout pwen an pou machin DMT-300,DMT series turret punch press for dual-motor punching machine DMT-300,DMT series turret blowing double-engine punch for DMT-300 machine
53,Sèvis oryantasyon-pozitivman chache estrateji pou sipòte gens.,Service orientation-positively seeks strategies to support people.,Service Orientation-Positively searching for strategies to support folks.
54,Cypress la Arizona tonbe nan kalite sa a (yo): konifèr,The Arizona Cypress falls into the following type(s): Conifers,The Arizona Cypress falls in the following type(s): coniferous
55,Previous istwa Mikrolojisyèl E2 PBNIGMA VO 5.3 NAND de 30.06.2016 enstale nan memwa entèn WeTek.Jwe ak Lojisyèl 16.1,Previous story E2 PBNIGMA VO 5.3 NAND firmware from 30.06.2016 installed in WeTek internal memory.Play with Software 16.1,Previous story Firmware E2 PBNIGMA VO 5.3 NAND from 30.06.2016 to install to internal memory WeTek.Play with Software 16.1
56,"Pandan m t ap grandi, eksperyans mwen avèk lapriyè te chanje.","As I grew older, my experience with prayer changed.","As I grew up, my experience with prayer changed."
57,"Chak nan senk ti bouk ki te gen cham sèten li. Corniglia se espesyal depi li se pa sou lamè a. Sepandan, sa li manke nan plaj, li pi plis pase fè moute pou ak li yo bote pwòp inik. Corniglia santi l plis aleka pase ti bouk ki te lòt. Sepandan, li ofri yon atmosfè plis dekontrakte ak lokal. Se vilaj la souvan neglije pou santye jòb ki vrèman difisil li yo. Kontrèman ak lòt ti bouk ki te ki ka rive jwenn pa bato, Corniglia se sou tèt ti mòn yo ak pa gen okenn aksè lanmè. Sèl fason pou yo rive jwenn li se yo vwayaje chemen an senk Terre oswa nan pran tren an. Sepandan, li se esansyèl nan sonje ke tren an pa gen pitye ou nenpòt ki efò fizik. You will still need to walk some stairs to reach the village center and see everything the little village offers.","Each of the five villages has its own charm. Corniglia is special since it is not on the sea. However, what it lacks in beaches, it more than makes up for with its own unique beauty. Corniglia feels more remote than the other villages. However, it offers a more relaxed and local atmosphere. The village is often overlooked for its difficult hiking trails. Unlike the other villages that can be reached by boat, Corniglia is on top of the hills and has no sea access. The only way to reach it is to hike the Cinque Terre path or by taking the train. However, it is essential to remember that the train does not spare you any physical effort. You will still need to walk some stairs to reach the village center and see everything the little village offers.","Each of the five villages has its own charm. Corniglia is special since it is not on the beach. However, what it lacks on the beach, it is more than making up for with its own unique beauty. Corniglia feels more remote than other villages. However, it offers a more relaxed and local atmosphere. Although the village is often overlooked for its really challenging walking trails. Unlike other villages which can be reached by boat, Corniglia is on the top of the hill and not overlooked."
58,Atik konpoze ak subitems.,Articles are composed of subitems.,Composite articles and subitems.
59,Multi-Koulè Deyò Headband,Multi-Color Outdoor Headband,Multi-Color Outdoor Headband
60,Chibi ano rad pou leve,Chibi emo clothes to wear,Chibi ano dress for life
61,"IP66 Pi ke Ip65 Waterproof te DIRIJE pou konvèsyon ijans pou 40w a deyò alantou lanp sèt branch - pwodwi - Shenzhen Dengfeng pouvwa ekipman pou co, Ltd","IP66 Better Than Ip65 Waterproof LED Emergency Conversion For 40w Outdoor Lighting Fixtures - Products - Shenzhen Dengfeng Power Supply Co., Ltd.","IP66 Pi than Ip65 Waterproof LED Emergency Conversion Kit For 40w LED Outdoor Lights - Products - Shenzhen Dengfeng Power Supply Co.,Ltd"
62,"Alòske l te gen dwa abandone apre yon aksidan katastwofik nan Je Olenpik 2010 yo, li te chwazi pèsevere.","While he could have given up after a catastrophic accident at the 2010 Olympics, he chose to persevere.","Although I had the right to be abandoned after a catastrophic accident at the 2010 Winter Olympics, I chose to persevere."
63,"Digital Temperature Controller, Tanperati Kontwolè, ENFEKSYON Tanperati Kontwolè , DIN Rail Tanperati Kontwolè , ENFEKSYON Tanperati Kontwolè Pou Fou , Tout pwodwi","Digital Temperature Controller, Temperature Controller, DIN Rail Temperature Controller, Temperature Controller For Oven, INFECTION Temperature Controller, All Products","Digital Temperature Controller, Temperature Controller, Temperature Controller, DIN Rail Temperature Controller, Temperature Controller For Oven, All Products"
64,Pwogram Home la inisyal nouvo,The Home program is new.,The New Initial Home Program
65,Download po HD Vè 16 wè. 11.22 pou magouy 2,Download skin HD Ver 16 see. 11.22 for scam 2,Download po HD Glass 16 wè. 11.22 pou Enigma 2
66,Paj 1 nan 5 123...Denye,Page 1 of 5 123...Last,Page 1 of 5 123...Dnye
67,Demo: Mete soti nan biwo (otomatik repons) ak Kutools pou pespektiv,Demo: Set out of office (automatic reply) with Kutools for Outlook,Demo: Put out office (automatic answer) with Kutools for Outlook
68,Souvan yo sede a tantasyon avèk mesaj yo.,They often give in to temptation with their messages.,They often succumb to temptation with their message.
69,"Tape l yon sèl fwa pou sovgade l, epi tape l ankò pou pa sovgade l.","Tap it once to save it, and tap it again to unsave it.","Tap l once to save it, and then tap l again to not save it."
70,"Kolabore avèk nou, nou ka fè omwen:","Collaborating with us, we can do at least:","In cooperation with us, we can do at least:"
71,"Morehacks ekip gen trè bon nouvèl pou tout fanatik yo nan Asasen Kwayans seri. Asasen Kwayans Istwa Lachin se tit la premye soti nan la ""Istwa"" triloji. Karaktè prensipal se chao Jun, dènye asasen an soti nan fratènite a nan Chinesse. Apre li mets Ezio, Chao kòmanse demand li pou tire revanj kont tanpliye yo. Men, nou kite ou jwi istwa a konplè paske jwèt sa a gen youn nan storylines yo pi byen nan Asasen Kwayans Serie a.","Morehacks team has very good news for all the fans of Assassin's Creed series. Assassin's Creed Story China is the first title from the ""Story"" trilogy. The main character is Chao Jun, the last assassin from the brotherhood of Chinesse. After defeating Ezio, Chao begins his quest for revenge against the Templars. But we let you enjoy the full story because this game has one of the best storylines in the Assassin's Creed Series.","Morehacks team has very good news for all the fans of Assassin Creed series. Assassin Creed History China is the first title from the ""History"" trilogy. The main character is Chao Jun, the last assassin from the Brotherhood of Chinesse. After reading Ezio, Chao begins his quest for revenge against the Templars. But we let you enjoy the complete story because this game contains one of the best storylines in the Assassin Creed Series."
72,"Nan pwochen kay la, m te wè kijan pou m te envite yon mesye inaktif pou l te retounen vin jwenn Senyè a nan konvenk li ke manm yo nan pawas la te bezwen li.","At the next home, I saw how to invite a less-active man to return to the Lord by convincing him that the members of the ward needed him.","In the next house, I saw how to invite an inactive gentleman to come back to the Lord to convince him that the members of the parish needed him."
73,"Si touris pa Madrid, Barcelone, Alicante, Sevilla, Zaragoza, Ibiza, Valencia, Jirona, malaga, Tarragone, Bilbao, Marbella, Canary Islands, pa ezite kontakte nou, nou pral kè kontan. Yon eskòt liksye se pi bon fason yo ap depanse yon kèk jou nan konpayi bon, oswa jis yon kèk èdtan jwi epi yo te kontan, ou di nou planifikasyon pou ou, epi nou pral rekòmande pwofil la ki pi apwopriye ti fi pran an kont preferans yo ak sijesyon sou detay.","If you are a tourist from Madrid, Barcelona, Alicante, Sevilla, Zaragoza, Ibiza, Valencia, Girona, Malaga, Tarragona, Bilbao, Marbella, Canary Islands, do not hesitate to contact us, we will be happy. A luxury escort is the best way to spend a few days in good company, or just a few hours enjoying and being happy, you tell us your planning, and we will recommend the most suitable girl profile taking into account your preferences and suggestions on details.","If you are visiting Madrid, Barcelona, Alicante, Sevilla, Zaragoza, Ibiza, Valencia, Girona, Tarragona, Bilbao, Marbella, the Canary Islands, do not hesitate to contact us, we will be happy. A luxury escort is the best way to spend a few days in good company, or just a few hours enjoying and being happy, or tell us the planning for you, and we will recommend the profile of the most suitable girl taking into account their preferences and suggestions on details."
74,"Plan leson semèn sa a nan Vini, Suiv—Pou Moun yo ak Fanmi yo genyen ladan l yon lis ekriti ki dekri lapè ak lajwa ki vini atravè Jezikri.","This week’s lesson plan in Come, Follow—For Individuals and Families includes a list of scriptures that describe the peace and joy that come through Jesus Christ.","This week's lesson plan in Wine, NEXTFor Individuals and Families includes a scriptural list of the peace and joy that came through Jesus Christ."
75,Nou konnen Li gen pouvwa pou pirifye nou anba tout peche nou yo.,We know that He has the power to cleanse us from all our sins.,We know that He has the power to purify us from all our sins.
76,Arkanwa jwèt sou entènèt. Jwe gratis arkanwa,Arkanoid games online. Play free Arkanoid games,Arkanoid games online. Play free Arkanoid
77,"Pa gen okenn pwen nan mezire sa ki difisil touche pèdi pwa si balans ou a pa founi nan kòmanse pwa ou. Si ou se ki twò gwo, ou ta ka vle gade pou yon echèl ki gen yon seri pi laj. Anpil balans moute al 300 liv ak kèk topping soti nan mitan mwa a 400 lb seri.","There's no point in measuring that hard-earned weight loss if your scale doesn't provide your starting weight. If you're overweight, you might want to look for a scale with a wider range. Many scales go up to 300 pounds with some topping out in the mid to 400 lb range.","There is no point in measuring how difficult it is to lose weight if your balance isnt enough to start your weight. If you are too big, you might want to look for a scale with a wider range. Many scales go up to 300 lbs with some topping from mid to 400 lb series."
78,"Fil koulè kòd, bag 1 bò rotor:","Wire color code, ring 1 side rotor:","Wire color code, ring 1 side rotor:"
79,"Paregzanp, ou ta ka montre yo kèk manje oubyen yon liv avèk yon kouvèti ki pa ale avèk sa k andedan kouvèti a.","For example, you could show them some food or a book with a cover that doesn't match what's inside the cover.","For example, you could show them some food or a book with a lid that does not go with what is inside the lid."
80,vBET 4.9.1 bay tradiksyon otomatik,vBET 4.9.1 provides automatic translations,vBET 4.9.1 provides automatic translations
81,Materyèl: epoksidik rèsine,Material: epoxy resin,Material: epoxy resin
82,"Ezayi 58–66: 'Redanmtè a Pral Vini nan Siyon,' Vini, Suiv Mwen—Pou Lekòldidimanch: Ansyen Testaman 2022 (2021)","Isaiah 58–66: ‘The Redeemer Will Come to Zion,’ Come, Follow Me—For Sunday School: Old Testament 2022 (2021)","Isaiah 5866: The Redeemer Will Come to Zion, Vini, Suivi mwenPo Lekòldiimanch: Old Testament 2022 (2021)"
83,"Sete kòmsi m te chita nan kote sa avèk yo, m tap gade tout bagay.","It was as if I was sitting there with them, watching everything.","Sete as I sat in that place with them, I looked at everything."
84,Tanp Bangkok Thailande,Temple Bangkok Thailand,Bangkok Thailand Temple
85,"Sonje rèv Leyi a kote li te wè yon pwebwa ""[ki] te gen fwi dezirab pou fè kè moun kontan.""","Remember Lehi's dream in which he saw a tree ""[which] had desirable fruit to make one's heart glad.""","Recall the dream of Lehi where he saw a tree ""[which] had desirable fruit for the joy of the heart."""
86,Tip touris ki pi popilè a se petèt sa majorite moun yo asosye ak vwayaj: Touris vakans lan.,The most popular type of tourism is perhaps what most people associate with travel: vacation tourism.,The most popular type of tourism is perhaps the one most people associate with travel: Vacation Tourism.
87,"Sipèb ajoute-sou pou FS2004 anvan payware kounye a gratui depi 2011 pa Nemeth Designs. Gen ladan 4 repaints plis yon trè bèl panèl 2D ak 3D kabin. Avètisman, li trè enpòtan ke ou li manyèl la.","Superb add-on for FS2004 previously payware now freeware since 2011 by Nemeth Designs. Includes 4 repaints plus a very nice 2D panel and 3D cockpit. Warning, it is very important that you read the manual.","Superb add-on for FS2004 previously payware now freeware since 2011 by Nemeth Designs. Includes 4 repaints plus a very nice 2D panel and 3D cockpit. Warning, it is very important that you read the manual."
88,"Byenke nou kapab santi efò nou yo pa alawotè, Prezidan Dallin H. Oaks te pataje yon prensip enpòtan konsènan ""piti ak senp.""","Although we may feel that our efforts are not enough, President Dallin H. Oaks shared an important principle about “small and simple.”","Although we may feel our efforts are not unheard of, President Dallin H. Oaks shared an important principle regarding small and simple."
89,"Epi, konsa, nou wè si Senyè a pa chatye pèp li anba anpil afliksyon, wi, si l pa vizite yo avèk lanmò, ak lakrent, ak grangou, e ak tout kalite lapès, yo p ap sonje l.","And thus we see that if the Lord does not chasten his people with many afflictions, yea, if he does not visit them with death, and with fear, and with famine, and with all manner of pestilence, they will not remember him.","And so, we see that if the Lord does not punish his people through much affliction, yes, if he does not visit them with death, and lakrent, and hunger, and with all sorts of misery, they will not remember him."
90,M te ale nan Ikrèn ak Larisi plizyè fwa.,I have been to Ukraine and Russia several times.,I have visited Ukraine and Russia several times.
91,"No.1, 2B, BA, HL, Iwa, NO.4, 8K, plak blanch PVC, lazè plak blanch, elatriye.","No.1, 2B, BA, HL, Mirror, NO.4, 8K, PVC white plate, laser white plate, etc.","No.1, 2B, BA, HL, Iwa, NO.4, 8K, PVC coating, laser coating, etc."
92,Pèsonalize ak anrejistre yon mesaj salitasyon nan meni prensipal telefòn nan,Personalize and record a greeting message from the phone's main menu,Customize and save a greeting message in the phones main menu
93,Norton Sekirite kle,Norton Security Key,Norton Security Key
94,Avanse Problemsolving-Idantifye difikilte konplike ak revize enfòmasyon ki enpòtan analize ak yo devlope posiblite epi aplike solisyon.,Advanced Problemsolving-Identifying complex problems and reviewing relevant information to analyze and develop options and implement solutions.,Advanced Problemsolving-Identifying complicated difficulties and reviewing information that is relevant to analyze and to develop options and implement solutions.
95,CSGOBET.CLICK - sit ki gen BIG LIS nan tout Pi bon sit entènèt yo parayj CSGO,CSGOBET.CLICK - site with BIG LIST of all the Best CSGO Betting Websites,CSGOBET.CLICK  SITE WITH BIG LIST OF ALL THE BEST BETTING CSGO WEBSITES
96,"Seantòm t ap di ""non"" ankò, men jij yo t ap w san sou rad li.","Seantom would say ""no"" again, but the judges would see blood on his clothes.","Seantum wont say no again, but judges wont be on her clothes."
97,Kalmason Bòb 5: Renmen parabòl,Snail Bob 5: Love Parables,Snail Bob 5: Love Parable
98,"Lè w pa konnen kijan pou reponn yon kesyon yon manm klas la, panse reponn pa envite klas la pou chèche yon repons ansanm nan ekriti yo epi pataje sa yo jwenn.","When you don't know how to answer a class member's question, consider responding by inviting the class to search the scriptures together for an answer and sharing what they find.","When you don't know how to answer a class member's question, think of answering by inviting the class to look for an answer together in the scriptures and share what they find."
99,"Moun ki pa marye, double sèn nan isolator Fibre Opti...","Single, double stage in the Fiber Opti isolator...","Single, dual stage of Fiber Opti..."
100,Benediksyon obsèvasyon jou Saba a.,Blessings of Sabbath observance.,Blessed is the observance of the Sabbath.
101,"Omwen 500 milyon moun konte sou resif koray pou manje, pwoteksyon bò lanmè, ak mwayen pou viv. ref","At least 500 million people rely on coral reefs for food, coastal protection, and livelihoods. ref","At least 500 million people rely on coral reefs for food, coastal protection, and livelihoods. ref"
102,"Moun ki afiche li Rob Y. on April 26, 2014 Leave a Comment","Posted by Rob Y. on April 26, 2014 Leave a Comment","Posted by Rob Y. on April 26, 2014 Leave a Comment"
103,Jwèt Sal pou lave Online,Laundry Room Game Online,Game Laundry Online
104,"7. Senp operasyon, ak pati pyès sa yo prensipal yo se tout soti nan manifaktirè ki renome entènasyonalman;","7. Simple operation, and the main spare parts are all from internationally renowned manufacturers;","7. Simple operation, and the main parts are all from internationally renowned manufacturers;"
105,pcs 1KW RF pouvwa modil. Total pwodiksyon pouvwa se trè ki estab gras a AGC,pcs 1KW RF power module. Total output power is very stable thanks to AGC,1KW RF power module. Total output power is very stable thanks to AGC
106,Anvizaje li Alma 5:14–33 kòm si ou t ap fè entèvyou avèk tèt ou epi egzaminen kè w.,Consider reading Alma 5:14–33 as if you were interviewing yourself and examining your heart.,Think of it as Alma 5:1433 as if you were not interviewing yourself and examining your heart.
107,Seri plizyè lespri se yon lokasyon an te mennen ekspozisyon ak estrikti impermèable inik activer ap itilize nan gwo lapli a. Chwazi poul SMD (3 nan yon sèl) fè tout ekran lestonmak plis sou vant.,Multi-smart series is a rental led display with unique waterproof structure to enable using in heavy rain. Choosing SMD LEDs (3 in 1) makes the whole screen more simple and affordable.,Multi-Smart Series is a rental led display with unique waterproof structure to activate using in the rain. Choose SMD LEDs (3 in one) to make all the screen more lestonmak on sale.
108,nòt: Ou ka byen rapid chanje plizyè atachman nan chwazi imel nan yon fwa ak la Chanje tout sèvis piblik nan Kutools pou pespektiv.,Note: You can quickly change multiple attachments in selected emails at once with the Change All utility of Kutools for Outlook.,Note: You can quickly change several attachments of selected email at once with the Change All utility of Kutools for Outlook.
109,Mande yo kisa yo ka aprann nan vèsè sa yo sou fason yo ka vin menmjan avèk Jezi kounyeya.,Ask them what they can learn from these verses about how they can become like Jesus now.,Ask them what they can learn from these verses about how they can become like Jesus now.
110,Kalite RS-FB65-C,Type RS-FB65-C,Type RS-FB65-C
111,[ Nouvèl an brèf ],[ News in brief ],[ Brief News ]
112,Sa a se yon konpetisyon de jou. View Fèy enfòmasyon pou plis enfòmasyon.,This is a two-day competition. View the fact sheet for more information.,This is a competition of the day. View the information sheet for more information.
113,Hotel Pwodwi pou Telefòn,Hotel Accessories,Hotel Accessories
114,Hop sou hop off naples kat jeyografik,Hop on hop off naples map,Hop on hop off naples map
115,"Lachin Azòt ti Plant Fabricants, ke founisè, faktori, Ekspòtè yo, machann - pwodwi - Zhejiang Yuanda de lè separasyon ekipman co, Ltd","China Nitrogen Small Plant Manufacturers, Suppliers, Factory, Exporters, Sellers - Products - Zhejiang Yuanda Air Separation Equipment Co.,Ltd","China Ti Nitrogen Plant Manufacturers, Suppliers, Factory, Exporters, Seller - Products - Zhejiang Yuanda Air Separation Equipment Co.,Ltd"
116,"Lis tout pale anglè Pale anglè konmanse ak camera, Pale anglè ki gen camera ni ni Pale anglè mete fen ak camera","List all English words English words starting with camera, English words that contain camera or English words ending with camera","List all English words English words starting with camera, English words that contain camera or English words ending with camera"
117,Kisa eksperyans Joseph Smith avèk vèsè sa yo te anseye w sou chèche sajès konsènan pwòp kesyon pa w yo? (gade Joseph Smith—Istwa 1:10–17).,What has Joseph Smith’s experience with these verses taught you about seeking wisdom regarding your own questions? (see Joseph Smith—History 1:10–17).,What did Joseph Smith's experience with these verses teach you about seeking wisdom regarding your own questions? (see Joseph Smith's History 1:1017).
118,8:00 nan la - 4:00 pm Nivo 1 Konpetisyon,8:00 am - 4:00 pm Level 1 Competition,8:00 am - 4:00 pm Level 1 Competition
119,Medsin ak ekipman medikal (75),Medicine and medical equipment (75),Medicine & Medical Equipment (75)
120,"M prezante nou Josephine, yon jènfi devwe ki soti an Afrik, ki reyangaje tèt li pou l etidye Liv Mòmon an chak jou.","introduce you to Josephine, a dedicated young woman from Africa, who has recommitted herself to studying the Book of Mormon every day.","I present to you Josephine, a devoted young woman from Africa, who devoted herself to studying the Book of Mormon every day."
121,Kijan m ka suiv konsèy ki nan Doktrin ak Alyans 88:118 yo?,How can I follow the counsel in Doctrine and Covenants 88:118?,How can I follow the advice of Doctrine and Covenants 88:118?
122,"Kenbe ansèyman sa yo nan panse w pandan w ap li pawòl Senyè a, yo bay atravè pwofèt Zakari a, pou ankouraje Izrayèl pou vin pi sen an: Zakari 1:1–6; 3:1–7; 7:8–10; 8:16–17.","Keep these teachings in mind as you read the words of the Lord, given through the prophet Zechariah, to encourage Israel to become more holy: Zechariah 1:1–6; 3:1–7; 7:8–10; 8:16–17.","Keep these teachings in mind as you read the word of the Lord, given through the prophet Zechariah, to encourage Israel to become the most holy: Zechariah 1:16; 3:17; 7:810; 8:1617."
123,Y-2828 a la mòd po egzekitif adaptab segondè dèyè chèz foto biwo mèb,Y-2828 modern leather executive adjustable high back chair photo office furniture,Y-2828 modern executive leather adjustable high back photo chair office furniture
124,Estati Bobine Tansyon Leveling machin,Metal Coil Tension Leveling Machine,Metal Coil Tensile Leveling Machine
125,Mounting twou dyamèt,Mounting hole diameter,Mounting hole diameter
126,HIPAA konsènan Beth Israel Deaconess Hospital - Milton,HIPAA regarding Beth Israel Deaconess Hospital - Milton,HIPAA regarding Beth Israel Deaconess Hospital  Milton
127,Total pouvwa (kw):,Total power (kw):,Total power (kw):
128,"Etandone gen konsekans negativ ki souvan suiv peche, nou gen dwa konsidere kèk nan malè nou yo kòm rezilta move aksyon nou fè.","Since there are negative consequences that often follow sin, we may consider some of our misfortunes to be the result of our wrong actions.","And since there are negative consequences that often follow sin, we may consider some of our misfortunes as the result of wrong actions we do."
129,Medya sosyal ak lòt teknoloji kapab pran anpil nan tan ou san yo pa gen anyen y ap ba ou anretou.,Social media and other technologies can take up a lot of your time without giving you anything in return.,Social media and other technologies can take up a lot of your time without giving you anything back.
130,"Lafwa, lagraz, ak zèv.","Faith, grace, and works.","Faith, lagraz, and zeve."
131,Ameriken limyè Asye Villa,American Light Steel Villa,American Light Steel Villa
132,Prince peyi Pès la 3 (Prince peyi Pès la),Prince of Persia 3 (Prince of Persia),Prince of Persia 3 (Prince of Persia)
133,"Antrenè a te pwofesyonèl ak ase nan konesans, li te esplike sijè yo an detay epi libere pi fò nan demann nou an","The trainer was professional and knowledgeable, he explained the topics in detail and answered most of our questions.","The coach was professional and knowledgeable, explaining the topics in detail and freeing most of our demands"
134,"Royal Holloway, University of London - Etid nan Wayòm Ini","Royal Holloway, University of London - Study in the United Kingdom","Royal Holloway, University of London - Study in the United Kingdom"
135,"Et, jis kòm yon ti kras enteresan bagay sa, sa rive si nou pran transpose de transpose la?","And, just as a little interesting thing, what happens if we take the transpose of the transpose?","And, just as a little bit interesting thing, what if we take the transpose of the transpose?"
136,"Pandan Alma ta pral fè rebelyon kont Bondye,","As Alma was about to rebel against God,","While Alma would rebel against God,"
137,Èske w ap obeyi Pawòl Sajès la?,Will you obey the Word of Wisdom?,Are you obeying the Word of Wisdom?
138,"Avèk domèn pwogresyon yo sigjere nan Lik 2:52 yo kòm gid, planifye sèvis amizan ak angajan ak aktivite ki bati temwayaj, ki fòtifye fanmi epi ki ankouraje inite ak pwogresyon pèsonèl.","Using the areas of progression suggested in Luke 2:52 as a guide, plan fun and engaging services and activities that build testimonies, strengthen families, and encourage unity and personal progression.","With the progression domains suggested in Luke 2:52 as guides, plan fun and engaging services and activities that build testimony, strengthen families and encourage unity and personal progression."
139,Aya kamizol Mete Modèl PDF Koud – Tailoress nan,Aya Camisole Set PDF Sewing Pattern – The Tailoress,Aya Shamisol Set PDF Sewing Pattern  The Tailoress
140,Li te nan New York City; se te yon biznisman ki te byen reyisi.,He was in New York City; he was a very successful businessman.,He was in New York City; he was a successful businessman.
141,Long lavi ak segondè Reliability,Long life and high reliability,Long life and high reliability
142,"Nou menm tou nou gen privilèj pou nou viv nan yon epòk eksepsyonèl. Pwofèt nan tan pase yo te wè travay Retablisman an kòm ""yon travay mèveye... , wi, yon pwodij ak yon mèvèy."" Okenn nan dispansasyon anvan yo pa t gen anpil misyonè konsa ki te aple, anpil nasyon konsa ki te ouvri pou mesaj levanjil la, ak anpil tanp konsa ki te bati toupatou nan mond lan.","We too are privileged to live in an exceptional time. Prophets of old have seen the work of the Restoration as “a marvelous work … , yea, a wonder and a marvel.” In no previous dispensation have so many missionaries been called, so many nations been opened to the gospel message, and so many temples have been built throughout the world.","We too have the privilege of living in an exceptional era. The prophets of the past saw the Restoration work as ""a marvelous work... yes, a prodigious and a marvel."" None in their previous dispensation had so many missionaries who were called, so many nations who were open to the gospel message, and so many temples built all over the world."
143,"Epi kounyeya, gade frè w yo plenyen, yo di se yon bagay ki rèd mwen te mande yo fè;","And now, behold, thy brethren complain, saying, It is a hard thing that I have asked of them;","And now, look at your brothers complaining, they say it's the hardest thing I've asked them to do;"
144,FamilySearch se yon sit entènèt ki oryante sou fanmi nan objektif pou l apwopriye pou moun tout laj.,FamilySearch is a family-oriented website designed to be appropriate for people of all ages.,FamilySearch is a family-oriented website with the goal of being suitable for people of all ages.
145,Etap 3: Modelling fidbak la delika yo bay nan forceps bipolè pandan y ap kominike avèk tisi yo nan sèvo pandan operasyon ak rechèch konsantre sou modèl frotman yo ak kontak ant klinèks la mou ak enstriman mizik yo ak yon algorithm rann aptik ki se kapasite nan kalkil an tan reyèl.,Step 3: Modeling the delicate feedback provided by bipolar forceps as they interact with brain tissue during surgery and research focused on the friction patterns and contact between the soft tissue and the instruments with a haptic rendering algorithm that is capable of real-time computation.,Step 3: Modeling the delicate feedback provided by bipolar forceps while interacting with the brain tissues during surgery and research focuses on the friction patterns and the contact between the soft tissue and the instruments with an optical rendering algorithm that is capable of real-time calculation.
146,"Joyelectric Entènasyonal se yon pwofesyonèl Lachin bag prensipal Pwodwi pou Telefòn inite manifakti, distribitè ak founisè, Byenveni nan lòd bag prensipal Pwodwi pou Telefòn inite pwodwi ki soti nan faktori nou yo ak konpayi.","Joyelectric International is a professional China main ring accessories unit manufacturer, distributor and supplier, welcome to order main ring accessories unit products from our factory and company.","Joyelectric International is a professional China ring main accessory unit manufacturer, distributor and supplier, welcome to order ring main accessory unit products from our factory and company."
147,"Tapi ski SunKid te fè yon gwo siksè nan Fenlann: pi gwo resous ski Finland an, Levi se yon resous ski ki gen tout pouvwa a ras Slalom Mondyal nan 2012. Trè popilè nan Ewòp [Plis ...]","SunKid ski mats have been a great success in Finland: Finland's largest ski resort, Levi is a ski resort that hosted the World Slalom race in 2012. Very popular in Europe [More...]","But SunKid skiing has been a great success in Finland: Finland's biggest ski resource, Levi is a ski resource that hosted the World Slalom race in 2012. Very popular in Europe [more...]"
148,Mwen te si ranpli ak rekonesans ak lanmou pou Papa m ki nan Syèl la ak Sovè m nan.,I was so filled with gratitude and love for my Heavenly Father and my Savior.,I was filled with gratitude and love for my Heavenly Father and my Savior.
149,batri ki opere bisiklèt 20 pous batri kache,battery operated bicycle 20 inch hidden battery,Battery-operated bicycle 20 inch hidden battery
150,Jezikri konprann enjistis epi Li gen pouvwa pou pote remèd pou sa.,Jesus Christ understands injustice and has the power to bring about a remedy for it.,Jesus Christ understands injustice and He has the power to cure it.
151,Senyè a te konnen pwoblèm Aga epi L gen yon plan pou te ede li.,The Lord knew Hagar's problem and had a plan to help her.,The Lord knew Aga's problems and He has a plan to help her.
152,E kisa kit te tèlman gen gwo enpak sou lavi l nan obsèvasyon senp sa a?,And what was it about this simple observation that had such a profound impact on his life?,And what kind of kit has so much impact on his life from this simple observation?
153,Manman nan syèl la,Mother in heaven,Manman nan syèl la
154,"Moneygram (kondisyonèl, tanpri kontakte nou pou plis detay);","Moneygram (conditional, please contact us for more details);","Moneygram (conditional, please contact us for more details);"
155,Flash jwèt sou aladen. Jwèt aladen sou entènèt gratis,Flash games about Aladdin. Aladdin games online for free,Flash games about Aladdin. Aladdin games online free
156,"Lè nou suiv doktrin Kris la epi nou antre nan twoupo a atravè lafwa nan Jezikri, repantans, batèm ak konfimasyon, epi nou kontinye avèk fidelite,17 Alma pwomèt kat benediksyon pèsonèl ak espesifik.","As we follow the doctrine of Christ and come into the fold through faith in Jesus Christ, repentance, baptism, and confirmation, and continue faithfully,17 Alma promises four personal and specific blessings.","By following the doctrine of Christ and entering into the Eucharist through faith in Jesus Christ, repentance, baptism and confirmation, and by continuing faithfully,17 Alma promises personal and specific blessings."
157,Envite yon gwoup timoun pou soti nan sal la.,Invite a group of children to leave the room.,Invite a group of children to come out of the room.
158,"Li vini atravè revelasyon pèsonèl, ke yo te pale ak anseye maten an.","It comes through personal revelation, which was spoken and taught this morning.","It comes through personal revelation, having spoken and taught the morning."
159,"Koulè diferan disponib tout pi bèl pase youn ak lòt: Nwa, vèt, ble, woz, Orange, Blan.","Different colors available, all more beautiful than each other: Black, Green, Blue, Pink, Orange, White.","Different colors available are all prettier than each other: Black, green, blue, pink, orange, white."
160,"S iPhone a te gen yon ekselan aryè kamera tou kamera iSight an ak Labour MP ekspozisyon 8 yon ak yon objectif kristal safi kouvri ak aparans tankou tout bon nan flash, oto imaj stabilizasyon, ak anpil lòt kichòy. Sa se yon gwo mak pou 5S iPhone la. Men sa kapab tou pou repare.","The iPhone S had an excellent rear camera, including the iSight camera and an 8 MP Labor display with a sapphire crystal lens and features like a real flash, automatic image stabilization, and much more. This is a big plus for the iPhone 5S. But that can also be fixed.","The iPhone S has an excellent rear camera as well as the iSight camera and the Labour MP display 8 a with a crystal clear lens covered with features such as good flash, auto image stabilization, and many other tricks. This is a great feature for the iPhone 5S. But it can also be repaired."
161,Jwèt Solitèr 2 sou entènèt. Jwe pou gratis,Solitaire 2 game online. Play for free,Game Solitaire 2 online. Play for free
162,"Kolabore ak lòt downline medikal, ki gen ladan enfimyè oswa doktè, yo ka fè anjyografik oswa inik metòd vaskilè.","Collaborating with other medical downlines, including nurses or doctors, they can perform angiographic or unique vascular methods.","In cooperation with other medical downlines, including nurses or doctors, they can perform angiographic or unique vascular methods."
163,Email Apwobasyon Paran,Parent Approval Email,Email Approval Parent
164,"Nan pawas ak branch ki kòmanse twazèdtan yo a avèk reyinyon Prètriz ak Sosyete Sekou yo, Primè a dwe vire orè sa a, epi kòmanse avèk Peryòd Echanj lan pou klas Primè yo ka fèt nan menm tan avèk klas Lekòldidimanch yo.","In wards and branches that begin their three-hour sessions with Priesthood and Relief Society meetings, the Primary should reverse this schedule and begin with the Exchange Period so that Primary classes can be held at the same time as Sunday School classes.","In parishes and branches that begin their thirty-hour meeting with the Presbyterians and the Rescue Society, the Primary must turn this schedule and begin with the Exchange Period so that the Primary classes can be held at the same time as the Sunday classes."
165,kW sou itilizasyon kadriyaj,kW on grid usage,kW on grid utilization
166,Etidye lavi Kris la.,Study the life of Christ.,Study the life of Kris.
167,Depatman an nan plant,The department of plants,the Department of Plant
168,nan Liv Egzòd,in the Book of Exodus,the Book of Exodus
169,segondè Kalite Pvc,High Quality Pvc,High Quality Pvc
170,2018 2 Rejim Semèn Koupon: Save Soti nan De semèn ou Rejim Sistèm Lòd,2018 2 Week Diet Coupons: Save From Your Two Week Diet System Order,2018 2 Week Diet Coupon: Save From Your Two Week Diet Order System
171,"Manm klas la ta kapab revize Jenèz 6–8 oubyen Moyiz 8:13–30 epi twouve yon bagay yo santi ki se yon avètisman enpòtan pou epòk pa nou an ak yon bagay yo kapab konsidere ki rasiran (gade nan ""Resous Adisyonèl yo"")tou.",Class members could review Genesis 6–8 or Moses 8:13–30 and find something they feel is an important warning for our day and something they can find reassuring (see “Additional Resources” as well).,"The class member would be able to review Genesis 68 or Moses 8:1330 and find something they feel is an important warning for our era and something they can consider to be uplifting (see ""Additional Resources"")also."
172,Pa mande pou jailbreak sou iOS,Does not require jailbreak on iOS,Do not require jailbreak on iOS
173,yo mikrofòn nan Knowles,they are microphones from Knowles,the Knowles microphone
174,Bòs otè: Bob Taylor,Author: Bob Taylor,Expert Author: Bob Taylor
175,OMNI ki pi Confiant Lachin bon mache kouto lazè ou ak Chinwa Lazè graveur Manifakti.,OMNI is your most trusted China cheap laser cutter and Chinese Laser Engraver Manufacturer.,OMNI most trustworthy China cheap laser cutter or Chinese Laser Engraver Manufacturer.
176,Nou Nou - CLOSED 200 m,Nou Nou - CLOSED 200 m,New - CLOSED 200 m
177,Kouman levanjil Jezikri a ka chanje nou?,How can the gospel of Jesus Christ change us?,How can the gospel of Jesus Christ be changed?
178,"Pwofondè l nan 600, 800,1000 mm se si ou vle;","Its depth of 600, 800,1000 mm is optional;","Depth of 600, 800,1000 mm optional;"
179,Yon temwayaj vire nou nan direksyon Papa nou ki nan Syèl la ak Pitit Gason Divin L lan.,A testimony turns us toward our Heavenly Father and His Divine Son.,A testimony that turns us towards our Father in Heaven and the Divine Son.
180,Dokiman ki Domaje oswa Pa klè,Damaged or Unclear Documents,Documents that are Damaged or unclear
181,"Michel Ussene, imanis pòtpawòl pou Afrik","Michel Ussene, humanist spokesperson for Africa","Michel Ussene, humanism spokesperson for Africa"
182,"Nan app mobil Ab Familyal la, navige al sou paj Pèsonèl moun nan oswa konjwen an.","In the Ab Family mobile app, navigate to the person's or spouse's Personal page.","In the Ab Familyal mobile app, navigate to the persons or spouses Personal page."
183,"Manm klas yo ka twouve kèk ide itil nan istwa Prezidan Boyd K. Packer te rakonte nan ""Resous adisyonèl"" la.",Class members may find some helpful ideas in the story told by President Boyd K. Packer in “Additional Resources.”,"Classmates may find some useful ideas in the story of President Boyd K. Packer told in the ""Additional Resources""."
184,Doktrin ak Alyans 45:44–45,Doctrine and Covenants 45:44–45,Doctrine and Covenants 45:4445
185,Petèt ou ta ka ekri kesyon sa yo sou tablo a epi envite manmm yo nan kowòm oswa klas la pou yo jwenn deklarasyon nan mesaj Prezidan Uchtdorf la ki ede reponn kesyon sa yo.,Perhaps you could write these questions on the board and invite quorum or class members to find statements in President Uchtdorf’s message that help answer these questions.,Perhaps you could write these questions on the board and invite members of the choir or class to find statements in the message of President Uchtdorf that help answer these questions.
186,SOU KONTAK FIDBAK,ABOUT CONTACT FEEDBACK,ABOUT CONTACT FIDBAK
187,"M. Russell Ballard, ""Men and Women in the Work of the Lord,"" New Era, Avr. 2014, 4;Liahona, Avr. 2014, 48; gade tou Filles dans mon royaume: L'histoire et l'oeuvre de la Sociètè de Secours (2011), 138.","M. Russell Ballard, ""Men and Women in the Work of the Lord,"" New Era, Apr. 2014, 4; Liahona, Apr. 2014, 48; see also Filles dans mon royaume: L'histoire et l'oeuvre de la Sociètè de Secours (2011), 138.","M. Russell Ballard, ""Men and Women in the Work of the Lord,"" New Era, Avr. 2014, 4;Liahona, Avr. 2014, 48; see also Girls in my kingdom: L'histoire et l'œuvre de la Société de Secours (2011), 138."
188,"Yon lòt inovasyon etone se Auto-fèmen fonksyon an, lè pa gen okenn opinyon odyo, yo pral aparèy la ap mache otomatikman pou konsève pou pouvwa a. Tout anviwònman an ap sove epi yo dwe menm bagay la tou nan pwochen ranfòse.","Another surprising innovation is the Auto-shutdown function, when there is no audio input, the device will automatically power off to save power. All the settings will be saved and be the same in the next power-up.","Another surprising innovation is the Auto-lock function, when there is no audio input, the device will be running automatically to save the power. The whole environment will be saved and will be the same in future boost."
189,Rapid ak pi fasil kreyasyon nan pwofesyonèl bilten a nouvo editè.,Quick and easy creation of professional newsletters with the new editor.,Quick and easy creation of the professional newsletter of the new editor.
190,"Pou egzanp, sèvi ak bwat diferan nan magazen soulye, pijama, foula oswa kostim benyen. Pou fè li pi fasil pou ou menm ak timoun yo, ou ka mete etikèt sou yo.","For example, use different boxes to store shoes, pajamas, scarves, or bathing suits. To make it easier for you and the kids, you can label them.","For example, use different boxes to store shoes, pajamas, scarves or bathing suits. To make it easier for you and the kids, you can label them."
191,Kisa ekriti sa yo anseye w sou enpòtans otorite prètriz la?,What do these scriptures teach you about the importance of priesthood authority?,What does the scripture teach you about the importance of priestly authority?
192,"Priye pou yo, pitit gason m nan, pou yo ka jwen la repantans. Men, gade, m pè pou Lespri a pa sispann lite avèk yo; e nan zòn sa a nan peyi a, y ap chèche kraze tout pouvwa ak otorite ki sòti kote Bondye; e yo nye Sentespri a.","Pray for them, my son, that they may attain to repentance. But behold, I fear lest the Spirit cease to strive with them; and in this part of the land they seek to overthrow all power and authority that comes from God; and they deny the Holy Ghost.","Pray for them, my son, that they may attain repentance. But behold, I fear that the Spirit will not cease to fight with them; and in this part of the land, they seek to overthrow all power and authority from God; and they reject the Holy Spirit."
193,"Kisa k rive moun yo lè ""Lespri Senyè a [sispann] lite avèk yo""","What happens to people when ""the Spirit of the Lord ceases to strive with them""?","What happens to people when ""the Spirit of the Lord [stop] wrestles with them"""
194,Ki montre 20 soti nan evènman 94,Showing 20 out of 94 events,Showing 20 out of 94 events
195,"Leyi ak Lyawona a, tablo Joseph Brickey","Lehi and the Liahona, painting by Joseph Brickey","Ley and Lyaona's, Joseph Brickey's chart"
196,paske tè a pral ranpli avèk konesans Senyè a menm jan dlo kouvri lanmè.,for the earth will be filled with the knowledge of the Lord as the waters cover the sea.,for the earth will be filled with the knowledge of the Lord just as water covers the sea.
197,Poukisa li difisil pou w sekwe pyebwa a?,Why is it difficult to shake the tree?,Why is it so hard to shake the tree?
198,N apral jwenn fason pou nou kontribye nan devèsman levarite sa a sou fanmi nou nan Legliz retabli Senyè a.,We will find ways to contribute to the outpouring of this grace upon our families in the Lord's restored Church.,We will find ways to contribute to the spread of this righteousness on our family in the Church of the Lord restored.
199,"Nwèl biskit fèblan bwat, Embossed biskuit fèblan bwat, prim biskuit bwat fèy, koutim biskit bwat fèblan, antik biskuit bwat fèblan.","Christmas biscuit tin box, Embossed biscuit tin box, premium biscuit tin box, custom biscuit tin box, antique biscuit tin box.","Christmas biscuit tin box, Embossed biscuit tin box, premium biscuit tin box, custom biscuit tin box, antique biscuit tin box."
200,Sektè Frameless balanse Pivot Cheap Pri twalèt douch ansint,Sector Frameless Swing Pivot Cheap Price Bathroom Shower Enclosure,Frameless Swing Pivot Sector Cheap Price Bathroom Shower Enclosure
201,Travay la te twòp pou nenpòt manm.,The work was too much for any one member.,The job was too much for any member.
202,Jwe jwèt sou entènèt pou gratis tire soti nan yon kanon,Play online games for free shooting from a cannon,Play online games for free shooting from a cannon
203,"Lè l sèvi avèk pi rafine materyèl nou an ankò ak teknoloji nan dènye, Tenga fyè dèske li prezante dènye a nan Teknoloji Plezi Gason, FLIP nan ZEWO.","Using our finest materials yet and the latest technology, Tenga is proud to introduce the latest in Male Pleasure Technology, the ZERO FLIP.","Using our finest material yet with the latest technology, Tenga is proud to present the latest in Men's Entertainment Technology, FLIP at ZEO."
204,Chanje souvni sa a pou l vin piblik ap rann li vizib pou tout itilizatè FamilySearch yo.,Changing this memory to public will make it visible to all FamilySearch users.,Change this memory to become public and make it visible to all FamilySearch users.
205,Zòn Sanksyon ak 1 objektif gwosè plen jan yo montre nan dyagram 1.,Penalty Area with 1 full size goal as shown in diagram 1.,Penalty Area with 1 full size goal as shown in diagram 1.
206,"Epi se te konsa, yon espas plizyè èdtan te pase anvan Moyiz te repran fòs natirèl li kòm moun ankò;",And it came to pass that a space of many hours passed away before Moses did again receive his natural strength as a man;,And so a space of several hours passed before Moses regained his natural strength as a human being again;
207,Veterinè Medsin Bachelor - Etid nan Ikrèn. Ukrainian Admission Center,Veterinary Medicine Bachelor - Study in Ukraine. Ukrainian Admission Center,Veterinary Medicine Bachelor - Study in Ukraine. Ukrainian Admission Center
208,M te aprann anpil leson jou sa a.,I learned many lessons that day.,I learned a lot lessons that day.
209,M te konn ajenou pou priye avèk yo.,I used to kneel to pray with them.,I knelt to pray with them.
210,"De-interlacing, bri Rediksyon, file","De-interlacing, Noise Reduction, Sharpening","De-interlacing, Noise Reduction, File"
211,"Kominikasyon avèk ""Angosatom"" te kapab Gòlf la akòz egzeyat pil","Communication with ""Angosatom"" could be the Gulf due to battery discharge","Communication with ""Angosatom"" could be the Gulf due to pollutant discharge"
212,Kouman pou m mande yo revoye yon imèl verifikasyon pou aktive kont FamilySearch mwen an?,How do I request a verification email to be sent to activate my FamilySearch account?,How do I ask to review a verification email to activate my FamilySearch account?
213,"Epi, poutèt wa Noye ak prèt li yo te fè pèp la fè tout peche ak inikite sa yo devan Bondye; e yo te kriye pou lanmò Abinadi; ak vwayaj Alma ak pèp la ki te ale avèk li a, ki te fòme legliz Bondye a nan fòs ak pouvwa Bondye, ak lafwa nan pawòl Abinadi te pale yo.","And because of king Noah and his priests, who had caused the people to commit all these sins and iniquities before God; and they mourned for the death of Abinadi; and the journeying of Alma and the people who went with him, who had formed the church of God in the strength and power of God, and in faith in the words which Abinadi had spoken.","And because of that, Noah and his priests made the people sin and were inadequate to the sight of God; and they wept for the death of Abinadi; and the journey of Alma and the people who went with him, who formed the church of God in strength and power, and faith in the words of Abinadi spoke to them."
214,Pri ki ba bon pri Deyò limyè Dyod lari Spesifikasyon:,Low price good price Outdoor LED street light Specification:,Low Price Outdoor LED Street Light Specification:
215,"Nou gen pou n soufri anpil tribilasyon nan mond lan; men, pran kouraj, mwen venk mond lan. Jan 16:33","In the world you will have much tribulation; but be of good cheer, I have overcome the world. John 16:33","We are to suffer much tribulation in the world; but take courage, I have overcome the world. John 16:33"
216,Enfòmasyon syantifik sou Milimè Terapi Vag,Scientific information about Millimeter Wave Therapy,Scientific information about Millimeter Wave Therapy
217,"Egzekite tès anndan pwogram lan, kidonk sant la PA egzije pandan ekzekisyon script la an avanse.","Execute tests within the program, so the center is NOT required during advanced script execution.","Perform tests inside the program, so the PA center is required during the advanced script execution."
218,"Yon monocycle oswa bi-sik ane pou inisyasyon ak atlèt jinyò se maksimòm la. Avantaj ki genyen nan tankou yon plan se ke li gen tan preparasyon faz, gratis nan estrès la nan konpetisyon. Sa a pèmèt antrenè a konsantre sou devlope ladrès ak yon fondasyon solid nan fòmasyon fizik.","A one-year unicycle or bi-cycle program for beginners and junior athletes is the maximum. The advantage of such a plan is that it has a preparation phase, free from the stress of competition. This allows the coach to focus on developing skills and a solid foundation of physical training.","A monocycle or bi-cycle year for starters and junior athletes is the maximum. The advantage of such a plan is that it has long preparation phase, free of the stress of competition. This allows the trainer to focus on developing skills and a solid foundation of physical training."
219,Bay manje blenndè riban pou Mèlange de Pellets nouriti,Feed Ribbon Blender for Mixing Feed Pellets,Bay meal blender ribbon for Mixing of Nutrient Pellets
220,Yon lòt Gayan loto Kredi Fortune bonbon,Another Lotto Winner Credit Fortune Cookie,Another Lotto Winner Credit Fortune Cookie
221,"Russell M. Nelson, ""Divine Love,"" Ensign, Fev. 2003, 24; Liahona, Fev. 2003, 16. Epi ankò, ""Se pa tout moun k ap di m, Senyè, Senyè, k ap antre nan wayòm syèl la; men moun ki fè volonte Papa m ki nan syèl la"" (Matye 7:21; gade tou 3 Nefi 14:21).","Russell M. Nelson, “Divine Love,” Ensign, Feb. 2003, 24; Liahona, Feb. 2003, 16. And again, “Not every one that saith unto me, Lord, Lord, shall enter into the kingdom of heaven; but he that doeth the will of my Father which is in heaven” (Matthew 7:21; see also 3 Nephi 14:21).","Russell M. Nelson, ""Divine Love,"" Ensign, Fev. 2003, 24; Liahona, Fev. 2003, 16. And again, ""Not everyone who says to me, Lord, Lord, will enter into the kingdom of heaven; but he who does the will of my Father who is in heaven"" (Matthew 7:21; see also 3 Nephi 14:21)."
222,Nou kontan chèche patisipe nan travay li pou rasanble ak sèvi tout pitit Bondye yo.,We are happy to seek to participate in His work to gather and serve all of God's children.,We are delighted to seek to take part in his work to gather and serve all of God's children.
223,mato moulen èkrazan pou vann nan Tanzani,hammer mill crusher for sale in Tanzania,hammer mill for sale in Tanzania
224,Nouvo Sistèm Koutenn Patant,New Patent Protection System,The New Patent Holder System
225,"Fikse twa kòn makè nan yon liy dwat, egzakteman senk yad apa - kòn B, A sant ...","Set up three marker cones in a straight line, exactly five yards apart - cone B, center A...","Fix three marker cones in a straight line, exactly five yards apart  cones B, A sant..."
226,"eureporter fè tout mezi posib pou sèvi ak medya sosyal, an patikilye Twitter ak Facebook. Inyon Ewopeyen Reporter gen Twitter ak Facebook paj pou chak lang pibliye sou sit wèb la Reporter Inyon Ewopeyen - 58 Twitter sit. Tout tèks ak videyo istwa yo se otomatikman afiche sou tout medya sosyal konsa tankou maksimize kouvèti yo ak enpak, ak:","eureporter makes every effort to use social media, in particular Twitter and Facebook. EU Reporter has Twitter and Facebook pages for each language published on the EU Reporter website - 58 Twitter sites. All text and video stories are automatically posted on all social media in order to maximise their coverage and impact, and:","eureporter makes every possible effort to use social media, in particular Twitter and Facebook. EU Reporter has Twitter and Facebook pages for each lang published on the EU Reporter website - 58 Twitter sites. All text and video stories are automatically posted on all social media so as to maximize coverage and impact, with:"
227,"paske se yon tè ki pi bon pase tout lòt tè, se poutèt sa, m ap fè tout moun ki rete sou tè sa a sèvi m.","because it is a land better than all other lands, therefore I will make all the inhabitants of this land serve me.","because it is a land that is better than any other land, therefore I am making all the inhabitants of this land to serve me."
228,Ki sa ki rejyon Reef koray ou panse yo pral afekte nan sidifikasyon lanmè premye?,What coral reef regions do you think will be affected by ocean acidification first?,Which coral reef region do you think will be impacted by ocean acidification first?
229,Efase Tout Orè Pase Yo,Delete All Past Schedules,Delete All Passed Hours
230,"Michael te bay yon tris mwatye onn-. ""G'night, Sara. Lannwit, Manman Teresa.""","Michael gave a sad half-wave. ""G'night, Sarah. Night, Mother Teresa.""","Michael gave a half-trance. Gnight, Sarah. Midnight, Mother Teresa."
231,Acts nan apòt yo 8,Acts of the Apostles 8,Acts of the Apostles 8
232,Kòmantè sou Blender:,Comments on Blender:,Official page: Blender
233,I-Station Videyo Sistèm Konpayi fabrikasyon yo ak founisè Lachin - Pwodwi Wholesale - Shanghai New Eyes Medical Inc,I-Station Video System Manufacturers and Suppliers China - Wholesale Products - Shanghai New Eyes Medical Inc,I-Station Video System Manufacturers and Suppliers China - Wholesale Products - Shanghai New Eyes Medical Inc
234,Planifye pou ale preche avèk de oubyen plis konpayon dirijan zòn.,Plan to go preaching with two or more area leadership companions.,Plan to go preaching with two or more companions leading areas.
235,"Novanm 12, 2010 par ofer 13 Kòmantè","November 12, 2010 by ofer 13 Comments","November 12, 2010 by ofer 13 Comments"
236,"Èldè DavidA. Bednar te temwaye: Pitit Gason Bondye a pafètman konnen e konprann, paske, li te santi ak pote fado chak grenn moun.","Elder David A. Bednar testified: The Son of God perfectly knows and understands, for He has felt and borne the burdens of every person.","Elder DavidA. Bednar testified: The Son of God perfectly knows and understands, because, he felt and bore fruit for every human being."
237,"3, Motocross TG a, - jwèt kous - Gamechit.com (Ayiti kreooli)","3, Motocross TG, - racing game - Gamechit.com (Haiti Creole)","3, TG's Motocross - Racing Games - Gamechit.com (English)"
238,"Paske Bondye renmen nou, Li te voye Pitit Gason L lan, Jezikri, sou tè a pou rachte nou anba peche ak lanmò.","Because God loves us, He sent His Son, Jesus Christ, to earth to redeem us from sin and death.","Because God loves us, He sent His Son, Jesus Christ, to earth to redeem us from sin and death."
239,Tanp Jordan River nan Utah,Jordan River Temple in Utah,The Jordan River Temple in Utah
240,bit m pou,my bit for,M bit for
241,Kawotchou materyèl (Compound) Processing machin,Rubber Material (Compound) Processing Machine,Rubber Material (Compound) Processing Machine
242,"Pòl te enplore yo pou yo ""sonje"" verite l te anseye yo (1Korentyen 15:2).",Paul implored them to “remember” the truths he had taught them (1 Corinthians 15:2).,"Paul pleaded with them to ""remember"" the truth he had taught them (1 Corinthians 15:2)."
243,A kisa yo konpare lanmò?,What is death compared to?,What are they compared to death?
244,"Vrè Krisyanis la, kote n ap fè efò pou nou vin menmjan avèk Mèt nou an, toujou mande pi gwo efò nou.","True Christianity, where we strive to become like our Master, always requires our greatest effort.","True Christianity, where we strive to become like our Master, always demands our utmost effort."
245,Ube Kòd Promo,Uber Promo Code,Ube promo code
246,"Si ou vle sèvi ak yon stil widje lòt pase style la default ak tit, ou ka sèvi ak yon bagay tankou:","If you want to use a widget style other than the default style and title, you can use something like:","If you want to use a widget style other than the default style and title, you can use something like:"
247,Jenèz 2:2-3; Moyiz 3:2-3; Abraram 5:2-3,Genesis 2:2-3; Moses 3:2-3; Abraham 5:2-3,Genesis 2:2-3; Moses 3:2-3; Abraham 5:2-3
248,"Jodia, m pral pale sou sa m aprann konsènan mirak pou jwenn lapè enteryè a, kèlkeswa sikonstans nou.","Today, I will talk about what I have learned about the miracle of finding inner peace, regardless of our circumstances.","Today, I will talk about what I learned about the miracle of finding the inner peace, regardless of our circumstances."
249,"Cordon te anseye: ""Ekriti yo eklere lespri nou, nouri lespri nou, yo reponn kesyon nou yo, ogmante konfyans nou nan Senyè a, epi ede nou santre lavi nou sou Li"" (""Mete konfyans ou nan Senyè a epi pa apiye sou sajès pa w,"" Ensign ou Lyawona, Me 2017,7).","Cordon taught: “The scriptures enlighten our minds, nourish our spirits, answer our questions, increase our trust in the Lord, and help us center our lives on Him” (“Trust in the Lord and Lean Not on Your Own Wisdom,” Ensign or Liahona, May 2017, 7).","Cordon taught: ""The Scriptures illuminate our minds, nourish our minds, answer our questions, increase our confidence in the Lord, and help us to center our lives on Him"" (""Trust in the Lord and do not lean on your own wisdom,"" Ensign ou Lyaona, May 2017,7)."
250,Menm jan an plis jwèt,Similar more games,Similar to more games
251,lang natif natal sou sit wèb mwen se toujou franse.,The native language on my website is still French.,My native language on my website is still French.
252,Seleksyone sètifika pou w ka ouvri yon paj PDF sètifika a.,Select the certificate to open a PDF page of the certificate.,Select certificate so you can open a PDF page of the certificate.
253,"Li sitye nan pil la anwo kay la. sal a se ideyal pou konferans biznis. Pri a gen ladan lajè seleksyon nan frèt ak cho manje, kafe ak te, rafrechisman, seleksyon nan bwason ki gen alkòl ak jounal.","Located on the upper deck, the room is ideal for business conferences. The price includes a wide selection of cold and hot food, coffee and tea, refreshments, a selection of alcoholic beverages and newspapers.","It is located in the upper deck. The room is ideal for business conferences. The price includes a wide selection of cold and hot meals, coffee and tea, refreshment, a selection of alcoholic beverages and newspapers."
254,"Tretman an nan periostit depann sou kòz ki kache. Si yon enfeksyon bakteri se dèyè sentòm yo, li anjeneral trete ak antibyotik. Nan evènman an nan twòp chaj, ase rès se espesyalman enpòtan. Anplis de sa, ka doulè a alèjize pa refwadisman ak anti-enflamatwa dwòg. Nan ka ki ra, yon retire chirijikal nan konsantrasyon an enflamatwa ka nesesè.","The treatment of periostitis depends on the underlying cause. If a bacterial infection is behind the symptoms, it is usually treated with antibiotics. In the event of overuse, adequate rest is especially important. In addition, the pain can be alleviated by cooling and anti-inflammatory drugs. In rare cases, surgical removal of the inflammatory focus may be necessary.","The treatment of periostitis depends on the underlying cause. If a bacterial infection is behind the symptoms, it is usually treated with antibiotics. In the event of overload, enough rest is especially important. In addition, the pain may be allergic to cooling and anti-inflammatory drugs. In this case, a surgical removal of the inflammatory concentration may be necessary."
255,GSP Tracking Keychain enpèmeyab Motionless Detekte,GSP Tracking Keychain Waterproof Motionless Detect,GSP Tracking Waterproof Keychain Motionless Detect
256,Repiblik Tik Chip de Nò a,Turkish Republic of Northern Cyprus,the Republic of Turkish Northern Cyprus
257,"Sou anlè adwat, seleksyone senbòl seleksyon aplikasyon an, epi apre sa seleksyone Orè Tanp.","At the top right, select the application selection symbol, and then select Temple Hours.","On top right, select the application's selection symbol, and then select the Schedule Temp."
258,Yon vwa ki te soti anwo te pale nan fènwa a.,A voice from above spoke in the darkness.,A voice from above spoke in the darkness.
259,Patriyach la mouri oswa li vin enkapab.,The patriarch dies or becomes incapacitated.,Patriyach is dead or incapable.
260,"Eksplike ke nan epòk nou an, Bondye ba nou andwa sakre kote nou ka vin pwòch li.","Explain that in our day, God has given us sacred places where we can draw close to Him.","Explain that in our time, God has given us the sacred place where we can come near to Him."
261,Evalye jwèt sa a: JWE: 3764,Rate this game: PLAYED: 3764,Rate this game: Played: 3764
262,Vizite izolwa nou an nan Las Vegas Konvansyon C ...,Visit our booth at the Las Vegas Convention C...,Visit our booth at Las Vegas Convention C...
263,Gade Emisyon Fòmasyon Mondyal la,Watch the World Training Broadcast,Watch the World Broadcast Training
264,"Li 1 Pyè 1:6–7; 3:14 ansanm, epi pataje yon eksperyans ou te fè lè w t ap travèse yon ""eprèv lafwa.""","Read 1 Peter 1:6–7; 3:14 together, and share an experience you had when you were going through a “trial of faith.”","Read 1 Peter 1:67; 3:14 together, and share an experience you had when you were going through a ""proof of faith."""
265,"Epi si zèv yo move, moun yo ap kondane pou yo wè fòt pa yo ak abominasyon pa yo, ki ap fè yo fè bak devan prezans Senyè a pou yo tonbe nan yon eta mizerab ak yon touman san fen, kote yo p ap janm retounen;","And if their works be evil, men shall be condemned to see their own faults and abominations, which shall cause them to shrink from the presence of the Lord, to fall into a state of misery and endless torment, from whence they shall never return;","And if their deeds go wrong, the people will be condemned to see their faults and their abominations, which will make them stand before the presence of the Lord so that they will fall into a miserable and endless torment, from which they will never return;"
266,"Lachin Super en Nickle alyaj Fabricants, ke founisè ak faktori - Beall endistri gwoup co, limite anpil","China Super Hard Nickle Alloy Manufacturers, Suppliers and Factory - Beall Industry Group Co., Limited",China Super Stainless Nickel Alloy Manufacturers and Suppliers - Price - Beall Industry Group
267,"Diferans ant 4 sezon tant ak tant chak jou se yon tant 4 sezon pi sere ak lou Et plus miray deyò a. Lè l' tout compressès, la se pa gen plas nenpòt kote pou sans eleman natirèl jwenn ak enmède ou dòmi la pè.","The difference between a 4 season tent and an everyday tent is that a 4 season tent is tighter and heavier and has a thicker outer wall. When it is fully compressed, there is no room anywhere for the elements to get in and disturb your peaceful sleep.","The difference between 4 season tents and 4 daily tents is a cooler and tighter 4 season tents and a brighter wall outside. When it's all compressed, there's no room anywhere to get without the natural elements and boredom or sleep apnea."
268,yon avoka ki te ofri Amilèk lajan pou l te di Bondye pa egziste.,a lawyer who offered Amulek money to say that God does not exist.,an attorney who offered Amelech money to say that God does not exist.
269,"21–27 Septanm. 3 Nefi 12–16: ""Mwen se lalwa a ak limyè a""",September 21–27. 3 Nephi 12–16: “I am the law and the light”,"2127 September. 3 Nephi 1216: ""I am the law and the light"""
270,"Pandan ane ki sot pase a, anpil nan nou te grandman ogmante etid levanjil la nan fwaye nou.","Over the past year, many of us have greatly increased gospel study in our homes.","Over the last few years, many of us have greatly expanded the study of the gospel in our communities."
271,"Enwa Retouche Enregistre tan ak lajanW ap chwazi ant fil fè ki lye ak kloti aliminyòmKijan pou detèmine si se lè pou krepi ou rezidansyèl Joachenn yo, Jonatan pisinLes ak Inconvènients diferan kloti materyèl","Refinishing Your Pool Saves Time and MoneyChoosing Between Wire Mesh and Aluminum FencesHow to Determine If It's Time to Refinish Your Residential PoolJoachenn, Jonathan PoolPros and Cons of Different Fencing Materials","Enwa Retouche Saves time and moneyYou are choosing between wire connectors and aluminum fencingHow to determine if it is time for crepe or residential joachenn, jonathan poolThe advantages and disadvantages of different fencing materials"
272,demand konsomatè nouvo twalèt entelijan se Sou ...,Consumer demand for new smart toilets is on...,Consumer demands new smart bathroom se Sou ...
273,"O Bondye, kè m sèten!","Oh God, my heart is sure!","Oh my God, I'm sure!"
274,È Kondisyone Remote Kontwòl,Air Conditioner Remote Control,Air Conditioning Remote Control
275,"""Moman an te Rive""",The moment has come.,"""The time has come"""
276,Anndan longè lajè anndan: tankou estanda mande.,Inside length inside width: as standard required.,Inside length wide inside: as standard required.
277,Ou dwe antre yon imel oubyen yon nimewo pòtab.,You must enter an email or mobile number.,Or enter an email or portable number.
278,"Soti nan Out 07, 2020 09: 00 jiskaske Out 09, 2020 18: 00","From August 07, 2020 09:00 until August 09, 2020 18:00","From August 07, 2020 09:00 until August 09, 2020 18:00"
279,"Janvye 2, 2020 Fayit, New Jersey fayit, Fayit New York, New York sezi defansKite yon kòmantèAndres Cardenas","January 2, 2020 Bankruptcy, New Jersey Bankruptcy, New York Bankruptcy, New York Foreclosure DefenseLeave a commentAndres Cardenas","January 2, 2020 Bankruptcy, New Jersey bankruptcy, Bankruptcy New York, New York secured defendersLeave a commentAndres Cardenas"
280,"a se inifòm nan tout seksyon nan, tranpe pou 1 èdtan pou chak 25 mm seksyon,","is uniform throughout the section, soak for 1 hour for every 25 mm section,","is uniform throughout the section, soaked for 1 hour for each 25 mm section,"
281,(2) 3-7 jou-Pou echantiyon ki deja egziste nou an pou referans.,(2) 3-7 days-For our existing sample for reference.,(2) 3-7 days-For our existing sample for reference.
282,"Pak nasyonal Twa Bè a gen yon perimèt fwontyè apeprè 170 km (110 mi) ki ap anglobe plis pase 75,000 ekta (190,000 kawo tè) .","The Twa Bê National Park has a boundary perimeter of approximately 170 km (110 mi) encompassing more than 75,000 hectares (190,000 acres).","Twa Bae National Park has a boundary perimeter of approximately 170 km (110 mi) that encompasses more than 75,000 hectares (190,000 acres)."
283,"Souvan, n'al dòmi anvan emisyon ke yo rele ""Idòl Ameriken"" (American Idol) fini.","Often, we go to bed before the show called ""American Idol"" ends.","Often, they go to bed before the so-called ""American Idol"" show ends."
284,Nimewo Modèl:MLD-0.07,Model Number:MLD-0.07,Model Number:MLD-0.07
285,"Plis pase 4 ane, alantou 6 zan e ki gen","More than 4 years, around 6 years and older","More than 4 years, around 6 years and gen"
286,"MIT a sitiye nan Cambridge, Massachusetts, across the Charles River from downtown Boston. Se sèlman yo gen obligasyon elèv yo elèv premye ane yo viv sou lakou lekòl la, men sou 70 pousan elèv chwazi yo rete sou lakou lekòl la pandan kat ane yo. MIT ofri lojman nan youn nan dortwar yo koul nan peyi a, souvan yo rele ""Eponj nan,"" ki fèt nan achitèk Steven Holl. Enjenyè yo MIT fè grandizè plis pase 30 ekip NCAA Divizyon III, ak maskot yo se yon kastò, ki MIT te chwazi paske yo te li yo ""jeni remakab ak konpetans mekanik ak abitid li yo nan endistri."" Chak klas desen yon bag inik rele ""an kwiv rat"" ki se devwale pandan ane sophomore, yon tradisyon ki dat tounen nan 1929.","MIT is located in Cambridge, Massachusetts, across the Charles River from downtown Boston. Only freshmen are required to live on campus, but about 70 percent of students choose to live on campus for all four years. MIT offers housing in one of the coolest dormitories in the country, often called ""The Sponge,"" designed by architect Steven Holl. MIT engineers field more than 30 NCAA Division III teams, and their mascot is a beaver, which MIT chose because of its ""remarkable engineering and mechanical skills and its habits of industry."" Each class wears a unique ring called the ""brass rat"" that is unveiled during sophomore year, a tradition that dates back to 1929.","MIT is located in Cambridge, Massachusetts, across the Charles River from downtown Boston. Only first-year students are required to live on campus, but about 70 percent of students choose to stay on campus for the next four years. MIT offers housing in one of the country's dormitories, commonly called the ""Sponge"", designed by architect Steven Holl. The MIT engineers enlist more than 30 NCAA Division III teams, and their mascot is a castor, which MIT chose because of its reputation."
287,Valè sa yo te kreye nan Katye Jeneral Legliz la.,These values were created at Church Headquarters.,Such values are created in the Headquarters of the Church.
288,Tarif ekran Pòt,Door Screen Tariff,Door Screen Tickets
289,"Nan pwòp vwayaj lafwa pa m, pawòl Alma yo te chanje lavi m: ""Moun ki gen imilite san yo pa oblije gen imilite, yo beni.""","In my own journey of faith, the words of Alma have changed my life: “Blessed are they who are humble without being humble.”","In my own journey of faith, Almas words changed my life: He who is humble without having to be humble, blessed is he."
290,la Bug Sid,the Southern Bug,Bug la Sid
291,"Sou fevriye 1st, 2010 Superfast Feri te vin operatè a Ferry premye nan mond lan prezante yon nouvo kategori kabin san konte rele ""PURE CABIN"". Kòm nan 1st avril 2011 kabin PURE yo disponib sou Blue Star Feri veso tou.","On February 1st, 2010 Superfast Ferries became the first ferry operator in the world to introduce a new exclusive cabin category called ""PURE CABIN"". As of April 1st, 2011 PURE cabins are also available on Blue Star Ferries vessels.","On February 1st, 2010 Superfast Ferries became the world's first ferry operator to introduce a new exclusive cabin category called ""PURE CABIN"". As of April 1st 2011 PURE cabins are available on Blue Star Ferries vessels as well."
292,"Chèche gidans li nan lapriyè, epi pran konsèy nan men paran nou ak dirijan nou yo.","Seek His guidance in prayer, and take counsel from our parents and leaders.","Seek His guidance in prayer, and seek advice from our parents and leaders."
293,Chèk konnen sa ou konnen?,Check what you know?,Check out what you know?
294,Se menm jan avèk ou; e menm jan pou tout lòt moun ki antoure nou.,It's the same with you; and the same with everyone else around us.,Just like you; and just like everyone else around us.
295,Moun k ap vin nan tanp yo dwe kontakte biwo lojman an pou fè rezèvasyon pa telefòn oubyen imel.,Those coming to the temple should contact the housing office to make reservations by phone or email.,People coming to the shrine should contact the lodging office to make a reservation by phone or email.
296,Repiblik la Masters nan majik,The Republic Masters of Magic,The Republic of Masters of Magic
297,Chèche non pou Òdonans ki Pare,Search for names for Ready Ordinances,Search for Appearing Ordonans
298,"Siyifikativman plis siksè se distribisyon sigarèt elektwonik, ke yo rele tou e-sigarèt pou plizyè ane.","Significantly more successful has been the distribution of electronic cigarettes, also known as e-cigarettes, for several years.","Significantly more successful is the distribution of electronic cigarettes, also known as e-cigarettes for many years."
299,"Pou ede kwayans yo nan don spirityèl yo, ou gen dwe envite yo pou yo pataje egzanp sou moun k ap itilize chak don ki nan Mowroni 10:9-16 yo.","To help them believe in spiritual gifts, you could invite them to share examples of people using each gift listed in Moroni 10:9–16.","To help them believe in spiritual gifts, you must invite them to share examples of people using each gift in Mowroni 10:9-16."
300,Kisa nou pral wè se sont ki konn chak nan anpil nan moun sa yo.,What we will see are the names of each of these many people.,What we're going to see is the skills of each of these people.
301,"Anplis Doktrin ak Alyans 89 la, lòt ekriti di nou kijan pou nou an sante.","In addition to Doctrine and Covenants 89, other scriptures tell us how to be healthy.","In addition to the Doctrine and Covenants 89, other scriptures tell us how to be healthy."
302,"Kisa esta òdonans ""Pa Pare"" a vle di?","What does this ""No Preparation"" order mean?",What does this ordinance Pa pare mean?
303,"Jan de: Torchon lam, machin torchon lam inivèsèl adaptè torchon bladerubber renouvèlman medikaman woulo liv","Type: Wiper blade, car wiper blade universal adapter wiper bladerubber refill roll","Type: Wiper blade, machine wiper blade universal adapter wiper bladerubber renewal medicine roll"
304,Verite debaz ki pi senp ak pi sèten nan lavi a se sa a: nou tout gen pou n mouri.,The simplest and most certain basic truth in life is this: we all have to die.,The simplest and most certain basic truth of life is this: we all have to die.
305,Barbie ki pral lekòl,Barbie is going to school,Barbie who goes to school
306,Dwa ou yo anba GPDR la,Your rights under the GDPR,Right or wrong under the GPDR
307,Anseye Doktrin nan: Timoun ki pi Gran yo,Teaching the Doctrine: Older Children,Teach the Doctrine of: The Elderly Children
308,"Li kouri sou Android 2.3.6 Gingerbread. Bagay la sèlman ki fè m 'panse poukisa li se pa sou android ICS se paske nan rezon ki fè yo kenbe koòdone ifon Apple la tou pre-pafè a itilizatè OS. Ou ka wè l 'sou foto yo, soti nan ekran yo anviwònman ak ""glise-a-dèblotchè"" ekran. Tout jis santi l tankou UI a menm nan iPhone a. Toujou, Gingerbread se pa move nan tout.","It runs on Android 2.3.6 Gingerbread. The only thing that makes me wonder why it's not on Android ICS is because of the reasons they keep Apple's iPhone interface near-perfect to the user OS. You can see it in the pictures, from the settings screens to the ""slide-to-unlock"" screen. Everything just feels like the same UI on the iPhone. Still, Gingerbread isn't bad at all.","It runs on Android 2.3.6 Gingerbread. The only thing that makes me think why it isn't on Android ICS is because of the reason to keep the Apple iPhone interface near-perfect to the user OS. You can see it on the pictures, from the settings screens and the ginger-to-unlock screen. Everything just feels like the same UI of the iPhone. Still, Gingerbread isn't moving at all."
309,"""Li esplike ki jan Vodou adapte nan istwa ayisyen, eksplike estrikti a nan relijyon an - lwa a (lespri) ak pouvwa yo - epi dekri adorasyon ak seremoni, debunking vèsyon an Hollywood nan relijyon an nan tout wout la,"" ajoute Posen.","It explains how Vodou fits into Haitian history, explains the structure of the religion - the lwa (spirits) and their powers - and describes worship and ceremonies, debunking the Hollywood version of the religion along the way, adds Posen.","It explains how Vodou fits into Haitian history, explains the structure of the religion  the law (lespr) and the powers  and describes worship and ceremonies, debunking the Hollywood version of the religion along the way,  adds Posen."
310,"l 'a prensipal ak karakteristik nan pwodwi yo 1.It se itilize nan anpil yo D', sit konstriksyon fini netwaye, machin liy bilding elatriye Li ka avèk efikasite adsorbe pati pyès sa yo metal ti tonbe sou tè a. Kenbe san danje, materyèl resikle, netwaye plas la ap travay.","The main usage and characteristics of the products 1.It is used in many machining, construction site finishing cleaning, machine building line etc. It can effectively adsorb the small metal parts falling on the ground. Keep safe, recycle materials, clean the working place.","The main and characteristic of the products 1.It is used in many kinds of machining, construction site finishing cleaning, building line machinery etc. It can efficiently adsorb metal parts falling on the ground. Keep safe, recycle materials, clean the work place."
311,"Akouchman anvan lontan tout bagay 5 ou dèyè 15days, apre resevwa depo a.",Delivery within 5 to 15 days after receiving the deposit.,Delivery of raw material 5~15days after receipt of the deposit.
312,Ankouraje timoun yo pou yo pataje menm kalite eksperyans la si yo genyen.,Encourage children to share similar experiences if they have any.,Encourage children to share the same kind of experience if they have one.
313,Oscar Blues Dale's Pale Ale Pale Ale,Oscar Blues Dale's Pale Ale Pale Ale,Blues Dale's Pale Ale Oscar Pale Ale
314,Okazyonèlman akonpaye misyonè yo y ap anseye.,Occasionally accompany the missionaries they are teaching.,Occasionally accompany the missionaries and teach.
315,"Woulib lage gaz 60 milimèt, nwa penti, TUV certification","60mm gas lift, black paint, TUV certification","Gas lift 60mm, black paint, TUV certification"
316,Finca Sa Garriga Binisalem,Finca Sa Garriga Binisalem,Finca Sa Garriga Binisalem
317,"Fè chwa kosyon, fil, kòd, oubyen lenn pou fè utilisè.","Choose from a variety of materials including thread, cord, or wool to make a user-friendly product.","Choose bond, wire, rope, or wool to make user."
318,li te menm mennen yo lakay pa l.,He even took them to his home.,He even brought them home by him.
319,Gen yon Demand Òdonans Familyal ki te deja fèt pou moun sa a.,A Family Order Request has already been made for this person.,There is a Family Ordinance Demand that has already been made for this person.
320,Moun ki afiche nan 2012-11-26 by syèl,Posted on 2012-11-26 by sky,Posted at 2012-11-26 by Sky
321,Mwen konnen gwo sakrifis li ak lanmou etènèl li pou tout Pè Selès la yo.,I know of his great sacrifice and his eternal love for all of Heavenly Father's children.,I know his great sacrifice and his eternal love for all the Selès Pairs.
322,Aksepte SNAP Aksyon Endyen Kliyan REP,Accept SNAP Indian Action REP Customer,Accept SNAP Shares Indigenous REP Clients
323,"Volonte li pou l te soumèt tèt li anba flajelasyon, mokri, ak krisifiksyon an—san l pa t itilize pouvwa li pou l te mete fen nan touman l yo—montre ke li ""gen pasyans"" epi li ""andire tout bagay"" (1 Korentyen 13:4,7).","His willingness to submit to scourging, mocking, and crucifixion—without using his power to end his torment—shows that he “has patience” and “endures all things” (1 Corinthians 13:4,7).","His willingness to submit to reproach, reproach, and crucifixion without using his power to end his tormentshows that he has patience and endures all things (1 Corinthians 13:4,7)."
324,"Revelasyon Joseph Smith, Pwofèt la te resevwa nan Kirtland, Ohio, 25 Novanm 1834. Revelasyon sa a pwente sou Warren A. Cowdery, yon gran frè Oliver Cowdery.","Revelation given to Joseph Smith the Prophet, at Kirtland, Ohio, November 25, 1834. This revelation is directed to Warren A. Cowdery, an older brother of Oliver Cowdery.","Revelation to Joseph Smith, the prophet received in Kirtland, Ohio, November 25, 1834. This revelation points to Warren A. Cowdery, a great brother of Oliver Cowdery."
325,"Nan jwèt sa a bèl bagay ou gen prepare cocktèl pou mennaj li. Chak ti fi gen yon gou pou yon bwè. Se konsa, ke dezi yo nan fanm. Kontwòl nan jwèt la se trè senp. Bezwen trennen ak gout objè yo.",In this wonderful game you have to prepare cocktails for his girlfriend. Every girl has a taste for a drink. So that the desires of women. Control of the game is very simple. Need to drag and drop objects.,In this wonderful game you have to prepare cocktails for his girlfriend. Every girl has a taste for a drink. So that the desires of women. Control of the game is very simple. Need to drag and drop objects.
326,gwo zam Evo Mini seri,big gun Evo Mini series,Heavy Weapon Evo Mini Series
327,fmItilizatè Fu-350 dinamik mikrofòn Non Feature Product: fmItilizatè Fu-350 Brand: fmItilizatè Kalite Tuner: dinamik Wireless: Branche Ch,fmUser Fu-350 dynamic microphone Feature Product Name: fmUser Fu-350 Brand: fmUser Tuner Type: dynamic Wireless: Wired Ch,fmUSER FU-350 Dynamic Microphone Non Product Feature: fmUSER FU-350 Brand: fmUSER Type Tuner: Dynamic Wireless: Branch Ch
328,"E si yon manm soufri, tout manm yo soufri avèk li;","And if one member suffers, all the members suffer with it;","And if one member suffers, all the members suffer with it;"
329,Fort St Rose Bilinda Sant pou Etid diplomatik ak Creole sedi,Fort St. Rose Bilinda Center for Diplomatic and International Studies sedi,Fort St. Rose Bilinda Sant for Diplomatic and International Studies
330,"Epi si yo pa fidèl, yo p ap jwenn fratènite nan legliz la;","And if they are not faithful, they will not find fellowship in the church;","And if they are not faithful, they will not find fellowship in the church;"
331,"Svetlana Borisova, Pwogram Direktè GC ""Orion"": ""Sou televizyon Ris jodi a, pa gen okenn chanèl dedye sou vejetarism. Se konsa, konfyans, ki pral aparans nan ""Premye vejetaryen"" kapab santi yo pozitivman abonnès, Lè ou konsidere enterè a ap grandi nan peyi nou an nan yon mòdvi an sante. Menm anvan lansman ofisyèl li yo, li demontre klèman nivo a nan enterè odyans nan paj televizyon nan rezo sosyal. Nou planifye pote soti nan distribisyon an nan ""Premye vejetaryen nan"" pa seri a maksimòm de operatè, difize sou teritwa a nan Russian Federation a "".","Svetlana Borisova, Program Director of GC ""Orion"": ""On Russian television today, there is no dedicated channel about vegetarianism. So, confident, that the appearance of ""First Vegetarian"" will be felt positively, considering the growing interest in our country in a healthy lifestyle. Even before its official launch, it clearly demonstrated the level of audience interest on the television page in social networks. We plan to carry out the distribution of ""First Vegetarian"" by the maximum range of operators, broadcasting on the territory of the Russian Federation"".","Svetlana Borisova, Program Director of GC ""Orion"": ""On Russian TV today, there are no channels dedicated to vegetarianism. So confident, that the appearance of ""First vegetarian"" will be able to feel positively subscriber, considering the growing interest in our country in a healthy lifestyle. Even before its official launch, it clearly demonstrates the level of audience interest in the television pages of social networks. We plan to carry out the distribution of ""First."
332,Cnc kontwolè: Almay PA,Cnc controller: Germany PA,Cnc Controller: Almay PA
333,Ou prèske rive!,You're almost there!,Or almost arrived!
334,Jwe gratis sou entènèt jwèt Balda chak jou. Pi bon jwèt sou Balda sit nou an pou tout fanatik nan sou entènèt jwèt!,Play free online Balda games every day. The best Balda games on our site for all fans of online games!,Play free online game Balda every day. Best games on our site Balda for all fans of online games!
335,Chapit 37: Nefi ak Leyi nan prizon,Chapter 37: Nephi and Lehi in Prison,Chapter 37: Nephi and Lehi in prison
336,"An jeneral deteksyon sit Reef ak sante - sondaj jeneral Reef yo ta dwe fèt asire segondè sante jeneral nan sit la outplant. Nature Conservancy a te devlope kritè evalyasyon an pousantaj sante a an jeneral ekolojik nan sit potansyèl outplant nan fè sondaj sou plizyè faktè detèminasyon diferan. Sondaj sa a baze sou yon vèsyon modifye nan la AGRRA. Tout faktè pou yon sit yo ajoute ansanm, ak sit ki klase pi wo yo vize pou efò outplanting. Jiska prezan, yo te anrejistre yon pi bon sivivan nan plant ki nan pi gwo rezilta detèminasyon ki baze sou sistèm sa a.","Overall Reef Site Screening and Health - General reef surveys should be conducted to ensure high overall health of the outplant site. The Nature Conservancy has developed criteria to rate the overall ecological health of potential outplant sites by surveying several different determinants. This survey is based on a modified version of the AGRRA. All factors for a site are added together, and sites with higher scores are targeted for outplanting efforts. To date, better survival has been recorded for plants with higher determinants based on this system.","Overall reef site detection and health  general reef surveys should be conducted to ensure high overall health of the outplant site. The Nature Conservancy has developed the criteria for assessing the overall ecological health rate of potential outplant sites by surveying several different determination factors. This survey is based on a modified version of the AGRRA. All factors for a site are added together, and the higher-grade sites are targeted for outplanting efforts. Until now, a better survival rate of outplanted plants has been recorded."
337,Enfòmasyon Jiapu ki dekri a ap efase.,The information Jiapu describes will be deleted.,The information Jiapu described will be deleted.
338,Gad Sistèm Sekirite,Security System Guard,Guard Security System
339,"sèvis Corporate ""Televizyon tricolor"" nan mitan lòt moun, yo ""Gazprom"", ""Rosneft"", ""Rosatom"", ""kaspèrski Lab"", VTB bank 24, Ministè nan Kilti a ak etranje Afè nan Larisi. Siksè nan segman nan antrepriz nan operatè a mache konekte ak lansman de nouvo sèvis ak pakè nan chanèl televizyon pou B2B-kliyan 2017 ane.","Corporate services ""Tricolor TV"" include, among others, ""Gazprom"", ""Rosneft"", ""Rosatom"", ""Kaspersky Lab"", VTB Bank 24, the Ministry of Culture and Foreign Affairs of Russia. The success of the corporate segment of the operator's market is associated with the launch of new services and packages of TV channels for B2B clients in 2017.","Corporate services ""Tricolor TV"" among others, are ""Gazprom"", ""Rosneft"", ""Rosatom"", ""Kaspersky Lab"", VTB Bank 24, Ministry of Culture and Foreign Affairs of Russia. The success of the enterprise segment in the market operator is connected with the launch of new services and packages of TV channels for B2B-clients 2017 year."
340,"E kounyeya, si nou di sa nan kè nou, nou p ap koupab, san sa n ap kondane; e kondanasyon nou an jis paske nou konvwate sa nou pa t resevwa.","And now, if we say this in our hearts, we are not guilty, otherwise we are condemned; and our condemnation is just, because we covet what we did not receive.","And now, if we say this in our heart, we will not be guilty, unless we are convicted; and our conviction is just because we convict what we did not receive."
341,"Epi li pale di kont peche, daprè klète verite a; se poutèt sa, pèsonn p ap fache kont pawòl m te ekri yo si li pa gen lespri dyab la.","And he speaketh strongly against sin, according to the plainness of the truth; wherefore, no man will be angry at the words which I have written, save he have the spirit of the devil.","And it speaks against sin, according to the clear truth; therefore, no one will be angry against the words I have written to them if he does not have the spirit of the devil."
342,"ODYANS: Èske yon eseye dwe oswa efikas men jis pi rèd, like--","AUDIENCE: Is an attempt to be or effective but just harder, like--","AUDIENCE: Is a must try or effective but just harder, like--"
343,Envite yon timoun pou desine yon pon sou tablo a.,Invite a child to draw a bridge on the board.,Invite a child to draw a bridge on the board.
344,Konsantre sou Jezikri,Focus on Jesus Christ,Focus on Jesus Christ
345,2 Wè fi vakabon Jwe,2 See naughty girls play,Naughty Girl 2 Play
346,"Ou toujou kapab fè rapò sou yon eksepsyon, men tanpri asire w ke ou gen izaje korèk la epi òdonans lan byen anrejistre.","You can still report an exception, but please make sure you have the correct usage and the order is properly recorded.","You can still report an exception, but please make sure you have the correct layout and the ordinance is properly registered."
347,Otomatik sistèm procesna,Automatic packing system,Automatic packing system
348,Friziz Rekòmande Pa gen kòmantè BISH Jaishi,Recommended Friziz No comments BISH Jaishi,Friziz Recommends No comments Bish Jaishi
349,DBKU seri kraze unnit,DBKU series crushing unit,DBKU series crush unnit
350,Sètifikasyon AKSYON Resètifikasyon Gid,ACTION Certification Recertification Guide,ACTION Certification Recertification Guide
351,Tout jounalis Ayiti mete deyò nan konferans pou laprès PM Lamothe nan NY Detay,All Haitian journalists expelled from PM Lamothe's press conference in NY Details,All Haiti journalists expelled from PM Lamothe's press conference in NY Details
352,DMT seri tourèl par double-motè kout pwen an pou machin DMT-300B,DMT series turret punch press dual-motor punching machine DMT-300B,DMT series turret blowing double-engine punch for DMT-300B machine
353,Jwenn Moun Kote Yo Ye a,Find People Where They Are,Find People Where You Are
354,LC Tech Aktivasyon Gid Pwosesis,LC Tech Activation Process Guide,LC Tech Activation Process Guide
355,"elektwonik, Elektrik ak konsomatè elektwonik","Electronics, Electrical and consumer electronics","Electronics, Electrical and Consumer Electronics"
356,"Vèsè sa yo ka ede manm fanmi ou pi byen konprann kisa Sovè a te vledi lè l te pale de ""levanjil mwen an.""",These verses can help your family members better understand what the Savior meant when He spoke of “my gospel.”,"These verses can help your family member better understand what the Savior meant when he talked about ""my gospel."""
357,Kisa manm klas yo aprann nan Alma 8:19–30 konsènan relasyon ant manm lokal yo ak misyonè aplentan yo?,What do class members learn from Alma 8:19–30 about the relationship between local members and full-time missionaries?,What do the class members learn from Alma 8:1930 regarding the relationship between local members and the full-time missionaries?
358,"Avèk konfyans nou temwaye ke Sakrifis Ekspyatwa Jezikri a prevwa epi, alafen, l ap dedomaje tout privasyon ak tout pèt pou moun ki mande èd Li.","We confidently testify that the Atonement of Jesus Christ foresees and, ultimately, will compensate for all deprivation and loss for those who seek His help.","Confidently we testify that Jesus Christ's Expiyatwa Sacrifice is foreseen and, alas, he will undo all deprivation and loss for those who ask for His help."
359,ka mete yon filtre dwe kouvri 774.,can put a filter must cover 774.,can put a filter to cover 774.
360,"Repons Bondye pou priyè nou yo pa toujou vini imedyatmanem —pafwa se kòmsi yo pa vini ditou—men Bondye konnen sa ki pi bon pou pitit li. Asireman, yon jou nou pral wè pi klè; epi jou sa a nou pral rekonèt bonte ak jenewozite syèl la.","God's answers to our prayers do not always come immediately—sometimes it seems as if they never come at all—but God knows what is best for His children. Surely, one day we will see more clearly; and that day we will recognize the goodness and generosity of heaven.","God's answer to our prayers does not always come immediately perhaps if they do not come to us but God knows what is best for his children. Surely, one day we will see more clearly; and that day we will recognize the goodness and generousness of the heavens."
361,"Chèche bagay moun konnen, yo aprann, oubyen yo fè nan ekriti yo ki ta ka ede w nan yon pwoblèm pèsonèl oubyen yon kesyon w genyen aktyèlman.","Look for things people know, learn, or do in the scriptures that might help you with a personal problem or question you are currently facing.","Find out what people know, learn, or do in the scriptures that would help you with a personal problem or a question you currently have."
362,Previous: Wo nan kondwi bouteur SD9,Previous: High-speed driving bulldozer SD9,Previous: Wo nan kondwi boutè SD9
363,Gen 2 fòm wo nivo de tès la Yo-Yo:,There are 2 high-level forms of the Yo-Yo test:,Gen 2 high-level form of the Yo-Yo test:
364,Dyagnostik Kit pour D-dimèr fluoresans imunolojik ...,Diagnostic Kit for D-dimer fluorescence immunoassay...,Diagnostic Kit for D-dimmer fluorescent immunological...
365,Elimine Souvni yo Definitivman?,Delete Memories Permanently?,Eliminate the Memory Definitively?
366,Offshore Banking adistans Via entènèt la,Offshore Banking Remotely Via the Internet,Offshore Remote Banking Via the Internet
367,EVA Kim avyon Coupe Konpayi fabrikasyon machin ak founisè Lachin - CE sètifika - Shuoying Precision machin,EVA Foam Plane Cutting Machine Manufacturers and Suppliers China - CE Certificate - Shuoying Precision Machinery,EVA Foam Plane Cutting Machine Manufacturers and Suppliers China - CE Certificated - Shuoying Precision Machinery
368,"Septanm 5, 2010 nan 3:29 sou","September 5, 2010 at 3:29 am","September 5, 2010 at 3:29 am"
369,"Frè m ak sè m yo, chè zanmi mwen, m priye pou nou rete konsantre sou ""senplisite ki nan Kris la"" epi kite lagras li elve nou e pote nou pandan vwayaj pou soti kote nou ye kounyeya pou al nan desten gloriye nou nan prezans Papa nou an.","My brothers and sisters, my dear friends, I pray that we will stay focused on the ""simplicity of Christ"" and let His grace lift us up and carry us on the journey from where we are now to our glorious destiny in the presence of our Father.","Brothers and sisters, dear friends, I pray that we remain focused on the ""simplicity of Christ"" and let his grace lift us up and carry us along the journey from where we are now to our glorious destiny in the presence of our Father."
370,Castle nan jwèt Princess colorie,Castle of Princess Coloring Game,Castle in the game Princess Coloring
371,"Pandan y ap li a, you ta kapab fè lis fason Satan te eseye tante Adan ak Èv la.","As you read, you could list the ways Satan tried to tempt Adam and Eve.","Meanwhile, you could list the ways that Satan tried to tempt Adam and Eve."
372,an Special Olympics,at Special Olympics,Special Olympics
373,Joint grèv de gè,Joint Strike Fighter,Joint Strike
374,Yo pa t konvèti poutèt pèsonalite dirijan yo ni pou yo te prezève yon eritaj kiltirèl oswa tradisyon zansèt yo.,They did not convert because of the personalities of their leaders nor to preserve a cultural heritage or ancestral traditions.,They did not convert because of their leading personalities or to preserve a cultural heritage or ancestral traditions.
375,"Dirijan prètriz yo ak prezidans tanp lan ka revize rekòmandasyon yo sou paj la pou wè etap yo, ajoute detay, ak apwouve rekòmandasyon yo.","Priesthood leaders and temple presidencies can review recommendations on the page to see steps, add details, and approve recommendations.","Priesthood leaders and presidents can review the recommendations on the page to see the steps, add details, and approve the recommendations."
376,BYGH Planèt Kovèti pou Motè (23HS Planèt Kovèti pou),BYGH Planetary Gear Motor (23HS Planetary Gear),BYGH Planetary Engine Gear (23HS Planetary Gear)
377,"Manm nan Legliz la ki respekte alyans yo resevwa don Lespri yo, ki enkli don pou yo genyen yon temwayaj konsènan Jezikri kòm Sovè nou, don Sentespri a, don lafwa pou geri moun ak pou jwenn gerizon, don disènman, don pou resevvwa mirak, ak don sajès ak konesans.","Covenant-keeping Church members receive the gifts of the Spirit, including the gift of a testimony of Jesus Christ as our Savior, the gift of the Holy Ghost, the gift of faith to heal and be healed, the gift of discernment, the gift of receiving miracles, and the gift of wisdom and knowledge.","Members of the Church who respect the covenant receive the gifts of the Spirit, which include the gift of a testimony concerning Jesus Christ as our Savior, the gift of the Holy Spirit, the gift of faith for healing and healing, the gift of discernment, the gift of miracles, and the gift of wisdom and knowledge."
378,"""Edikasyon,"" Pou fòs Jèn yo (2011), 9–10","Education, For the Strength of Youth (2011), 9–10","""Education,"" For the Strength of Youth (2011), 910"
379,Endepandan konsèy pasyan,Independent patient advice,Independent patient advice
380,Vit ak fasil fason yo optimize Desktop la. Lojisyèl la bay yon maksimòm travay rapid nan yon aparèy epi li gen yon seri de aplikasyon pou itil.,Fast and easy way to optimize the desktop. The software provides maximum speed of work on a device and has a range of useful applications.,Fast and easy way to optimize the desktop. The software provides a maximum quick work of a device and contains a range of useful applications.
381,Star Lagè devinèt,Star Wars Puzzle,Star Wars Puzzle
382,arab gwo bourik gwo,arab big ass big,big arab bourik big arab bourik big arab bourik big arab bourik big arab bourik big arab bourik big arab bourik big arab bourik big arab bourik big arab bourik big arab bourik big arab bourik big arab bourik big arab bourik big arab bourik big arab bourik big arab bourik big arab bourik big arab bourik big arab bourik big arab bourik big arab bourik big arab bourik big arab bourik big arab bourik big arab bourik big arab bourik big arab bourik
383,"Epi pandan w ap fè sa a, panse ak sa: Si plant sa a reprezante kay Izrayèl la, nan ki kondisyon pitit Izrayèl yo ye?","And as you do this, think about this: If this plant represents the house of Israel, what condition are the children of Israel in?","And as you do this, think about this: If this plant represents Israel, what is the status of the children of Israel?"
384,Reef nan risk,Reef at risk,Reefs at Risk
385,"prezante, tankou sa a","present, like this","present, like this one"
386,"Si w pa t mande aksyon sa a, tanpri tanpri rapòte aktivite sa a ba nou. Kont FamilySearch ak Kont LDS yo se sèvis pou gen aksè nan","If you did not request this action, please report this activity to us. FamilySearch Accounts and LDS Accounts are services for accessing","If you do not request this action, please report this activity to us. FamilySearch accounts and LDS accounts are services to access"
387,"Pawòl pwofèt aktyèl yo gen dwa konplete liv kanonik yo (gade Anseye nan fason Sovè a,17).","The words of current prophets may supplement the standard works (see Teaching in the Savior’s Way, 17).","The actual prophetic word may supplement the canonical books (see Teaching in the Savior's way,17)."
388,yon sekretè OFISYÈ,an OFFICIAL secretary,an OFFICIAL SECRETARY
389,"Hot Tags: crt-310n motè lektè kat Lachin, manifakti, faktori, en, bon mache, OEM, ODM, ekonomik,-wo fen, 2-ane garanti","Hot Tags: crt-310n motorized card reader China, manufacturer, factory, wholesale, cheap, OEM, ODM, economical, high-end, 2-year warranty","Hot Tags: crt-310n motor card reader China, manufacturer, factory, wholesale, cheap, OEM, ODM, economic, high-end, 2-year warranty"
390,"An referans ak seksyon ""Yon idantite feminine san parèy"" la, pale sou karakteristik yon fi ki jis. Itilize egzanp nan atik la, repase fason fi yo kapab gen enfliyans jis sou lòt moun. Fini pandan w ap li dènye seksyon atik la.","Referring to the section ""A Unique Feminine Identity,"" discuss the characteristics of a righteous woman. Using examples from the article, review ways women can have a righteous influence on others. Finish by reading the last section of the article.","Referring to the section ""An unparalleled female identity"", talk about the characteristics of a fair girl. Using examples in the article, review how fair girls can influence others. Finish by reading the last section of the article."
391,Dram Film UA,Drama Film UA,Drama Film UA
392,"wi, pèsonn pa t konn wè Lamanit yo goumen avèk anpil fòs ak kouraj konsa, non, pa menm nan kòmansman an.","yea, no man had ever seen the Lamanites fight with so much strength and courage, no, not even in the beginning.","Well, no one had ever seen the Lamanites fight so fiercely and so bravely, no, not even at the beginning."
393,Jwenn sit fanmi w yo,Find your family sites,Find your familys site
394,"Nou chak te santi semans la te bon, nou te menm santi l gonfle nan kè nou, epi nou te santi lajwa pandan kè nou ak lespri nou te sanble yo t ap grandi.","Each of us felt the seed was good, we even felt it swell in our hearts, and we felt joy as our hearts and minds seemed to grow.","We each felt the week was good, we even felt it swelling in our hearts, and we felt joy while our hearts and minds seemed to be growing."
395,"otomobil aplikasyon, aplikasyon endistriyèl, architectural, sivil ""Engineering"" elatriye,","automotive applications, industrial applications, architectural, civil engineering etc.,","Automotive applications, industrial applications, architectural, civil engineering, etc.,"
396,Chinwa Inivèsite Basketball Association,Chinese University Basketball Association,Chinese University Basketball Association
397,Rityèl sakre oswa lòt rityèl relijye ki pwofane yon kwayans relijye ki asosye.,Sacred rituals or other religious practices that desecrate an associated religious belief.,Sacred rituals or other religious rituals that benefit an associated religious belief.
398,Redanmtè a ap retounen,The Redeemer is returning,The Redemptorist will return
399,"epi ame avèk kouraj, pou yo dispoze pou fè tout sa yo kapab, e santi yo responsab kòmsi tout travay la te depann de yo sèlman.","and armed with courage, to be willing to do all they can, and to feel responsible as if the whole task depended on them alone.","and love with courage, to be willing to do all they can, and to feel responsible as all the work was dependent on them alone."
400,36 Diferansyèl Spectrophotomètre CD-841 1,36 Differential Spectrophotometer CD-841 1,36 Differential Spectrophotometer CD-841 1
401,TRIMESTRE. Ki kalite peye nou kapab aksepte moun?,QUARTER. What kind of payment can we accept from people?,QUARTER. What kind of payment can we accept?
402,"""Pi Gwo Leson an Anseye jodiya""",The Greatest Lesson Taught Today,Anseye jodiyas Biggest Lesson
403,karakteristik: bec sou tèt,feature: spout on top,Feature: beck on top
404,(TE Edit kòm li pa nan senpati lyen yo ebay ...),(EDIT as it is not in the ebay links sympathy...),(THE EDIT as it does not sympathize with the ebay links...)
405,A mwen pase sou yon pwoblèm?,Am I missing a problem?,Did I mention a problem?
406,"Join 3 longè nan yon fòm T; 300, 450 oswa 600mm reyon","Join 3 lengths into a T shape; 300, 450 or 600mm radius","Join 3 lengths in a T shape; 300, 450 or 600mm radius"
407,Sa difisil paske nou dwe viv pami moun ki pa pataje menm kwayans ak valè ak obligasyon nou pran nan alyans yo avèk nou.,This is difficult because we must live among people who do not share the same beliefs and values and obligations we have made in our covenants with them.,This is difficult because we must live among people who do not share the same beliefs and values and the obligations we have entered into in their alliance with us.
408,"Lavi Pòl se yon bèl ilistrasyon sou verite ki eksprime pa Russell M. Nelson ki di: Lè lavi nou santre sou Jezikri ak levanjil li a, nou ka santi lajwa kèlkeswa sa k rive—oswa sa k pa rive—nan lavi nou.","Paul’s life is a beautiful illustration of the truth expressed by Russell M. Nelson: When our lives are centered on Jesus Christ and His gospel, we can feel joy no matter what happens—or doesn’t happen—in our lives.","Paul's life is a beautiful illustration of the truth expressed by Russell M. Nelson, who said: When our lives center on Jesus Christ and his gospel, we can experience joy regardless of what happens or does not happen in our lives."
409,"Poutèt limitasyon nan reyinyon virtyèl yo, ou ka anvi fè yon senp prezantasyon, ki pa gen anpil entèraksyon ant patisipan yo.","Due to the limitations of virtual meetings, you may want to make a simple presentation, with little interaction between participants.","Due to the limitations of virtual meetings, you may crave a simple presentation, with little interaction between the participants."
410,Sakrifis Ekspyatwa a ban nou èd pou nou simonte epi evite move bagay ak pou nou fè sa ki bon epi pou nou vin bon.,The Atonement gives us help to overcome and avoid evil and to do and become good.,The sacrifice of the Holy Spirit helps us to overcome and avoid evil and to do good and become good.
411,Ti Baler Machin Pou Zèb,Small Baler Machine For Grass,Ti Baler Machine Pou Zèb
412,"Apresa, ou ta ka mande manm klas yo pou yo chèche fraz nan Ezayi53 ki dekri evenman ki nan foto yo.",Then you could ask class members to look for phrases in Isaiah 53 that describe the events in the pictures.,"Afterward, you might ask the class members to search for phrases in Isaiah53 that describe the events in the pictures."
413,Ki sevis yo bay?,What services are provided?,What services do they provide?
414,"Nou pa konn kè moun ki ofanse nou yo (Pou nou ka fè youn Ensign, Me 1998,68).","We do not know the hearts of those who offend us (That We May Be One, Ensign, May 1998, 68).","We do not know who attacked us (To make an Ensign, May 1998,68)."
415,Dekouvri epi Apresye Zannimo yo,Discover and Appreciate Animals,Discover and Appreciate the Animals
416,Sa a se yon pwojè pwodwi netwayaj ki vann nan Japon. Nou bay optimize nan konsepsyon epi finalman pwojè sa a vini nan mache ak bidjè ki ba.,This is a cleaning product project that is sold in Japan. We provide optimization in design and finally this project comes to market with low budget.,This is a cleaning product project that sells in Japan. We provide the optimization of design and finally this project comes to market with low budget.
417,Lis tout liv ouvri: ou ka byen vit klike sou navige ant tout liv ki louvri (klike sou detay);,List of all open workbooks: you can quickly click to navigate between all open workbooks (click on details);,List all opened workbooks: you can quickly click to navigate between all opened workbooks (click for details);
418,Limyè terapi pou depresyon,Light therapy for depression,Light therapy for depression
419,Rated 4.82 soti nan 5,Rated 4.82 out of 5,Rated 4.82 out of 5
420,"Nan Doktrin ak Alyans Li di: ""Ni nou pa dwe enkyete alavans pou sa nou pral di; men, medite pawòl lavi yo nou tout tan nan panse pawòl lavi yo, epi n ap resevwa nan menm lè a pòsyon an ki pral satisfè pou chak moun.""","In the Doctrine and Covenants He says: “Neither should we take thought beforehand what we shall say; but ponder upon the words of life continually, and we shall receive in the same hour that portion which shall be meet for every man.”","Nan Doktrin ak Alyans Li says: Neither should we be anxious beforehand for what we shall say; but, meditate on the words of our lives all the time by thinking the words of our lives, and we shall receive at the same time the portion which shall be satisfied for each one."
421,Medya Libreri LDS - Kategori Videyo,LDS Library Media - Video Category,Media Libreri LDS - Video Categories
422,Dalton Cumbrian Etablisman - - atizay,Dalton Cumbrian Establishment - - art,Dalton Cumbrian Etablisman   art
423,Petèt ou te li apwopo kèk sikonstans kote Sovè a te pale avèk pitit Papa nou ki nan Syèl yo.,Perhaps you have read about some of the circumstances in which the Savior spoke to our Heavenly Father’s children.,Perhaps you have read about some instances in which the Savior had spoken to the children of our Father in Heaven.
424,7 Mechanical Tès obligatwa:,7 Mechanical Tests Required:,7 Mechanical Tests Required:
425,"Mèkredi, Nasyon Baskètbòl, Asosyasyon (NBA) Etazini te kanpe sezon baskètbòl pwofesyonèl li an akoz enkyetid yo konsènan COVID-19 la.","On Wednesday, the National Basketball Association (NBA) suspended its professional basketball season due to concerns about COVID-19.","On Wednesday, the National Basketball Association (NBA) United States suspended its professional basketball season due to concerns regarding the COVID-19."
426,Transfè a nan ekipman militè,The transfer of military equipment,The transfer of military equipment
427,Istwa Nouvo Testaman yo,New Testament History,History of the New Testament
428,Jezikri k ap souri pandan l chita avèk yon timoun k ap souri,Jesus Christ smiling as he sits with a smiling child,Jesus Christ is smiling while talking to a smiling child
429,Mwen menm mwen te remake yon atik nan Omni nouvèl app ki di ke 77 pousan nan moun yo Swedish ap satisfè ak manm Inyon Ewopeyen.,I also noticed an article in the Omni news app that says that 77 percent of Swedish people are satisfied with EU membership.,I also read an article in Omni news app which says that 77 per cent of the Swedish people are satisfied with EU membership.
430,Kabann Seagrass tou pre koray. Sa yo kapab bay yon kout tèm efè lokal tampon pou resif koray adjasan paske seagrasses ka diminye disoud CO2 ref,Seagrass beds near corals. These can provide a short-term local buffering effect for adjacent coral reefs because seagrasses can reduce dissolved CO2 ref,Seagrass beds near corals. These can provide a short term local buffering effect for adjacent coral reefs because seagrasses can reduce CO2 ref dissolving
431,"Tèt triyang Biotech Ltd se yonn nan dirijan Lachin graines psyllium poud fabricants ekipe ak pwofesyonèl faktori, akeyi poud grenn an gwo psyllium bon mache pou nou.","Triangle Biotech Ltd is one of the leading China psyllium seed powder manufacturers equipped with professional factory, welcome to wholesale cheap psyllium seed powder from us.","Apex Biotech Ltd is one of the leading China psyllium seed powder manufacturers equipped with professional factory, welcome to wholesale cheap psyllium seed powder from us."
432,Kòman pou m jwenn yon ranplasan?,How do I find a replacement?,How do I find a replacement?
433,"Akote de serye transpò pou rezidan, ViaAir pral byento kòmanse lè l sèvi avèk Mauiva konpayi paran yo (pwononse Ma-Nou-Va), avèk pouvwa siyifikatif distribisyon li yo entènasyonal, nan liv vakans avanti AirCruise pou kliyantèl nasyonal ak entènasyonal.","Aside from reliable transportation for residents, ViaAir will soon begin using parent company Mauiva (pronounced Ma-Nou-Va), with its significant international distribution power, to book AirCruise adventure vacations for national and international clientele.","Besides reliable transportation for residents, ViaAir will soon start using their parent company Mauiva (pronounced Ma-Nou-Va), with its significant international distribution power, to book AirCruise adventure vacation for national and international customers."
434,Jwèt Kitchen Sara,Sara's Kitchen Game,Game Kitchen Sara
435,"Lè li te bite epi tonbe a, paran eman l yo pa't santi ke li te yon ka dezespere ni ke l pa t'ap ka janm mache ankò. Olye de sa, yo te lonje lamen yo pandan y'ap rele'l, epi avèk zye li sou yo, li te eseye ankò pou l te mache al jwenn bra lanmou yo.","When he stumbled and fell, his loving parents did not feel that he was hopeless or that he would never walk again. Instead, they held out their hands as they called out to him, and with their eyes on him, he tried again to walk to their loving arms.","When he was bitten and fell off, his parents did not feel that he was desperate or that he would never walk again. Instead, they stretched their hands while calling him, and with his eyes on them, he tried again to walk to find their loving arms."
436,"Kase lezo diffusion chanèl televizyon, Nou ofri sèvis pou pa depase 3 tan, ki pral nan de la 2:00 devan 6:00","Breaking the broadcast of television channels, we offer services for no more than 3 hours, which will be from 2:00 to 6:00","Breaking those broadcast TV channels, We offer service for no more than 3 hours, which will be from 2:00 a.m. before 6:00 a.m."
437,"3. Nan 2014, nou yo se konsa kontan yo dwe patnè a nan PDR, e nou te kolabore 3 ane jouk kounye a.","3. In 2014, we are so happy to be the partner of PDR, and we have cooperated 3 years until now.","3. In 2014, we are so happy to be the partner of PDR, and we have been cooperating 3 years until now."
438,"Si sa nesesè, ou ka pèmèt randevou sou entènèt tou pou evènman espesyal.","If necessary, you can also enable online appointments for special events.","If necessary, you can also allow online appointments for special events."
439,Kim dansite anwo nan syèl,High density foam,High density foam
440,Gade videyo yo.,Watch the videos.,Watch the videos.
441,"Hot Tags: kabòn fib selfie bwa Lachin, fabricants, faktori, en, bon mache","Hot Tags: carbon fiber selfie stick China, manufacturers, factory, wholesale, cheap","Hot Tags: carbon fiber selfie stick China, manufacturers, factory, wholesale, professional suppliers, good quality, high strength"
442,Nou te anvlope avèk amou Bondye.,We were enveloped in God's love.,We were enveloped with the love of God.
443,Ke Videyo sèks,Sex video,Key Sex Videos
444,"Apresa, yo ka pataje lòt egzanp sou moun ki te chèche epi ki te fè volonte Senyè a ""san fatige"" (Elaman 10:4), oubyen nan ekriti yo oubyen nan pwòp lavi yo.","Then they could share other examples of people who sought and did the Lord’s will “without fatigue” (Helaman 10:4), either from the scriptures or from their own lives.","Afterward, they can share other examples of those who sought and did the Lord's will ""without fatigue"" (Elaman 10:4), or from their scriptures or from their own lives."
445,Doktè Syeda Sadia Nur KIJWA mwa K daysN jou,Dr. Syeda Sadia Nur KIJWA months K daysN days,Dr. Syeda Sadia Nur KİJWA 1 month 3 days
446,"Epi l te wè Senyè a, epi l te mache avèk li, epi l te devan fas li tout tan; epi l te mache avèk Bondye pandan twasan swasannsenkan, ki te fè l katsantrant ane laj lè l te transpòte.","And he saw the Lord, and walked with him, and was before him continually; and he walked with God three hundred and seventy-five years, which made him four hundred and thirty years old when he was translated.","And I saw the Lord, and I walked with him, and I stood before him forever; and I walked with God for thirty-seven years, which made him forty-four years old when he was carried away."
447,"Byenke nou tout gen feblès, nou ka simonte yo.","Although we all have weaknesses, we can overcome them.","Although we all have weaknesses, we can overcome them."
448,epi lave pye nou kont yo nan jou jijman an.,and wash our feet against them on the day of judgment.,and wash our feet against them on the day of judgment.
449,"Kèlkeswa sa Senyè a mande nou pou n fè, aji selon repons li ap toujou mande pou nou gen konfyans nan li plis pase nou gen konfyans nan pwòp lajistis pa nou (gade Lik 18:9–14) epi pou nou ""resevwa wayòm Bondye a tankou yon timoun piti"" (Lik 18:17; gade tou 3 Nefi 9:22).","Whatever the Lord asks us to do, acting on His answer will always require that we trust in Him more than we trust in our own righteousness (see Luke 18:9–14) and that we “receive the kingdom of God as a little child” (Luke 18:17; see also 3 Nephi 9:22).","Whatever the Lord asks us to do, acting in accordance with his answer will still require us to have faith in him more than we have faith in our own righteousness (see Luke 18:914) and to ""receive the kingdom of God like a little child"" (Luke 18:17; see also 3 Nephi 9:22)."
450,"Jwe jwèt kat sou entènèt la nan devlopman, jwèt sou entènèt yo ra anpil. Gratis jwèt sou entènèt Disney Princess se apwopriye pou tout laj sou entènèt limanite.","Playing card games online is in the development, online games are very rare. Free online Disney Princess games are suitable for all ages of humanity online.","Playing card games online in the developing world, online games are very rare. Free online games Disney Princess is suitable for all ages of humanity online."
451,"3 Ploge zòrèy (ti, mwayen, gwo)","3 Earplugs (small, medium, large)","3 Ear Plugs (small, medium, large)"
452,Mwen Wè Pitit Gason Lòm nan Kanpe Adwat Bondye,I See the Son of Man Standing at the Right Hand of God,I see the Son of Man standing at the right hand of God
453,Diferan Koulè ak style ki disponib pou opsyon ou,Different Colors and styles available for your option,Different Colors and styles are available for your options
454,"Pou sou forefront endistri fizik ak professionnelle, se impèratif nou chèche chak tretman disponib pou nou resevwa malad.","To be at the forefront of the physical and professional industry, it is imperative that we seek out every treatment available to our patients.","Being at the forefront of the physical and professional industry, it is imperative that we seek out every available treatment to get patients."
455,Ou gen misyon ak wòl san parèy pou w akonpli nan lavi a epi w ap resevwa direksyon san parèy pou akonpli yo.,You have unique missions and roles to fulfill in life and you will receive unique guidance to fulfill them.,You have an unprecedented mission and role to accomplish in life and you get unprecedented direction to accomplish them.
456,2 tòn Walkie Palette kamyon,2 Ton Walkie Pallet Truck,2 Ton Walkie Pallet Truck
457,"Akòz Jezikri, nou lib pou nou chwazi lavi etènèl.","Because of Jesus Christ, we are free to choose eternal life.","Because of Jesus Christ, we are free to choose eternal life."
458,Nou dwe jete objè ki pa gen valè yo.,We must throw away objects that have no value.,We must throw away objects of no value.
459,"wi, pa fè lwanj pou lasajès pa w, ni pou pakèt fòs ou.","yea, boast not in thy wisdom, nor in the multitude of thy strength.","Well, don't praise for your laxity, or for your batch of strength."
460,"Prezante, fè aranjman, sipèvize, epi voye OSGi ki konsistan aplikasyon yo","Present, arrange, supervise, and ship OSGi consistent applications","Present, arrange, oversee, and send consistent OSGi applications"
461,Panse sou depans ki ka redui oswa elimine.,Think about expenses that can be reduced or eliminated.,Think about expenses that can be reduced or eliminated.
462,Pouvwa Hangling(mW),Hangling Power(mW),Power Hangling(mW)
463,Bilyar nan yon 3D,Billiards in 3D,Billiards in a 3D
464,"Epi se objektif mwen pou m pran swen sen mwen yo, paske tout bagay pou mwen.","And it is my purpose to take care of my saints, because everything is mine.","And my goal is to take care of my san, because everything belongs to me."
465,"Ankouraje jènjan yo pou pataje plan yo youn ak lòt, si sa apwopriye.","Encourage the young men to share their plans with each other, if appropriate.","Encourage young people to share their plans with each other, if appropriate."
466,"Nouyòk, Nouyòk, Etazini","New York, New York, United States","New York, New York, United States"
467,Kat 13: Vwayaj Misyonè Apot Pòl la,Map 13: The Missionary Journey of the Apostle Paul,Cat 13: Apostle Paul's Missionary Journey
468,Laten konpetisyon dans,Latin dance competition,Late Dance Competition
469,"Paske, poutèt Lespri m, l ap konnen bagay sa yo se verite;","For, because of my Spirit, he shall know that these things are true;","Because of my Spirit, I know these things to be true;"
470,Adilt Capoeira UNICAR Bèlen,Adult Capoeira UNICAR Berlin,Adults Capoeira UNICAR Berlin
471,Li bò kay la.,It is next to the house.,Hes on the other side of the house.
472,"Pwofèt Alma te temwanye l: ""Tout bagay demontre egzistans yon Bondye; wi, menm tè a ak tout sa ki sou sifas li; wi, ak mouvman li, wi, epi tou ak tout planèt k ap fè mouvman regilye nan jan pa yo, yo temwaye gen yon Kreyatè ki Siprèm.""","The prophet Alma testified: “All things do testify of the existence of a God; yea, even the earth and all things that are upon it; yea, and the motion thereof, yea, and also all the planets which move in their regular course, do testify of a Supreme Creator.”","The prophet Alma testified to him: ""Everything demonstrates the existence of a God; yes, even the earth and everything on its surface; yes, with its movement, yes, and also with every planet moving regularly in its own way, they testify to the existence of a Supreme Creator."""
473,Nou te ppriye Senyè a pou volonte L te fèt.,We prayed to the Lord that His will be done.,We have thanked the Lord that His will be done.
474,Klike sou Konekte ak Voye Kredi! Bouton,Click on the Connect and Send Credit! button,Click Connect and Submit Credit! Button
475,Pòtrè Kris la,Portrait of Christ,The Portrait of Kris
476,Senyè a te rezève konstriksyon tanp ak akonplisman òdonans tanp yo kòm youn nan pi gwo travay nan dènye dispansasyon sa a.,The Lord has reserved the building of temples and the fulfillment of temple ordinances as one of the greatest works of this last dispensation.,The Lord has reserved the temple construction and fulfillment of the temple ordinances as one of the greatest works of this last dispensation.
477,"Pou ede Liv Mòmon an vin fondman temwayaj nou, m ap ba w yon defi.","To help the Book of Mormon become the foundation of our testimony, I will give you a challenge.","To help the Book of Mormon become the cornerstone of our testimony, I will give you a challenge."
478,Kominike avèk Servers,Communicate with Servers,Communicate with Servers
479,"Avèk dènye azura Liy Feri yo travèse enfòmasyon ak orè pou tout Feri deplwaye vwal pou ale ak pou soti Itali ansanm ak Kwoasi, Montenegro ak Albani ki gen ladan enfòmasyon sou pò yo Ferry epi enfòmasyon itil sou touris sou destinasyon yo wout ak vil kat detaye nou an ap ede ou trase Liy azura ou Feri Ferry vwayaj.","With the latest Azura Line Ferries crossing information and timetables for all ferries sailing to and from Italy as well as Croatia, Montenegro and Albania including ferry port information and useful tourist information on the destinations routes and cities our detailed map will help you plot your Azura Line Ferries ferry journey.","With the latest Azzurra Line Ferries crossing information and timetables for all ferries sailing to and from Italy along with Croatia, Montenegro and Albania including information on the ferry ports and useful tourist information about the destinations our detailed route and city maps will help you plot your Azzurra Line or Ferries ferry journey."
480,Hawker Siddeley Nimwòd a se yon avyon patwouy maritim nan fòs aeryen an Royal. Li se siksesè a nan Shackleton a Avro. Li baze sou De Haviland Kòmèt a kòm Hawker Siddeley (kounye a BAE SYSTEMS tache) te chanje.,The Hawker Siddeley Nimrod is a maritime patrol aircraft of the Royal Air Force. It is the successor to the Avro Shackleton. It is based on the de Haviland Comet as modified by Hawker Siddeley (now BAE SYSTEMS).,Nimrod's Hawker Siddeley is a maritime patrol aircraft of the Royal Air Force. It is the successor to the Avro Shackleton. It is based on the De Havilland Comet as Hawker Siddeley (now BAE Systems attached) has been changed.
481,Import Materyèl Pwoteksyon Skirt,Import Material Protection Skirt,Import Material Protective Skirt
482,"c. Nou gen 3 zetwal nan tranzaksyon Nivo, ki se deja nivo ki pi wo nan endistri sa a.","c. We have 3 stars in transaction Level, which is already the highest level in this industry.","c. We have 3 stars in Transaction Level, which is already the highest level in this industry."
483,Souvni de ak lòt,Memories of each other,Memory of Others
484,"Rezo Ayisyen, Istwa Vi Moun","Haitian Network, Life Stories","Network Haitian, History Vi Moun"
485,"Lachin V jan DE DIAPHGRAM VALV faktori - Guangzhou Jieming dlo tretman ekipman co, Ltd","China V TYPE OF DIAPHGRAM VALVE factory - Guangzhou Jieming Water Treatment Equipment Co., Ltd","China V Type Diaphgram Valve Factory - Guangzhou Jieming Water Treatment Equipment Co.,Ltd"
486,"Sou sit la ofisyèl nan Roskomnadzor gen enfòmasyon sou kenbe 31 Janvye 2018 konpetisyon an pou dwa a yon emisyon satelit lè l sèvi avèk resous la òbital-frekans ak bann yo frekans respektif, resevwa lajan pou televizyon ak difize radyo.","The official website of Roskomnadzor contains information about holding on January 31, 2018 the competition for the right to a satellite broadcast using the orbital-frequency resource and the respective frequency bands, allocated for television and radio broadcasting.","On the official site of Roskomnadzor there is information about holding the 31 January 2018 competition for the right to a satellite broadcast using the orbital-frequency resource and the respective frequency bands, receiving money for television and radio broadcasting."
487,Pataje Konsèy sirèt kraze ou ak astus sou kòman ou kapab jwenn nòt gwo ak pase nivo pi vit.,Share your Candy Crush tips and tricks on how to get high scores and pass levels faster.,Share your Candy Crush tips and tricks on how to get great grades and pass levels faster.
488,Tout sa yo intègrer natirèl e ki baze ingrèdients Et se yon pati nan epresyon iminitè ki pa gen anpil plan ki ede nou goumen kondisyon CFS:,All of these incorporate natural and plant-based ingredients and are part of a comprehensive immune system suppression plan that helps us fight CFS conditions:,All of these are natural and based ingredients and are part of the dietary suppression immune plan that helps us fight CFS condition:
489,"Android, men se pa kòm ou ta konnen li","Android, but not as you would know it","Android, but not as you would know it"
490,"Efò misyonè li yo, enkli anpil diskou l yo ak amitye l avèk dirijan biznis nasyonal yo, te atire atansyon nasyon an sou Legliz la.","His missionary efforts, including his many speeches and his friendships with national business leaders, brought the Church to the nation's attention.","His missionary efforts, including his many speeches and his friendships with leading national businesses, have attracted the nation's attention to the Church."
491,"Mwa ki seleksyone a pa ka gen yon 5èm semèn, tanpri seleksyone yon semèn oubyen yon mwa diferan.","The selected month cannot have a 5th week, please select a different week or month.","The selected month may not be a 5th week, please select a different week or month."
492,"Lè m fè travay preparasyon an, lè sa a, m ap jwenn enspirasyon an.","When I do the preparatory work, then I will find the inspiration.","When I do the preparatory work, then I get the inspiration."
493,yon akademik Inivèsite,a university academic,an Academic University
494,Abònman nan nouvo djòb isit la.,Subscribe to new jobs here.,Subscribe to the new job here.
495,"An gwoup, diskite sou fason apwopriye pou reponn kesyon sa yo.","As a group, discuss appropriate ways to answer these questions.","As a group, discuss the appropriate way to answer these questions."
496,Hellihole Close Rae a,Hellihole Close Rae's,Hellihole Close Rae a
497,Sèvi nan fason Senyè a?,Serving in the Lord's way?,Serve in the Lords way?
498,Itilize foto yo pou rakonte istwa Adan ak Èv la.,Use the pictures to tell the story of Adam and Eve.,Use pictures to tell the story of Adam and Eve.
499,L ap fè mirak la koresponn a sa nou bezwen nan moman an.,He will perform the miracle according to what we need at the moment.,I will do the miracle to match what we need at the moment.
500,"Tout pisin nou yo ak spa naje ap pase CE, SAA, CB, KC, Gost-R, GMC-TUV, ak ISO9001: 2008.","All of our swimming pools and swim spas pass CE, SAA, CB, KC, Gost-R, GMC-TUV, and ISO9001:2008.","All our swimming pools and spas have passed CE, SAA, CB, KC, Gost-R, GMC-TUV, and ISO9001:2008."
501,Pale anglè ki gen jewelry :,English words that contain jewelry :,English words that contain jewelry :
502,"E depi lèsa a, bagay yo derape.","And from then on, things took off.","And from then on, things are unfolding."
503,"sistèm eksplozif Robotics de pli zan pli te adopte nan lòd yo amelyore sijè ki abòde lan sablaj medya mache gwosè nan zòn kote bezwen kontwòl kalite yo pa ase pou pa solisyon automatisation ofisyèl. Endistri ki gen ladan elektwonik avyon, otomobil, medikal ak konsomatè fè pou sèvi ak ekipman sa a pou plizyè aplikasyon ki gen ladan retire materyèl, sekou estrès, netwaye mwazi, preparasyon sifas, retire kouch ak piki grenayaj.","Robotic blasting systems are increasingly being adopted to improve the scope of the sandblasting media market size in areas where quality control needs are not sufficient for standard automation solutions. Industries including aerospace, automotive, medical and consumer electronics make use of this equipment for a variety of applications including material removal, stress relief, mold cleaning, surface preparation, coating removal and shot peening.","Blasting Robotics systems are increasingly being adopted in order to improve the scope of sandblasting media market sizes in areas where quality control is not enough by official automation solutions. Industries including aerospace electronics, automotive, medical and consumer make use of this equipment for various applications including material removal, stress relief, mold cleaning, surface preparation, coating removal and injection molding."
504,"Si paran yo pa korèk, ajoute paran ki kòrèk la epi fè sèlman an.","If the parents are incorrect, add the correct parent and do the same.","If parent are not correct, add the correct parent and do only the following."
505,Chapit 63: Pòl fini misyon li,Chapter 63: Paul Completes His Mission,Chapter 63: Paul completes his mission
506,Lachas mons bonbon,Cookie Monster Hunt,Hunting monsters candies
507,Nou kenbe kontak sere ak ekspè Danwa ak patnè yo ofri kliyan nou nan pwovens Lazi dènye Danish kochon solisyon an ekipman pou jaden ak konnen ki jan-.,We maintain close contact with Danish experts and partners to offer our customers in Asia the latest Danish pig farm equipment solutions and know-how.,We keep in close contact with Danish experts and partners to offer our customers in Asia the latest Danish pig supply solutions and know-how.
508,Ab Jeneyalojik Gwoup Familyal la,Ab Genealogical Family Group,Ab The Genealogical Family Group
509,"Nou menm tou nou ka ouvri je nou pou n ede ak rekonfòte, pou n selebre ak reve.","We too can open our eyes to help and comfort, to celebrate and dream.","We too can open our eyes to help and comfort, to celebrate and rejuvenate."
510,"Ap eseye retabli de depresyon, enkyetid, PTSD, ak twoub panik","Trying to recover from depression, anxiety, PTSD, and panic disorder","Trying to recover from depression, anxiety, PTSD, and panic disorder"
511,"Tankou Joseph, Nefi te konnen, si l te kontinye rete konsantre sou Senyè a, li t ap ka akonpli kòmandman sa a avèk siksè.","Like Joseph, Nephi knew that if he continued to focus on the Lord, he could successfully fulfill this commandment.","Like Joseph, Nephi knew that if he continued to focus on the Lord, he would not be able to accomplish this command successfully."
512,Ki non itilizatè ou?,What is your username?,Who is your username?
513,"Jezikri se ""vrè limyè ,"" a Pitit Gason Bondye a.","Jesus Christ is the ""true light,"" the Son of God.","Jesus Christ is ""the true light,"" the Son of God."
514,"Ak lajwa, fè eksperyans jistis w ap ede reyalize pandan w ""gen bon dezi pou angaje nan yon bon kòz.""","With joy, experience the justice you are helping to achieve while ""having the right desire to engage in a good cause.""","And enjoy, experiencing justice will help achieve while you ""have the good desire to engage in a good cause."""
515,Dekri teren: Abiye bèl tig ki te rele Kenny - li se konsa yon fantaisie pour tig.,Description: Dress up the cute tiger named Kenny - he is such a fancy tiger.,Description: Dress up cute tiger named Kenny  its so a fantasy for tigers.
516,Tanpri founi sèlman yon yon non konplè selon sistèm ekriti a.,Please provide only a full name according to the writing system.,Please provide only one full name according to the scriptural system.
517,"3. Tib Tib, tiyo (wonn,, rektangilè)","3. Tubes, pipes (round, rectangular)","3. Tube, pipe (round, rectangular)"
518,Li te avegle pa sa ki te brize nan li.,He was blinded by what was broken within him.,He was blinded by what was stirring in him.
519,"ekri sou Indigo Timoun yo, Starchil-","written about Indigo Children, Starchil-","write about Indigo Children, Starchil-"
520,yon fanmi k ap li ekriti yo,a family reading the scriptures,a family reading the scriptures
521,"Klasik Victorienne kay ak imobilye Nòdès Los Angeles, Kalifòni","Classic Victorian homes and estates Northeast Los Angeles, California","Classic Victorian houses and estates Northeast Los Angeles, California"
522,Wi-Fi gratis (75),Free Wi-Fi (75),Free WIFI (75)
523,Tach ki Mande pou Yon Travayè Ranplase sa Ki tou pre lòt.,Tasks That Require One Worker to Replace Another Nearby.,Spot That Requires One Worker to Replace the One Nearest to the Other.
524,Adrès majik Masters nan majik,Magical Address Masters of Magic,Address Magic Masters of Magic
525,"Alisa Linton, ""Lavi atravè Non Li a,"" Avril 8, 2012.","Alisa Linton, “Life through His Name,” April 8, 2012.","Alisa Linton, ""Living Through It's No,"" April 8, 2012."
526,AU1706024J-CAB009 Egzanp Rapò tès pwodwi yo Enspeksyon Rapò,AU1706024J-CAB009 Sample Product Test Report Inspection Report,AU1706024J-CAB009 Sample Product Test Report Inspection Report
527,"Retire karaktè espesyal yo, epi eseye ankò.","Remove the special characters, and try again.","Remove the special characters, and try again."
528,"Otès: Anvan nou pran premye kesyon an, Èldè Gong, èske w ta renmen pataje yon panse avèk nou?","Host: Before we take the first question, Elder Gong, would you like to share a thought with us?","Otès: Before we take the first question, Elder Gong, would you like to share a thought with us?"
529,Machin Manje machin 2: rèv fache,Car Eating Machine 2: Mad Dream,Car Eats Car 2: Mad Dreams
530,NOUVO NAN TARRAGONA AK LLEIDA,NEW IN TARRAGONA AND LLEIDA,NEW IN TARRAGONA AND LLEIDA
531,Nan rècepteurs yo paramèt yo dwe mete ajou otomatikman apre retablisman an nan chanèl. Abonnès ka jwenn estasyon sou TELEVIZYON pozisyon 85.,In the receivers the parameters should be updated automatically after the channel reset. Subscribers can find the station on TV position 85.,In the receivers the parameters must be updated automatically after the restoration of channels. Subscribers can find stations on TV position 85.
532,Li vle pou w sèvi yon misyon anvan ou marye.,He wants you to serve a mission before you get married.,He wants you to serve a mission before you get married.
533,24 èdtan vit dèpatch,24 hour fast dispatch,24 hours fast dispatch
534,Matye 2; Lik 2: Nou Vini pou nou Adore Li,Matthew 2; Luke 2: We Come to Worship Him,Matthew 2; Luke 2: We Are Here to Worship Him
535,Vwayaje malgre konferans videyo,Travel despite video conferencing,Travel despite video conferencing
536,"Chen - espesyalman puppies - moulen. Nou moun konnen sa a, ankò nou yon jan kanmenm tonbe viktim nan dan reken yo lè nou pa ranmase apre tèt nou. Li atik la tout antye isit la.","Dogs - especially puppies - chew. We humans know this, yet we somehow fall victim to the shark's teeth when we don't pick up after ourselves. Read the full article here.","Dogs - especially puppies - are millers. We humans know this, yet we somehow fall victim to the teeth of sharks when we don't pick up after ourselves. Read the whole article here."
537,Telechaje nan fòma MPEG-4,Download in MPEG-4 format,Downloaded in MPEG-4 format
538,Lis Rezèvasyon Tanp,Temple Reservation List,Temp Reservation List
539,"""Ozana pou Bondye ak Anyo a!""",Hosanna to God and the Year!,"""Hosanna and the Year!"""
540,"Ebyen, nou te wè:","Well, we saw:","By the way, we've met:"
541,Dezi timoun piti,Childhood desires,Desire of little children
542,Dèplacement Deskripsyon Plant Sipèvizè Job Egzanp,Displacement Plant Supervisor Job Description Example,Displacement Plant Supervisor Job Description Sample
543,"Tatra (Tatra), se pou yonn nan pli enpòtan vandè usines mond lan, ki produit machin pa sèlman, men se kamyon yo.","Tatra (Tatra) is one of the most important manufacturers in the world, which produces not only cars, but also trucks.","Tatra (Tatra), may be one of the world's most important vending machines, producing not only cars, but trucks."
544,4. 3d fran tirè forè kostim lachas Pant: Elastik sentiwon ak ajisteman Corydon.,4. 3d sniper jungle hunting suit Pants: Elastic waistband with drawstring adjustment.,4. 3d wild shooter hunting suit Pant: Elastic waistband with corydon adjustment.
545,Klè fennèt plastik lapèch vivant sak,Clear Window Plastic Fishing Bait Bag,Clear window plastic fishery living bag
546,Liv Mòmon an gen anpil resi sou moun ki te anbisye pou Kris la.,The Book of Mormon contains many accounts of people who were ambitious for Christ.,The Book of Mormon contains many quotes about those who were ambitious for Christ.
547,Mache nan ankadreman echafodaj style 2 - Lachin Nantong Wantong En Tiyo,Walking frame scaffolding style 2 - China Nantong Wantong Steel Pipe,Walk through frame scaffolding style 2 - China Nantong Wantong Rubber Pipe
548,Charma Pale Ale,Charma Pale Ale,Charma Pale Ale
549,Reyinyon Transpòtasyon te fèt nan Finike ak Kumluca,Transportation Meetings Held in Finike and Kumluca,Transportation Meeting was held in Finike and Kumluca
550,Aawon te li ekriti yo pou wa a.,Aaron read the scriptures to the king.,Aawon te li ekri yo pou wa a.
551,"Teknikman, teknoloji ka aplike","Technically, technology can be applied","Technically, technology can be applied"
552,"Epi, se te konsa, pèp Zarayemla a, ak pèp Mozya a, te reyini ansanm; yo te nonmen Mozya wa yo.","And it came to pass that the people of Zarahemla, and the people of Mosiah, did gather themselves together; and they did appoint Mosiah their king.","And so, the people of Zarayemla, and the people of Mosiah, came together; and they appointed Mosiah their king."
553,Lè ou fin chanje non fichye a epi presize kote ou vle,After you have renamed the file and specified the desired location,After you rename the worksheet and specify where you want to
554,"Ki kote ki ""lye sen"" pou nou?","Where is the ""holy link"" for us?","Where is the ""lye sen"" for us?"
555,"Zhengjiu machin se youn nan dirijan Lachin 6000L Fermenter a ak manifaktirè izolasyon ak Swèd, akeyi yo achte rabè nou yo ak bon mache 6000L Fermenter ak izolasyon oswa wholesale pri ki ba 6000L Fermenter ak izolasyon te fè nan Hangzhou Lachin soti nan faktori nou an.","Zhengjiu Machinery is one of the leading China 6000L Fermenter with Insulation manufacturers and suppliers, welcome to buy our discount and cheap 6000L Fermenter with Insulation or wholesale low price 6000L Fermenter with Insulation made in Hangzhou China from our factory.","Zhengjiu Machinery is one of the leading China 6000L Fermenter with Insulation manufacturers and suppliers, welcome to buy our discount and cheap 6000L Fermenter with Insulation or wholesale low price 6000L Fermenter with Insulation made in Hangzhou China from our factory."
556,"Pase men sou telefòn selilè done l' PrècautionsMay 18, 2018","Handing over cell phone data usage PrecautionsMay 18, 2018","Passing Hands on Cell Phone Data PrécautionsMay 18, 2018"
557,Karakteristik sa a pral idantifye epi retire patisipan reyinyon duplik lè y ap kreye yon nouvo envitasyon reyinyon. Al gade nan Ekran:,This feature will identify and remove duplicate meeting attendees when creating a new meeting invitation. See Screenshot:,This feature will identify and remove duplicate meeting participants when creating a new meeting invitation. See screenshots:
558,Nefi te avèti Laman ak Lemyèl pou yo pa t touche l.,Nephi warned Laman and Lemuel not to touch him.,Nephi warned Leman and Lemuel not to touch him.
559,B - Ti pen lajè,B - Bread roll,B - Thick bread width
560,Retounen nan mande otorizasyon,Return to requesting authorization,Back to requesting authorization
561,Pwòp ou Mining Gold Konpayi,Your Own Gold Mining Company,Your Own Gold Mining Company
562,"M ap sou kote dwat nou ak sou kote goch nou, epi Lespri m ap nan kè nou, epi zanj mwen yo ap alantou nou pou pote nou anlè.","I will be on your right hand and on your left, and my Spirit will be in your hearts, and my angels will surround you to bear you up.","I will be in your right and left, and my Spirit will be in your heart, and my angels will be around you to carry you upward."
563,"Pou bay konsantman paran atravè imèl, suiv etap sa yo.","To provide parental consent via email, follow these steps.","To give parental consent via email, follow these steps."
564,"se ""Pakite"" konsidere kòm pi popilè mak nan Miltimedya pwodui konsomatè zòn nan, ki pwodwi yo te vann nan tout lòt peyi sou pawòl Bondye a ak volim nan lavant se tèt yon sèl.","""Pakite"" is considered as the most famous brand in Multimedia consumer products area, which products have been sold all over the word and the sales volume is top one.","""Pakite"" is considered the most popular brand in the Multimedia consumer products area, whose products have been sold all over the world on the word and the volume of sales is top one."
565,"A nenpòt nan jèn nou yo ki ap lite, kèlkeswa pwoblèm ak difikilte nou, touye tèt nou sètènman se pa repons la.","To any of our struggling youth, regardless of our problems and difficulties, killing ourselves is certainly not the answer.","To any of our young people who are struggling, regardless of our problems and difficulties, suicide is certainly not the answer."
566,Optik ilizyon Louvri dwat oswa Bent kòm yon grafik,Optical Illusion Open Straight or Bent as a Graphic,Optical illusion Open straight or Bent as a graphic
567,"Prezidan Oaks anseye ke, avèk èd Sovè a, li posib pou nou obeyi ak chèche amelyore lwa peyi nou ak renmen advèsè ak enmi nou.","President Oaks teaches that, with the Savior’s help, it is possible for us to obey and seek to improve the laws of our land and to love our adversaries and enemies.","President Oaks teaches that, with the Savior's help, it is possible for us to obey and seek to improve our country's law and love our opponents and amendments."
568,Alumna pote sante ak byennèt Special Olympics Florid,Alumna brings health and wellness to Special Olympics Florida,Alumna brings health and wellbeing to Special Olympics Florida
569,"sèvis ijans kritik nan aranjman nan azil ""Skandalhusen""","Critical emergency services in the accommodation at the ""Skandalhusen"" asylum","Critical emergency services in the asylum accommodation ""Skandalhusen"""
570,"Malgre ke yo tout te blese nan batay la, ""pa t gen yon nanm nan pami yo ki te peri"" (Alma 57:25).","Although they were all wounded in the battle, “there was not one soul among them that did perish” (Alma 57:25).","Although they were all wounded in the battle, ""not a soul of them perished"" (Alma 57:25)."
571,M te santi m trè espesyal.,I felt very special.,I felt very special.
572,POU ELEKTRIK POUVWA TOOL1,FOR ELECTRIC POWER TOOL1,FOR ELECTRIC POWER TOOL1
573,BUYAAS Kontak - Anabolics Estewoyid manifaktirè,BUYAAS Contact - Anabolics Steroids Manufacturer,BUYAAS Contact - Anabolics Steroids manufacturers
574,"Gade, Lespri m sou ou, se sa ki fè, m ap jistifye tout pawòl ou;","Behold, my Spirit is upon you, therefore I will confirm all your words;","Behold, my spirit is upon you, and I will justify all your words;"
575,"Èske w renmen mobil jwèt aza kòm anpil jan nou fè? Èske ou ap chache pou prim gwo ak peman etonan? Gade pa gen plis pase – slotjar.com, casino.coinfalls.com, ak pocketwin.co.uk yo kèk nan sit sa yo pi cho ou ka frape pou peman vit!","Do you love mobile gambling as much as we do? Are you looking for big prizes and amazing payouts? Look no further – slotjar.com, casino.coinfalls.com, and pocketwin.co.uk are some of the hottest sites you can hit for fast payouts!","Do you like mobile gambling as much as we do? Are you looking for big bonuses and amazing payouts? Look no further than  slotjar.com, casino.coinfalls.com, and pocketwin.co.uk are some of the hottest sites you can hit for fast payouts!"
576,"Pseudonym mwen se Nancy, mwen kounye a etidye nan Inivèsite a nan Zaragoza, mwen renmen liberal sensuality, mwen se yon ti fi optimis ak kè kontan ke mwen ofri yo pataje yon eksperyans ki gen yon santiman bon. Nancy bo.","My pseudonym is Nancy, I am currently studying at the University of Zaragoza, I love liberal sensuality, I am an optimistic and cheerful girl who offers to share an experience with a good feeling. Kisses Nancy.","My pseudonym is Nancy, I am currently studying at the University of Zaragoza, I like liberal sensuality, I am an optimistic and happy girl that I offer to share an experience with a good feeling. Kisses Nancy."
577,"Se sa k fè, noumenm, kit nou Juif, kit nou pa Juif, kit nou esklav, kit nou pa esklav, nou tout te resevwa batèm pou n te ka fè yon sèl kò ansanm, pa pouvwa yon sèl Lespri a.","For by one Spirit we were all baptized into one body, whether Jews or Gentiles, whether slaves or free, so that we might be made one body by one Spirit.","So, we, whoever we are, whether Jewish or non-Jewish, whether slaves or slaves, we were all baptized so that we might become one body together, by the power of one Spirit."
578,"Lè lè a te vini pou Sovè a te òganize Legliz Li a ofisyèlman nan dènye jou yo, Li te di sèvitè L yo, ""Konte sou bagay ki te ekri yo"" (Doktrin ak Alyans 18:3).","When the time came for the Savior to formally organize His Church in the latter days, He told His servants, “Rely on the things which are written” (Doctrine and Covenants 18:3).","When it came time for the Savior to officially organize His Church in the last days, He told his servants, Recount the things that were written (Doctrine and Covenants 18:3)."
579,Kont FamilySearch ak Kont LDS ou a se sèvis pou w siyen antre nan tout sit Legliz yo.,Your FamilySearch account and LDS Account are the services you use to sign in to all Church sites.,Your FamilySearch and LDS Accounts are a service to sign into all Church sites.
580,Vizite Blòg FamilySearch la,Visit the FamilySearch Blog,Visit the FamilySearch Blog
581,Pran yon klas nan lekòl ou oubyen nan kominote w la pou w ka aprann plis sou yon sijè atistik oubyen kiltirèl ki enterese w.,Take a class at your school or in your community to learn more about an artistic or cultural topic that interests you.,Take a class at your school or community so you can learn more about an artistic or cultural topic that interests you.
582,Konekte nan ab jeneyalojik ou,Connect to your genealogy database,Connect to your gynecological abdomen
583,chat de Anabella,Anabella's cat,chat de Anabella
584," NHK mondyal TV' kite 11509V, kounye a disponib nan HD sou 11229V","NHK World TV' left 11509V, now available in HD on 11229V"," NHK World TV switched to 11509V, now available in HD on 11229V"
585,Montre Lis Wè,Show Watch List,Show List View
586,Enòs sete pitit gason Jakòb.,Enos was the son of Jacob.,Enoch was the son of Jacob.
587,Dènye mizajou: 10.07.2019 a 09:42 AM CDT,Last updated: 10.07.2019 at 09:42 AM CDT,Last Updated: 10.07.2019 at 09:42 AM CDT
588,"Rantre, nan mwa Mas 2016 konpayi a Viasat Ikrèn renonse itilize nan transponder kapasite satelit Astra 4A, emigre nan Izraelyen satelit Amòs 3.","In March 2016, the company Viasat Ukraine renounced the use of transponder capacity of the Astra 4A satellite, migrating to the Israeli satellite Amos 3.","Recall, in March 2016 the company Viasat Ukraine relinquished the use of transponder capacity satellite Astra 4A, migrated to Israeli satellite Amos 3."
589,"Pou akonpli plizyè òdonans pou yon zansèt pandan yon grenn vizit, seleksyone òdonans ou pral konplete yo, epi enprime kat non an.","To perform multiple ordinances for an ancestor during a single visit, select the ordinances you will complete, and then print the name card.","To accomplish several ordinances for an ancestor during a visit, select your ordinances will fill them out, and print the name card."
590,Non Legliz la Allentown Legliz Kris la,The name of the church is Allentown Church of Christ,Non Legliz la Allentown Church of Christ
591,Renmen Pou ak Princess 2,Love Poo and Princess 2,Love Pou and Princess 2
592,"Eksplore kè senyen CVE-2014-0160, Shellshock CVE-2014-6271 ak Poodle CVE-2014-3566","Exploring Bleeding Heart CVE-2014-0160, Shellshock CVE-2014-6271 and Poodle CVE-2014-3566","Explore CVE-2014-0160, Shellshock CVE-2014-6271 and Poodle CVE-2014-3566"
593,"""Gade, Wa w la vini pou ou: li pote jistis, li ap bay sali; li enb, epi monte sou yon bourik"" (Zakari 9:9).","Behold, your King comes to you: righteous and having salvation, humble, and riding on a donkey (Zechariah 9:9).","Behold, the widow comes to you: she brings justice, she gives thanks; she embraces, and rides on a donkey (Zechariah 9:9)."
594,"Tan pwosesis la ak tan an anbake pibliye yo an mwayèn. Pou tan an anbake, ta kapab gen yon reta pou kèk pake, espesyalman pandan sezon an pik. Pou tan an pwosesis, si pwodwi a se pare nan depo nou yo ka travay sou menm jou a oswa jou kap vini an apre lòd ou yo. Si nou gen lòd soti nan founisè a, tan an pwosesis se alantou 2-3days ki gen ladan tan an nou bezwen resevwa pwodwi a nan depo nou yo. pafwa founisè a ka manke nan stock, Lè sa a, nou pral enfòme ou sou reta a. Si ou gen lòd ki estab nou rekòmande nòmalman kliyan nou yo achte envantè prive a mete nan depo nou an pou akselere tan pwosesis la. Nou gen depo nan YIWU, SHENZHEN, USA (lès ak lwès) pou pi bon manyen nan kagezon an. Tanpri tcheke detay isit la: Ki jan yo diminye pwosesis la ak tan anbake oswa fè li pi vit pou Shopify Dropshipping?","The processing time and shipping time published are average. For the shipping time, there might be a delay for some packages, especially during peak season. For the processing time, if the product is ready in our warehouse they can be processed on the same day or the next day after your order. If we have orders from the supplier, the processing time is around 2-3days including the time we need to receive the product in our warehouse. Sometimes the supplier may be out of stock, then we will inform you about the delay. If you have stable orders we normally recommend our customers to buy the private inventory to put in our warehouse to speed up the processing time. We have warehouses in YIWU, SHENZHEN, USA (East and West) for better handling of the shipment. Please check the details here: How to reduce the processing and shipping time or make it faster for Shopify Dropshipping?","The processing time and the shipping time are published on average. For shipping time, there could be a delay for some package, especially during the peak season. For the processing time, if the product is ready in our warehouse they can be processed on the same day or the next day after your order. If we have order from the supplier, the processing time is around 2-3days including the time we need to receive the product in our warehouse. Sometimes the supplier may be missing in stock, then we will inform you about the process. If you are delayed, the shipping time is"
595,"Sèvis (kafeteria, lokasyon rad, sant distribisyon, kay pou izaje)","Services (cafeteria, clothing rental, distribution center, shared housing)","Services (cafeteria, clothing rental, distribution center, laundry)"
596,Presyon Travay (MPA.),Working Pressure (MPA.),Working Pressure (Mpa.)
597,Fartlek modèl fòmasyon piramid pou foutbòl. Segondè entansite aktivite aobobic devlopman aktivite itilize yo pwogrese sistèm enèji aerobic enkli pidevan aerobic...,Fartlek training pyramid model for soccer. High intensity aerobic activity development activities used to progress the aerobic energy system including aerobic future...,Fartlek training model pyramid for soccer. High intensity aobobic activity development activity used to progress the aerobic energy system including aerobic...
598,Li te kite yon eritaj anpil nan desandan l yo reklame.,He left a legacy that many of his descendants claim.,He has left a great legacy to his posterity to promote.
599,Nou ka medite sou aksyon nou yo epi repase moman yo nan jounen nou yo—pandan n ap konsidere volonte ak dezi nou parapò avèk pa Li.,We can meditate on our actions and review the moments of our day—while considering our wills and desires in relation to His.,We can reflect on our actions and revisit the moments of our daywhile we consider our will and desire in relation to His.
600,Priyè w yo pral ede m resevwa pawòl temwayaj ki ka ede yon moun k ap chèche yon repons pou kesyon l genyen.,Your prayers will help me receive words of testimony that can help someone who is seeking an answer to their question.,Your prayers will help me to receive testimony that can help someone seeking an answer to their questions.
601,Agrikilti machin Pyès,Agriculture Machinery Parts,Agricultural Machinery Parts
602,Paj Destinasyon: Èd pou Sant FamilySearch yo,Landing Page: Help for FamilySearch Centers,Destination page: Help for their FamilySearch Center
603,"Seri LWP120 peyi Lachin te dirije miray panèl reskonsab Sync ak RF BT rimòt manifaktirè, distribitè, faktori ak konpayi - pwodwi - Shenzhen Hoion ekleraj co, Ltd","China LWP120 Series LED Wall Panel Controller Sync with RF BT Remote Manufacturers, Suppliers, Factory and Company - Products - Shenzhen Hoion Lighting Co.,Ltd","China LWP120 Series Led Wall Panel Sync Controller With RF BT Remote Manufacturer, Supplier, Factory and Company - Products - Shenzhen Hoion Lighting Co.,Ltd"
604,Si Yo Se sèlman konnen,If They Only Knew,Si Yo Se Only knows
605,Sesyon Te ajoute Dènyèman - Pwofesyonèl foutbòl Coaching,Recently Added Sessions - Professional Soccer Coaching,Session Added Recently - Professional Soccer Coaching
606,vizyon nou – filozofi nou an,our vision - our philosophy,Our vision  Our philosophy
607,"Renault kamyon yo, konsilte 4.16 (08.2011)","Renault Trucks, consult 4.16 (08.2011)","Renault Trucks, consult 4.16 (08.2011)"
608,Showing 1-12 nan rezilta 550,Showing 1-12 of 550 results,Showing 112 of 550 results
609,Ou ka itilize rèv Jakòb te fè sou yon nechèl ki t ap monte nan syèl la pou anseye timoun yo ke trespekte alyans nou prepare nou pou nou antre nan prezans Bondye.,You can use Jacob's dream of a ladder reaching to heaven to teach the children that keeping our covenants prepares us to enter the presence of God.,Or you can use the dream of Jacob on a ladder that went up to heaven to teach the children that the observance of our covenant prepares us for our entrance into the presence of God.
610,"Epi, se te konsa, nou te fòtifye vil Sèm nan, e nou te rasanble pèp nou an plis li te posib pou petèt, nou ta kapab sove yo anba destriksyon.","And it came to pass that we did fortify the city of Shem, and did gather together our people as many as were possible, that perhaps we might save them from destruction.","And so, we fortified the city of Shem, and we gathered our people as much as possible so perhaps we could save them from destruction."
611,Antamok Trail legliz nan Kris la,Antamok Trail Church of Christ,Antamok Trail church of Christ
612,Tuvalu Ostralyen dola AUD,Tuvalu Australian dollar AUD,Tuvalu Australian Dollar AUD
613,"se poutèt sa, timoun piti yo byen, paske yo pa kapab fè peche;","therefore, little children are good, for they cannot sin;","Therefore, little children are good, because they cannot sin;"
614,"Se pou nou prepare nou pou lè l ap vini an pandan n ap repase evenman gloriye sa yo ankò epi ankò nan lespri nou epi avèk fanmi nou epi, se pou priyè l la vin tounen priyè pa nou: Se pou rèy ou an rive.","Let us prepare for His coming as we review these glorious events again and again in our minds and with our families and, may His prayer become our prayer: Your kingdom come.","Let us prepare ourselves for His coming as we revisit these glorious evenings again and again in our minds and with our families, and let His prayer become our prayer: May your kingdom come."
615,peyi Zend Hill Stasyon,India Hill Stations,India Hill Stations
616,Segondè Rezolisyon dirije Display,High Resolution LED Display,High Resolution Led Display
617,"Russell M. Nelson, nan ""Eternal Laws: From Scrabble to the Commandments"" (video), Church News, 31 Out 2019, thechurchnews.com; gade tou Mozya 2:41; Doktrin ak Alyans 130:20–21.","Russell M. Nelson, in ""Eternal Laws: From Scrabble to the Commandments"" (video), Church News, 31 Aug. 2019, thechurchnews.com; see also Mosiah 2:41; Doctrine and Covenants 130:20–21.","Russell M. Nelson, in ""Eternal Laws: From Scrabble to the Commandments"" (video), Church News, 31 August 2019, thechurchnews.com; see also Mosaic 2:41; Doctrine and Covenants 130:2021."
618,"Plan devlopman pou 2012-2016, prezante pa Jeneral la Direktè enstitisyon Mario Andresol la, konsantre sou profesyonalizasyon la ak modènizasyon nan PNH la.","The development plan for 2012-2016, presented by the institution's Director General Mario Andresol, focuses on the professionalization and modernization of the PNH.","The development plan for 2012-2016, presented by the institution's Director General Mario Andresol, focuses on the professionalization and modernization of the PNH."
619,Nandrolone undecanoate anvan tout koreksyon poud konpetitif Advantage:,Nandrolone undecanoate raw powder Competitive Advantage:,Raw Nandrolone undecanoate powder Competitive Advantage:
620,"Yon bagay sonje, distans ki genyen ant espas sa a ak zetwal nan paran se pito gwo, 7.5 milya dola mil. Si planèt yo pwopoze a te nan sistèm solè nou an ki ta mete l 'nan apeprè de fwa distans la soti nan Solèy la ki Pliton se byen yon distans.","One thing to note, the distance between this spaceship and its parent star is quite large, 7.5 billion miles. If the proposed planet were in our solar system that would put it at about twice the distance from the Sun that Pluto is, which is quite a distance.","One thing to remember, the distance between this space and the star in the particle is quite large, 7.5 billion thousand. If the proposed planets were in our solar system that would place it at about twice the distance from the Sun to which Pluto is quite a distance."
621,Pa kite pèsonn panse li se yon gouvènè;,Don't let anyone think he's a governor;,Don't let anyone think he's a governor;
622,Li pi bon pou sa fèt nan tanp la si posib.,It is best to do this in the temple if possible.,It is best to do this in the temple if possible.
623,zgames. ru - gratis jwèt sou entènèt Bèt Mahjongg ().,zgames. ru - free online game Animals Mahjongg ().,zgames. ru - free online game Mahjongg Animals ().
624,"Epi Senyè a te di: De reyalite sa yo egziste, ki fè konnen gen de lespri, epi youn pi entèlijan pase lòt la;","And the Lord said: These two facts exist, which show that there are two minds, and one is more intelligent than the other;","And the Lord said: Of these facts exist, which make known there are two minds, and one is more intelligent than the other;"
625,Konpayi an pral konsidere maketing pwodwi a kosmetik lòt bò dlo apre yo fin wè ki jan konsomatè nan peyi Japon reyaji.,The company will consider marketing the cosmetic product overseas after seeing how consumers in Japan react.,The company will consider marketing the cosmetic product overseas after seeing how consumers in Japan react.
626,Gen pou travay efikasite,There is work efficiency.,Gen for Work Efficiency
627,Non pwodwi Hemapolin,Product name Hemapolin,Non Product Hemapolin
628,Misyonè a siyen tou,The missionary also signed,The Missionary Sign
629,Nefi te bay Jakòb pouvwa pou l te vin yon prèt nan Legliz la epi pou l te anseye Nefit yo pawòl Bondye a.,Nephi gave Jacob the power to become a priest in the Church and to teach the word of God to the Nephites.,Nephi empowered Jacob to become a priest in the Church and to teach Nephites the word of God.
630,"Piti piti, m te kreye yon lyen amitye avèk li, ki te pote lajwa nan kè m.","Little by little, I created a bond of friendship with him, which brought joy to my heart.","Gradually, I created a friendly bond with her, which brought joy to my heart."
631,Li materyèl yo epi konplete aktivite aprantisaj ki nan Pwogram Entegrasyon Biwo Tanp lan:,Read the materials and complete the learning activities in the Temple Office Integration Program:,Read the materials and complete learning activities of the Temple Office Integration Program:
632,Yon bonjan fason pou obsève jou jèn nan se nan pa manje ni bwè pou de repa konsekitif epi bay yon ofrann jèn jenere pou ede pran swen moun ki nan bezwen.,good way to observe the fast day is to abstain from food and drink for two consecutive meals and give a generous fast offering to help care for those in need.,A powerful way to observe the fast is by not eating or drinking for two consecutive meals and providing a generous fast offering to help take care of those in need.
633,"Bon ekip yo repoze sou bon melanj—yon moun ki pou manevre bato a, yon moun ki pou sere fòs an rezèv, yon moun ki pou mete tout limenm nan konba a, yon moun pou fè lapè.","Good teams rely on the right mix—someone to steer the ship, someone to keep the force in reserve, someone to put their all into the fight, someone to make peace.","Good teams are based on good mix one man to operate the ship, one man to pull out the reserve force, one man to put all of the fire in the combat, one man to make peace."
634,2013 Nasyonal Kanaval la,2013 National Carnival,the 2013 National Carnival
635,Ou gen dwa kòmanse klas la avèk envitasyon pou manm yo nan klas la ekri oubyen desine sou tablo a yon bagay yo te jwenn nan Egzòd 35–40 oswa Levitik 1; 16; 19 ki te anseye yo sou Sovè a.,You could begin class by inviting class members to write or draw on the board something they found in Exodus 35–40 or Leviticus 1; 16; 19 that taught them about the Savior.,Or you can start the class with an invitation for the members of the class to write or draw on the board something found in Exodus 3540 or Leviticus 1; 16; 19 which taught them about the Savior.
636,"2. Food, produits ak dwòg pwochen.","2. Food, products and future drugs.","2. Food, cosmetics and drugs next."
637,"Fil fè ti: nan bobin 0.008-milimèt 0.8 DIN125:2 KG, DIN160:5 KG, DIN200:10 KG, DIN250:15 KG, nan bobine 1-12 milimèt","Small wire: in coil 0.008-0.8mm DIN125:2KG, DIN160:5KG, DIN200:10KG, DIN250:15KG, in coil 1-12mm","Wire thickness: in coils 0.008-mm 0.8 to DIN125:2 KG, DIN160:5 KG, DIN200:10 KG, DIN250:15 KG, in coils 1-12mm"
638,Egzèsis meyè gadyen ak egzèsis pou teknik antrenè ak konpetans nan faz la avanse.,Goalkeeper drills and drills for coaching techniques and skills in the advanced phase.,Good goalkeeper drills and exercises for coaching techniques and competencies in the advanced phase.
639,"Sa patikilyèman enteresan, se pou fanm yo bezwen mande trè ouvè pou- pase moun. Etid yo te montre ke fanm kapab detekte parfums nan concentrations 1000 fwa pi ba pase moun.",What's particularly interesting is that women need to be very open-minded about scents - more so than men. Studies have shown that women can detect scents at concentrations 1000 times lower than men.,What is particularly interesting is that for women they need to ask very open-mindedly than men. Studies have shown that women are able to detect fragrances at concentrations 1000 times lower than men.
640,Sa se pwomès iltim Li.,This is His ultimate promise.,That is the ultimate promise of Li.
641,"Mwen te gen privilèj sa a lè m t ap prezide kòm jèn evèk nan Salt Lake City nan yon pawas ki te gen 1.800 manm, enkli 84 vèv.","had this privilege when I was presiding as a young bishop in Salt Lake City over a ward of 1,800 members, including 84 widows.","I had the privilege of presiding as a young bishop in Salt Lake City in a parish of 1,800 members, including 84 widows."
642,Ki jan yo brikoleur 30 Watt Stereo Anplifikatè Awondisman?2017-03-21,How to DIY 30 Watt Stereo Amplifier Circuit?2017-03-21,How to DIY 30 Watt Stereo Amplifier Circuit?2017-03-21
643,Sa se destine nou vle pou tout moun nou renmen.,This is the destiny we want for everyone we love.,This is the destiny we want for all those we love.
644,Custom Size Corlorful tèmik Papye Woule nan Lajan Kach Enskri,Custom Size Corlorful Thermal Paper Roll in Cash Register,Custom Size Corlorful Thermal Paper Roll in Cash Register
645,"Mwen te resevwa yon mesaj nan men Britny ki te di ke l te gen gwo nouvèl pou mwen: li ta pral batize, e li te vle remèsye m dèske m te zanmi li e m te bay yon bon egzanp.","I received a message from Britny saying that she had great news for me: she was going to be baptized, and she wanted to thank me for being her friend and setting a good example.","I received a message from Britny saying that she had great news for me: she was going to be baptized, and she wanted to thank me for being her friend and setting a good example."
646,e m te rasanble tout tè a fè yon sèl tankou lè moun ap ranmase ze nan yon nich abandone;,I have gathered the whole earth together as one gathers eggs from an abandoned nest;,and I have gathered all the land to make one like when people are collecting eggs in an abandoned nest;
647,Shenzhen pa pi mal Biotech teknoloji rele Ltd,"Shenzhen No Better Biotech Technology Co., Ltd.",Shenzhen OK Biotech Technology Co Ltd
648,ofer sur Creole 1.0.0 – Lè a te rive,ofer sur Creole 1.0.0 – The time has come,Ofer on Version 1.0.0  The time has come
649,"Se sèten ke youn nan mesaj pi evidan sèke Jezikri se Pitit gason Bondye, avèk pouvwa sou tout bagay, enkli doulè ak enpèfeksyon fizik nou yo.","Certainly one of the most obvious messages is that Jesus Christ is the Son of God, with power over all things, including our physical pain and imperfections.","It is certain that one of the most obvious messages of Jesus Christ is the Son of God, with power over everything, including our pain and physical defects."
650,Ou dwe antre enfòmasyon pou papa papa w anvan pou w ka antre enfòmasyon pou Gran-paran ou,You must enter your grandfather's information first before you can enter your grandparents' information.,You must enter the information for your dad before you can enter the information for your grandparents
651,epi konsènan zanj k ap desann pou rasanble rès la avèk yo;,and concerning the angels who shall descend to gather the remnant with them;,and concerning the angel descending to gather the rest with them;
652,"Nan kòmante sou pawòl Nefi yo nan 2 Nefi 25:23a, Prezidan Dieter F.","Commenting on Nephi’s words in 2 Nephi 25:23a, President Dieter F.","Then comment on the words of Nephi in 2 Nephi 25:23a, President Dieter F."
653,"Paske gade tout moun gen Lespri Kris la pou yo kapab konnen sa ki byen ak sa ki mal; se poutèt sa, m montre nou kòman pou nou jije; paske tout bagay ki envite lèzòm pou yo fè byen, e ki pèsyade yo pou yo kwè nan Kris la, se pouvwa ak don Kris la ki voye l.","For behold, all men have the Spirit of Christ, that they may know good from evil; wherefore, I show unto you how ye may judge; for all things which invite men to do good, and persuade them to believe in Christ, are the power and gift of Christ which sendeth him.","Because everyone has the Spirit of Christ so that they can discern what is right and what is wrong; therefore, I show you how to judge; for everything that invites men to do good, and that persuades them to believe in Christ, is the power and gift of Christ who sent him."
654,Yon erè te fèt,An error occurred.,A mistake was made
655,"Desine foto yon moun lib ak foto yon moun ki kaptif (petèt yon moun nan prizon), epi envite timoun yo pou yo montre desen kòrèk la lè w li mo lib ak kaptivite a nan 2 Nefi 2:27.","Draw a picture of a free person and a picture of a captive person (perhaps someone in prison), and invite the children to point to the correct drawing when you read the words free and captivity in 2 Nephi 2:27.","Draw a picture of a free man and a picture of a captive (perhaps a prisoner), and invite the children to show the correct drawing when reading free man and the captivity of 2 Nephi 2:27."
656,Efase yon evenman maryaj:,Delete a wedding event:,Delete an evenman wedding:
657,Recovery nan efase ak pèvèti dosye,Recovery of deleted and corrupted files,Recovery of deleted and corrupt files
658,Machin vapè pou bous Hack Lajan sèpan,Steam Wallet Hack Snake Money,Steam Wallet Hack Money Adder
659,"11–17 Novanm: ""Dechire Vwal Enkredilite Sa a.""","November 11–17: ""Rip This Veil of Disbelief.""",1117 November: Dechire Vwal This Incredible.
660,Doktrin ak Alyans 46:7–33,Doctrine and Covenants 46:7–33,Doctrine and Covenants 46:733
661,"Si w fè seleksyon sa a, tout disponiblite fleksib ki seleksyone yo pral efase.","If you make this selection, all selected flexible availability will be deleted.","If you make this selection, all selected flexible availability will be deleted."
662,sèch mi Papye tep,Drywall Paper Tape,Dry My Paper Tape
663,"Tren vwayaj Otrich, Tren vwayaj Grann Bretay, Tren vwayaj Denmark, Tren vwayaj Frans, Tren vwayaj Almay, Tren vwayaj Itali, Tren vwayaj Swis, ...","Train travel Austria, Train travel Great Britain, Train travel Denmark, Train travel France, Train travel Germany, Train travel Italy, Train travel Switzerland, ...","Train travel Austria, Train travel Britain, Train travel Denmark, Train travel France, Train travel Germany, Train travel Italy, Train travel Switzerland, ..."
664,"Gen tan toujou ane sa a pou nou lonje yon men edan, yon kè chaje lanmou, ak yon lespri byen dispoze.","There is still time this year to extend a helping hand, a loving heart, and a willing mind.","There is still time this year to extend a mature hand, a heart full of love, and a willing mind."
665,"Kijan timoun Izrayèl yo te chèche delivrans, e kijan Bondye te reponn yo (gade tou Egzòd 2:23–25; 3:7–8).","How the children of Israel sought salvation, and how God answered them (see also Exodus 2:23–25; 3:7–8).","How the children of Israel sought redemption, and how God answered them (see also Exodus 2:2325; 3:78)."
666,"Malgre anpil pati nan istwa Jaredit yo ilistre konsekans negatif ògèy ak mechanste, li gen peryòd imilite ak pwosperite tou ke nou ka aprann de yo.","Although many parts of the Jaredite story illustrate the negative consequences of pride and wickedness, it also contains periods of humility and prosperity that we can learn from.","Although many parts of Jaredit's story illustrate the negative consequences of eggs and mechanste, it has periods of humiliation and prosperity that we can learn from them."
667,Li istwa a epi pran nòt sou fason moun sa yo te aplike kòmandman Bondye yo.,Read the story and take notes on how these people applied God's commandments.,Read the story and take note of the way these people applied Gods commandments.
668,"Pou egzanp, repons lan nan robo tèt foreks se pa sa ki dwat-pou pi devan; sepandan, faktè ki pi enpòtan yo konsidere isit la yo ta dwe diferans lan prensipal ant manyèl la kont sistèm komès otomatik. Men, opsyon ki pi attrayant Se poutèt sa, pou komèsan nan foreks amatè, se komès ak robo otomatik ki fonksyone.","For example, the answer to the top forex robots is not that straight-forward; however, the most important factor to consider here should be the main difference between the manual versus automated trading system. But the most attractive option therefore, for amateur forex traders, is trading with automated robots.","For example, the answer to top forex robots is not straightforward; however, the most important factor to consider here should be the main difference between the manual account and the automated trading system. But the most attractive option therefore, for amateur forex traders, is if trading with automated robots that function."
669,Reyaksyon bottle(L),Reaction bottle(L),Reaction bottle(L)
670,"Prezidan Thomas S. Monson te anseye: ""Chak detantè prètriz ta dwe patisipe nan etid ekriti chak jou. Mwen pwomèt nou, noumenm detantè Prètriz Aawon oswa Mèlkisedèk yo, si nou etidye ekriti yo ak dilijans, pouvwa nou pou evite tantasyon ak pou resevwa direksyon Sentespri a nan tout sa n ap fè ap ogmante"" (Thomas S. Monson, ""Be Your Best Self,"" Ensign oswa Liahona, Me 2009, 68).","President Thomas S. Monson taught: “Every priesthood holder should participate in daily scripture study. I promise you, Aaronic or Melchizedek Priesthood holders, that if you study the scriptures diligently, your power to avoid temptation and to receive the guidance of the Holy Ghost in all that you do will be increased” (Thomas S. Monson, “Be Your Best Self,” Ensign or Liahona, May 2009, 68).","President Thomas S. Monson taught: Every priesthood holder should be involved in the study of scripture every day. I promise you, you priesthood holder Aaron or Melchizedek, if you study the scriptures and the diligencies, your power to avoid temptation and to receive the Holy Spirits guidance in all that you do is increasing (Thomas S. Monson, Be Your Best Self, Ensign or Liahona, May 2009, 68)."
671,Ayiti: House Prezidan pa wè okenn rezilta reyèl pou administrasyon Detay,Haiti: House President sees no real results for administration Details,Haiti: House President does not see any real results for administration Details
672,Jaden flè nan konpetitif pou echanj cryptocurrency se avanse nan Etazini yo. Startup echanj Robinhood jis te anonse sou Twitter ekspansyon li yo nan Colorado. Te platfòm nan komès inogire commision-gratis komès pou Bitcoin nan Colorado.,The competitive landscape for cryptocurrency exchanges is advancing in the United States. Startup exchange Robinhood just announced on Twitter its expansion into Colorado. The trading platform has launched commission-free trading for Bitcoin in Colorado.,The flowering fields of competition for cryptocurrency exchanges are advancing in the United States. Startup exchange Robinhood just announced on Twitter its expansion in Colorado. The trading platform has launched commission-free trading for Bitcoin in Colorado.
673,"Pou nou ka gen aksè nan pouvwa redanmtè ki vini sèlman atravè non Kris la, nou dwe ""imilye [nou] devan Bondye epi vini avèk yon kè brize ak yon lespri kontri epi dispoze pou [nou] pran non Jezikri sou tèt nou"" epi konsa, kalifye nou, menmjan ak timoun uitan m yo, pou yo ""resevwa nou pa mwayen batèm nan legliz li a.""","To access the redeeming power that comes only through the name of Christ, we must “humble [us] before God and come with a broken heart and a contrite spirit and be willing to take upon [us] the name of Jesus Christ” and thus qualify ourselves, like my eight-year-old children, to be “received by baptism into his church.”","In order to have access to redemptive power that comes only through the name of Christ, we must humble ourselves before God and come with a boastful heart and a contrite spirit and be willing to take Jesus Christs name upon ourselves and thus qualify us, like my eight children, to be saved by the baptism of his church."
674,"Nan apre, lè nou vin aprann ke priyè nou an te jwenn repons, pouvwa nou pou n soutni lidè sa yo yo ap ogmante.","Later, when we learn that our prayer has been answered, our power to sustain these leaders will increase.","Then, when we learn that our prayers have been answered, our power to support these leaders will increase."
675,"se poutèt sa, koute pawòl mwen an.","therefore, listen to my words.","Therefore, listen to my word."
676,Di yo ke yo pral aprann sou verite sa yo lè y ap etidye 1 Korentyen 14–16 la semèn sa a.,Tell them that they will learn about these truths when they study 1 Corinthians 14–16 this week.,Tell them that they will learn about these truths by studying 1 Corinthians 1416 this week.
677,Okòmansman pou ekip yo pratik unopposed gen jwè 5 (ki gen ladan jwè yo zèl mete nan chanèl yo).,Initially for the unopposed practice teams there are 5 players (including the wing players placed in the channels).,Initially for the practice teams unopposed there are 5 players (including the wing players placed in the channels).
678,Poukisa moun yo nan vèsè sa yo ka te gen krentif?,Why might the people in these verses have been afraid?,Why might the people in these verses be frightened?
679,Senyè a ap reponn mwen si m mande l ak lafwa avèk yon kè adousi.,The Lord will answer me if I ask in faith with a humble heart.,The Lord will answer me if I ask with faith and with a soothing heart.
680,"aparèy pou chofe dlo ak yon kapasite de 50, 80, 100, 120, 150 lit yo apwopriye pou gwo","Water heaters with a capacity of 50, 80, 100, 120, 150 liters are suitable for large","Water heaters with a capacity of 50, 80, 100, 120, 150 liters are suitable for large"
681,14 Timon tache sant wotè 465,14 Drawbar attached center height 465,14 Timon tache center height 465
682,Enfeksyon sou Tè: fizyolojik Net,Infection on Earth: Physiologically Neutral,Infections on Soil: Physiological Net
683,"Hot Tags: pi bon sou non awotèn kote ou ye a,awotèn, awotèn, sou non sou non-awotèn pri","Hot Tags: best generic aurotin where you are, aurotin, aurotin, generic generic-aurotin price","Hot Tags: best on non-autonomous location,autonomous,autonomous,autonomous on non-autonomous price"
684,"Jodi a, nou beni paske nou gen pwofèt ki ap dirije nou, ki konprann nesesite pou nou prepare nou kont kalamite ki gen pou vini","Today, we are blessed to have prophets leading us, who understand the need to prepare for the coming calamities.","Today, we are blessed because we have the prophet who guides us, who understands the need to prepare us against the calamity that is to come"
685,"Ou ta kapab revize tou mesaj Prezidan Russell M. Nelson an ""Nou Ka Fè Pibyen epi Vin Pi Bon"" (Lyawona, Me 2019, 67–69) oubyen mesaj Sè Becky Craven nan ""Kenbe Chanjman an"" (Lyawona, Nov. 2020, 58–60).","You might also review President Russell M. Nelson’s message “We Can Do Better and Be Better” (Ensign or Liahona, May 2019, 67–69) or Sister Becky Craven’s message “Keeping the Change” (Ensign or Liahona, Nov. 2020, 58–60).","You could also review President Russell M. Nelson's message We Can Be Public and Be Better (Lyaona, May 2019, 6769) or Sister Becky Craven's message Keep the Change (Lyaona, Nov. 2020, 5860)."
686,"Ti fi a Bratz, nan an reta, te vin trè serye epi ou vle yon Re san konte ou. Fè yon fre fè-leve, li al chèche yo pou rad yo pi byen nan pandri a mak nouvo.","The Bratz girls, of late, have become very serious and want a Re besides you. Do a fresh make-up and go pick them out for the best clothes from the brand new wardrobe.","The Bratz girl, in the late, has become very serious and you want a Re besides you. Have a cool make-up and go look for the best clothes in the brand new wardrobe."
687,Pokemon Tatouages Ide Ide pou Gason ak Fi - Lide Atizay Tatouages,Pokemon Tattoo Ideas Ideas For Men And Women - Tattoo Art Ideas,Pokemon Tattoos Design Idea For Men and Women - Tattoos Art Ideas
688,PCB oswa ankadreman mòn,PCB or board mount,PCB or frame mount
689,Chinwa National Creole,Chinese National Standard,Chinese National Standard
690,"chwazi, revandè, jwenn, enkyetid, ak aparèy yo envantè, materyèl, epi li bay.","select, retailer, obtain, concern, and inventory devices, materials, and supplies.","select, retail, acquire, concerns, and devices to invent, supply, and supply."
691,Poukisa pou chwazi nou,Why choose us?,Why choose us
692,Genotropin 36 IU - enstriksyon deklanchman ak foto,Genotropin 36 IU - activation instructions with photos,Genotropin 36 IU  trigger instruction and picture
693,"Atravè ane yo, mwen vin konn anpil moun ki te patikilyèman fidèl ak obeyisan.","Over the years, I have come to know many people who have been particularly faithful and obedient.","Over the years, I have come to know many people who were particularly faithful and obedient."
694,Stone gato Plak,Stone Cake Plate,Stone Cake Plate
695,Doktrin ak Alyans 4:6.,Doctrine and Covenants 4:6.,Doctrine and Covenants 4:6.
696,Gade DA 50:13–23 tou.,See also D&C 50:13–23.,Street DA 50:1323 too.
697,Al Nakhl Abu Dhabi,Al Nakhl Abu Dhabi,Al Nakhl Abu Dhabi
698,Gallacher yo ak pitit yo te ranpli anpil apèl nan Legliz la.,The Gallachers and their children filled many callings in the Church.,Gallacher and his children have completed many appeals to the Church.
699,"Lè w fin ba yo ase tan, envite chak gwoup pou pataje sa yo te aprann.","After giving them enough time, invite each group to share what they learned.","When you have given them enough time, invite each group to share what they have learned."
700,"Doktrin ak Alyans 111–114, Vini, Suiv Mwen—Pou Kowòm Prètriz Aawon yo ak Klas Jènfi yo: Sijè Doktrinal 2021 (2020)","Doctrine and Covenants 111–114, Come, Follow Me—For Aaronic Priesthood Quorums and Young Women Classes: Doctrinal Topics 2021 (2020)","Doctrine and Covenants 111114, Wine, Follow MeFor Aawon Priesthood Quorum and Gif Classes: Doctrinal Topics 2021 (2020)"
701,Gen yon moun ki pran plim mwen.,Someone took my pen.,Someone took my pen.
702,"Woulo liv an ajan woulo se soti nan pvc materyèl, gen efè segondè tranpaj diminye bri, yo itilize pou mi sonofrofin, pòt, plafon, kanal ak tiyo. Li se yon trè fasil yo sèvi ak baryè son acoustic ki bay efikas son pwèv pou yon gran varyete aplikasyon pou kontwòl son...Plis","Silver foil roll is made from PVC material, has high damping effect to reduce noise, used for soundproofing walls, doors, ceilings, ducts and pipes. It is a very easy to use acoustic sound barrier that provides effective sound proofing for a wide variety of sound control applications...More","Silver foil roll is made from pvc material, has the effect of damping reducing noise, it is used for soundproofing, door, ceiling, channel and valves. It is a very easy to use acoustic sound barrier which provides effective sound proof for a wide variety of applications for sound control. It is a...Read More"
703,"Alafen, se dezi nou ki kalifye nou pou travay pwoklame pawòl Bondye a (gade Doktryn ak Alyans 4:3).","Ultimately, it is our desire that qualifies us for the work of proclaiming the word of God (see Doctrine and Covenants 4:3).","Nevertheless, if our desire is to qualify us for the work of proclaiming the word of God (see Doctrine and Covenants 4:3)."
704,Detay pou pwodwi yo:,Details for the products:,Product Details:
705,"Si ou vle pwen kredi bon nèt la, nou bezwen yon rapò sou kredi nèt san defo. Sa vle di peye tout dèt ou rive a tan, e anpil nan. Ou pa gen gwo dettes en, comptes pa nan koleksyon yo, pa faillite, oswa yon lòt bagay lòt moun ki ta kondwi pwen ou desann. W ap gen pou pi piti 2 ou 3 louvri kat kredi sa yo ou souvan itilize e peye a lè.","If you want a perfect credit score, you need a clean credit report. This means paying all your debts on time, and most of them. You have no major outstanding debts, accounts not in collections, no bankruptcies, or anything else that would drive your score down. You will need to have at least 2 or 3 credit cards open that you use frequently and pay them on time.","If you want the perfect credit score, you need a perfect credit report. This means paying off all your debts in a timely manner, and a lot of it. You don't have big debts in stock, no collection accounts, no bankruptcy, or something else that would drive your score down. You'll have at least 2 or 3 open credit cards that you often use and pay off in a timely manner."
706,"Epi Bondye ki bay liberalman an,te bay Joseph youn nan vizitasyon selès ki pi remakab nan istwa imèn nan—Premye Vizyon an.",And the generous God granted Joseph one of the most remarkable heavenly visitations in human history—the First Vision.,And the liberal God gave Joseph one of the most outstanding self-visits in human history in the First Vision.
707,Evalye jwèt sa a: JWE: 174,Rate this game: PLAYED: 174,Rate this game: Played: 174
708,Izaje yo pral resevwa yon imèl k ap fè yo konnen ke planifikasyon pou gwoup yo disponib kounyea pou tout òdonans pa pwokirasyon pou distri tanp lan.,Users will receive an email notifying them that group planning is now available for all proxy ordinances for the temple district.,Izaje will receive an email informing them that group planning is now available for all ordinance by proxy for the temple district.
709,Konplèks Problemsolving-Distinction avanse dilemmes ak Sur detay asosye aplike opsyon yo ak pou pwodwi e evalye sèlections.,Complex Problemsolving-Distinguishing advanced dilemmas and analyzing related details to apply options and to produce and evaluate selections.,Complex Problemsolving-Distinguishing advanced dilemmas and troubleshoot associated details to implement options and to produce and evaluate selections.
710,"Gade, yo te kwè nan Kris la, epi yo te adore Papa a nan non l, nou menm tou nou adore Papa a nan non l.","Behold, they believed in Christ, and worshipped the Father in his name, even so we worship the Father in his name.","Behold, they believed in Christ, and they worshipped the Father in his name, we also worship the Father in his name."
711,"Don federal lakay yo t' ap travay disponib pou gwoup yo ki pa gen pwofi, pou biznis òganizasyon yo, ni pou moun. Tout moun te enterese nan yo te aplike pou kay don federal ka bezwen enfòmasyon HUD la, oubyen Depatman Lojman ak Devlopman Iben Ozetazini nan Etazini.","Federal grants for working-class homes were available to non-profit groups, business organizations, and individuals. Anyone interested in applying for federal grants for homes may need information from HUD, or the U.S. Department of Housing and Urban Development.","Federal housing grants are not available to non-profit groups, businesses, organizations, or individuals. Everyone interested in applying for federal housing grants may need information from the HUD, or the U.S. Department of Housing and Urban Development."
712,Retire evenman Maryaj la nan fòm rechèch la.,Remove the Wedding event from the search form.,Remove evenman the Wedding from the search form.
713,"Men, atravè lafwa nan Jezikri ak chwazi pou nou fè L konfyans, nou ka gen limyè tout tan, menmsi nou sou dlo oubyen anba dlo.","But through faith in Jesus Christ and choosing to trust Him, we can have light at all times, whether we are above water or below water.","But through faith in Jesus Christ and choosing to trust Him, we can have light forever, whether we are on water or underwater."
714,gwo kay won Air,Air tower,Big Air
715,jwèt bisiklèt jwèt bisiklèt,bike game bike game,Bike Games Bike Games
716,Ki pa Peye-wotasyon Stabilizer,Non-rotational Stabilizer,Non-rotation Stabilizer
717,"Poutèt yo te fè sa a, yo te pote bay posterite yo, ki jodia vin plis pase 100 moun, benediksyon fwi levanjil la avèk esperans lavi etèlnèl.","Because they did this, they brought to their posterity, which today numbers more than 100 people, the blessing of the fruit of the gospel with the hope of eternal life.","Because of this, they brought to their posterity, who today number more than 100, the blessed fruit of the gospel with the hope of eternal life."
718,Klike sou la Add bouton;,Click the Add button;,Click the Add button;
719,Okipasyon sete lè l te gen laj .,Occupation was when he was of age.,My occupation started when I was very old .
720,Dènye tip pechè sa yo gen dwa ap mande poukisa yo pa gen menm siksè avèk lòt yo.,These latter types of fishermen may be wondering why they are not as successful as others.,The last of these types of fishermen may be wondering why they are not as successful as the others.
721,Apresa poze kesyon tankou sa yo:,Then ask questions like these:,Afterwards ask questions like these:
722,Sesyon Galeri - ITEMSHIDDEN - Ekip foutbòl ak egzèsis foutbòl - Pwofesyonèl foutbòl antrenè,Gallery Session - ITEMSHIDDEN - Soccer Teams and Soccer Drills - Professional Soccer Coach,Session Gallery - ITEMSHIDDEN - Soccer Drills & Football Drills - Professional Soccer Coaching
723,Lachin sou motosiklèt lavil Tir Inflator ke founisè ak manifakti yo - an gwo pri motosiklèt lavil Tir Inflator - fòtin,China Motorcycle Tire Inflator Suppliers and Manufacturers - Wholesale Price Motorcycle Tire Inflator - Fortune,China Motorcycle Tyre Inflator Suppliers and Manufacturers - Wholesale Motorcycle Tyre Inflator - fortune
724,Poukisa nou bezwen toulède liv sa yo?,Why do we need both of these books?,Why do we need both of these books?
725,"Si gen bri pale sou chè a, nou pa dwe etone pou pale nan kongregasyon an.","If there is talk of the flesh, we should not be surprised to speak out in the congregation.","If there is pale noise on the ce, we should not be surprised to hear pale in the congregation."
726,6 milimèt mwatye bò kote Rattan deyò alantou Section...,6mm Half Round Rattan Outdoor Sectional...,6mm Half Round Rattan Outdoor Section...
727,"Fè tiyo en fe Accessoires Htongsteel a ki itilize lajman pou transpò likid ak gaz, dècoration, konstriksyon, ekipman medikal, avyasyon, chodyè chalè-èchangeur ak lòt sistèm yo.","Htongsteel's stainless steel pipe fittings are widely used for liquid and gas transportation, decoration, construction, medical equipment, aviation, boiler heat-exchanger and other systems.","Htongsteels stainless steel pipe fittings are widely used for liquid and gas transportation, decoration, construction, medical equipment, aviation, boiler heat exchanger and other systems."
728,"Si w ap anseye timoun ki pi piti yo, ou gendwa jwenn ide ki ka adapte pou klas ou a nan seksyon pou timoun ki pi gran yo nan plan sa a.","If you are teaching younger children, you may find ideas that can be adapted for your class in the older children section of this outline.","If you are teaching younger children, you are likely to find ideas that will fit your class in the older children section of this plan."
729,"epi moun li te sanktifye a, li te glorifye l tou.","and whom he sanctified, he also glorified.","and those whom he sanctified, he also glorified."
730,Abi enkli abi seksyèl ak eksplwatasyon seksyèl ki dekri anba la a.,Abuse includes sexual abuse and sexual exploitation described below.,Abuse includes sexual abuse and sexual exploitation described below.
731,Yon jiridiksyon jewografik se pwochèn zòn jewografik pi laj ki montre ke vilaj oswa vil la apateni a li a.,A geographic jurisdiction is the next larger geographic area that the village or town belongs to.,A geographical indication is the next widest geographical area showing that the village or city belongs to it.
732,Òganizasyon Mondyal Lasante,World Health Organization,The World Health Organization
733,Dosages: 40mg a 100mg. Dosaj se kalkile kòm 4 mg pou chak 1 kg (2 liv) nan kò a.,Dosages: 40mg to 100mg. Dosage is calculated as 4 mg per 1 kg (2 pounds) of body weight.,Dosages: 40mg to 100mg. Dosage is calculated as 4 mg per 1 kg (2 lbs) in the body.
734,"Travay atistik ki akonpaye prezantasyon oswa videyo ""Abinadi Temwaye soiu Jezikri"" (ChurchofJesusChrist.org) ta ka ede yo vizyalize resi a nan Mozya 11–13; 17.",The accompanying artwork or video presentation “Abinadi Testifies of Jesus Christ” (ChurchofJesusChrist.org) could help them visualize the account in Mosiah 11–13; 17.,"The accompanying artwork or video ""Abinadi Testimony soiu Jesus Christ"" (ChurchofJesusChrist.org) would help to visualize the reception of Mosaic 1113;17."
735,"M eseye konprann Ekspyasyon Sovè a avèk espri limite mwen, e sèl eksplikasyon m ka jwenn se sa a: Bondye renmen nou pwofondeman, pafètman e etènèlman.","try to understand the Savior’s Atonement with my limited mind, and the only explanation I can find is this: God loves us deeply, perfectly, and eternally.","I try to understand the Savior's Expedition with my limited mind, and the only explanation I can find is this: God loves us deeply, perfectly and eternally."
736,Taylor Alison...li plis,Taylor Alison...read more,Alison Taylor...read more
737,Yo gen dwa di kijan yo ka f yon eksperyans pi siyifikan lè y ap pran sentsèn tou.,They can also say how they can have a more meaningful experience when partaking of the sacrament.,They have the right to say how they can give a more meaningful experience when they are also getting sentences.
738,"Travian-jwèt jwèt estrateji vle di soti-yo, regleman sa yo, grafik ki genyen de dimansyon yo, senplisite ak amitye, pèdi rès la.","Travian-game strategy games mean out-of-the-box, these rules, the two-dimensional graphics, simplicity and friendliness, lose the rest.","Travian-game strategy means-out, the rules, the two-dimensional graphics, simplicity and friendliness, losing the rest."
739,Anbalaj: 1pc wou sak ak yon sèl Brown oswa katon blan.,Packing: 1pc wheel bag with one Brown or white carton.,Packaging: 1pc wheat bag with one brown or white carton.
740,"Pandan w ap li Doktrin ak Alyans 71–75 la, panse avèk moun w ap anseye yo.","As you read Doctrine and Covenants 71–75, think about those you teach.","As you read the Doctrine and Covenants 7175, think with those you are teaching."
741,Copyright 2018 Gratis Premium Repons WordPress Themes Downloads Tèm. Tout dwa rezève.,Copyright 2018 Free Premium Responsive WordPress Themes Downloads Theme. All rights reserved.,Copyright 2018 Free Premium Responsive WordPress Themes Downloads Theme. All Rights Reserved.
742,Youth Las Tunas,Youth Las Tunas,Youth Las Tunas
743,Ajoute jodi a (0),Add today (0),Add a jodi (0)
744,"Si ou se seksyèlman aktif, ap resevwa konsèy oswa sipò nan pwofesyonèl sante seksyèl se toujou saj.","If you are sexually active, getting advice or support from sexual health professionals is always wise.","If you are sexually active, getting advice or support from sexual health professionals is always wise."
745,Kinder Archives - Nouvo Presse.de Nouvèl ak Kominike laprès yo,Kinder Archives - New Presse.de News and Press Releases,Kinder Archives - New Presse.de News and Press Releases
746,Idantifikasyon Absorption enfrawouj Konfòme,Infrared Absorption Identification Compliant,Identification Infrared Absorption Complies
747,"nan ""lobovuhu"" kouran nan lè frèt akòz vè tanperati fluctuations","in the ""lobovuhu"" current of cold air due to glass temperature fluctuations","The ""lobovuhu"" stream in cold air due to glass temperature fluctuations"
748,Kijan w ka sensèman chèche konpayi sa a?,How can you sincerely seek out this company?,How can you sincerely search for this company?
749,"Se vre ke nou gen pati lagè pa nou nan dènye jou yo, men, pawòl li yo gen yon valè ki ale odela deskripsyon sou strateji ak trajedi lagè yo.","It is true that we have our share of wars in the last days, but his words have a value that goes beyond descriptions of the strategies and tragedies of war.","It is true that we have our war party in the last days, but its words have a value that goes beyond the description of war strategy and tragedy."
750,"Epi pawòl Obedoza yo te reyalize, Senyè a te regle tout bagay.","And the words of Obedoz came true, the Lord settled everything.","And the words of Obedothiah were fulfilled, the Lord had arranged everything."
751,amatè azi cosplay Hdzog,amateur asian cosplay Hdzog,Amateur asian cosplay Hdzog
752,Direksyon Jeneral la nan Elektrisite,General Directorate of Electricity,the General Directorate of Electricity
753,Yo te vini pare pou yo resevwa youn nan pi gwo benediksyon Retablisman an: konsekrasyon yon kay Senyè a.,They came prepared to receive one of the greatest blessings of the Restoration: the dedication of a house of the Lord.,They came ready to receive one of the Greatest Blessings of the Restoration: the consecration of a house of the Lord.
754,Twouve Tanm Manm fanmi ou yo nan Ilann,Find your family members in Ireland,Find Your Family Member in Ilann
755,"Pou nou konprann sa, nou bezwen retounen nan kòmansman an.","To understand this, we need to go back to the beginning.","To understand this, we need to go back to the beginning."
756,WIPS-VKD 2017 plen koulè Starlight rezo Starvis sou tèt 10 1.3mp IP kamera,WIPS-VKD 2017 Full Color Starlight Network Starvis Top 10 1.3mp IP Camera,WIPS-VKD 2017 Full Color Starlight Network Starvis Top 10 1.3mp IP Camera
757,"Pa egzanp, kisa Jakòb 5:41, 46–47 sigjere sou fason Senyè a santi l apwopo moun ki pèdi yo?","For example, what does Jacob 5:41, 46–47 suggest about how the Lord feels about lost people?","For example, what does James 5:41, 4647 suggest about how the Lord feels about those who have lost their loved ones?"
758,"Lè m 'te rive nan Kanada, mwen pa t' konnen okenn angle ni franse. Apre li te pran pwogram bileng bileng, ladrès lang mwen nan lang yo amelyore anpil. Jodi a mwen ka di mwen AM TRILINGUAL","When I arrived in Canada, I didn't know any English or French. After taking the bilingual program, my language skills in both languages improved a lot. Today I can say I AM TRILINGUAL","When I arrived in Canada, I didn't know any English or French. After taking the Bilingual program, my lang skills improved significantly. Today I can say I AM TRILINGUAL"
759,Yon lis ki enterese lotri,A list of lottery interests,One list of lottery interests
760,Type D' durèes baze sou zòn zòn comme piba: 7-12 travay jou.,Typical delivery times are based on area as follows: 7-12 business days.,Type of packing dures based on the area area as below: 7-12 working days.
761,Chak alyans fèt youn pa youn.,Each alliance is made one by one.,Every alliance is made one by one.
762,"Cunda Bridge View se Koulye a, bèl",Cunda Bridge View is Now Beautiful,Cunda Bridge View is Now Beautiful
763,Topumbrella bèl gradyan koulè chanje Shiny Rainbow kap fl...,Topumbrella Beautiful Gradient Color Changing Shiny Rainbow Flower...,Beautiful topumbrella gradient color changing shiny rainbow cap...
764,Scooby doo nan sal la pou nimewo yo kache,Scooby Doo in the room for the hidden numbers,Scooby Doo in the room for the hidden numbers
765,"Pafwa, mwen panse, nou pa rekonèt konbyen Senyè a vle ede nou. Mwen renmen pawòl Eldè David A. Bednar, ki te di:","Sometimes, I think, we don’t recognize how much the Lord wants to help us. I love the words of Elder David A. Bednar, who said:","Sometimes, I think, we don't realize how much the Lord wants to help us. I like the words of Elde David A. Bednar, who said:"
766,Popilè jwèt sou entènèt,Popular online games,Popular online games
767,Shenzhen J D Dlo Potab,Shenzhen JD Drinking Water,Shenzhen J D Water Potab
768,To jwèt sa a: JWE: 814,Rate this game: PLAYED: 814,TO GAME SAA: PLAYED: 814
769,"Avoka Kowoperatif, Avoka Kowoperatif Antalya","Cooperative Lawyer, Cooperative Lawyer Antalya","Cooperative Lawyers, Antalya Cooperative Lawyers"
770,Rebati Fabco sda-1800 Rapò Single Rediksyon,Rebuilt Fabco SDA-1800 Single Reduction Ratio,Rebatico Fab SDA-1800 Single Reduction Report
771,Gouvènman an nan Sint Maarten,The government of Sint Maarten,The Government of Sint Maarten
772,Jounal Maten Caraibes FM 29-Sept. Allemagne vle ed...,Maten Caraibes FM Newspaper 29-Sept. Germany wants to help...,Jounal Maten Caraibes FM 29-Sept. Germany wants to...
773,"Et Napoleon la a avè l' ti gout- Kisa mwen panse nou ta ka rele, asye de-kalite archèologue yo.","And Napoleon here with him a little bit of - What I think we could call, the archaeologists' kind of steel.","And Napoleon is here with it - what do I think we would call, the kind of archaeologist steel."
774,"Paske Jezikri se santral tout sa nou fè nan tanp lan, pandan n ap panse plis sou tanp lan, n ap vin panse avèk Li plis tou.","Because Jesus Christ is central to everything we do in the temple, as we think more about the temple, we will come to think more about Him.","Because Jesus Christ is central to everything we do in the temple, as we think more about the temple, we will think with Him more."
775,Benediksyon ak Enfliyans Sentespri a,The Blessing and Influence of the Holy Spirit,The Holy Spirits Blessings and Influences
776,Hermia Regency Abiye,Hermia Regency Dress,Hermia Regency Abiye
777,Li pap abandone nou.,He will not abandon us.,He will not abandon us.
778,Jwe ak poupe,Playing with dolls,Play with dolls
779,Gade òdonans ki anrejistre yo.,See the recorded ordinances.,Look at the registered voters.
780,"Hack-planèt ap toujou asire nou ke: yo tèste, ankenn pa sou non testeurs devan lancement yon nouvo hack piblik. Sa vle di ke nou te 100 ki pi bon testeurs sou non nou, teste: devan nan piblikasyon yo pou piblik la, Men ki jan: nou se senpleman pi bon: nan a make nan moman sa a.","Hack-Planet will always make sure that we: are tested, no one on behalf of testers before releasing a new hack to the public. This means that we have 100 of the best testers on our behalf, tested: before publishing them to the public, This is how: we are simply the best: in the mark at this time.","Hack-planet will always assure us that: they are tested, none of us are untested testers before launching a new public hack. This means that we were the 100 best testers on our behalf, tested: before the public releases, here's how: we're simply the best: at the mark of the moment."
781,Se pou menm ki abite lwen yo retounen lakay nou ansekirite pou nou jwenn tout bagay annòd.,May those who live far away return home safely so that we can find everything in order.,May even those who live far away return safely to our homes so that we may find everything else.
782,er semèn: Jèn gason ki diy yo resevwa prètriz la lè yo gen 12 zan.,Week 1: Worthy young men receive the priesthood when they are 12 years old.,Week: Young men who deserve to receive the priesthood when they are 12 years old.
783,64 . Plasma aktivite rnen,64. Plasma renal activity,64 . Plasma activity rnen
784,"M te vizite ti vil sa a dèzane apre pitit gason m nan te fin batize vèv sa a, epi li te envite m pou m te rankontre fanmi li.","I visited this small town several years after my son baptized this widow, and she invited me to meet her family.","I visited this small town a few decades after my son had baptized this widow, and she invited me to meet her family."
785,Ajoute yon Eleman...,Add an Element...,Adding an Element...
786,Prezans fizik yon otorite (bato nan dlo a) toujou rete youn nan pi bon prevantif pou lapèch ilegal nan GMR la.,The physical presence of an authority (boat in the water) still remains one of the best deterrents to illegal fishing in the GMR.,The physical presence of an authority (fish in the water) still remains one of the best preventatives for illegal fishing in the GMR.
787,Travay Istwa Familyal ak Ale nan Tanp,Family History Work and Temple Attendance,Travay Family History and Attending Temple
788,Ki lòt bagay nou aprann sou lanmou Bondye ki soti nan 1 Nefi 11:22–23?,What else do we learn about God’s love from 1 Nephi 11:22–23?,What else do we learn about God's love from 1 Nephi 11:2223?
789,"Nou pa t janm te konn tande yo dekri bonè nan fason sa a, men pawèl li yo te sonnen vrè.","We had never heard happiness described in this way, but his words rang true.","We had never heard of her early descriptions in this way, but her words sounded real."
790,Mesye mechan yo touye Etyèn,The wicked men killed Stephen.,Mr. villain to kill Ethiopian
791,Mwen panse ke li pwal kapab itil isit la.,I think it will be useful here.,I think it'll be useful here.
792,Gendwa gen yon èd pou detay pou ajoute yo.,There may be a help for details to add.,Hopefully there's a little bit of detail to adding them.
793,Pa bliye fè discuss Charles Sturt University,Don't forget to discuss Charles Sturt University,Don't forget to discuss Charles Sturt University
794,"Sa pa gen twò lontan, mwen t ap travay nan fèm nou an avèk neve m, Nash.","Not long ago, I was working on our farm with my nephew, Nash.","Not too long ago, I was working on our farm with my nephew, Nash."
795,"Pwoblèm yo ede nou vin pi plis tankou Papa nou ki nan Syèl la, epi Sakrifis Ekspyatwa Jezikri a rann posib pou nou andire pwoblèm sa yo.","Challenges help us become more like our Heavenly Father, and the Atonement of Jesus Christ makes it possible for us to endure these challenges.","Problems help us become more like our Father in Heaven, and the Atoning sacrifice of Jesus Christ makes it possible for us to endure such problems."
796,Rated travay aktyèl A (380V) 220V,Rated working current A (380V) 220V,Rated working current A (380V) 220V
797,Tout sèvis sant yo founi gratis.,All center services are provided free of charge.,All services are provided free of charge.
798,"Rann temwayaj ou konsènan Sovè a, Jezikri.","Bear your testimony of the Savior, Jesus Christ.","Share your testimony regarding the Savior, Jesus Christ."
799,"Epi, Aminadab te di yo: Y ap pale ak zanj Bondye yo.",And Aminadab said unto them: They shall speak with the angels of God.,"And Aminadab said to them, They are talking to the angels."
800,Atraksyon menm Sèks,Same-Sex Attraction,Gender Attraction
801,"Anvan Apg29 a te gen Nouvo Testaman an nan Haitian a, men paske li kounye a gen sit entènèt pwòp li yo Se konsa, mwen refere w la!","Previously Apg29 had the New Testament in Haitian Creole, but because it now has its own website, I'm referring you there!","Before Apg29, there was the New Testament in English, but because it now has its own website so I refer to it!"
802,M ka jwenn esperans nan Kris la kèlkeswa jan sikonstans mwen ye.,I can find hope in Christ no matter what my circumstances are.,I can find hope in Christ no matter what my circumstances.
803,"Nòt: An 1964, Prezidan Kimball te mete m apa kòm prezidan pieu epi li te beni m pou m ke to mòtalite y obese nan efò mwen kòm premye moun ki te fè operasyon kè nan aorte.","Note: In 1964, President Kimball set me apart as stake president and blessed me to reduce mortality through my efforts as the first person to perform open-heart surgery on the aorta.","Note: In 1964, President Kimball appointed me as chairman of pius and blessed me for my contribution to mortality and obesity in my efforts as the first person to have heart surgery in the aorta."
804,"Mande timoun yo pou yo di w kèk bagay yo ta dwe toujou sonje pou yo fè, tankou lase soulye yo oubyen lave men yo anvan yo manje.","Ask the children to tell you some things they should always remember to do, like tying their shoes or washing their hands before eating.","Ask the children to tell you some things they should always remember to do, such as wash their shoes or wash their hands before eating."
805,d. lyen sit entènèt (Wè tou 4 seksyon pi ba pase pou plis enfòmasyon),d. website link (See also 4 sections below for more information),d. link to website (See also 4 sections below for more information)
806,MJ-908 Pwisan segondè Cavity ki ap dirije Mountain B...,MJ-908 Powerful High Cavity Led Mountain B...,MJ-908 Powerful high lumen LED Mountain B...
807,"Sustanon 250 pa pral pote okenn efè segondè negatif lè yo itilize nan rezon ki ka geri tankou nan TRT. Sepandan, lè l sèvi avèk Sustanon-250 kòm yon esteroyid ap pote kèk efè segondè negatif nan estwojèn ak Androjenik.","Sustanon 250 will not cause any negative side effects when used for therapeutic purposes such as in TRT. However, using Sustanon-250 as a steroid will cause some negative estrogenic and androgenic side effects.","Sustanon 250 will not bring any adverse side effects when used for therapeutic purposes such as in TRT. However, using Sustanon-250 as a steroid will bring some adverse side effects in estrogen and androgenic."
808,maketing Microeconomics Sèvis Sante Nasyonal Sèvis,Marketing Microeconomics Health Services National Services,Marketing Microeconomics National Health Service
809,"Nan diskou li ki titre ""Limen limyè Nou an"" (Ensign oswa Lyawona, Nov. 2017, 6–9), Sè Sharon Eubank te pataje senk fason nou ka atire lòt moun nan Legliz Jezikri a.","In her talk titled “Light Our Light” (Ensign or Liahona, Nov. 2017, 6–9), Sister Sharon Eubank shared five ways we can attract others to the Church of Jesus Christ.","In her speech titled ""Our Light"" (Ensign or Lyon, Nov. 2017, 69), Sister Sharon Eubank shared five ways we can attract others to the Church of Jesus Christ."
810,"Segondè Pri, Bonjan Anti-entèferans, ki estab ak vwè S6 Combo Seri lineyè nan CNC Fraisage Machin","High Price, Strong Anti-interference, Stable and Reliable S6 Combo Linear Guideway in CNC Milling Machine","High Price, Strong Anti-interference, Stable and Reliable S6 Combo Series Linear CNC Milling Machine"
811,Natirèl Super Manje vyolèt Powder Sweet pòm,Natural Super Food Purple Sweet Apple Powder,Natural Super Food Violet Powder Sweet apple
812,"Oubyen pase videyo ""Antre Triyonfal Senyè a nan Jerizalèm"" nan (ChurchofJesusChrist.org).",Or watch the video “The Lord’s Triumphal Entry into Jerusalem” (ChurchofJesusChrist.org).,"Or broadcast the video ""The Triumph of the Lord in Jerusalem"" (ChurchofJesusChrist.org)."
813,"Alma te di l: M ap ba w yon siy: W ap tonbe bèbè daprè pawòl mwen; epi m ap di, nan non Bondye, w ap vin bèbè pou w kapab sispann pale.","Alma said to him: I will give unto you a sign: Thou shalt be dumb according to my words; and I say, in the name of God, thou shalt be dumb that thou canst cease to speak.","Alma said to him: I will give you a sign: You will be deaf in my words; and I say, in the name of God, you will be deaf so that you can stop talking."
814,To jwèt sa a: JWE: 11423,Rate this game: PLAYED: 11423,To this game: Played: 11423
815,"W Entelijan Solè ki ap dirije Ri Limyè, Espas pou ...","W Intelligent Solar Led Street Light, Space for...","W Intelligent Solar LED Street Lights, Parking..."
816,Pwofesyonèl MANUFACTUR Customize konsepsyon pkb,Professional MANUFACTUR Customize PCB design,Professional manufactur customize pcb design
817,Remak: Opsyon sa a disponib sèlman lè òdonans preparatwa pa pwokirasyon yo disponib.,Note: This option is only available when pre-authorization orders are available.,Note: This option is only available when proxy-prepared ordinances are available.
818,"Covid-19:Pandan faz 1, 2, ak 3 reouvèti yo, tanp yo p ap kapab enprime kat non familyal yo pou ou.","Covid-19: During Phases 1, 2, and 3 of reopening, temples will not be able to print family name cards for you.","Covid-19:During phases 1, 2, and 3 of reopening, the temples will not be able to print non-family cards for you."
819,[Aksè Pèmisyon Dwa Pou Smart Aparèy App],[Access Permission Rights For Smart Device App],[Access Permission Right For Smart Device App]
820,Nou dwe aprann disène laverite non sèlman atravè rezonman lojik nou men atravè ti vwa dous Lespri a tou.,"We must learn to discern truth not only through our logical reasoning but also through the still, small voice of the Spirit.",We must learn to draw truth not only through our logical reasoning but also through the sweet voice of the Spirit.
821,"Nan dat 7 fevriye 2020 nan Rognac, asosyasyon ATLAS te prezante yon demonstrasyon rezistans atistik ki gen tit ""Nou lib"", nan kad la. 2a World March pou lapè ak non vyolans.","On February 7, 2020 in Rognac, the ATLAS association presented a demonstration of artistic resistance entitled ""We are free"", in the framework of the 2nd World March for Peace and Nonviolence.","On February 7, 2020 in Rognac, the association ATLAS presented a demonstration of artistic resistance titled Nou lib, in the framework of the 2a World March for Peace and Nonviolence."
822,l'acrasuur t-kemnastik.com,l'acrasur t-kemnastik.com,l'acrasuur t-kemnastik.com
823,"Lè w resevwa enpresyon yo, ou gendwa mande, jan Èldè Richard G. Scott te sigjere a, ""Èske gen plis bagay m ta dwe konnen?""","When you receive impressions, you may ask, as Elder Richard G. Scott suggested, “Is there anything else I should know?”","When you get the impressions, you often ask, as Elder Richard G. Scott suggested, ""Is there anything more I should know?"""
824,asistans nan Etazini.,assistance from the United States.,Assistants in the United States.
825,"Konsèy mwen vle souliyen an se Alma 38:12, ki di an pati, ""Bride pasyon w yo pou w kapab chaje avèk lanmou.""","The counsel I want to highlight is Alma 38:12, which says in part, ""Bridle your passions that you may be filled with love.""","My advice to emphasize is Alma 38:12, which says in part, Bride your passion so that you may be filled with love."
826,e n ap jwenn repo avèk mwen.,You will find rest with me.,and you will find rest with me.
827,Hot vann fil Fil mete Nikèl kouch fabrikan ak faktori - Pwodwi Wholesale - Changling Metal,Hot Selling Wire Mesh Nickel Coating Manufacturers and Factory - Wholesale Products - Changling Metal,Hot Sale Wire Nickel Coating Manufacturers and Factory - Wholesale Products - Changling Metal
828,Se sa yo konnen tiyo nan kè nou.,These are the valves in our hearts.,That's what they know to trick into our hearts.
829,Super Pitifall 1.00 Ede Pyèj Larry sekou bay nyès l 'yo.,Super Pitifall 1.00 Help Trap Larry rescue his niece.,Super Pitifall 1.00 Help Pyèj Larry rescue his nipples.
830,"Sou tèt: MDF, bwa, Fireproofboard.","Top: MDF, wood, Fireproofboard.","On top: MDF, wood, fireproofboard."
831,Smeshariki trape krèm glase,Smeshariki catch ice cream,Smeshariki catch ice cream
832,"Gade Matye 5:14–16; 22:35–40; Mozya 3:19; Doktrin ak Alyans 50:13–14; 133:5; gade Russell M. Nelson, ""The Gathering of Scattered Israel,""Liahona,Nov. 2006 tou.","See Matthew 5:14–16; 22:35–40; Mosiah 3:19; Doctrine and Covenants 50:13–14; 133:5; see also Russell M. Nelson, “The Gathering of Scattered Israel,” Ensign, Nov. 2006.","See Matthew 5:1416; 22:3540; Mosiah 3:19; Doctrine and Covenants 50:1314; 133:5; see Russell M. Nelson, ""The Gathering of Scattered Israel,""Liahona,Nov. 2006 too."
833,"Jan Frè Randall L. Ridd te anseye avèk puisans nan dènye konferans jeneral la, an palan de entènèt, ""Ou ka retwouve w nan yon wonn bagay trivyal san fen ki ap fè w gaspiye tan ou ak febli potansyèl ou.""","As Brother Randall L. Ridd powerfully taught in the last general conference, speaking of the Internet, “You can find yourself in an endless cycle of trivialities that waste your time and sap your potential.”","John F. Randall L. Ridd taught powerfully at the last general conference, on the web, You may find yourself in an endless trivia that is wasting your time and weakening your potential."
834,Lachin Ultrafiltration Sistèm,China Ultrafiltration System,China Ultrafiltration System
835,Sa pral envite pouvwa Yo nan lavi nou pou ede nou atravè tout pwoblèm nou epi finalman pou nou ranpli mezi kreyasyon nou.,This will invite Their power into our lives to help us through all our problems and ultimately to fulfill the measure of our creation.,It will invite the power of the Self into our lives to help us through all our troubles and finally to fulfill the measure of our creation.
836,"Chemen sa a mennen nan òdonans, alyans, ak bèl benediksyon tanp yo—e finalman nan lavi etènèl (gade nan3 Nepfi 11:20–40).","This path leads to ordinances, covenants, and the wonderful blessings of the temple—and ultimately to eternal life (see 3 Nephi 11:20–40).","This path leads to ordinance, covenant, and blessed sanctuaryand ultimately to eternal life (see 3 Nephi 11:2040)."
837,"Chak pwodwi ki soti nan Infinite-Electronic.hk te bay yon peryòd garanti nan 1 ane .Pandan peryòd sa a, nou te ka bay gratis antretyen teknik si gen nenpòt pwoblèm sou pwodwi nou an.","Every product from Infinite-Electronic.hk provided a warranty period of 1 year. During this period, we could provide free technical maintenance if there is any problem about our product.","Each product from Infinite-Electronic.hk has a warranty period of 1 year .While this period, we could provide free technical maintenance if there is any problem with our product."
838,Wòl li kòm disip Kris la te vin pwen santral efò lavi li.,His role as a disciple of Christ became the central focus of his life's endeavors.,Her role as a disciple of Christ became the focal point of her life's efforts.
839,Mwen Ka Fè Bondye Konfyans,I Can Trust God,I Can Trust God
840,"Li renmen teyat la ak sinema, vwayaje se plezi l 'yo.","He loves the theater and movies, traveling is his hobby.","He loves theater and cinema, traveling is his pleasure."
841,Petèt manm klas la ta kapab pataje kijan yo te chèche repons pou kesyon levanjil yo ak kijan yo rete fidèl menm lè kèk nan kesyon yo rete san repons.,Perhaps class members could share how they have sought answers to gospel questions and how they remain faithful even when some of their questions remain unanswered.,Perhaps the class members would be able to share how they sought answers to their gospel questions and how they remained faithful even when some of their questions remained unanswered.
842,Senyè a te di Jozye kijan pou l te konkeri Jeriko.,The Lord told Joshua how to conquer Jericho.,The Lord told Joshua how to conquer Jericho.
843,Sit entènèt la nan medyaman ki gen don Jan Friedlander ak Gloria Hemsher,The website of gifted mediums Jan Friedlander and Gloria Hemsher,The website of donated mediums Jan Friedlander and Gloria Hemsher
844,Jwèt Vapè z Reactors,Steam Games z Reactors,Game Steam Z Reactor
845,Koulè: Brown poud,Color: Brown powder,Color: Brown powder
846,santral ak pati Nò Ewop,Central and Northern Europe,Central and Northern Europe
847,Tèminal tip: Terminal tèminal (lòt kalite pou opsyon),Terminal type: Terminal block (other types for option),Terminal Type: Terminal terminal (other type for option)
848,"gad wa a te antoure yo, yo te pran yo, yo te mare yo, epi yo te mennen yo nan prizon.","The king's guards surrounded them, seized them, bound them, and took them to prison.","The guard surrounded them, they captured them, they tied them up, and they led them to prison."
849,"Anseye timoun yo dezyèm kouplè kantik ""Dis-moi, Seigneur"" (Chants pour les enfants,176) la.","Teach the children the second verse of the hymn “Tell Me, Lord” (Children’s Songbook, 176).","Teach the children the second verse of the hymn ""Dis-moi, Seigneur"" (Songs for the children,176)."
850,Pafwa izaje yo gen demand ki pa ka akomode.,Sometimes users have requests that cannot be accommodated.,They do not seem to have unsatisfactory demands.
851,Arab Sante 2018 pral pran plas nan 29 Janvye - 01 Fevriye 2018. Ekspozisyon an gratis pou vizite si ou enskri anvan montre nan!,Arab Health 2018 will take place from 29 January - 01 February 2018. The exhibition is free to visit if you register before the show!,Arab Health 2018 will take place from 29 January - 01 February 2018. The exhibition is free to visit if you register before the show!
852,nunja: mwen renmen ou sit entènèt tèm nan...,nunja: I love your website theme...,Nunja: I love your website theme...
853,OO6 OpenELEC 6 r21462 ge2cede2 pou WeTek jwe ak videyo dous,OO6 OpenELEC 6 r21462 ge2cede2 for WeTek plays and videos smoothly,OO6 OpenELEC 6 r21462 ge2cede2 for WeTek Play with smooth video
854,"Filed under: Jeneral Mesaj Atenn Avèk: dons, minè, liberasyon, SA A, Trac, WordPress 3.0, WP-super-cache","Filed under: General Posts Tagged With: donations, minor, release, SA, Trac, WordPress 3.0, WP-super-cache","Filed Under: General Messages Tagged With: dons, minor, release, SA A, Trac, WordPress 3.0, WP-super-cache"
855,Mande yo pou yo chèche siy lafwa ak siy laperèz pandan y ap li Matye 14:22–33 la.,Ask them to look for signs of faith and signs of fear as they read Matthew 14:22–33.,Ask them to look for signs of faith and signs of fear while they read Matthew 14:2233.
856,Longchamp Jug 1.5 L,Longchamp Jug 1.5 L,Longchamp Jug 1.5 L
857,Entènèt Pwotokòl (IP),Internet Protocol (IP),Internet Protocol (IP)
858,"Kesyon yo mande anpil - Henan Coal Rechèch Keming Mechanical co, Ltd","Frequently Asked Questions - Henan Coal Research Keming Mechanical Co., Ltd.","FAQs - Henan Coal Research Keming Mechanical Co.,Ltd"
859,Èldè Jeffrey R. Holland,Elder Jeffrey R. Holland,Elder Jeffrey R. Holland
860,"TJS, Matye 3:34–36. Konpare avèk Matye 3:8–9","JST, Matthew 3:34–36. Compare with Matthew 3:8–9","TJS, Matthew 3:3436. Compare with Matthew 3:89."
861,"Nan fason nou pa totalman konprann, pwogresyon spirityèl nou nan kote sa a enfliyans moun nou ye isit la.","In ways we don't fully understand, our spiritual progression in this place is influenced by the people we are with here.","In a way that we do not fully comprehend, our spiritual progress in this place influences who we are here."
862,"Frè m ak sè m, jèn adilt byeneme m yo, m vle ede nou ""vole dwat"" nan mitan tanpèt inevitab dènye jou yo. Nou se pilòt. Nou gen responsablite pou nou panse ak konsekans chak chwa nou fè. Mande tèt nou: ""Si m fè chwa sa a, ki pi move bagay ki ka rive?"" Chwa jis nou yo ap kenbe nou pou nou pa pèdi wout nou.","My beloved brothers and sisters, my beloved young adults, I want to help you “fly straight” through the inevitable storms of the last days. We are pilots. We have the responsibility to consider the consequences of every choice we make. Ask yourself, “If I make this choice, what is the worst that could happen?” Our righteous choices will keep us from losing our way.","Brothers and sisters, young adults well-known to me, I want to help us ""fly straight"" amid the inevitable storms of the last days. We are pilots. We have a responsibility to think about the consequences of every choice we make. Ask ourselves: ""If I make this choice, what's the worst that can happen?"" Our just choices will keep us so we don't lose our way."
863,Basavanagudi Legliz Kris la,Basavanagudi Church of Christ,Basavanagudi Church of Christ
864,Zenk Glycinate Sipleman eleman nitritif,Zinc Glycinate Nutrient Supplement,Zinc Glycinate Nutrient Supplements
865,"Nou rekonèt ke vi prive a se enpòtans pli ekstrèm, epi nou pa vann oswa lwe nenpòt enfòmasyon pèsonèl moun","We recognize that privacy is of the utmost importance, and we do not sell or rent any personal information.","We recognize that the privacy is of utmost importance, and we do not sell or rent any personally identifiable information"
866,Itilize Dat Relèv Pwopoze,Use Proposed Respite Date,Utilize Suggested Release Date
867,"Avanse Decoder optik, kòm byen ke fasil sou-plas la-otantifikasyon smartphone, yo se kèk nan rezon ki fè yo ki GSSC karakteristik yo te itilize sou dè milya de pwodwi mak ak dokiman atravè lemond. GSSC te bay patante teknoloji sekirite nan gouvènman otorize konpayi enprime sekirite ak gwo kòporasyon pou plis pase 35 ane.","Advanced optical decoding, as well as easy on-the-spot smartphone authentication, are some of the reasons GSSC features are used on billions of branded products and documents worldwide. GSSC has provided patented security technology to government-authorized security printing companies and major corporations for over 35 years.","Advanced optical decoder, as well as easy on-the-spot smartphone authentication, are some of the reasons why GSSC features have been used on billions of brand products and documents worldwide. GSSC has been providing patented security technology to government authorized security printers and corporations for more than 35 years."
868,Temwayaj Prezidan Boyd K. Packer nan reyinyon dirijan yo nan konferans jeneral Avril 2015 la pa pibliye.,President Boyd K. Packer's testimony at the leadership meeting in the April 2015 general conference has not been published.,President Boyd K. Packer's testimony at the leadership meeting of the April 2015 General Conference was not published.
869,"Lè timoun yo chante chan sou prensip levanjil yo, Sentespri a ap rann temwayaj sou verasite yo.","When children sing songs about gospel principles, the Holy Ghost will bear witness of their truthfulness.","When children sing hymns about their gospel principles, the Holy Spirit will bear witness to their truthfulness."
870,Efase Pwogram Etid la,Delete the Study Program,Delete the Study Program
871,"Deskripsyon nan jwèt la Kitty tirè a liy. Kouman yo jwe jwèt la sou entènèt Jwe enteresan chat vybivaly, ou bezwen frape soti kòm byen vit ke posib tout ti chat yo. Sou paj sa a ou ka jwe sou entènèt pou gratis san enskripsyon an.","Description of the game Kitty Shooter line. How to play the online game Playing exciting cat vybivaly, you need to knock out as quickly as possible all the kittens. On this page you can play online for free without registration.","Description of the game The Kitty Shooter online. How to play the online game Play exciting cat vybivaly, you need to knock out as soon as possible all the kittens. On this page you can play online for free without registration."
872,Kat jeyografik nan vatikan mize layout,Map of vatican museum layout,Map of Vatican museum layout
873,"Pandan tout ane a, timoun yo te aprann sa Senyè a te revele atravè Pwofèt Joseph Smith.","Throughout the year, the children learned what the Lord revealed through the Prophet Joseph Smith.","Throughout the year, the children learned what the Lord had revealed through the Prophet Joseph Smith."
874,Lean Jesyon Waste,Lean Waste Management,Lean Waste Management
875,Nou gen diferan sektè ki reprezante,We have different sectors represented,We have different sectors represented
876,Paran an antre nimewo dosye Legliz li apre l fin konekte avèk kont timoun nan.,The parent enters their Church record number after logging in to the child's account.,The parent enters his or her church record number after logging into the child's account.
877,Prezidan Dallin H. Oaks te anseye: Nan travay redanmsyon mò yo gen anpil tach ki dwe fèt.,President Dallin H. Oaks taught: In the work of the redemption of the dead there is much work to be done.,"President Dallin H. Oaks taught: ""In the workplace already, there are a lot of tasks that need to be done."""
878,"Gen anpil chans pou bèje yo te moun òdinè, tankou anpil nanm ki rekòmandab ki pase jounen yo ap chèche lavi.","It is likely that the shepherds were ordinary people, like many commendable souls who spend their days seeking life.","There is a good chance that beggars were ordinary people, like so many despicable souls who spend their days searching for life."
879,bilding nan Direksyon Jeneral TCDD,TCDD General Directorate building,the building of TCDD General Directorate
880,"Paske li te di konsa, istwa pèp li a dwe ekri sou lòt plak li yo, e m dwe prezève plak sa yo pou m pase yo bay desandan m yo, depi nan yon jenerasyon jouk nan yon lòt jenerasyon.","For he said, the history of his people should be written upon his other plates, and I should preserve these plates to pass them on to my descendants, from one generation to another.","Because he said so, the history of his people must be written on his other plates, and I must preserve these plates so that I may pass them on to my descendants, from one generation to the next."
881,14. epis santi bon 15. epis etajè 16. lavaj likid,14. spices 15. spice rack 16. washing up liquid,14. spices 15. shelf spices 16. liquid sink
882,Sal matènite pantalon,Maternity pants,Maternity Pants
883,Michael Bartonolis biyografi Et Michael Bartonolis lis atik kategori,Michael Bartonolis biography and Michael Bartonolis article list category,Michael Bartonolis's biography and Michael Bartonolis's list of article categories
884,Pale ansanm de bagay pwofèt la te di ki enspire oumenm oubyen timoun yo.,Talk together about things the prophet said that inspire you or the children.,Talking together of things the prophet said that inspired you or the children.
885,"Iran FM TV Iran MN TELEVIZYON - tipik chanèl nan mizik la-nan lwazi-fòma, epi kòm youn nan kèk a,ki te emisyon sou satelit pou anpil ane.","Iran FM TV Iran MN TELEVISION - typical channel in the music-entertainment-format, and as one of the few, which has been broadcasting on satellite for many years.","Iran FM TV Iran MN TV - typical channel in the music-entertainment-format, and as one of the few,which has been broadcasting on satellite for many years."
886,"Pè Selès la menm kontinye veye sou moun ki nan wayòm terès yo e pran swen yo atravè ministè Jezikri ak lòt èt selès (gade Doktrin ak Alyans 76:77, 87) ak sou moun ki nan wayòm telès yo atravè ministè Sentespri a ak zanj (gade Doktrin ak Alyans 76:86, 88).","Heavenly Father continues to watch over and care for those in the terrestrial kingdom through the ministry of Jesus Christ and other celestial beings (see Doctrine and Covenants 76:77, 87) and for those in the telestial kingdom through the ministry of the Holy Ghost and angels (see Doctrine and Covenants 76:86, 88).","The same Father Celestial continues to watch over those in the heavenly kingdom and cares for them through the ministry of Jesus Christ and other heavenly beings (see Doctrine and Covenants 76:77, 87) and over those in the heavenly kingdom through the ministry of the Holy Spirit and angels (see Doctrine and Covenants 76:86, 88)."
887,tan pase kontinye pase nou eseye,"time passes, keep going, we try",As time goes on as we try
888,Okipasyon Akitivite Bezwen,Occupation Activities Needed,Occupation Activity Need
889,"Envite timoun yo pou yo kanpe, epi mande yo pou yo imajine ke youn nan janm yo reprezante koute pawòl Sovè a epi lòt janm nan reprezante mete pawòl la an pratik.","Invite the children to stand, and ask them to imagine that one of their legs represents listening to the Savior’s words and the other leg represents putting the words into practice.","Invite children to stand up, and ask them to imagine that one leg represents listening to the Savior's words and the other leg represents putting the word into practice."
890,"Men, nan apre, anpil te temwaye de eksperyans spirityèl puisan ki te ede yo simonte ezitasyon yo, epi ki te ba yo kouraj pou yo te aksepte pratik sa a.","But later, many testified to powerful spiritual experiences that helped them overcome their hesitations and gave them the courage to accept this practice.","But afterward, many witnessed powerful spiritual experiences that helped them overcome their doubts and gave them the courage to accept this practice."
891,"Se poutèt sa, pa t gen okenn chans pou vòlè yo te fè piyay, e pou yo te jwenn manje, eksepte pou yo vin goumen avèk Nefit yo kareman; Nefit yo te fè yon sèl gwoup, yo te tèlman anpil, yo te gen rezèv pwovizyon, cheval, bèf ak tout kalite bèt pou yo te kapab reziste pou sèt ane; nan tan sa, yo te espere detwi vòlè yo nan peyi a; e se konsa dizuityèm ane a te pase.","Therefore, there was no chance for the robbers to plunder, and to obtain food, save it were to come and fight with the Nephites; and the Nephites were in one body, so numerous that they had provisions, horses, cattle, and all manner of beasts, to last them for seven years; in which time they hoped to destroy the robbers out of the land; and thus the eighteenth year passed away.","Therefore, there was no chance for the thieves to be robbed, and to find food, except to come to battle with the Kareman Nephites; the Nephites were one group, they were so numerous, they had provisions, horses, cattle and all kinds of livestock that they could withstand for seven years; in that time, they were expected to destroy the thieves in the land; and so the eighth year passed."
892,"Eta Corporation ""Roskosmos"" Komisyon an te idantifye yon plan nan machinn nan machin espas (KA) anba Pwogram la Espas Federal (FCP), pwogram sib federal (FTP), koperasyon entènasyonal yo ak pwojè komèsyal nan mwa janvye - Mas 2018 ane.","The State Corporation ""Roskosmos"" Commission has identified a plan for the launch of space vehicles (KA) under the Federal Space Program (FCP), federal target programs (FTP), international cooperation and commercial projects in January - March 2018.","The State Corporation ""Roskosmos"" Commission identified a plan of machining of spacecraft (KA) under the Federal Space Program (FCP), federal target program (FTP), international cooperation and commercial projects in January - March 2018 year."
893,"Lojisyèl an pwoteje yon aparèy kont viris yo ak modil move, netwaye sistèm nan, jere aplikasyon yo, epi sove enèji nan batri.","The software protects a device from viruses and malicious modules, cleans the system, manages applications, and saves battery power.","The software to protect a device against viruses and move modules, clean the system, manage applications, and save energy in battery."
894,"FIFA World Cup 2018 Orè nan Malezi Tan, Live info chanèl televizyon","FIFA World Cup 2018 Schedule in Malaysia Time, Live TV Channel Info","FIFA World Cup 2018 Timetable in Malaysia Time, Live info TV channels"
895,Nou rekonèt prezans Otorite Jeneral yo ak Ofisye Jeneral Legliz yo ki prezan la a maten an.,We acknowledge the presence of the General Authorities and General Officers of the Church who are present here this morning.,We acknowledge the presence of the General Authorities and General Church Officers who are present here this morning.
896,"Mwen temwaye ke fidelite nan alyans ak òdonans yo nan levanjil retabli Sovè a ap ba nou kapasite pou nou avanse nan travay Senyè a, pou nou kenbe fèm nan Li kòm Pawòl Bondye, epi pou nou pa pran nan pyèj advèsè a.","testify that faithfulness to the covenants and ordinances of the Savior’s restored gospel will enable us to move forward in the Lord’s work, to hold fast to Him as the Word of God, and to avoid being caught in the snares of the adversary.","I testify that the fidelity to the covenants and ordinances of the Gospel restored the Savior will give us the ability to advance in the work of the Lord, to hold fast to Him as the Word of God, and not to fall into the enemy's trap."
897,Li te di disip li yo pou yo te priye.,He told his disciples to pray.,He told his disciples to pray.
898,Videyo ankadreman to: 30fps,Video frame rate: 30fps,Video frame to: 30fps
899,Poukont opere solè Limyè yo deyò gen yon tan jou mwayèn kouri nan 8-10 èdtan solè ekleraj jaden flè apre chaje konplètman.,Independently operated solar outdoor lights have an average daily run time of 8-10 hours of solar landscape lighting after fully charged.,The independently operated solar outdoor lights have an average running time of 8-10 hours solar landscape lighting after fully charged.
900,"Se poutèt sa, koute, O pèp mwen an, ki fè pati nan kay Izrayèl la, tande pawòl mwen yo; paske pawòl Ezayi yo pa klè pou nou, men yo klè pou tout moun ki ranpli avèk lespri pwofesi a.","Therefore, listen, O my people, who are of the house of Israel, hear my words; for the words of Isaiah are not plain to you, but they are plain to all who are filled with the spirit of prophecy.","Therefore, listen, O my people, who are part of the house of Israel, hear my words; for the words of Isaiah are not clear to you, but they are clear to all who are filled with the spirit of prophecy."
901,Jwèt Halloween Archer sou entènèt,Game Halloween Archer online,Game Halloween Archer online
902,"Montre timoun yon foto Jezikri, epi pataje yon rezon ki fè L pote lajwa pou ou.","Show the children a picture of Jesus Christ, and share one reason why He brings you joy.","Show children a picture of Jesus Christ, and share a reason why He brings joy to you."
903,Yo pral retire papa pou timoun sa yo.,They will remove the father for these children.,They're going to remove the father for these kids.
904,"Men, li disparèt lamenm devan yo.",But he immediately disappeared from before them.,But he disappeared before them.
905,"Yo pwopoze pou nou relve Alan R. Walker kòm Swasanndis Otorite Rejyonal. Moun ki ta renmen eksprime apresyasyon yo pou Frè Walker pou sèvis li , tanpri endike sa.","It is proposed that we release Alan R. Walker as an Area Authority Seventy. Those who would like to express their appreciation for Brother Walker's service, please indicate so.","They propose to reappoint Alan R. Walker as Seventy Regional Authority. Those who would like to express their appreciation for Brother Walker for his service, please indicate this."
906,"Lè Jezikri te anseye kijan nou ta dwe rete tann Dezyèm Vini L lan, Li te di, "" Menmjan sa te fèt nan epòk Noe a, se konsa sa pral ye tou nan aparisyon Pitit Gason Lòm nan"" (Joseph Smith—Matye 1:41).","When Jesus Christ taught how we should look forward to His Second Coming, He said, “As it was in the days of Noah, so shall it be also at the coming of the Son of Man” (Joseph Smith—Matthew 1:41).","When Jesus taught us how we should wait for the Second Coming, He said, As happened in the days of Noah, so will it be in the appearance of the Son of Man (Joseph SmithMatthew 1:41)."
907,Ekriti yo rele plan sa a plan sali.,The scriptures call this plan the plan of salvation.,Scripture calls this a sali plan.
908,"Epi tou, yo te jete yo nan twou bèt sovaj, men, yo te jwe avèk bèt sovaj yo menm jan yon timoun jwe avèk yon ti mouton; e yo te soti nan pami yo san domaj.","And also, they were cast into the dens of wild beasts, but they played with the wild beasts as a child plays with a lamb; and they came out from among them unharmed.","And they were cast into the pit of wild beasts, but they were playing with the wild beasts just as a child plays with a lamb; and they came out of the midst of them without injury."
909,1635 Mikado Spiel Pick leve baton ak Bwat timoun granmoun pale jwèt bwa jwèt,1635 Mikado Spiel Pick up stick and Box children adult talking toy wooden toy,1635 Mikado Spiel Pick up stick with box children adults pale toys wooden toys
910,Lè manm ki te pataje non an retire pataj la epi li enprime li pou itilizasyon pèsonèl.,When the member who shared the name removes the share and prints it for personal use.,"When a member has shared a name, he/she removes the partition and prints it for personal use."
911,"men, nou te soufri, epi tou, nou te chaje ak lakrent, pou se pa t jijman Bondye ki te tonbe sou tè nou pou anvayi nou jouk nan yon destriksyon total.","but we suffered, and also were filled with fear, lest the judgment of God should fall upon our land to overwhelm us unto utter destruction.","But we have suffered, and also we have been burdened with fear, lest God's judgment should come upon our earth to invade us until a total destruction."
912,Epi m te fache tou; paske w te aksepte ofrann li a epi w pa t aksepte pa m nan; pinisyon m nan pi rèd pase sa m kapab sipòte.,And I was angry too; because you accepted his offering and did not accept mine; my punishment is more severe than I can bear.,And I was also angry; because you accepted his offerings and did not accept mine; my punishment was more severe than I can bear.
913,"Apresa, envokasyon an ap fèt pa Eldè Matthew L. Carpenter yon manm nan Swasandis yo.","The invocation will then be given by Elder Matthew L. Carpenter, a member of the Seventy.","Afterwards, the invocation will be made by Eldè Matthew L. Carpenter a member of the Swasandis."
914,"Tranbolon lajman konsidere tankou yonn nan pi estewoyid anabolizan janm kreye. An reyalite, li se senk fwa pi fò pase testostewòn akòz rapò an androjèn nan 500 500 konpare ak sa yo ki an 100 100. Pou kulturist, an patikilye, sa a se yon esteroyid popilè tou senpleman paske ki jan byen vit yo ka pake sou pwogrè nan misk ak fòs. Li tou benefisye moun ki vle boule grès pi vit pase sa yo ta natirèlman.","Trenbolone is widely considered to be one of the most potent anabolic steroids ever created. In fact, it is five times more potent than testosterone due to its androgenic ratio of 500 to 500 compared to 100 to 100. For bodybuilders in particular, this is a popular steroid simply because of how quickly they can pack on muscle and strength gains. It is also beneficial for those who want to burn fat faster than they would naturally.","Trenbolone is widely considered one of the most powerful anabolic steroids ever created. In fact, it is five times stronger than testosterone due to the androgen ratio of 500 to 500 compared to that of 100 to 100. For bodybuilders, in particular, this is a popular steroid simply because of how quickly they can be packed on muscle gains and strength. It also benefits those who want to burn fat faster than they would naturally."
915,Mishit tire nan GK a yo kòmanse jwèt la.,Mishit shoots at the GK to start the game.,Mishit shoots into the GK to start the game.
916,Li te kòmanse gouvène; pèp la te kòmanse pwospere; epi pèp la te vin rich anpil.,He began to rule; the people began to prosper; and the people became very rich.,He began to rule; the people began to prosper; and the people became very rich.
917,"Enpòtan: Nenpòt ki moun ki toujou deprime, deprime oswa menm deprime ta dwe vizite doktè fanmi li.","Important: Anyone who is consistently depressed, down, or even depressed should visit their family doctor.","Important: Anyone who is still depressed, depressed or even depressed should visit their family doctor."
918,"Kou sa a mentored deja pran plas, men ou toujou jwenn kontni an Kominikasyon isit la...","This mentored course has already taken place, but you can still find the Communication content here...","This mentored course has already taken place, but you still find the Communication content here..."
919,Vin Tounen Disip Jezikri pou Lavi,Become a Disciple of Jesus Christ for Life,Wine Return to Disciple of Jesus Christ for Life
920,Egzèsis dribbling ki enkòpore kondisyone varye degre kòm vle. Amelyore dribbling ...,Dribbling exercises that incorporate conditioning to varying degrees as desired. Improve dribbling...,Dribbling exercise that incorporates conditioning to varying degrees as desired. Improve dribbling ...
921,Online jwèt Kwit manje pitza italiens. Jwe sou entènèt jwèt gratis Kwit manje pitza italiens. Download jwèt Kwit manje pitza italiens. Jwèt Ti fi - ht.kot-i-pios.com,Online game Cooking Italian Pizza. Play online free game Cooking Italian Pizza. Download game Cooking Italian Pizza. Games Girls - en.kot-i-pios.com,Online game Cook now pizza Italians. Play online free game Cook now pizza Italians. Download game Cook now pizza Italians. Games Girls - en.kot-i-pios.com
922,Jwèt Kung Fu Panda 2 - Crazy Driver sou entènèt,Game Kung Fu Panda 2 - Crazy Driver online,Game Kung Fu Panda 2 - Crazy Driver online
923,"Laura Poli Jan 21, 2020 5","Laura Poli Jan 21, 2020 5","Laura Poli Jan 21, 2020 5"
924,Pa kè-5 – www.songaah.com,By heart-5 – www.songaah.com,Pa kè-5  www.songaah.com
925,"Epi ankò, m di nou, pou sèvitè m nan Edward Partridge rete nan ofis m te nonmen l la. Epi se pral konsa, si l transgrese, yon lòt moun pral nonmen nan plas li. Se konsa sa ye. Amèn.","And again, I say unto you, let my servant Edward Partridge stand in the office to which I have appointed him. And it shall come to pass, if he transgresses, another shall be appointed in his stead. So be it. Amen.","And again, I say to you, for my servant in Edward Partridge to remain in the office I appointed him. And so it will be, if I transgress, someone else will be appointed in his place. So it is. Amen."
926,Ki istwa ou ta ka pataje sou youn nan zansèt ou yo?,What story could you share about one of your ancestors?,What story would you share about one of your ancestors?
927,ak Soudan - Larivyè Nil River Valley transpò Corporation opere yon Ferry chak semèn ant Aswan (peyi Lejip) ak ravin Halfa (Soudan). Li plis sou peyi Lejip la Ferry a Soudan,and Sudan - The Nile River Valley Transport Corporation operates a weekly ferry between Aswan (Egypt) and Halfa Gorge (Sudan). Read more about the Egypt to Sudan Ferry,and Sudan - Nile River Valley Transport Corporation operates a weekly ferry between Aswan (Egypt) and Halfa (Sudan). Read more about Egypt's ferry to Sudan
928,"Lachin 904L en fe Fabricants, ke founisè ak faktori - pwodwi - Beall endistri gwoup co, limite anpil","China 904L Stainless Steel Manufacturers, Suppliers and Factory - Products - Beall Industry Group Co., Limited",904L Stainless Steel Manufacturers and Suppliers - Price - Beall Industry Group
929,"Selon rapò a, ki kantite lòd nan ""Yon Belt Ak Yon Road"" peyi patnè konstriksyon lè l sèvi avèk kwa-fontyè konsomasyon E-commerce nan JD nan 2018 se 5.2 fwa ke nan 2016. Anplis de sa nan a ...","According to the report, the number of orders in ""One Belt And One Road"" construction partner countries using cross-border e-commerce consumption on JD in 2018 is 5.2 times that of 2016. In addition to the...","According to the report, the number of orders in One Belt And One Road construction partner countries using cross-border e-commerce consumption in JD in 2018 was 5.2 times that of 2016. In addition to the..."
930,Jwèt kategori kabin.,Game category cabin.,Game category cabin.
931,"Senpleman itilize yon sit entènèt ki pral jenere pi bon 9 kolaj la pou ou, oswa telechaje yon app fè li sou smartphone ou. Si ou te itilize Instagram ane pase a, ou gen plis chans deja wè kèk kont pataje nan fen ane a pi bon nèf foto yo nan ane a, ak yon konte nan nimewo yo nan posts sou ane a e menm sòm total la nan renmen pou la ane, swa nan 2017, oswa petèt nan 2016....","Simply use a website that will generate the best 9 collage for you, or download an app to do it on your smartphone. If you've used Instagram in the past year, you've most likely already seen some accounts share at the end of the year their best nine photos of the year, with a count of the number of posts over the year and even the total amount of likes for the year, either in 2017, or maybe in 2016....","Simply use a website that will generate the best 9 collages for you, or download an app to do it on your smartphone. If you have used Instagram last year, you are likely to have already seen some accounts shared at the end of the year the best nine photos of the year, with a count of the number of posts on the year and the same number of likes for the year, either in 2017, or perhaps in 2016...."
932,"Kounyeya, ou gen aksè nan FamilySearch ansanm avèk lòt pwodui ak sèvis Legliz SDJ yo ofri yo.",You now have access to FamilySearch along with other products and services offered by the LDS Church.,"Now, you have access to FamilySearch along with other SDJ Church products and services offered."
933,"Dekwa pou achte osinon an gwo entèferans pa chè wifi, jammers telefòn selilè, Kòdone mwayen pou detekte koupi, blòk wifi siyal, wifi scrambler nan Shengda Shiji co, Ltd, ki se yonn nan pi popilè wifi founisè entèferans nan peyi Lachin.","Welcome to buy or wholesale cheap wifi jammers, cell phone jammers, GPS jammers, wifi signal blockers, wifi scramblers from Shengda Shiji Co., Ltd, which is one of the most famous wifi jammers suppliers in China.","Welcome to buy or wholesale cheap wifi interference, cell phone jammers, medium barcode to detect bugs, wifi signal block, wifi scrambler from Shengda Shiji Co.,Ltd, which is one of the famous wifi interference providers in China."
934,Gratis University of Bèlen,Free University of Berlin,Free University of Berlin
935,Jan 8:29; italik ajoute.,John 8:29; italics added.,John 8:29; italics add.
936,NCS Vag 1 NCS Vag 1,NCS Wave 1 NCS Wave 1,NCS Wave 1 NCS Wave 1
937,Inivèsite Maharishi Entènasyonal (ansyen Maharishi University of Management) te fonde nan 1971 epi li se akredite pa la Pi wo Komisyon Aprantisaj.,Maharishi International University (formerly Maharishi University of Management) was founded in 1971 and is accredited by the Higher Learning Commission.,Maharishi International University (formerly Maharishi University of Management) was founded in 1971 and is accredited by the Higher Learning Commission.
938,Èske w ap egzije pou pri sa a peye de fwa?,Are you demanding that this price be paid twice?,Will you have to pay this price twice?
939,anprer nan ras Madagascar Pou Zoo gode a,next in the Madagascar race for the Zoo Cup,The Penguins of Madagascar Race For The Zoo Gods Glory
940,"Souvan, ""temwayaj senp"" (Alma 4:19) yon timoun ka gen yon enfliyans pwofon sou lòt yo.","Often, a child's ""simple testimony"" (Alma 4:19) can have a profound influence on others.","Often, ""simple testimony"" (Alma 4:19) a child may have a profound influence on others."
941,Mande timoun yo pou yo chèche Jezikri nan foto a.,Ask the children to look for Jesus Christ in the picture.,Ask the children to look for Jesus Christ in the picture.
942,Esenler Erokspor 12 distri,Esenler Erokspor 12 districts,Esenler Erokspor 12 district
943,"Souvan nou konsakre pi bon efò nou nan yon pastan, yon espò, nan enterè pwofesyonèl, ak pwoblèm kominote oswa politik. Tout bagay sa yo ka bon ak onorab, men, èske yop kite tan ak enèji pou sa ki ta dwe priyorite absoli nou yo?","We often devote our best efforts to a hobby, a sport, professional interests, and community or political issues. All of these may be good and honorable, but are they leaving time and energy for what should be our absolute priorities?","Often we devote our best efforts to a pastor, a sport, to professional interests, and to community or political issues. All these things can be good and honorable, but does yoap spare time and energy for what should be our absolute priority?"
944,Jounal Bureau kalandriye,Desk calendar,The Calendar Desk
945,"Pou fè demand yon kopi, tanpri rele Biwo Prezidan an nan 801-240-2101.","To request a copy, please call the Office of the President at 801-240-2101.","To request a copy, please call the President's Office at 801-240-2101."
946,"Nandrolon piki decanoate se fèt pou piki gwo twou san fon pafen sèlman, nan misk la gluteal de preferans. Dosaj yo ta dwe baze sou repons ki ka geri ou ak konsiderasyon de benefis nan rapò risk. Duration nan terapi pral depann de repons lan nan kondisyon an ak aparans nan reyaksyon negatif. Si posib, terapi yo ta dwe tanzantan. Nandrolon decanoate yo ta dwe konsidere kòm terapi adjunctive ak kantite adekwa nan eleman nitritif yo ta dwe boule yo nan lòd yo jwenn efè maksimòm ki ka geri. Pou egzanp, lè li itilize nan tretman an anemi refractory, konsomasyon fè adekwa ki nesesè pou yon repons maksimòm.","Nandrolone decanoate injection is intended for deep subcutaneous injection only, preferably into the gluteal muscle. Dosage should be based on therapeutic response with consideration of the benefit to risk ratio. Duration of therapy will depend on the response to the condition and the appearance of adverse reactions. If possible, therapy should be intermittent. Nandrolone decanoate should be considered adjunctive therapy and adequate amounts of nutrients should be consumed in order to obtain maximum therapeutic effect. For example, when used in the treatment of refractory anemia, adequate iron intake is necessary for a maximum response.","Nandrolone decanoate injection is designed for deep perfume injection only, in the gluteal muscle of preference. Dosage should be based on the therapeutic response and consideration of benefits to the risk ratio. Duration of therapy will depend on the response to the condition and the appearance of adverse reactions. If possible, therapy should be intermittent. Nandrolone decanoate should be considered as adjunctive therapy and adequate amounts of nutrients should be consumed in order to obtain maximum therapeutic effect. For example"
947,"Pataje sa w santi avèk Li, epi koute enpresyon L ap ba ou yo.","Share your feelings with Him, and listen to the impressions He gives you.","Share your feelings with Li, and listen to the impression He will give you."
948,Non Legliz la North Warren legliz Kris la,The name of the Church is North Warren Church of Christ,Non Church la North Warren church of Christ
949,"Vladimir di Septanm 11, 2012 nan 8:37 sou Ofer, Gen!","Vladimir says September 11, 2012 at 8:37 am on Ofer, Gen!","Vladimir di Septanm 11, 2012 nan 8:37 sou Ofer, Gen!"
950,Ki pyès rad ki kapab lave ansanm pandan operasyon kouran yo?,What items of clothing can be washed together during current operations?,What clothing can be washed together during current operations?
951,4. Long lavi epi yo dwe kapab gonfle plis pase 100 kawotchou PC kontinyèlman,4. Long life and be able to inflate more than 100 pcs tires continuously,4. Long life and be able to inflate more than 100 PC tires continuously
952,"1. Machin nan se lajman aplikab pou koupe nan materyèl nonmetal nan divès endistri pa kouto mouri. Pou egzanp kwi, kawoutchou, plastik, anbalaj plastik, tekstil ak fib chimik elatriye.","1. The machine is widely applicable to cutting of nonmetal materials in various industries by die cutter. For example leather, rubber, plastic, plastic packaging, textile and chemical fiber etc.","1. The machine is widely applicable for cutting of nonmetal materials in various industries by die cutter. For example leather, rubber, plastic, plastic packaging, textiles and chemical fibers etc."
953,Lè sa a m ap fè bagay ki fèb yo vin fò pou yo (Etè 12:27).,Then will I make weak things become strong unto them (Ether 12:27).,Then I will make the weak things strong for them (Eph 12:27).
954,"Vètman – nou ka ajoute vètman rad seremoni yo nan envantè tanp la si kondisyon yo konfòm avèk prensip tanp lan epi tou si yo koresponn avèk envantè aktyèl la, otreman li ta dwe detwi.","Clothing – ceremonial clothing may be added to the temple inventory if its condition is in accordance with temple standards and also if it matches the current inventory, otherwise it should be destroyed.","Apparel  we can add ceremonial apparel to the temple inventory if the requirements comply with the temple principle and also if they correspond to the actual inventory, otherwise it should be destroyed."
955,Klike la a (pdf) li yon ekstrè gwo nan liv la pou gratis.,Click here (pdf) to read a large excerpt from the book for free.,Click here (pdf) to read a great excerpt from the book for free.
956,"Èske ou ale nan wholesale ak achte bon mache ak dernye mono solè panèl ak-wo kalite ki soti nan yon pwofesyonèl monokristinal selil solè silikon, panno solè monokristin silikon, monokristalin Silisyòm pv panno konpayi ak faktori? Sunnysam Teknoloji se youn nan dirijan manifaktirè sa yo ak founisè nan Lachin.","Are you going to wholesale and buy cheap and newest mono solar panel with high-quality from a professional monocrystalline silicon solar cell, monocrystalline silicon solar panels, monocrystalline silicon pv panels company and factory? Sunnysam Technology is one of the leading such manufacturers and suppliers in China.","Are you going to wholesale and buy cheap and newest mono solar panel with high-quality from a professional monocrystalline solar silicone cells, monocrystalline silicone solar panels, monocrystalline silicon pv panels company and factory? Sunnysam Technology is one of the leading such manufacturers and suppliers in China."
957,8. Klike sou la OK bouton nan pwochen an Microsoft Word bwat dyalòg fini fini an epi ranplase.,8. Click the OK button in the next Microsoft Word dialog box to finish the completion and replace.,8. Click the OK button in the next Microsoft Word dialog box to finish the finish and replace it.
958,"Depi nan epòk zansèt ou yo, ou te abandone òdonans mwen yo, e nou pa t kenbe yo. Senyè tout Lame yo di, retounen vin jwenn mwen, e m ap retounen vin jwenn nou. Men, nou di: kòman pou nou fè retounen an?","From the days of your fathers you have forsaken my ordinances, and have not kept them. Return to me, says the Lord of hosts, and I will return to you. But you say, How shall we return?","Since the days of your forefathers, you have forsaken my ordinances, and you have not kept them. The Lord of hosts says, Return to me, and I will return to you. But you say, how do we return?"
959,Ede yo planifye kisa yo pral fè pou moun yo panse a.,Help them plan what they will do for the person they are thinking of.,Help them plan what they will do for the people they think of.
960,Dècorations pale maryaj (7),Wedding decoration (7),Vintage Wedding Decorations (7)
961,"3 Ba pouvwa konsomasyon, segondè efikasite, tranpaj ak tranpaj yo, pou redui enfliyans nan Vibration motè sou ponp lan ak enpak la sou motè a lè ponp cavitation Vibration an","3 Low power consumption, high efficiency, damping and damping, to reduce the influence of motor vibration on the pump and the impact on the motor when the pump cavitation vibration","3 Low power consumption, high efficiency, damping and damping, to reduce the influence of motor vibration on the pump and the impact on the motor air cavitation of the vibration pump"
962,8. 124 desen san Patipri a (Disparèt: 15-20yèm),8. 124 drawings without the Fair (Disappeared: 15-20th),8. 124 drawings of the fair (Disparate: 15-20th)
963,"Prensipal pwodwi optik nou yo se tout kalite esferik ak sa ki pa lantiy esferik, VR 3D lantiy, ki ap dirije lantiy, transparan pwodwi Acrylic ( travay atizay, nan kay la ak otèl founiti, papye, atik nan itilize chak jou, elatriye ) , HUD pwojeksyon lantiy, kas sekirite par, espò lantiy (Ski lunèt Lens, Natasyon lantiy, Bisiklèt kous lantiy), Linèt solèy lantiy, Endistriyèl pwoteksyon lantiy, Divès lantiy sifas koube espesyal ki gen fòm, plastik pwodwi, ak mwazi.","Our main optical products are all kinds of spherical and non-spherical lenses, VR 3D lenses, LED lenses, transparent acrylic products (artwork, household and hotel supplies, stationery, daily use items, etc.), HUD projection lenses, safety helmet lenses, sports lenses (Ski goggles lenses, Swimming lenses, Bicycle racing lenses), Sunglasses lenses, Industrial protective lenses, Various special-shaped curved surface lenses, plastic products, and molds.","Our main optical products are all kinds of spherical and non-spherical lenses, VR 3D lenses, LED lenses, transparent acrylic products (art work, household and hotel supplies, stationery, items of daily use, etc.), HUD projection lenses, safety casing, sports lenses (Sky glasses Lenses, Swimming lenses, Bicycle racing lenses), Sunglasses, Industrial protection lenses, Various special curved surface lenses."
964,"Pou desizyon ki afekte letènite yo, li esansyèl pou nou gen yon pèspektiv Levanjil la.","For decisions that affect eternity, it is essential to have a Gospel perspective.","For decisions affecting eternity, it is essential that we have a gospel perspective."
965,Pwochen: Molybdenum Alloy Plak ak Dra,Next: Molybdenum Alloy Plate and Sheet,Next: Molybdenum Alloy Plate and Sheets
966,"Apre sa dirije yon diskisyon sou travay sali ak egzaltasyon an avèk youn oubyen plis nan kesyon sa yo oubyen pwòp kesyon pa w gade Manyèl Jeneral,, 10.2, 11.2ChurchofJesusChrist.org","Then lead a discussion about the work of salvation and exaltation using one or more of these questions or your own questions. See the General Handbook, 10.2, 11.2ChurchofJesusChrist.org.","And then conduct a discussion about the work of the sanctuary and the exaltation with one or more of these questions or your own questions by viewing the General Manual., 10.2, 11.2ChurchofJesusChrist.org"
967,Nivo vitès WIFI,WIFI speed level,WIFI Speed Level
968,"Papa a gen yon kò chè ak zo moun ka touche menm jan avèk pa lòm nan; Pitit Gason an tou; men, Sentespri a pa gen yon kò chè ak zo, sepandan li se yon pèsonaj lespri.","The Father has a body of flesh and bones that can be touched like man's; the Son also; but the Holy Ghost does not have a body of flesh and bones, but is a personage of spirit.","The Father has a flesh and human rights just as the Son; the Son also; but the Holy Spirit does not have a flesh and human rights, yet he is a spirit character."
969,"Kòm yon timoun-yuitan, m te fè erè pou m asime ke dlo batèm nan lave peche.","As an eight-year-old child, I made the mistake of assuming that the waters of baptism washed away sins.","As a child-yuitan, I made the mistake of assuming that water baptism washes away sins."
970,"Prezidans klas ak prezidans kowòm yo, chita ansanm epi diskite sou fason pou nou pi byen òganize aktivite konbine sa yo.","Class presidencies and quorum presidencies, sit together and discuss how we can best organize these combined activities.","Class presidents and cohort presidents, sit together and discuss how we can better organize these combined activities."
971,Maladi Coronavirus 2019 (COVID-19) – Kisa w bezwen konnen,Coronavirus Disease 2019 (COVID-19) – What you need to know,Coronavirus Disease 2019 (COVID-19)  What do you need to know
972,Mechan nan Kim,The villain in Kim,Kim Jong-uns Mechanism
973,Sao Paulo monoray,Sao Paulo monorail,Sao Paulo Monorail
974,"3 m (10 pi) auto, 5 m (15 pi) non auto","3 m (10 pi) auto, 5 m (15 pi) non auto","3 m (10 ft) auto, 5 m (15 ft) non auto"
975,"Pake sa a konprann de modèl nan DHC-6 Twin Otter a, yon vèsyon nen kout sou ski ak yon vèsyon nen long sou kawotchou toundra. panèl Custom ak VC enkli ak plen dosye son DHC-6. Nouvo vòl dinamik bay reyalis ak bèl pèfòmans ak manyen.","This package includes two models of the DHC-6 Twin Otter, a short nose version on skis and a long nose version on tundra tires. Custom panel and VC included with full DHC-6 sound files. New flight dynamics provide realism and beautiful performance and handling.","This package comprises two models of the DHC-6 Twin Otter, a shortened version on skis and a longer version on toundra tires. Custom panel and VC included with full sound file DHC-6. New flight dynamics provide realistic and beautiful performance and handling."
976,Pawòl Bondye a mennen m al jwenn Sovè a epi l ede m santi amou li.,The word of God leads me to the Savior and helps me feel His love.,The Word of God led me to the Savior and helped me to feel his love.
977,"Mwen te chita tou dousman avèk santiman an, ke mwen te vin konprann kòm yon manifestasyon lanmou Bondye pou mwen.","I sat quietly with the feeling, which I came to understand as a manifestation of God's love for me.",I sat down quietly with the feeling that I had come to understand as an expression of God's love for me.
978,Doktrin ak Alyans 63,Doctrine and Covenants 63,Doctrine and Covenants 63
979,Pwojè kabòn ble ki egziste deja ofri leson yo aprann ak egzanp meyè pratik: ref,Existing blue carbon projects offer lessons learned and examples of best practices: ref,Existing carbon wheat projects offer lessons learned and best practice examples: ref
980,Modpas sa a dwe gen mwens pase 128 karaktè.,This password must be less than 128 characters.,This password must be less than 128 characters.
981,Sèks Gap nan Gaming - Pataje Fi a nan la s ...,Gender Gap in Gaming - The Female Share in the S...,Sex Gap in Gaming  Share the Fi in the s...
982,gwosè sak papye: 65cm 45cm 10cm,paper bag size: 65cm 45cm 10cm,Paper bag size: 65cm 45cm 10cm
983,"Se pou l asiste sèvitè m nan, Joseph, epi tou se pou sèvitè m nan, William Law ede sèvitè m nan, Joseph, pou l fè yon pwoklamasyon solanèl devan wa yo ki sou tè a, menm jan m te di ou anvan an.","Let him assist my servant Joseph, and also let my servant William Law assist my servant Joseph, in making a solemn proclamation before the kings of the earth, as I have told you before.","Let me assist my servant, Joseph, and also let my servant, William Law help my servant, Joseph, to make a solemn proclamation before the kings of the earth, as I have told you before."
984,"Administrasyon lajan ki pou detèmine Kisa ki jan revni va sans pou dèpensè pou fè travay la te akonpli, ak frè sa yo an palan de kontab.","The administration of funds to determine how much income will be appropriate for the spender to get the work done, and these fees are in the hands of accountants.","Management of Money-Determining how income will go undetected for the expender to get the job accomplished, and these fees as accounting."
985,"Gwo bèt pre-istorik lakòz jodi a, pi plis ak plis enterè yo. E te parèt jwèt sou entènèt sou dinozò. Jwe jwèt sou dinozò, ou pral aprann anpil bagay sou konpòtman an, epi abitid nan bèt sa yo ekstraòdinè. Ak nan lòd yo rive jwenn liy lan fini w ap gen obligasyon maksimòm konsantrasyon ak reprann.","Large prehistoric animals cause today, more and more interest. And appeared online games about dinosaurs. Playing games about dinosaurs, you will learn a lot about the behavior, and habits of these extraordinary animals. And in order to reach the finish line you will be required maximum concentration and recovery.","Great prehistoric creatures cause today more and more interest. And appeared online games about dinosaurs. Playing games about dinosaurs, you will learn a lot about the behaviour and habits of these extraordinary creatures. And in order to reach the finish line you will have to be maximum concentration and restart."
986,"Atik, revizyon, konsèy","Articles, reviews, tips","Articles, reviews, tips"
987,Hydro-komisyon di ke: dyèt naje 15pcs,Hydro-commission says: 15pcs swim jets,Hydro-commissioning: 15pcs snack food
988,"Epi tout moun ki ta kwè nan Pitit Gason an e ki ta repanti nan peche yo, t ap sove; epi tout moun ki pa ta kwè epi ki pa ta repanti, t ap kondane; epi pawòl yo te soti nan bouch Bondye pou ale kòm yon dekrè ki fèm; se sa ki fè, yo dwe akonpli.","And whosoever would believe in the Son and repent of their sins, would be saved; and whosoever would not believe and repent, would be damned; and the words went forth from the mouth of God as a firm decree; wherefore, they must be fulfilled.","And everyone who would believe in the Son of Man and repent of their sins, would be saved; and everyone who would not believe and would not repent, would not be condemned; and the word that went forth from the mouth of God would go forth as a sure decree; so it must be accomplished."
989,pake a ak kanal la 'Auto Plus' Mwen te ale nan 12653V,the package with the 'Auto Plus' channel I went to 12653V,The package with the channel 'Auto Plus' I went to 12653V
990,"Deskripsyon nan jwèt la Sirèn nan Little liy. Kouman yo jwe jwèt la sou entènèt Trè bèl ak kolore devinèt jwèt, ki pentire yon sirèn ak zanmi ti kras li - yon pwason. Jwèt la se trè tankou yon timoun ki renmen desen ki pi ba a ak sa yo karaktè. Jwèt la tou te gen pezeul kote ou kapab jwenn diferans ki genyen nan foto w pèdi idantik, epi pou li touche pwen.","Description of the game The Little Mermaid line. How to play the game online Very beautiful and colorful puzzle game, which depicts a mermaid and her little friend - a fish. The game is very like a child who loves the cartoon and these characters. The game also has puzzles where you can find the differences in seemingly identical pictures, and for it earn points.","Description of the game The Little Mermaid line. How to play the online game Very nice and colorful puzzle game, which depicts a mermaid with her little friend - a fish. The game is very much like a child who loves the cartoon and the following characters. The game also has puzzles where you can find the differences in the picture and lose your identity, and earn points."
991,Ou te santi ke Sovè a te prèske rive nan plas kote w te kanpe a.,You felt that the Savior was almost at the place where you were standing.,You felt that the Savior had almost arrived at the place where you stood.
992,Apresa li te aple kòm prezidan kowòm ansyen an.,He was then called as president of the elders quorum.,Subsequently he was named as chairman of the former choir.
993,"Gade, se lajwa pèsonn pa resevwa, si se pa moun ki repanti e k ap chèche bonè ak imilite.","Behold, it is a joy that no one receives, except those who repent and seek happiness and humility.","Behold, there is no one receiving joy, except those who repent and seek happiness and humility."
994,Doktrin ak Alyans 133:20–33.,Doctrine and Covenants 133:20–33.,Doctrine and Covenants 133:2033.
995,"Lè yon jènfi antre nan pwogram Jènfi yo, yo ba li yon pandantif logo a epi yo ankouraje li pou l mete l kòm yon rapèl angajman li pou ""defann laverite ak lajistis,"" ki se deviz Jènfi yo.","When a young woman enters the Young Women program, she is given a logo pendant and encouraged to wear it as a reminder of her commitment to ""stand for truth and justice,"" which is the Young Women motto.","When a youngster enters the program, a logo sticker is given to him and he is encouraged to wear it as a reminder of his commitment to ""defend truth and justice,"" which is the motto of the youngster."
996,Kreye achiv yo multivolume,Create multivolume archives,Create multivolume files
997,Evalye jwèt sa a: JWE: 3956,Rate this game: PLAYED: 3956,Rate this game: Played: 3956
998,"Envite yon timoun pou l vini pare pou l pataje istwa Twa Temwen yo (gade ""Chapit 7: Temwen Yo wè Plak Lò yo"" [Istwa Doktrin ak Alyans, 31–33], oubyen videyo ki koresponn nan nan ChurchofJesusChrist.org).","Invite a child to come prepared to share the story of the Three Witnesses (see “Chapter 7: The Witnesses See the Gold Plates” [Doctrine and Covenants Story, 31–33], or the corresponding video on ChurchofJesusChrist.org).","Invite a child to come ready to share the story of the three witnesses (see ""Chapter 7: The witnesses saw their gold plates"" [The History of Doctrine and Covenants, 3133], or the corresponding video at ChurchofJesusChrist.org)."
999,2009 IRI. Tout dwa rezève. Enprime nan Etazini Damerik. Apwobasyon anglè: 609. Apwobasyon tradiksyon: 609. Mia Maid Certificate. Haitian Creole. 08565 036,2009 IRI. All rights reserved. Printed in the United States of America. English Approval: 609. Translation Approval: 609. Mia Maid Certificate. Haitian Creole. 08565 036,2009 IRI. All rights reserved. Printed in the United States of America. English Approval: 609. Translation Approval: 609. Mia Maid Certificate. English. 08565 036
1000,Envite kèk nan yo pou pataje ide yo avèk tout klas la.,Invite some of them to share their ideas with the whole class.,Invite some of them to share their ideas with the entire class.
1001,"Montre yon fèy dim, epi diskite avèk fanmi ou sou ofrann yo bay Senyè a ak kijan ofrann sa yo ede bati wayòm Bondye a.","Show a tithing slip, and discuss with your family about offerings to the Lord and how these offerings help build the kingdom of God.","Show a dim leaf, and discuss with your family about their offerings to the Lord and how these offerings help build up the kingdom of God."
1002,Montre Enfòmasyon Kontak sou Kat Non Familyal yo,Show Contact Information on Family Name Cards,Show Contact Information on their Non-Family Card
1003,"Ningbo Zhenhai Finotek machin co, Ltd se youn nan yo kap dirije peyi Lachin pòch bal vann collecteur manifaktirè yo ak Founisè ki nan la chin, akeyi acheter, ni an gwo personnalisès en pòch bal vav manifolds faktori nou.","Ningbo Zhenhai Finotek Machinery Co., Ltd is one of the leading China cartridge valve manifold manufacturers and suppliers in China, welcome to buy or wholesale customized cartridge valve manifolds from our factory.","Ningbo Zhenhai Finotek Machinery Co.,Ltd is one of the leading China cartridge valve manifolds manufacturers and suppliers in China, welcome to buy or wholesale customized cartridge valve manifolds from our factory."
1004,UCOSHIER Rejenab Netwayaj Siye disposable Netwayaj t...,UCOSHIER Regenerable Cleaning Wipes Disposable Cleaning T...,UCOSHIER Reusable Cleaning Wipe disposable Cleaning t...
1005,prefabrike kay Pou vann,Prefabricated houses for sale,Prefabricated houses Pou vann
1006,"Se konsa genyen tou sa pompes ion nan kalsyòm sa yo tou sous-ensembles de ATPases, ki yo ap tankou Sodyòm a Potasyòm pompes.","So there are also these calcium ion pumps that are also subsets of ATPases, which are like sodium to potassium pumps.","So all the calcium ion pumps are also sub-sets of ATPases, which are like sodium to potassium pumps."
1007,"Antanke enstriktè, li enpòtan pou w reflechi sou fason w ka ogmante kapasite w pou ede timoun yo bati lafwa yo nan Pè Selès la ak nan Jezikri.","As a teacher, it is important to think about how you can increase your ability to help children build their faith in Heavenly Father and Jesus Christ.","As an instructor, it is important to think about how you can increase your ability to help the children build their faith in the Father and in Jesus Christ."
1008,"If you need more money in Robocraft , oswa si ou vle chanje nivo oswa ajoute lòt karakteristik awizom nou gen bon nouvèl pou ou. Ekip nou an devlope Robocraft Hack astus .","If you need more money in Robocraft, or if you want to change levels or add other awesome features we have good news for you. Our team has developed Robocraft Hack Cheats.","If you need more money in Robocraft , or if you want to change levels or add other awesome features we have good news for you. Our team develops Robocraft Hack Cheats ."
1009,Ki benediksyon nou resevwa lè nou kenbe kòmandman yo?,What blessings do we receive when we keep the commandments?,What blessings do we receive when we keep the commandments?
1010,"Nan ane anvan yo, yo te difisil li yo, fleksib bwa yo itilize pou sèrkl barik e li te anpil yon pyonye kabin ekipe ak planche dirab bwa Hackberry. Te pyebwa nan premye kiltive nan 1636.","In earlier years, its hard, flexible wood was used for barrel hoops and many pioneer cabins were equipped with durable Hackberry wood flooring. The tree was first cultivated in 1636.","In previous years, its hard, resilient wood had been used for barrel circles and was largely a pioneer cabin equipped with durable hackberry wood flooring. The tree was first cultivated in 1636."
1011,"Pwolonje pou 970 kilomèt kare atravè ti mòn yo Majestic nan sidès Rwanda, Nyungwe National Park se blòk la pi gwo nan forè montayeu nan East oswa Afrik santral, ak youn nan ansyen ki pi, date tounen nan anvan Laj la glas dènye.","Stretching for 970 square kilometers across the majestic hills of southeastern Rwanda, Nyungwe National Park is the largest block of montane forest in East or Central Africa, and one of the most ancient, dating back to before the last Ice Age.","Stretching for 970 square kilometres across the majestic hills in southeastern Rwanda, Nyungwe National Park is the largest block of mountainous forests in East or central Africa, and one of the oldest, dating back to before the last Ice Age."
1012,Alma te di ke se Senyè a ki t ap deside si Koriyò te dwe pale ankò.,Alma said that the Lord would decide whether Korihor should speak again.,Alma said that it was the Lord who would decide whether Korio would be silent again.
1013,"Chè frè m ak sè m yo, pandan yon egzèsis pou tès strès pou kè, kantite travay kè a ogmante.","My dear brothers and sisters, during a cardiac stress test, the workload of the heart increases.","Dear brothers and sisters, during a stress test drill for the heart, the heart's work rate increases."
1014,"""Pawòl Sajès la,"" Ankre nan Lafwa Misyonè yo oswa yon manm Legliz la ka ede ou jwenn yon kopi liv sa a.","The Word of Wisdom, Anchored in the Faith Missionaries, or a member of the Church can help you obtain a copy of this book.","The ""Word of Wisdom"","" The Faith Missionaries or a member of the Church can help you find a copy of this book."
1015,Mowoni mande Paoran pou l ranfòse twoup Elaman yo—Lamanit yo pran vil Nefiya a—Mowoni fache kont gouvènman an.,Moroni asks Pahoran to strengthen the Helamanite troops—The Lamanites capture the city of Nephihah—Moroni is angry with the government.,Mowoni asked Paoran to strengthen the troops of ElamaniteLamanite to take NephijahMowoni angered against the government.
1016,Gouvènè Ayhan te vizite estasyon tren vitès Sivas Ankara; Sivas Gouvènè Salih yo nan lòd yo egzaminen aktivite yo kontinyèl ak planifye nan tout Sivas ak bay sèvis piblik nan pi bon fason pou benefis sitwayen yo. [Plis ...],Governor Ayhan visited the Sivas Ankara High Speed Train Station; Sivas Governor Salih in order to examine the ongoing and planned activities throughout Sivas and to provide public services in the best way for the benefit of citizens. [More...],Governor Ayhan visited Sivas Ankara High Speed Train Station; Sivas Governor Salih in order to examine the ongoing and planned activities throughout Sivas and provide public services in the best way for the benefit of citizens. [more...]
1017,Oswa Rele 1-877-614-0623 TTY 711 8am-8pm: 7 Jou Okt-Mas; L-V Avr-Sept,Or Call 1-877-614-0623 TTY 711 8am-8pm: 7 Days Oct-Mar; Mon Apr-Sep,Or Call 1-877-614-0623 TTY 711 8am-8pm: 7 Days Oct-Mar; L-V Avr-Sept
1018,Pwoteje inisyativ biznis lejitim,Protect legitimate business initiatives,Protecting legitimate business initiatives
1019,Rekòmandasyon an Pwogrè yo idantifye manm ki gen rekòmandasyon k ap ret tann apwobasyon yo.,Recommendations in Progress identifies members with recommendations awaiting approval.,The recommendation is in progress to identify members with recommendations pending approval.
1020,"Evidaman, evèk la kenbe kle yo pou travay sali a nan pawas la, men li delege responsablite ak otorite a pou travay sa bay prezidan kowòm ansyen yo yon fason pou evèk la ka pase plis tan avèk fanmi pa li, fòtifye jèn yo, epi sèvi kòm jij nan Izrayèl.","Of course, the bishop holds the keys for the work of salvation in the ward, but he delegates the responsibility and authority for that work to the elders quorum president so that the bishop can spend more time with his own family, strengthen the youth, and serve as a judge in Israel.","Obviously, the bishop holds the keys to the work of the parish hall, but he delegates the responsibility and authority for this work to the former president of the choir so that the bishop can spend more time with his family, strengthen young people, and serve as judge in Israel."
1021,jèn k ap itilize telefòn (smartphone),young people using smartphones,young people using the phone (smartphone)
1022,"Ijans limyè pouvwa pake pou limyè a desann ak Spotlight anba pouvwa pou 3W 3Hours ijans limyè - pwodwi - Shenzhen Dengfeng pouvwa ekipman pou co, Ltd","Emergency Light Power Pack for Downlight and Spotlight Under Power for 3W 3Hours Emergency Light - Products - Shenzhen Dengfeng Power Supply Co., Ltd.","Emergency Light Power Pack For LED Down Light With Spotlight Under Power For 3W 3Hours Emergency Light - Products - Shenzhen Dengfeng Power Supply Co.,Ltd"
1023,"Janvye 2017 Won ""Top Machann a"" ak pi pito ""kalite siperyè Supplier"" pou iBeacon.","January 2017 Won the ""Top Seller"" and preferred ""High Quality Supplier"" for iBeacon.","January 2017 Won the ""Top Vendor"" and the ""Higher Quality Supplier"" for iBeacon."
1024,"Dapre kabinè avoka a, jèl la se yon fòmil propriètaires, ak pwopriyete li yo, ansanm ak bati-an siyal-kondisyone asik la, reyalize 0.008hPa RMS bri presyon.","According to the firm, the gel is a proprietary formula, and its properties, along with the built-in signal-conditioning circuitry, achieve 0.008hPa RMS pressure noise.","According to the firm, the gel is a proprietary formula, and its properties, together with the built-in signal-conditioning asik, achieve 0.008hPa RMS noise pressure."
1025,Konpayi fabrikasyon: Marktech Optoelectronics,Manufacturer: Marktech Optoelectronics,Manufacturers: Marktech Optoelectronics
1026,"Detay emballage: Estanda ekspòtasyon carton, yon sèl ti moso pa carton","Packaging Details: Standard export carton, one piece per carton","Packaging Details: Standard export carton, one piece per carton"
1027,Bondye te ban m libète pou m chwazi,God gave me the freedom to choose.,God gave me the freedom to choose
1028,"Nan reyinyon sa yo, ou ka fè echanj konsèy avèk lòt enstriktè sou nenpòt pwoblèm w ap rankontre.","At these meetings, you can exchange advice with other instructors about any problems you are encountering.","At these meetings, you can exchange tips with other instructors on any problems you encounter."
1029,"Pou plis bagay sou sijè sa a, gade Ansèyman, pa gen pi gwo apèl, paj 50–59.","For more on this topic, see Teaching, No Greater Call, pages 50–59.","For more on this subject, see Teachings, no major appeal, pages 5059."
1030,Penny vant ozanchè asistan Hosting Tèm ak Kondisyon yo,Penny Auction Assistant Hosting Terms and Conditions,Penny Auction Wizard Hosting Terms and Conditions
1031,Pil: 10Ah Li-ion pil,Battery: 10Ah Li-ion battery,Battery: 10Ah Li-ion battery
1032,NJ Lame Nasyonal,NJ National Army,NJ National Lime
1033,15-11-2011 Hits: 14257 Teknik Fini Sirèn pou Darren Pitfield,15-11-2011 Hits: 14257 Siren Finishing Technique for Darren Pitfield,15-11-2011 Hits:14425 Technical Finishing Drills Darren Pitfield
1034,JIS G3444 sanm Steel Kabòn Steel,JIS G3444 Seamless Carbon Steel,JIS G3444 Pure Carbon Steel
1035,ISO21287 Estanda kontra Bouteilles ADN,ISO21287 DNA Bottle Contract Standard,ISO21287 Standard against Bottles of DNA
1036,Ou deja konnen w ap bèl m ',You already know you're beautiful to me.,You already know youre cute to me
1037,"Si w pa gen Grefye Admin Done, klike sou Admin Done (Data Admin).","If you do not have Data Admin Clerk, click on Data Admin.","If you don't have the Data Admin Clerk, click on Data Admin (Data Admin)."
1038,"Konprann gaz kabonik absorption sou fòm cation monovalan nan fleksib zeolit RHO a nan kondisyon ki gen rapò ak kaptire kabòn ki sòti nan kondwi gaz MWA Lozinska, E. Mangano, JPS Mowat, AM Shepherd, RF Howe, SP Thompson, JE Parker, S. Brandani ak PA Wright , J. Am. Chem. Soc. 2012, 134 (42), 17628-17642","Understanding carbon dioxide adsorption as monovalent cations in flexible RHO zeolites under conditions relevant to carbon capture from gas-fired power plants M.A. Lozinska, E. Mangano, J.P.S. Mowat, A.M. Shepherd, R.F. Howe, S.P. Thompson, J.E. Parker, S. Brandani and P.A. Wright, J. Am. Chem. Soc. 2012, 134(42), 17628-17642","Understand carbon dioxide absorption on the form of monovalan cations in RHOs flexible zeolite in terms of carbon capture from gas drives MWA Lozinska, E. Mangano, JPS Mowat, AM Shepherd, RF Howe, SP Thompson, JE Parker, S. Brandani and PA Wright, J. Am. Chem. Soc. 2012, 134 (42), 17628-17642"
1039,R:Byen yo anbake nan ou ka chaje nan Shenzhen oswa Guangzhou.,A:The goods are shipped to you and can be loaded in Shenzhen or Guangzhou.,"A:While they are shipped to you, they can be loaded in Shenzhen or Guangzhou."
1040,Gade Malachi 4:6; Doktrin ak Alyans 2:3.,See Malachi 4:6; Doctrine and Covenants 2:3.,Consider Malachi 4:6; Doctrine and Covenants 2:3.
1041,Ou te konfime moun sa a pa yon match.,You have confirmed this person is not a match.,You confirmed this person by a match.
1042,"Sa se yon bon garanti sigma, sigma kosyon, Lè sa a nou gen Idwojèn sa a nan dèyè, ki tou pwal pou fòme yon bon sigma garanti.","This is a good sigma bond, sigma bond, and then we have this hydrogen at the back, which is also going to form a good sigma bond.","That's a sigma bond, sigma bond, then we have this hydrogen in the back, which is also going to form a sigma bond."
1043,"Misyon, Vizyon, ak valè","Mission, Vision, and Values","Mission, Vision and Values "
1044,16-08-2011 Hits: 25591 Ti gwoup defann - nivo 2 Heinz Fractz,16-08-2011 Hits: 25591 Small group defender - level 2 Heinz Fractz,16-08-2011 Hits:25592 Small Group Defann - Level 2 Heinz Fractz
1045,Retire raje ak tout bagay ki ta ka bloke limyè solèy selès la.,Remove weeds and anything that might block the sunlight.,Remove weeds and anything that might block the sun's rays.
1046,Nou gen dwa poko rive kote nou espere e swete ye nan lefiti a.,We may not have reached where we hope and wish to be in the future.,We may not have reached where we hoped and wished in the past.
1047,"pwodiksyon endistriyèl Lachin nan te grandi 6 pousan nan mwa jen ki sòti nan yon ane pi bonè, ak yon pwedi de 6.5 pousan, moute soti nan 6.8 pousan. Nan mitan yo, asye, siman, ki pa-fèr metal, otomobil, machin ak volim pwosesis brut lwil ak lòt endistri kle tout ralanti desann. Sepandan, asye bit producti ...Li plis","China's industrial output grew 6 percent in June from a year earlier, with a forecast of 6.5 percent, up from 6.8 percent. Among them, steel, cement, non-ferrous metals, automobiles, machinery and crude oil processing volume and other key industries all slowed down. However, crude steel produ...Read more","China's industrial output grew 6 percent in June from a year earlier, with a forecast of 6.5 percent, up from 6.8 percent. Among them, steel, cement, non-ferrous metals, automobiles, machinery and the process volume of crude oil and other key industries all slowed down. However, steel bit produti...Read more"
1048,"Gade, m di li, kòm sèvitè m nan, Martin Harris vle yon temwayaj nan men m, ke oumenm, Sèvitè m nan Joseph Smith, pitit la, te resevwa plak ou temwaye e sètifye ke ou te resevwa nan men m yo;","Behold, I say unto you, as my servant, Martin Harris desires a testimony from me, that you, my servant Joseph Smith, Jun., have received the plates which you testify and certify that you have received from me;","Look, I say it, as my servant, Martin Harris wants a testimony from me, that you, my servant of Joseph Smith, the son, received your testimony plate and certificate that you received from me;"
1049,Sou entènèt jwèt Tetris - jwe pou gratis san yo pa enskripsyon jwèt,Online game Tetris - play for free without registration games,Online game Tetris - play for free without registration
1050,Piscine Global Ewòp 2018,Global Swimming Europe 2018,Piscine Global Europe 2018
1051,"Se poutèt sa nou beni si nou respekte kòmandman m yo, Papa m te kòmande m pou m ba nou yo.","Therefore you are blessed if you keep my commandments, which my Father has commanded me to give you.","Therefore we are blessed if we respect my commands, which my Father commanded me to give to us."
1052,"Kèkfwa lè n ap sèvi, nou gen pou n chita sou chèz diferan.","Sometimes when we serve, we have to sit in different chairs.","Sometimes when we are serving, we have to sit on different chairs."
1053,"Epi nenpòt moun ki kwè nan non m, ki pa doute anyen, m ap konfime tout pawòl mwen yo pou li, jouk nan dènye bout tè a.","And whoever believes in my name, and does not doubt, I will confirm all my words to him, even to the ends of the earth.","And whoever believes in me, doubting nothing, I will confirm all my words to him, even to the ends of the earth."
1054,N ap pwononse non Li pi sensèman.,We will pronounce His name more sincerely.,I'll pronounce it more sincerely.
1055,Manm klas yo ta ka revize Mozya 3:1–20.,Class members could review Mosiah 3:1–20.,Graduates might review Mozya 3:120.
1056,Distans nan degoute,Drip distance,The distance of the dribble
1057,"Ekriti yo ka difisil pou konprann pafwa, sitou pou timoun yo.","Scripture can be difficult to understand sometimes, especially for children.","The scriptures can be difficult to understand at times, especially for children."
1058,Pa fè afear'd (diskou Caliban nan entrigan yo nan tanpèt la Shakespeare la) pou bason ak gita.,Be not afear'd (Caliban's speech to the intriguers in Shakespeare's The Tempest) for bassoon and guitar.,Do not fare afear'd (Caliban's speech to the intrigues of Shakespeare's The Tempest) for bassoon and guitar.
1059,Nou te gen yon bèl fineray ki te onore lavi papa m.,We had a beautiful funeral that honored my father's life.,We had a beautiful funerary that honored my fathers life.
1060,Tim kochon Conrad,Conrad's Pig,Tim Piglet Conrad
1061,"jwe Wargame 1942 ak koòdone li yo se fasilite diferan endèskriptibl ak disponiblite tout enfòmasyon ki enpòtan ki itil, fè yon diferans nan jwèt lòt menm jan an.","Playing Wargame 1942 and its interface is characterized by indescribable ease and the availability of all relevant and useful information, making it stand out from other similar games.","Play Wargame 1942 and its interface is different undetectable facilities and availability of all relevant information that is useful, making a difference in other similar games."
1062,grip sezon lete,summer flu,Summer flu
1063,"wi, epi li te egzòte nou pou nou gen lafwa ak lapasyans—.","yea, and he exhorted us to have faith and patience—.","Yes, and he exhorts us to have faith and patience."
1064,"Finalman n ap vin kapab ""an posesyon tout bon bagay.""","Finally we will be able to ""take possession of every good thing.""","Finalman will come to be ""in possession of all good things."""
1065,"Si wi, ou gen dwa enprime fòm nan nenpòt lè sou yon enprimant.","If so, you may print the form at any time on a printer.","If yes, you may print the form at any time on a printer."
1066,. Gratis jwèt sou entènèt Palisade gadyen legal 2 (),. Free online game Palisade Guardian 2 (),. Free online game Palisade The Guardian 2 ().
1067,Jwèt Romeo sou jwèt la kouri Online,Game Romeo on the Run Online,Game romeo on the run game Online
1068,Jounal Rancor Raid,Rancor Raid Diary,The Rancor Raid
1069,"Paske, sa w voye deyò pral retounen jwenn ou ankò, epi l ap restore;","For what you send out will come back to you again, and it will be restored;","Because what you send out will return to you again, and I will restore;"
1070,"Lè Pè Leyi te resevwa enstriksyon pou l te pran fanmi l e pou l te pati al nan dezè a, omwen yon pati nan rezon an sete ke Jerizalèm t apral detwi.e 1 Nefi 2.","When Father Lehi was instructed to take his family and depart into the wilderness, at least part of the reason was that Jerusalem would be destroyed. 1 Nephi 2.","When Jehoshaphat was instructed to take his family and partake into the wilderness, at least part of the reason that Jerusalem was not going to be destroyed.e 1 Nephi 2."
1071,5 Bwòs Kouto - Zèb Kouto,5 Brush Cutter - Grass Cutter,5 Brush Cutter - Herbs Cutter
1072,Bloons Tower defans,Bloons Tower Defense,Bloons Tower Defenses
1073,Tout moun - Star jwèt,Everyone - Star Game,Everybody - Star Games
1074,Designs yon plan detaye nan kay la,Designs a detailed plan of the house,Designs a detailed plan of the house
1075,"Endikatè 2000VAC, 1 min ant pati ap viv ak tè.","Indicator 2000VAC, 1 min between live parts and ground.","Indicator 2000VAC, 1 min between the live part and the ground."
1076,2 pou pi devan santral atake jwè (Ble).,2 central forward attacking players (Blue).,2 forwards central attacking player (Blue).
1077,Apresa ekri nan paj apre a kat oubyen plis sijè adisyonèl ou pral aprann epi anseye sou yo pandan de pwochen ane yo (gade paj 68).,Then write on the next page four or more additional topics you will learn and teach about over the next two years (see page 68).,Then write down the page after the four or more additional topics you will learn and teach on over the next two years (see page 68).
1078,Jwèt Sal pou Timoun yo Jwenn objè Online,Kids Room Find Objects Online Games,Game Room for Kids to Find Objects Online
1079,2 moun sa yo te mouri avèk plis pase 3 ane distans.,These 2 people died more than 3 years apart.,These 2 people were killed with more than 3 years of distance.
1080,Biwo admisyon TIGP,TIGP Admissions Office,TIGP Admission Office
1081,Biznis Ayiti-DR fwontyè mache yo ak trafik nan paralizi Detay,Haiti-DR Business Border Markets and Traffic Paralyzed Details,Haiti-DR border business markets and traffic in paralysis Details
1082,Mwen konnen ke Bondye te tande priyè nou yo jou swa sa a epi li te pwoteje nou nan mitan moman pi terib yo nan tanpèt la.,I know that God heard our prayers that night and protected us in the midst of the most terrible moments of the storm.,I know that God has heard our prayers this night and has protected us from the most terrible moments of the storm.
1083,"Nan klike Voye a, mwen verifye ke m gen pèmisyon pou itilize adrès email moun sa a.","By clicking Send, I verify that I have permission to use this person's email address.","By clicking Send, I verify that I have permission to use this persons email address."
1084,"Si ou gade moute 'romans' pawòl Bondye a nan diksyonè a li se ki nan lis kòm tou de yon non ak yon vèb! Se konsa, ki sa egzakteman se romans?",If you look up the word 'romance' in the dictionary it is listed as both a noun and a verb! So what exactly is romance?,If you look up the word romances in the dictionary it is listed as both a noun and a verb! So what exactly are romances?
1085,Tèks: William Goode.,Text: William Goode.,Text: William Goode.
1086,"TJS, Matye 7:4–8. Konpare avèk Matye 7:3–5","JST, Matthew 7:4–8. Compare with Matthew 7:3–5","TJS, Matthew 7:48. Compare Matthew 7:35."
1087,Lachin kawotchou Air Ponpye Founisè ak Konpayi fabrikasyon - Pri Wholesale kawotchou Air Ponp - fòtin,China Rubber Air Pump Suppliers and Manufacturers - Wholesale Price Rubber Air Pump - Fortune,China Rubber Air Pump Suppliers and Manufacturers - Wholesale Price Rubber Air Pump - fortune
1088,"10. Color: wouj, nwa, blan, twal ble, Glod, Green, Personnalisè.","10. Color: Red, Black, White, Blue, Gold, Green, Customized.","10. Color: Red, Black, White, Blue, Glod, Green, Customized."
1089,"Pil pou flach kapasite 7.2V NiMH, NiCd, ityòm pil pou flach","Battery capacity 7.2V NiMH, NiCd, lithium battery","Battery capacity 7.2V NiMH, NiCd, Lithium battery"
1090,"Ou kapab li pawòl sa yo nan Sòm 18, 23, ak 27.","You can read these words in Psalms 18, 23, and 27.","You can read these words in Psalms 18, 23, and 27."
1091,"Epi, se te konsa, Mowoni te gen viktwa sou youn nan pi gwo lame Lamanit yo; li te pran vil Melèk la ki te youn nan pi gwo pwoteksyon Lamanit yo nan peyi Nefi a, epi tou, li te bati yon kachèt solid pou l te kenbe prizonye l yo.","And it came to pass that Moroni had a victory over one of the largest armies of the Lamanites; he took the city of Melek, which was one of the greatest strongholds of the Lamanites in the land of Nephi, and also built a strong hold to hold his prisoners.","And so, Moroni was victorious over one of the largest armies of the Lamanites; he took the city of Melchek, which was one of the largest shields of the Lamanites in the land of Nephites, and also built a stronghold to keep the captives."
1092,Chèche Lespri a epi Konte sou Li,Seek the Spirit and Rely on Him,Seek the Spirit and Count on It
1093,Pwojè èrbus A321 motè fèmen apre dekolaj,Airbus A321 engine shuts down after takeoff,Project Airbus A321 engine closed after takeoff
1094,pi bon kalite plastik flote dragaj tiyo flote,best quality plastic float dredging pipe float,Pure Quality Plastic Float Dredging Pipe Float
1095,"Metòd la chofaj elektwomayetik se pi bon pase dife louvri. Avantaj la se monte tanperati se vit, pa gen dife toutouni, pa gen okenn lafimen ak pousyè, pa gen okenn gaz danjere, pa gen okenn radyasyon tèmik nan anviwònman an ki antoure.","The electromagnetic heating method is better than open fire. The advantage is that the temperature rise is fast, there is no naked fire, no smoke and dust, no harmful gases, no thermal radiation to the surrounding environment.","The electromagnetic heating method is better than open fire. The advantage is temperature rise is fast, no naked fire, no smoke and dust, no harmful gases, no thermal radiation in the surrounding environment."
1096,Men kijan soufrans Li fè yon diferans nan lavi chak jou w?,But how does His suffering make a difference in your daily life?,But how does suffering make a difference in your daily life?
1097,"Premye, nan vèsè 17, Seyè a beni Pyè, afime konesans li se yon kesyon pa nan entwisyon imen, men nan revelasyon divin.","First, in verse 17, the Lord blesses Peter, affirming that his knowledge is a matter not of human intuition, but of divine revelation.","First, in verse 17, the Lord blessed Peter, affirming his knowledge is not a matter of human intuition, but of divine revelation."
1098,Pou n koute—sa anfòm!,To listen—that's fine!,To listenso fit!
1099,2790 Testaman pou a plugin Kodi 16 pou E2 Mnigma,2790 Testimonials for the Kodi 16 plugin for E2 Mnigma,2790 Testaman for a plugin Kodi 16 for E2 Mnigma
1100,paj aktivite: Bondye ede m kenbe kòmandman yo,activity page: God help me keep the commandments,Page Activity: God help me keep my commandments
1101,modèl: Ekri an lèt detache,Pattern: Print,Pattern: Print
1102,pa Gourou Pibliye 22.01.2015 Mete ajou 03.08.2016,by Guru Published 22.01.2015 Updated 03.08.2016,by GuRu Published 22.01.2015 Updated 03.08.2016
1103,"Prive Manm: Manm ki benefisye de karakteristik yo nan sit la pou yon frè sèten,","Private Member: Member who benefits from the features of the site for a certain fee,","Private Member: Members who benefit from the features of the site for a certain fee,"
1104,Jezikri ofri yon mwayen pou nou soulaje anba pwa peche.,Jesus Christ offers a way for us to be relieved from the burden of sin.,Jesus Christ offers a way for us to be relieved from the burden of sin.
1105,Non lye w mande apa ka menm bagay avèk jiridiksyon jewografik la nan okenn nivo.,The name of the link you are requesting may not be the same as the geographic jurisdiction at any level.,I don't know if this is the same thing as the geographical location on any level.
1106,"Fèt nan jou 4 Out 1899 la nan Whitney, Idaho, Ezra Taft Benson te aprann byen bonè prensip travay di nan fèm fanmi an.","Born on August 4, 1899, in Whitney, Idaho, Ezra Taft Benson learned early the principles of hard work on the family farm.","Born on the 4th day of August 1899 in Whitney, Idaho, Ezra Taft Benson learned early on the principles of working on the family farm."
1107,Gen anpil verite doktrinal enspiran nou jwenn nan Dotrin ak Alyans 137–38 la.,There are many inspiring doctrinal truths found in Doctrine and Covenants 137–38.,There are many inspirational doctrinal truths found in the Doctrine and Covenants 13738.
1108,Non Legliz la Montgomery Blvd. Legliz Kris la,Name of the Church Montgomery Blvd. Church of Christ,Non Legliz la Montgomery Blvd. Church of Christ
1109,"fi ki konn kijan pou yo resevwa revelasyon pèsonèl, ki konprann pouvwa ak lapè dotasyon tanp;","women who know how to receive personal revelation, who understand the power and peace of the temple endowment;","Girls who know how to receive personal revelations, who understand the power and peace of temple endowment;"
1110,"Yongnian Distri a, Handan City, Hebei Pwovens, Lachin.","Yongnian District, Handan City, Hebei Province, China.","Yongnian District, Handan City, Hebei Province, China."
1111,Deklanche Mouri 2 Astus Hack Zouti,Dead Trigger 2 Cheats Hack Tool,Trigger Dead 2 Cheats Hack Tool
1112,yon biznis Jet Egzekitif,a business Executive Jet,a Business Jet Executive
1113,Epi repons la te vini byen klè: l ap menmjan ak papa li.,And the answer came clearly: he will be just like his father.,And the answer came clearly: I'll be just like her father.
1114,epi lang mwen te libere.,and my tongue was freed.,long and I was free.
1115,"Lanp gaz Pou Gaz Silenn faktori, Founisè - Lachin gaz lanp Pou Gaz Silenn manifakti","Gas Lamp For Gas Cylinder Factory, Suppliers - China Gas Lamp For Gas Cylinder Manufacturers","Gas Lamps For Gas Cylinder Factory, Suppliers - China Gas Lamps For Gas Cylinder Manufacturers"
1116,Aprann plis sou Research Suite epi benefisye yon kont gratis jodi a menm.,Learn more about Research Suite and get a free account today.,Learn more about Research Suite and benefit from a free account today.
1117,"Nan kote ki konsakre yo, tankou tanp yo, chapèl yo, ak pwòp lakay nou, nou dwe anseye verite a ak kòmandman yo klèman e nan fason apwopriye , jan nou konprann yo gras ak plan sali a ki revele nan levanjil retabli a.","In consecrated places, such as temples, chapels, and our own homes, we should teach the truth and commandments clearly and appropriately, as we understand them through the plan of salvation revealed in the restored gospel.","In consecrated places, such as temples, chapels, and our own homes, we must teach the truth and command them clearly and appropriately, as we understand the gras and design of the hall revealed in the restored gospel."
1118,Don konesans (DA 46:18),Gift of knowledge (DA 46:18),Donate knowledge (DA 46:18)
1119,"dekore PVC kouwòn ak kòn ak Berry te byen fèt ak dirab depi plastik ak detaye nan sa a kouwòn se plas sou ak lanati, e li se yon moso Dekorateur gwo. Senp, elegant ak rete vivan koulè natirèl nan twa estil ak bèl kouwòn liven moute lakay ou.","Decorated PVC wreath with cones and berries is well made and durable since the plastic and detailing of this wreath is in place with nature, and it is a great decorator piece. Simple, elegant and vivid natural colors in three styles and beautiful wreaths liven up your home.","Decorated PVC crowns with cones and berries are well designed and durable since plastic and detailed in this crown is spot on and nature, and it is a great decorating piece. Simple, elegant and vivid natural color in three styles with beautiful crowns liven up your home."
1120,Ki eksperyans ki te ede w konnen ke Liv Mòmon an gen gwo valè?,What experiences have helped you know that the Book of Mormon has great value?,What experience has helped you know that the Book of Mormon is of great value?
1121,"Men, Laman te di yo: Kite nou kenbe diven nou an jistan n al goumen avèk Nefit yo.",But Laman said unto them: Let us hold our wine until we go to battle with the Nephites.,"But Laman said to them, Let us keep our wine clean and go and fight with the Nephites."
1122,Lèt alfabè grèk,Greek alphabet letters,The letter of the Greek alphabet
1123,legliz Kris Arizona,Church of Christ Arizona,Kris Arizona Church
1124,Ki egzanp gason ak fi ki ap travay ansanm nan fason konplemantè pou yo fè travay Senyè a ou te wè?,What examples have you seen of men and women working together in complementary ways to do the Lord’s work?,What examples of men and women working together in a complementary way to do the Lord's work have you seen?
1125,Solèy Shade konpansasyon - Lachin Hebei Samsung Metal Fil may,Sun Shade Netting - China Hebei Samsung Metal Wire Mesh,Sun Shade Netting - China Hebei Samsung Metal Wire Mesh
1126,"Tit la nan sa a posts aktyèlman refere a yon nouvo konpòtman nan analizeur nou an, lè nou itilize rankontre yon (ki ta dwe gen yon espas ki pa kraze) nou aktyèlman kase fraz la nan de, ki se pito opoze an egzak nan sa ki bagay sa yo ta dwe. Se konsa, èspere ke sa a se kounye a fiks, epi n ap pa gen okenn ankò kraze!","The title of this posts actually refers to a new behavior in our parser, when we use encounter a (which should have a non-breaking space) we actually break the sentence in two, which is rather the exact opposite of what things should be. So hopefully this is now fixed, and we won't have any more breaks!","The title of this post actually refers to a new behavior in our analyzer, when we used to encounter a (which should be a non-breakable gap) we are actually breaking the phrase into two, which is rather the exact opposite of what things should be. So hopefully this is now fixed, and we will no longer break!"
1127,Gerizon konplè ou ap depann de repantans konplè ou.,Your complete healing will depend on your complete repentance.,Your full recovery will depend on your full recovery.
1128,"MIAMI, USA (defend.ht) - Ansyen Prezidan Jean-Bertrand Aristide pa idantifye pa non nan yon akizasyon federal ki voye kat Sid Florid biznisman ak de ansyen ofisyèl gouvènman ayisyen nan prizon oswa fè fas a kondanasyon, men avoka defans di ""ofisyèl B"" , yon sijè nan rapò sa yo, se ansyen prezidan an.","MIAMI, USA (defend.ht) - Former President Jean-Bertrand Aristide is not identified by name in a federal indictment that sends four South Florida businessmen and two former Haitian government officials to prison or face conviction, but defense lawyers say ""Official B,"" a subject of the reports, is the former president.","MIAMI, USA (defend.ht) - Former President Jean-Bertrand Aristide has not been identified in a federal indictment that sent four South Florida businessmen and two former Haitian government officials to prison or face sentencing, but the defense attorney of ""Official B"", a subject of such reports, is the former president."
1129,Planifye kijan w pral fè sa.,Plan how you will do this.,Plan how you're going to do it.
1130,Epi Bondye yo te fè chak pyebwa pou fè je plezi epi pou nouriti grandi nan tè a; pyebwa lavi a te nan mitan jaden an tou ak pyebwa konesans byen ak mal la.,"And God made every tree to be pleasant to the sight and for food to grow out of the ground; the tree of life was also in the middle of the garden, and the tree of the knowledge of good and evil.",And God made every tree for pleasure and for nourishment to grow in the earth; the tree of life was in the midst of the garden also and the tree of knowledge of good and evil.
1131,Sète pran nesans jou nan .,Sète was born on the day of .,Sète was born on this day .
1132,Li renmen pitit li ki nan bezwen yo ak sa ki vle ede yo.,He loves his children in need and wants to help them.,He loves his children in their needs and wants to help them.
1133,Lachin Medsin Montre Konpayi fabrikasyon Founisè faktori Konpayi,China Medicine Display Manufacturers Suppliers Factory Company,China Medicine Show Manufacturers Suppliers Factory Company
1134,"Yon eskilti bèl, si nou akonpaye bote nye li yo ak gade bon li yo nou gen opòtinite pou al kontre yon kokenn eskòt modèl liksye nan Barcelona, mwen vle estrès bote ekstraòdinè li yo tou de figi ak fizik.","A beautiful sculpture, if we accompany her undeniable beauty and her good looks we have the opportunity to meet a fantastic luxury model escort in Barcelona, I want to stress her extraordinary beauty both face and body.","A beautiful sculpture, if we accompany its new beauty and its good look we have the opportunity to meet a fantastic luxury escort model in Barcelona, I want to stress its extraordinary beauty both face and physique."
1135,Medikal-Ray Pwoteksyon pwodwi yo,Medical-Ray Protection Products,Medical-Ray Protection Products
1136,Previous istwa Televizyon Transponder Nouvèl Satelit 10 Avril 2018,"Previous story Television Transponder Satellite News April 10, 2018",Previous story Transponder News Satellite TV 10 April 2018
1137,"Fè kafe, fè te","Make coffee, make tea","Make coffee, make tea"
1138,"Epi, kounyeya, mwenmenm Nefi, m te tris poutèt kè yo te di, se poutèt sa m te pale avèk yo, m di, wi, m te pale menm avèk Laman e avèk Lemyèl: Nou wè, nou se gran frè m, e kòman fè kè nou di konsa, epi panse nou tèlman avèg, mwen menm ki ti frè nou, pou m oblije pale nou, wi pou m oblije trase egzanp pou nou?","And now I, Nephi, being grieved because of the hardness of their hearts, therefore I spake unto them, saying, yea, even unto Laman and unto Lemuel: Behold, ye are my elder brothers, and how is it that ye are hardened in your hearts, and think ye are so blind, that I, being your younger brother, should speak unto you, yea, should set an example unto you?","And now, I, Nephi, am saddened by what they have said, so I have spoken to them, and I say, yes, I have spoken even to Laman and to Lemuel: See, we are my older brothers, and how do we say this, and think we are so blind, that I am our younger brother, that I have to speak to you, so that I may draw an example for you?"
1139,"Kisa sa ta ka vledi nana nanm nou pou ""mayifye Senyè a""?","What might it mean for our souls to ""magnifie the Lord""?",What would it take for us to make the Lord glorified?
1140,Fonksyonèl èpoksi rezin,Functional epoxy resin,Functional epoxy resin
1141,Epav nan tren nan Kongo a: 'Majorite Timoun ki mouri' ',Train wreck in Congo: 'Most of the dead are children',Epav on the train in the Congo: Majority of dead children
1142,Bonjan Ekip Teknik,Strong Technical Team,Strong Technical Team
1143,"Founiti Sunsoartech rapid asanble, ane eksperyans ak ekip pwofesyonèl pral garanti bon jan kalite a pwodwi kòm byen ke asanble rapid.","Sunsoartech supplies quick assembly, years of experience and professional team will guarantee the product quality as well as quick assembly.","Sunsoartech quick assembly equipment, years of experience and professional team will guarantee the product quality as well as quick assembly."
1144,"Kòm yon pati nan plan w lan, panse pou w patisipe nan yon gwoup otonomi.","As part of your plan, consider participating in a self-help group.","As part of your plan, consider joining an autonomous group."
1145,Yo ta gen dwa eksplike klas la kisa objè yo pote yo anseye sou Jezikri epi li vèsè korespondans yo nan Ebre.,They could explain to the class what the objects they bring teach about Jesus Christ and read the corresponding verses in Hebrews.,They might explain to the class what objects they bring to teach about Jesus Christ and read the corresponding verses in Hebrew.
1146,1 kim pou PE,1 PE foam,1 foam for PE
1147,Fè kopi kontra ak kowòdone asirè ou a epi mache ak yo sou ou.,Make copies of your insurance contract and coordinates and carry them with you.,Copy your insurance contract and coordinate it and walk with them on your side.
1148,"Envite timoun yo pou yo pote atansyon a bon konsekans yo, oubyen ""fwi"" ki soti ladan yo gras ak bon desizyon yo fè semèn sa a.","Invite the children to pay attention to the good consequences, or ""fruits,"" that came from the good decisions they made this week.","Invite the children to bear attention to the good consequences, or ""fruits"" from the fat and good decisions they make this week."
1149,csgo jwèt aza Hack 2017,csgo gambling hack 2017,csgo gambling hack 2017
1150,"[Apr 11, 2018] Afriken Aktivite Semèn","[Apr 11, 2018] African Activities Week","[Apr 11, 2018] African Activity Week"
1151,Imwe Wedge Zantiy Wedge,Imwe Wedge Zantiy Wedge,Imwe Wedge Zantiy Wedge
1152,Gade Kowòdonatè Orè Travay yo,See Work Schedule Coordinators,See their Working Hours Coordinator
1153,Aroze krèm Bwòs Boulanjri Bakeware Patisri lwil oliv ...,Icing Cream Brush Baking Bakeware Pastry Oil ...,Aroze Cream Brush Bakery Bakeware Pastry Oil...
1154,Fè timoun yo remake sa nou aprann osijè Jezikri nan istwa sa yo.,Have the children notice what we learn about Jesus Christ from these stories.,Have the children remake what we learn about Jesus Christ from these stories.
1155,"Northern Ireland se konpoze ak 26 distri, sòti nan minisipalite yo nan Belfast ak Londonderry ak konte yo nan Antrim, Armagh, Dawonn, Fermanagh, Londonderry, ak Tyrone. Ansanm yo yo souvan yo rele Ulster, menm si teritwa a pa gen ladan tout pwovens lan ansyen nan Ulster.","Northern Ireland is made up of 26 districts, consisting of the municipalities of Belfast and Londonderry and the counties of Antrim, Armagh, Down, Fermanagh, Londonderry, and Tyrone. Together they are often called Ulster, although the territory does not include the entire former province of Ulster.","Northern Ireland is composed of 26 districts, ranging from the municipalities of Belfast and Londonderry to the counties of Antrim, Armagh, Dawonn, Fermanagh, Londonderry and Tyrone. Together they are commonly called Ulster, though the territory does not include all the former provinces of Ulster."
1156,"Asire w ke tout manm klas yo santi yo se yon pati valab nan klas la, keseswa yo gen yon bagay pou yo pataje ou pa.","Make sure all class members feel like they are a valuable part of the class, whether they have something to share or not.","Ensure that all class members feel they are a valuable part of the class, that they have something to share or not."
1157,"Sete reyèlman yon moman rejwisans (Wilford Woodruff, Journal, Jiyè22, 1839, Church History Library).","It was truly a time of rejoicing (Wilford Woodruff, Journal, July 22, 1839, Church History Library).","Sete really a revival moment (Wilford Woodruff, Journal, July22, 1839, Church History Library)."
1158,"Monoplace: Entegre kòd, kontwolè tactile, otomatik lè kraze, kontwòl klima, evakyasyon oksijèn","Monoplace: Integrated rope, touch controller, automatic air break, climate control, oxygen evacuation","Monoplace: Integrated rope, tactile controller, automatic air breaker, climate control, oxygen evacuation"
1159,Nan ki fason Chit la se yon benediksyon?,In what ways is the Fall a blessing?,In what way is Chit la a blessing?
1160,Men syèl la ka ba nou fòs ak sajès odela kapasite nou pou n ka konn kilè pou nou kenbe ak kijan pou nou lache.,But heaven can give us strength and wisdom beyond our ability to know when to hold on and when to let go.,But the heavens can give us strength and wisdom and our ability to know when to hold and how to let go.
1161,"Parabòl ble ak move zèb la konsène ""dènye jou yo, kounyeya menm"" (Doktrin ak Alyans 86:4).","The parable of the wheat and the tares concerns “the last days, even now” (Doctrine and Covenants 86:4).","The parable of the wheat and weeds concerns ""the last days, even now"" (Doctrine and Covenants 86:4)."
1162,"""Chapit 4: Chèche Lespri a epi Konte sou Li,"" Preche Levanjil Mwen an","Chapter 4: Seek the Spirit and Rely on Him, Preach My Gospel","Chapter 4: Seek the Spirit and Rely on Him,"" Preach My Gospel"
1163,Toulouse atraksyon touris kat jeyografik,Toulouse tourist attractions map,Toulouse tourist attractions map
1164,Lapè tanp lan se yon pomad apezan pou nanm blese.,The peace of the temple is a soothing balm for wounded souls.,The Temple Lappe is an appetizer ointment for wounded souls.
1165,"Paske se fè yon bagay lè w ta dwe fè lò bagay ki pi bon ke w gen kapasite pou w fè (Zeal without Knowledge, Approaching Zion66).","Because doing something when you should be doing it is the best thing you have the ability to do (Zeal without Knowledge, Approaching Zion66).","Because it's done something when you should be doing the best thing that you have the ability to do (Zeal without Knowledge, Approaching Zion66)."
1166,New ans ev l 'a renmèt,New Year's Eve is coming soon.,New years ev a l 'feet
1167,Aprann plis konsènan fason pou pwopoze kantik oswa chan orijinal pou konsiderasyon nan nouvo liv kantik ak liv chan pou timoun yo.,Learn more about how to propose hymns or original songs for consideration in new hymnbooks and children's songbooks.,Learn more about how to propose original hymns or songs for consideration in the new children's hymn book and hymn book.
1168,"Nan istwa sa a, Frè Andersen te idantifye yon chema ki gen kat fraz nan chapit sa a ki paralèl ak epòk pa nou an.","In this story, Brother Andersen identified a four-sentence pattern in this chapter that parallels our own day.","In this story, Brother Andersen identified a chema with four phrases in this chapter parallel to the New Era."
1169,(Pou gason laj 11 zan ak pi gran),(For boys ages 11 and up),(For boys aged 11 and older)
1170,Se te avèk lafwa moun lontan yo te resevwa apèl daprè lòd Bondye.,It was by faith that ancient people received the calling according to the order of God.,It was by faith that men long ago received the call according to the command of God.
1171,frèt woule sèk aliminyòm,cold rolled aluminum circle,cold rolled dry aluminum
1172,Siyati paran an oswa responsab legal la,Signature of parent or legal guardian,The signature of the parent or the legal guardian
1173,"Nan chak stasyon, envite timoun yo fè yon aktivite ki senp.","At each station, invite the children to do a simple activity.","At each station, invite the children to do a simple activity."
1174,"Kèk manm nan Legliz la aksepte kòm verite doktrin, prensip, ak temwayaj nou bay tout tan sou chè sa a nan Sant Konferans lan ak nan kongregasyon lokal yo atravè mond lan—men yo petèt toujou ap lite pou yo kwè ke verite etènèl sa yo aplike espesyalman a lavi yo ak sikonstans pa yo.","Some members of the Church accept as true the doctrines, principles, and testimonies we bear continually about this body in the Conference Center and in local congregations throughout the world—but they may still struggle to believe that these eternal truths apply specifically to their lives and circumstances.","Some members of the Church accept as truth the doctrines, principles, and testimonies we give all the time about this in the Conference Center and local congregations around the worldbut they may still struggle to believe that these eternal truths apply specifically to their lives and circumstances."
1175,Pellet crumbler karakteristik 1. Doub roulo plonje plonje fèt nan konsantre divès kalite avantaj entèn ak ekstèn nan kalite li yo sou yon sèl e se yon nouvo tip-ekipman kraze ak bri ki ba ak efikasite segondè. 2. Li kapab kraze patikil gwo nan ti moun ki iregilye nan ...Plis,Pellet crumbler features 1. The double roller plunger crusher is designed to concentrate various internal and external advantages of its type into one and is a new-type crushing equipment with low noise and high efficiency. 2. It can crush large particles into small irregular ones in...More,Pellet crumbler features 1. Dual roller diving is designed to concentrate various internal and external advantages of its kind on one and is a new type of crushing equipment with low noise and high efficiency. 2. It can crush large particles into small irregular ones in ...Read More
1176,Double Ponp PPR Liy Pwodiksyon Liy,Double Pump PPR Pipe Production Line,Double Pump PPR Pipe Production Line
1177,istwa pa Boyd K. Packer ki ilistre,story by Boyd K. Packer illustrated,Stories by Boyd K. Packer that are illustrated
1178,(Oubyen pase videyo a ankò.),(Or re-watch the video.),(Or broadcast the video again.)
1179,Kijan nou ka konnen si nou resevwa remisyon pou peche nou?,How can we know if we have received forgiveness for our sins?,How do we know if we have received the remission of our sins?
1180,Nou prezante tout modèl yo eskòt disponib Ibiza.,We present all the escort models available in Ibiza.,We present all the available escort models in Ibiza.
1181,Kontablite ak Finans (Atizay),Accounting and Finance (Arts),Accounting and Finance (Atizay)
1182,1. pouvwa ak chay entèfas:,1. Power and load interface:,1. Power and load interface:
1183,"K. Kisa nou dwe konprann konsènan ti liv Jan te manje a, jan sa te mansyone nan 10èm chapit Apokalips la?","Q. What are we to understand about the little book that John ate, as mentioned in the 10th chapter of Revelation?","Q. What must we understand regarding the book of John, as mentioned in the 10th chapter of Revelation?"
1184,"VALSKAITA, UAB - Tout konpayi enfòmasyon","VALSKAITA, UAB - All company information","VALSKAITA, UAB - All Company Information"
1185,"Jwe nan biwo a oswa nan kay la lè anwiye tout moun vle, se konsa isit la se yon sou entènèt Fwa blòk jwèt gratis pral vole pa byen vit.","Playing in the office or at home when bored everyone wants, so here is an online free game Fair Block will fly by quickly.","Play in the office or at home when boredom everyone wants, so here a free online game Fwa Block will fly by quickly."
1186,"Lik dekri nou kisa disip beni sa yo te santi: ""Epi youn pran di lòt: èske nou pa t santi kè nou t ap boule andedan nou, lè l t ap mache avèk nou sou wout la, lè l t ap eksplike nou ekriti yo?""","Luke describes to us what these blessed disciples felt: “And they said one to another, ‘Did not our hearts burn within us while he followed us on the road, while he opened to us the scriptures?’”","Luke describes what these blessed disciples felt: And they took each other: Did not we feel our heart burning within us, when he walked with us on the road, when he explained to us the scriptures?"
1187,TV flechèt Montre,TV Darts Show,Archer TV Show
1188,Pouvwa Sovè a pou anseye ak edifye lòt moun te soti nan fason li te viv ak nan kalite moun li te ye a.,The Savior's power to teach and edify others came from the way He lived and the kind of person He was.,The Saviors power to teach and edify others came from the way he lived and the kind of man he knew.
1189,Prezidan Thomas S. Monson te di: Konesans nou sou levanjil la ak lanmou nou pou Pè Selès la ak pou Sovè nou an ap rekonfòte nou ak soutni nou e pote lajwa nan kè nou si nou mache dwat epi nou respekte kòmandman yo.,President Thomas S. Monson said: Our knowledge of the gospel and our love for Heavenly Father and our Savior will comfort and sustain us and bring joy to our hearts if we walk righteously and keep the commandments.,President Thomas S. Monson said: Our knowledge of the gospel and our love for the Holy Father and our Savior will comfort and sustain us and bring joy to our hearts if we walk upright and respect their commandments.
1190,"Septanm 4, 2010 nan 12:24 pm","September 4, 2010 at 12:24 pm","September 4, 2010 at 12:24 pm"
1191,Paramèt pa defo pou ki kantite minit moun nan dwe rive anvan randevou an,Default setting for how many minutes the person should arrive before the appointment,Default parameters for the number of minutes people must arrive before the appointment
1192,"Prezidan Nelson te souliyen,""Okenn lòt travay pa pi enpòtan pase edikasyon parantal jis ak entansyonèl!""","President Nelson emphasized, “No other work is more important than righteous and intentional parental education!”","President Nelson stressed, No other job is more important than just and intentional parental education!"
1193,"Epi, si te gen prèch sakre, oubyen gwo revelasyon, oubyen pwofesi, pou m ta ekri tit yo sou plak sa yo, epi pou m pa touche yo otan sa ta posib, pou lanmou Kris la epi pou byen pèp nou an.","And, if there were any sacred sermons, or great revelations, or prophecies, that I would write the titles upon these plates, and not touch them as much as possible, for the love of Christ and for the good of our people.","And if there were any sacred sermons, or great revelations, or prophecies, I would write their titles on the plates, and not touch them as much as possible, for the love of Christ and for the good of our people."
1194,Fishdom kay Pwason,Fishdom Fish House,Fishdom House Fish
1195,"Li kèk pati nan 1 Nefi 13:40 la ki anseye kijan Liv Mòmon an (Nefi rele ""dènye anal sa yo"") ede nou konprann ""verite klè ak presye"" yo ki disparèt nan Bib la.",Read parts of 1 Nephi 13:40 that teach how the Book of Mormon (Nephi called these “last records”) helps us understand the “plain and precious truths” that are missing from the Bible.,"Read some parts of 1 Nephi 13:40 that teaches how the Book of Mormon (Nephi called ""the last analogues"") helps us to understand the ""clear and precious truths"" that have disappeared from the Bible."
1196,"Apre sa, kè yo te vin adousi, epi yo te vin kwè nan Jezikri.","Then their hearts were softened, and they came to believe in Jesus Christ.","And their hearts were softened, and they came to believe in Jesus Christ."
1197,"Chwa nou pou koute moun k ap moke bagay sakre yo ap anpeche nou jwenn limyè Sovè a ki bay lavi e ki sove a. Jan te ekri: ""Epi Jezi te pale avèk yo ankò, li te di yo, M se limyè mond lan; moun ki suiv mwen pap janm mache nan fènwa, men y ap gen limyè lavi a."" Sonje, moun ki vrèman renmen nou yo ka ede nou edifye lafwa nou.","Our choice to listen to those who mock sacred things will prevent us from finding the life-giving and saving light of the Savior. John wrote: “Then spake Jesus again unto them, saying, I am the light of the world: he that followeth me shall not walk in darkness, but shall have the light of life.” Remember, those who truly love us can help us build our faith.","Our choice to listen to those who are lacking the sacred things will prevent us from accessing the Savior's life-giving and saving light. John wrote: ""And Jesus again spoke to them, and he said to them, I am the light of the world; he who follows me will never walk in darkness, but will have the light of life."" Remember, those who truly love us can help us build up our faith."
1198,Nou vin sou tè a pou nou aprann ak pwogrese.,We come to earth to learn and progress.,We came to earth to learn and progress.
1199,Se biwo nou an ki chita nan vilaj bèl nan Mask. Google Maps kowòdone:,Our office is located in the beautiful village of Mask. Google Maps coordinates:,Our office is located in the beautiful village of Mask. Google Maps coordinates:
1200,"Devlopman teknolojik sa yo se bagay ekstraòdinè, men si nou pa fè atansyon, yo ka distrè nou pou nou pa reyalize potansyèl diven nou.","These technological developments are extraordinary, but if we are not careful, they can distract us from realizing our divine potential.","Such technological developments are extraordinary, but if we are not careful, they can distract us from realizing our wine potential."
1201,Vitès chwazi-pou detèmine Kisa zouti ak ekipman ' jan de s te gen yon bezwen pou fè yon travay.,Speed selection - to determine what tools and equipment 's types are needed to perform a job.,Speed Selection-Determining tools and equipment 'type s there was a need to do a job.
1202,Ashampoo MP3 kouvèti Moun Krak,Ashampoo MP3 Cover Man Crack,Ashampoo MP3 cover Moun Crack
1203,Repete aktivite a avèk istwa Moyiz ak sèpan eren an (gade Numbers 21:5–9) ak Nefi ak plak eren yo (gade 1 Nefi 3–4; 5:21–22).,Repeat the activity with the stories of Moses and the brass serpent (see Numbers 21:5–9) and Nephi and the brass plates (see 1 Nephi 3–4; 5:21–22).,Repeat the activity with the story of Moses and the serpent (see Numbers 21:59) and Nephi and the plaque of the prophets (see 1 Nephi 34; 5:2122).
1204,De sa 1 minit èdtan 17,1 minute 17 hours ago,From 1 minute to 17 hours
1205,Karaktè LCD ekspozisyon BCB0801-C01,Character LCD display BCB0801-C01,Character LCD Display BCB0801-C01
1206,"Nan kòmansman an nan senkyèm syèk la, oswa pi bonè, fèt la nan Komemorasyon nan nan Mari–ki se, komemorasyon an nan pase l '–te prezante nan Liturgy nan Eastern, mete l 'nan mitan pi ansyen an nan jou fèt ofisyèl Legliz la.10 Anviwon ane a 400, Chrysippus lavil Jerizalèm kòmante sou Sòm 132, ""Bwat Kontra a se vre wi: wa, Bwat Kontra a pi presye, te-Vyèj a tout tan Theotokos; Lach la ki te resevwa trezò a nan tout viv apa"" (Sou Sòm 131(132)).","At the beginning of the fifth century, or earlier, the feast of the Commemoration of Mary–that is, the commemoration of her passing–was introduced into the Eastern Liturgy, placing it among the oldest of the Church’s official feast days.10 Around the year 400, Chrysippus of Jerusalem commented on Psalm 132, “The Ark of the Covenant is truly royal, the most precious Ark, the ever-Virgin Theotokos; the Ark that received the treasure of all holy living” (On Psalms 131(132)).","In the beginning of the fifth century, or earlier, the Feast of the Commemoration of Marythat is, the commemoration of her passingwas introduced in the Eastern Liturgy, placing her among the oldest of the Churchs official feasts.10 Around the year 400, Chrysippus of Jerusalem commented on Psalm 132, The Ark is truly: the king, the most precious Ark, the Virgin of all time Theotokos; the Lamb who received the treasure."
1207,Kisa k ta pral pase aprè?,What would happen next?,What would happen next?
1208,Fòm : Plak Etc.Custom fè,Shape: Plate Etc.Custom made,Shape:Plate Etc.Custom Made
1209,Wayòm Bondye a pral vini byento! Èske ou prè? 2020 Aplikatè pa DysineLab,The Kingdom of God is coming soon! Are you ready? 2020 App by DysineLab,The kingdom of God will come soon! Are you ready? 2020 Applicator by DysineLab
1210,Evenman sakre ant Dimanch Ramo ak Dimanch Pak yo se istwa ozana ak alelouya.,The sacred events between Palm Sunday and Easter Sunday are a story of hosannas and hallelujahs.,Evenman sacre between Dimanch Ramo and Dimanch Pak are the story of Ozana and Alleluia.
1211,Men Benjamin L,Here is Benjamin L.,Men Benjamin L
1212,Seleksyone Tip Demann lan.,Select the Request Type.,Select the Request Type.
1213,Ki efò nou kapab fè pou nou ekri istwa pèsonèl nou?,What efforts can we make to write our personal history?,What effort can we make to write our personal story?
1214,"Anplis, 13 tanp ki te deja anonse yo nan diferant etap preparasyon anvan konstriksyon yo kòmanse.","In addition, 13 previously announced temples are in various stages of preparation before construction begins.","Moreover, 13 temples have already been announced in different stages of preparation before construction begins."
1215,Mande lòt yo pou yo konte konbyen fwa Pòl te itilize mo jijea.,Ask the others to count how many times Paul used the word gijea.,Ask others to count how many times Paul used the word jijea.
1216,"Support Microsoft estanda koule achitekti kondwi (WDM achitekti), sipòte Microsoft WMENCODER, konpatib ak achitekti lojisyèl Windows VFW ak WDM mòd.","Supports Microsoft standard flow driven architecture (WDM architecture), supports Microsoft WMENCODER, compatible with Windows VFW software architecture and WDM mode.","Support Microsoft standard flow drive architecture (WDM architecture), supports Microsoft WMENCODER, compatible with Windows VFW software architecture and WDM mode."
1217,Shaun bann mouton li sou entènèt. Jwèt Shaun mouton an. Online Shaun bann mouton li nan jwèt. Jwèt ti mouton Sean gratis. Jwèt sou mouton an.,Shaun the Sheep online. Game Shaun the Sheep. Online Shaun the Sheep game. Game Sean the Sheep free. Game about the sheep.,Shaun Sheep online. Game Shaun Sheep. Online Shaun Sheep game. Game Sheep Sean free. Games about the Sheep.
1218,Suiv kat etap sa yo ki deja teste pou ou vin gen yon bon kòmansman.,Follow these four tried-and-tested steps to get you off to a good start.,Follow the four steps that have already been tested so that you get a good start.
1219,M ka chèche repons kesyon yo sou levanjil la avèk Jezkri.,I can seek answers to questions about the gospel with Jesus Christ.,I can search for answers to questions about the gospel with Jezkri.
1220,Paske moun pa antre soti nan prizon regilyèman chak semès.,Because people don't come in and out of prison regularly every semester.,Because people don't come in from prison regularly every semester.
1221,"Si w ap tcheke Lachin pe kre liy fèy kadriyaj pwodiksyon, pri, pri, pou vann, oswa PDF, tanpri santi yo lib yo kontakte nou, nou se youn nan dirijan Hollow gri Fèy Pwodiksyon Liy lan, Plastik Liy pwodiksyon, gri Fèy Pwodiksyon Liy manifaktirè yo ak founisè.","If you are checking China PE hollow grid sheet production line, price, cost, for sale, or PDF, please feel free to contact us, we are one of the leading Hollow Grid Sheet Production Line, Plastic Production Line, Grid Sheet Production Line manufacturers and suppliers.","If you are checking China pe cray grid sheet production line, price, cost, for sale, or PDF, please feel free to contact us, we are one of the leading Hollow Grid Sheet Production Line, Plastic Production Line, Grid Sheet Production Line manufacturers and suppliers."
1222,"Li difisil kounye a jwenn yon kay kote pa ta dwe fenèt-flè sou baz fenèt. Yo ajoute nan konfò nan apatman, epi tou li kreye yon atmosfè favorab kreyatif. Men, yo grandi nan kay ou pa kapab sèlman dragon, vyolèt oswa dieffenbachia. Pou tankou yon elvaj anfòm menm konkonm. Sa a se pa yon pwosedi konplike, espesyalman si w ap plante plant dekoratif pou ane sa yo.","It is difficult now to find a house where there would be no window-flowers on the windowsill. They add to the comfort of the apartment, and also create a favorable creative atmosphere. But they can be grown at home not only dragon, violet or dieffenbachia. For such a breeding fit even cucumbers. This is not a complicated procedure, especially if you are planting ornamental plants for years.","It is difficult now to find a house where there should not be window-flowers on window base. They add to the comfort of the apartment, and also create a favorable creative atmosphere. But they can grow in your house not only dragon, violet or dieffenbachia. To be such a suitable breeding even conume. This is not a complicated procedure, especially if you are planting decorative plants for those years."
1223,"Konsa, m ap mande w, ki avantaj ki gen ladan?","So, I ask you, what are the benefits?","So, I'll ask you, what are the advantages?"
1224,"Epi, nan kèk jou sèlman, Pitit Gason Bondye a pral vini nan laglwa li;",And in a few days the Son of God will come in his glory;,"And in just a few days, the Son of God will come to his glory;"
1225,"Pou pwodiksyon komik, Unesco te rele ilistratè talan ki soti nan diferan peyi: Lafrans, Madagascar, ...","For the production of comics, UNESCO called on talented illustrators from different countries: France, Madagascar, ...","For comics production, Unesco called talented illustrators from different countries: France, Madagascar, ..."
1226,Logo Dipisi Shenyang Entènasyonal Piblisite ak ki ap dirije egzibisyon,Logo of Shenyang International Advertising and LED Exhibition,Logo of Shenyang International Advertising and LED Exhibition
1227,Vaginal sekresyon ak elajisman clitoral nan fanm,Vaginal secretions and clitoral enlargement in women,Vaginal secretion and clitoral enlargement in women
1228,"Nan peyi devlope yo, li ka parèt difisil pou yon moun imajine nan ki sitiyasyon tèrib timoun ki sòlda yo ap viv.","In developing countries, it may seem difficult to imagine the terrible conditions in which child soldiers live.","In developing countries, it may seem difficult for anyone to imagine what awful situation child soldiers are living in."
1229,Bib la di Bondye bay paran yo pitit kòm yon eritaj.,The Bible says that God gives parents children as an inheritance.,The Bible of God gives parents to their children as a heritage.
1230,Syèl la se pou Senyè a li ye . Li bay moun latè pou yo .,"The heavens are the Lord's, and the earth he has given to man.",The heavens belong to the Lord . He gave the earth to the people .
1231,"Se pou nou swiv lòd mwen ban nou . Se pou nou fè sa mwen di nou fè . Se pou nou mache dapre prensip mwen ban nou . Se mwen menm ki Senyè a , Bondye nou an .","You shall follow my commands , do my commands , and walk in my statutes . I am the Lord your God .",Let us follow my commands . Let us do what I tell you to do . Let us walk in accordance with the principles I give to you . I am the Lord your God .
1232,M'ap prese obeyi kòmandman ou yo lè ou louvri lespri mwen .,I will quickly obey your commands when you open my mind.,I will hurry to obey your commands when you open my mind.
1233,"Se sèlman lè nou fè sa, n ap ""ka rive chape anba tout bagay sa yo ki dwe rive a"". — Lik 21: 36.",Only by doing so will we “succeed in escaping all these things that are destined to occur.”​—Luke 21:36.,"Only when we do so will we ""become able to escape all these things that are destined to happen"".  Luke 21:36."
1234,"Lè zanmi w lan ouvri pòt pou ou e l envite w antre, ou santi w soulaje, paske kounye a ou konnen w an sekirite.","When your friend opens the door for you and invites you in, you feel relieved, because now you know you are safe.","When your friend opens the door for you and invites you in, you feel relieved, because now you know you are safe."
1235,Jewova ap gen bonjan rezon pou l pèmèt moun ki chape vivan nan Amagedòn yo gen bon sante paske moun sa yo pral gen travay pou yo fè.,Jehovah will have good reason to allow Armageddon survivors to enjoy good health because they will have work to do.,Jehovah will have good reason to allow survivors of Armageddon to have good health because such people will have work to do.
1236,"Lè sa a , ni lame a ni rès pèp Izrayèl la moute lavil Betèl . Yo chita la devan Senyè a ap kriye . Jou sa a , yo rete san manje jouk aswè . Apre sa , yo boule bèt nan dife pou Senyè a , yo fè ofrann pou mande Senyè a padon .",Then the army and all the Israelites went up to Bethel and sat there before the Lord and wept. They fasted that day until evening. Then they offered burnt offerings to the Lord and made peace offerings to the Lord.,"Then neither the army nor the remnant of Israel went up to Bethel , and they sat there before the Lord , weeping . And they fasted that day without bread until evening . And they sacrificed incense to the Lord , and they offered sacrifices to the Lord for his forgiveness ."
1237,"Men sa Jezi te di: Vini jwenn mwen, [...] m'a soulaje nou.","Jesus said: Come to me, [...] and I will refresh you.","This is what Jesus said: Come to me, [...] I will relieve you."
1238,Èske w jèn oswa èske w gen yon bon ti laj?,Are you young or are you a good age?,Are you young or do you have a good age?
1239,Pòl te anseye premye kretyen yo yon modèl pawòl ki pwofitab. Ki sa modèl sa a ye?,Paul taught the early Christians a pattern of beneficial speech. What is this pattern?,Paul taught the early Christians a pattern of profitable words. What is this pattern?
1240,"Vèsè ki sèvi kòm baz pou atik sa a fè nou sonje Pawòl Bondye a ""pisan"".","The verse that serves as the basis for this article reminds us that God's Word is ""powerful.""","The scriptures that serve as the basis for this article remind us of the Word of God ""stone""."
1241,"Pafwa, mwen santi m raz dèske m pa ka bay blag e dèske moun pa fin byen konprann sa m ap di.","Sometimes, I feel frustrated that I can't tell jokes and that people don't fully understand what I'm saying.",Sometimes I get bored by not being able to give jokes and by not being able to fully understand what I'm saying.
1242,"Konsa , koute sa mwen sòti pou m fè moun Edon yo , sa mwen fè lide fè moun lavil Teman yo . Sèten , ata timoun yo , yo pral trennen pot ale . Yo pral devaste tout peyi a devan je yo .","Therefore hear what I have come to do to Edom , and what I purpose to do to Teman : They will drag away even the children , and they will make the whole land desolate before their eyes .","Therefore , listen to what I am about to do to the Edomites , what I am about to do to the Temanites . Certainly , even the children , they will be dragged away . They will devastate the whole land before their eyes ."
1243,"si tout gason ki ka goumen pami nou yo janbe lòt bò larivyè Jouden an devan Senyè a , jouk Senyè a va fin kraze tout lènmi l yo devan li ,","If all the men of war among you cross over the Jordan before the Lord, until the Lord has defeated all his enemies before him,","if every man who can fight among you crosses the Jordan before the Lord , until the Lord has crushed all his enemies before him ,"
1244,"Apre sa , Moyiz di Arawon konsa : - Pwoche bò lotèl la , fè yon ofrann pou peye pou tou sa ou fè ki mal , ak yon ofrann pou ou boule nèt pou Seyè a . Apre sa w'a fè menm bagay pou pèp la . Wi , mete ofrann pèp la devan Bondye , mande Bondye pou l' fè yo gras , jan Seyè a te bay lòd la .","Then Moses said to Aaron, ""Go to the altar and offer your sin offering and your burnt offering to the Lord. Then do the same for the people. Present the people's offering before God and make atonement for them, as the Lord commanded.""","And Moses said to Aaron , Come near the altar , and make an offering for your iniquity , and a holocaust to the Lord . And do the same for the people . Yes , put the peoples offering before God , and ask God to make it pleasing to them , as the Lord has commanded ."
1245,Ala kontan m t ap kontan si se konsa sa te ye lakay!,How happy I would be if it were like that at home!,I'm glad I won't be so happy if that's how it was at home!
1246,"Anplis de sa, yo te bezwen frè nan lòt peyi yo ede yo.","In addition, they needed brothers from other countries to help them.","In addition, they needed brothers in other countries to help them."
1247,Poukisa nou pa konprann sa m'ap di nou la a ? Paske nou pa kapab tande pawòl mwen yo .,Why do you not understand what I am saying to you? Because you cannot hear my words.,Why don't you understand what I'm saying here ? Because you can't hear my words .
1248,"Epitou, y ap aprann gen pasyans e yo pap dekouraje byen vit lè yo pa ka jwenn moun yo lakay yo ankò. — Galat 5: 22; gade kare ki gen tit: ""Li pa t dekouraje.""",They will also learn to be patient and not quickly give up when they cannot find their loved ones at home. —Galatians 5:22; see the box “He Did Not Give Up.”,"Also, they are learning to be patient and not to be discouraged quickly when they cannot find their loved ones at home again.  Galatians 5:22; see the caption: It wasnt discouraged."
1249,Annou konsidere ka Charlene ki te gen 44 an. Li te gen yon kansè e yo te di l li rete dis jou sèlman pou l viv.,Consider the case of 44-year-old Charlene. She had cancer and was told she had only ten days to live.,"Let's consider the case of Charlene, 44 years old. She had a cancer and was told she only had ten days left to live."
1250,Li ta saj pou nou li l chak jou.,It would be wise for us to read it every day.,It would be convenient for us to read it every day.
1251,Bib la rakonte istwa lavi plizyè milye moun ki kite yon bèl egzanp nan fason yo te demontre kalite sa yo.,The Bible tells the life stories of thousands of people who set a fine example in demonstrating these qualities.,The Bible tells the life story of thousands of people who left a beautiful example of how they demonstrated these qualities.
1252,Ki sa ki ka motive nou pou nou bay Jewova ak kè kontan?,What can motivate us to give cheerfully to Jehovah?,What will motivate us to give to Jehovah with joy?
1253,"Pou m kenbe entegrite m, sa mande pou m kontinye fikse je m sou objektif Bondye yo, e non pa sou dezi pa m.","Maintaining my integrity requires that I keep my eyes on God’s purposes, not on my own desires.","To maintain my integrity, it requires that I continue to fix my mind on God's purposes, and not on my own desires."
1254,"Dapre menm pawòl Bondye a, syèl la ak tè a ki la kounyeya ap tann dife a. Yo la ap tann jou jijman an, lè tout mechan yo va disparèt.","By the same word of God, the heavens and the earth that are now are kept in store for fire, awaiting the day of judgment and the destruction of all ungodly men.","According to the same word, the heavens and the earth that are now await the fire. They await the day of judgment, when all the wicked will be destroyed."
1255,"9, 10. a Ki sa fè volonte Bondye enplike?","9, 10. a What does God’s will involve?","9, 10. What does doing God's will involve?"
1256,"Lè foul moun yo wè ni Jezi , ni disip li yo pa t' la , yo moute nan kannòt sa yo , y' al chache l' lavil Kapènawòm .","When the crowd saw that neither Jesus nor his disciples were there, they got into the boats and went to Capernaum to look for him.","When the crowd saw that neither Jesus nor his disciples were there, they got into the boats and went to Capernaum."
1257,Pa kite pesonn vire do bay favè Bondye a . Pa kite pesonn tounen tankou yon plant anmè k'ap pouse rasin k'ap anpwazonnen lòt yo .,Let no one fall away from the grace of God . Let no one become like a bitter plant that takes root and poisons others .,Don't let people turn to the grace of God . Don't let people become like a bitter plant that grows roots that infect others .
1258,Sa m pral di la a se verite . Mwen pa kapab bay manti .,What I am about to say is the truth. I cannot lie.,What I'm going to say is the truth . I can't lie .
1259,"Pou yon moun chèf nan legliz , se pou l san repwòch . Se pou l gen yon sèl madanm . Se pou l yon nonm serye , ki konn kenbe tèt li anplas , ki gen lòd . Se pou l konn resevwa moun lakay li . Se pou l konn ki jan pou l moutre moun verite a.","bishop must be blameless, the husband of one wife, a man of integrity, self-controlled, orderly, a homemaker, and able to teach the truth.","To be a leader in the church, let me be without reproach. Let me be a husband of one wife. Let me be a man of integrity, of restraint, of order. Let me be hospitable. Let me know how to teach the truth."
1260,"Depi lè sa a , Jida t'ap chache yon bon okazyon pou l te ba yo Jezi .","From that time on, Judas was looking for a good opportunity to hand Jesus over to them.","From then on, Judas was looking for a good opportunity to hand him over."
1261,"Apre sa , Seyè a di m' konsa : - Moun Jida ak moun lavil Jerizalèm moute konplo sou do mwen .","Then the Lord said to me , "" The people of Judah and Jerusalem have plotted against me .",And the word of the Lord said to me thus:  The men of Judah and the men of Jerusalem conspire against me .
1262,"Lefètke Bondye toupisan, li gen pouvwa pou l pwoteje sèvitè fidèl li yo kont tout ""zam y'a fè pou sèvi kont"" yo.","Because God is almighty, he has the power to protect his faithful servants from all ""weapons formed against them.""","Since God is omnipotent, he has the power to protect his faithful servants against all ""weapons that he uses against"" them."
1263,Se sa k fè nou plis manje manje ki gen bonjan vitamin.,That's why we eat more foods that contain good vitamins.,That's why we eat more foods that contain rich vitamins.
1264,Li te ka fasil pou n antre nan zafè monn nan epi pou n antre nan polemik.,It could have been easy for us to get involved in worldly affairs and get into controversy.,It would be easy to get into world affairs and get into controversy.
1265,"O Jewova, yo kontinye mache avè w e yo gen favè w.","O Jehovah, they continue to walk with you and have your favor.","O Lord, they continue to walk with you and they have your favor."
1266,"E lè finalman Mari ak Jozèf vin jwenn Jezi twa jou apre, yo jwenn li nan tanp lan ki ""chita nan mitan anseyan yo, l ap koute yo e l ap poze yo kesyon"". — Lik 2: 44 - 46.","And when Mary and Joseph finally found Jesus three days later, they found him in the temple “sitting in the midst of the teachers and listening to them and questioning them.”—Luke 2:44-46.","And when finally Mary and Joseph came to Jesus three days later, they found him in the temple ""sitting among the teachers, listening to them and asking them questions"".  Luke 2:44-46."
1267,"Men sa yon Samaritèn te di Jezi yon lè: ""Mwen konnen Mesi a ap vini, li menm yo rele Kris la.""","Samaritan woman once said to Jesus, ""I know that Messiah is coming, who is called Christ.""","This is what a Samaritan once told Jesus: I know that the Messiah is coming, he who is called the Christ."
1268,"Pa egzanp, gwo malè te manke rive ni mesye ki te manke vyole madanm Abraram nan, ki te gran grann Jozèf, ni mesye ki te manke vyole madanm Izarak la, ki te grann Jozèf.","For example, great calamity nearly befell both the man who nearly raped Abraham's wife, who was Joseph's great-grandmother, and the man who nearly raped Isaac's wife, who was Joseph's great-grandmother.","For example, the tragedy happened to the man who raped Abraham's wife, who was the grandmother of Joseph, or to the man who raped Isaac's wife, who was the grandmother of Joseph."
1269,"Okenn lòt relijyon pa t gen sans pou mwen, donk, m te di tèt mwen pa gen Bondye.","No other religion made sense to me, so I told myself there was no God.","No other religion had any sense to me, so I told myself there is no God."
1270,"Si yon moun ap fè ofrann sa a pou di Bondye mèsi , l'a ofri ba li gato san ledven , ti pen plat san ledven epi pat farin fri nan grès .","If a person offers this offering as a thank offering to God, he shall offer unleavened cakes, unleavened wafers, and fine flour fried in oil.","If a person is making this offering to thank God, he shall offer to him unleavened bread, unleavened dish bread and unleavened fat fried dough."
1271,"Menm jan moun yo gen ide depaman sou dye ak deyès yo, se konsa tou yo gen ide depaman sou fason pou yo kominike ak yo.","Just as people have different ideas about gods and goddesses, they also have different ideas about how to communicate with them.","Just as people have superhuman ideas about the gods and goddesses, so too they have superhuman ideas about how to communicate with them."
1272,Ki sa k ap ede w kontinye suiv Kris?,What will help you continue to follow Christ?,What will help you to continue following Christ?
1273,"8, 9. a Bay kèk eksperyans ki montre ki jan li enpòtan pou nou sèvi ak Bib la nan ministè nou. b Ki sa nou ka fè pou nou pi byen sèvi ak Pawòl Bondye a?","8, 9. a Give some experiences that show the importance of using the Bible in our ministry. b What can we do to make better use of God’s Word?","8, 9. Give some experiences that show how important it is to use the Bible in our ministry. b What can we do to better use the Word of God?"
1274,Tout lajounen lwanj ou nan bouch mwen . M'ap fè konnen jan ou gen pouvwa .,"All day long your praise is in my mouth , and I will proclaim your power .",All day long I praise you in my mouth . I will let you know how powerful you are .
1275,"Pitit la te konn travay ak kè kontan avèk Papa a antanke ""ouvriye abil"" Papa a te renmen anpil la e antanke""Pawòl la"", sètadi Pòtpawòl li.","The Son worked joyfully with the Father as the Father's beloved ""master worker"" and as ""the Word,"" his Spokesman.","The Son used to work joyfully with the Father as the ""skill worker"" the Father loved there and as the ""word"", that is to say his Word."
1276,"Kat mwa annapre, mwen te vin nome pyonye espesyal ak sèvitè kongregasyon nan yon ti kongregasyon ki nan vil Spittal an der Drau, yon vil ki nan pwovens Carinthia.","Four months later, I was appointed as a special pioneer and congregation servant in a small congregation in Spittal an der Drau, a town in the province of Carinthia.","Four months later, I was appointed special pioneer and congregation servant in a small congregation in the town of Spittal an der Drau, a town in the province of Carinthia."
1277,"3, 4. a Ki sa ki montre Bib la kondane lè yon moun ap bwè nan pwen pou l sou?","3, 4. a What does the Bible show that drinking to the point of drunkenness condemns?","3, 4. What does the Bible condemn when someone is drinking to the point of being drunk?"
1278,Gen anpil moun ki vin distrè nan kouri dèyè bagay materyèl e ki pa kite je yo fikse sou pri a.,Many people become distracted by the pursuit of material things and do not keep their eyes on the prize.,There are many people who become distracted by the pursuit of material things and do not let their eyes fix on the price.
1279,"Sa klè, Jòb pa t konprann Tonm nan se yon lanfè dife, yon kote li t apral soufri pi rèd.","Clearly, Job did not understand that the Grave was a fiery hell, a place where he would suffer more severely.","Clearly, Job did not understand that hell is a fiery place, where he would not suffer much more."
1280,"Ou pran bèl rad koulè ou yo , ou dekore kote w'ap fè sèvis pou lòt bondye sou tèt mòn yo . Tankou yon fanm k'ap fè jennès , ou kouche la ak dènye moun ki vini .","You took your colorful clothes and adorned your high places on the mountaintops , and like a prostitute you lied there with the last person who came .","Or take your colored dress , or decorate places of worship to other gods on the top of the mountain . Like a loose woman , or lie there with the last person to come ."
1281,"Yon senmenn apre sa , disip Jezi yo te reyini ankò nan kay la . Fwa sa a , Toma te la tou . Tout pòt te fèmen akle . Jezi vini , li kanpe nan mitan yo , li di yo : — Lapè avèk nou .","A week later , again his disciples were together in the house . This time Thomas was there too . The doors were locked . Jesus came and stood among them and said to them , "" Peace be with you . ""","About a week later, the disciples were gathered together again in the house. This time Thomas was with them. All doors were locked. Jesus came and stood in the midst of them, and he said to them, Peace be with you ."
1282,Poukisa li enpòtan pou n fè lafwa n vin pi solid?,Why is it important to strengthen our faith?,Why is it important to make faith more solid?
1283,"Si nou fè zanmi ak monn nan, sa kapab ban nou kèk avantaj, men se pou yon ti tan.","Making friends with the world may bring us some advantages, but only for a short time.","If we make friends with the world, this can give us some advantage, but only temporarily."
1284,"NAN kat Evanjil yo, se Evanjil Mak la ki pi kout.","OF the four Gospels, Mark's Gospel is the shortest.","IN THE four Gospels, the Gospel of Mark is the shortest."
1285,"Poutan, disip Jezi yo ki t ap pale ak moun yo se te Galileyen.","Yet, the disciples of Jesus who were speaking to the people were Galileans.","Nevertheless, the disciples of Jesus who were talking to the people were Galileans."
1286,"Men sa Lee di: Akoz travay mwen, chak jou mwen te rankontre kèk etranje ki vann antrepriz la machandiz kredi.","Lee said: Because of my work, every day I met some foreigners who sold goods to the company on credit.","This is what Lee says: Because of my job, every day I met some strangers who sold the credit merchandise venture."
1287,Gen yon sè ki fè konnen li te konn pè fè kòmantè nan etid Toudegad la.,One sister said that she used to be afraid to comment at the Watchtower Study.,There is a sister who says she was afraid to comment on the study of Toudegad.
1288,"Nan yon vizyon, Jewova fè Pyè konprann byen klè se pa ras yon moun oswa nasyonalite l ki enpòtan pou li.","In a vision, Jehovah made it clear to Peter that a person’s race or nationality are not important to him.","In a vision, Jehovah made it clear to Peter that no one's race or nationality was important to him."
1289,"Anplis, disip Jezi yo montre yo fidèl ak li lè yo reflete kalite li yo nan fanmi yo.","Moreover, Jesus’ followers show their loyalty to him by reflecting his qualities in their families.","Moreover, Jesus' followers show their loyalty to him by reflecting his qualities in their family."
1290,Moun ki te ekri sòm nan te konnen jan pèp Bondye tan lontan an te gen favè Bondye.,The writer of the psalm knew how favored God’s people of old were.,The writer of this psalm knew how God's people of ancient times had His grace.
1291,"Wi, reflechi seryezman sou moun sa a ki te andire jan de pawòl sa yo pechè yo t ap di kont li, pawòl ki kont pwòp enterè yo, pou NOU pa fatige e pou NOU pa dekouraje.","Yes, think seriously about this man who endured such words from sinners, words against their own interests, so that YOU may not grow weary and lose heart.","Yes, think seriously about the man who endured such words so that they would not speak against his own interests, so that WE would not tire out and not be discouraged."
1292,"Kèlkeswa kantite tan nou genyen depi n ap sèvi Jewova, nou chak ka mande tèt nou: 'Èske gen kèk domèn kote m ta dwe imite Jezi plis toujou yon fason pou m kontinye pwogrese nan domèn espirityèl?'","No matter how long we have been serving Jehovah, each of us can ask ourselves, 'Are there areas in which I could imitate Jesus more fully in order to continue to make spiritual progress?'","No matter how much time we have been serving Jehovah, each of us can ask ourselves, Are there some areas where I should imitate Jesus more and more a way to continue to progress in the spiritual realm?"
1293,"Sòlda, agoch: foto U.S.","Soldier, left: US photo","Soldier, agoch: picture U.S."
1294,"Toupatou sou tè a, sèvitè Bondye yo vle pou abiman yo byen ranje, pou l pwòp, pou l akseptab e pou aparans yo kòrèk.","Everywhere on earth, God’s servants want their clothing to be neat, clean, acceptable, and presentable.","Everywhere on earth, God's servants want their clothes to be neat, clean, acceptable and appearance to be correct."
1295,"Veye pou pèsonn pa rann mal pou mal, men toujou chèche fè sa ki bon youn pou lòt e pou tout moun.","See that no one repays evil for evil, but always seek to do what is good for one another and for all.","See to it that no one repays evil for evil, but always seek to do good to one another and to all."
1296,"Èske se pa t ""move rezònman"" ki te pouse moun sa yo aji konsa?","Wasn't it ""bad reasoning"" that drove these people to act this way?",Wasnt it reasonable moves that prompted these people to act like this?
1297,Bib la pa entèdi kretyen yo manje ansanm ak moun ki pa kwayan. — 1 Kor.,The Bible does not forbid Christians from eating with unbelievers.—1 Cor.,The Bible does not prohibit Christians from eating together with unbelievers.  1 Cor.
1298,Ki leson n ka aprann apre n fin n egzamine istwa kat wa Jida yo pale de yo nan atik sa a?,What lessons can we learn from examining the history of the four kings of Judah mentioned in this article?,What lessons can I learn after examining the four kings of Judah I have spoken of in this article?
1299,Ki jan w ka reyisi lavi w pou toutan?,How can you succeed in your life forever?,How can you make your life a success forever?
1300,"An janvye 1965, nou te rive pran kontak ak filyal la.","In January 1965, we were able to contact the branch office.","In January 1965, we arrived to make contact with the branch."
1301,"Menm jan mwen renmen nou an, nou menm tou, se pou nou youn renmen lòt. Se konsa tout moun ap konnen nou se disip mwen, si nou gen lanmou nan mitan nou.","Just as I have loved you, you also are to love one another. By this everyone will know that you are my disciples, if you have love for one another.","As I love you, let us also love one another. And so all will know that you are my disciples, if we have love among us."
1302,"Abram ak Nakò te fè pozisyon . Abram marye ak Sarayi , Nakò marye ak Milka , pitit fi Aran . Aran te gen yon lòt pitit ankò yo te rele Jiska .","Abram and Nahor settled down . Abram married Sarai , Nahor married Milcah , the daughter of Haran . Haran had another son named Iscah .","Abram and Nahor took positions . Abram married Sarai , and Nahor married Milcah , the daughter of Haran . Haran had another son named Issachar ."
1303,Se yon bagay li pa t ap atann ditou.,It was something he didn't expect at all.,If something happens it wont be expected of you.
1304,Se paske kantite tan nou viv fè nou pa wè kesyon tan an menm jan ak Jewova ditou.,It is because the length of our lives has made us not see the issue of time as Jehovah does.,It is only because of the length of time we live that we do not see the question of time in the same way as our Lord.
1305,"Finalman, li te resi aksepte sa jenòm nan t ap di l la, men li te mande malere a pou l peye amann poutèt li pa t gen dokiman legal yo.","Finally, he finally accepted what the young man was telling him, but he asked the unfortunate man to pay a fine for not having the legal documents.","Finally, he received the acceptance of the genome, but he unfortunately asked to pay the fine because he did not have the legal documents."
1306,"Ki jan nou fè egare konsa? Nou konmanse ak pouvwa Lespri Bondye a, kounyeya nou vle fini ak pwòp fòs kouray nou?","How can we be so foolish? We began by the power of the Spirit, and now we want to finish by our own strength?","How do we get so eager? We started with the power of the Spirit, now we want to finish with our own strength?"
1307,"Dayè, Bib la fè konnen: ""Fè awogans, gonfle lestonmak yo sou moun, se sa ase mechan yo ap chache fè. Tou sa se peche."" — Pwo.","After all, the Bible says: “The wicked seek to be arrogant and puffed up with pride. All of this is sin.”—Prov.",The Bible : English &gt; The book of Numbers &gt; The book of Numbers &gt; The book of Numbers &gt; The book of Numbers &gt; The book of Numbers &gt; The book of Numbers &gt; The book of Numbers &gt; The book of Numbers &gt; The book of Numbers &gt; The book of Numbers &gt; The book of Numbers &gt; The book of Numbers &gt; The book of Numbers &gt; The book of Numbers &gt;
1308,"Nan dènye jou n ap viv la yo, ""sila ki gen klèvwayans yo"", sètadi kretyen wen yo,""klere tankou flanbo"" e yo ""fè anpil moun vin ap pratike jistis"". Pami moun sa yo, gen yon""gwo foul"" ""lòt mouton"".","In these last days, “those having insight,” anointed Christians, “shine as illuminators” and “bring many to righteousness.” Among these are “a great crowd” of “other sheep.”","In the last days we are living in, ""the clergy"", that is, the Christians, ""are clear as flambs"" and they ""make many come to practice justice"". Among such people, there is a""great crowd"" of ""other sheep""."
1309,"Leif, ki fèt nan yon peyi ki nan pati nò Ewòp, te kwè anpil nan teyori evolisyon an e li te konsidere Labib kòm yon liv lejann.","Leif, born in a country in northern Europe, strongly believed in the theory of evolution and considered the Bible to be a book of legends.","Leif, born in a country in northern Europe, believed heavily in the theory of evolution and considered the Bible a book of legends."
1310,"Mwen tande yon vwa ki sòti nan mitan kat bèt vivan yo ki t'ap di : — Yon mezi diri pou yon jounen travay . Twa mezi pitimi pou yon jounen travay . Men , pa manyen ni lwil la ni diven an .","heard a voice from the midst of the four living creatures say, ""A measure of rice for a day's work. Three measures of millet for a day's work. But do not touch the oil and the wine.""",I heard a voice from among the four living creatures saying:  One measure of life for one day . Three measure of life for one day . But do not touch the oil or the wine .
1311,"Mete sou sa, priye Jewova konsènan sitiyasyon an.","Also, pray to Jehovah about the situation.","On top of that, pray to Jehovah regarding the situation."
1312,"Sepandan, avèk letan, yo vin itilize mo a pou fè referans ak kay kote moun yo rasanble pou yo adore Bondye.","However, over time, the word came to refer to houses where people gathered to worship God.","However, with time, the word came to be used to refer to the place where people gathered to worship."
1313,"Pou nou koute, sa mande pou nou konsantre, men, efò nou fè nan sans sa a vo lapèn.","Listening requires concentration, but the effort is worth it.","To listen, it takes us to concentrate, but the effort we make in this regard is hardly worth it."
1314,"Lè nou suiv konsèy saj sa a, sa ka evite n fè gwo depans pou zafè tribinal.",Following this wise advice can help you avoid costly legal proceedings.,"By following this wise advice, we can avoid huge costs in court cases."
1315,"Lè sa a , granprèt la chire rad ki te sou li a , li di : L'ap pale mal sou Bondye . Sa nou bezwen lòt temwen fè : Nou fèk tande ak zòrèy nou jan l' pale mal sou Bondye .","Then the high priest tore his clothes and said , "" He has blasphemed . What further need do we have of witnesses ? We have heard with our own ears the blasphemy he has spoken . """,Then the high priest ripped his clothes and said: He speaks blasphemously about God . What we need other witnesses to do is: We have just heard and our ears how he speaks blasphemously about God .
1316,Ki fason nou ka kontrekare lespri monn nan?,How can we counteract the spirit of the world?,How can we counteract the spirit of the world?
1317,"Pa mete nan tèt nou se lapè mwen vin mete sou latè. Mwen pa vin mete lapè, men mwen vin mete divizyon.","Do not think that I have come to bring peace on earth. I did not come to bring peace, but division.","Do not think that I came to put on earth. I did not come to put on stone, but I came to put on division."
1318,"Men, olye de sa, li te remèsye m pou bon travay mwen fè.","But instead, he thanked me for the good work I did.","But instead, he thanked me for the good work I do."
1319,Pye oliv sa a yo plante nan jaden an reprezante akonplisman objektif Bondye anrapò ak alyans li te fè ak Abraram nan.,This olive tree planted in the garden represents the fulfillment of God's purpose in connection with the covenant he made with Abraham.,This olive tree planted in the garden represents the fulfillment of God's purpose in connection with the covenant he made with Abraham.
1320,"Konsa, selon Labib, sèl remèd pou lanmò se rezirèksyon.","Thus, according to the Bible, the only remedy for death is resurrection.","Thus, according to Labib, the only remedy for death is the resurrection."
1321,"Men avètisman yo te jwenn: ""Pinga nou pwoche bò kot bagay nou dwe detwi yo, yon fason pou nou pa vin gen dezi"" pou nou pran kèk nan bagay sa yo.","The warning they found was: ""Do not come near the things that are to be destroyed, so that you do not become greedy"" to take some of these things.","But the warning was found: ""Let us think of the next thing we must destroy, a way that we will not become desires"" to take some of these things."
1322,"Pou fèt lalin nouvèl lan , l'a ofri yon jenn towo bèf , sis ti mouton ak yon belye mouton , yo tout san ankenn enfimite .","For the New Moon Festival he shall offer one young bull , six lambs and one ram , all without blemish .","For the Feast of the New Moon, he offered a calf, six lambs and a ram, all without any disabilities."
1323,"Lè de moun ki marye yo travay ann ekip, y ap tankou de moun k ap dirije yon avyon ki suiv menm plan pou yo rive kote yo prale a.","When two married people work as a team, they are like two pilots flying an airplane, following the same plan to reach their destination.","When two couples work as a team, they're like two people driving an airplane following the same plan to get where they're going."
1324,Ti pale sa a te bay bon rezilta. Kòlèg la te enpresyone pou efò Kyle te fè pou l rezoud pwoblèm nan.,This small talk paid off. The colleague was impressed by Kyle's efforts to resolve the problem.,This small talk gave good results. The colleague was impressed by Kyles efforts to resolve the problem.
1325,"Dallin H. Oaks, ""No Other Gods,"" Ensign oswaLiahona, Nov. 2013, 72–75;","Dallin H. Oaks, ""No Other Gods,"" Ensign or Liahona, Nov. 2013, 72–75;","Dallin H. Oaks, ""No Other Gods,"" Ensign or Liahona, Nov. 2013, 7275;"
1326,"Kounye a, nou rive nan kesyon prensipal la: Poukisa ""Jij tout tè a"" te soumèt limanite anba lavi sa a ki chaje ak lapenn epi ki bay desepsyon?","Now, we come to the main question: Why did the ""Judge of all the earth"" subject humanity to this life filled with sorrow and disappointment?",Now we come to the main question: Why has The Judge of the whole earth subjected humanity to this life of sorrow and disappointment?
1327,"Nan lòt bò a, gen Jewova, Jezi Kris, Wa nou an, kretyen Bondye chwazi ki deja resisite nan syèl la ak plizyè milye zanj.","On the other side are Jehovah, our King Jesus Christ, anointed Christians already resurrected to heaven, and thousands of angels.","On the other hand, there are Jehovah, Jesus Christ, our Lord, God's chosen Christians who have already been resurrected in heaven with thousands of angels."
1328,Pèsonn pa ka anpeche Jewova reyalize objektif li.,No one can stop Jehovah from fulfilling his purpose.,No one can stop Jehovah from achieving his purpose.
1329,"Mwen te la lè li t'ap mete syèl la nan plas li , lè li t'ap trase liy kote syèl la kontre ak latè a .","I was there when he was setting the heavens in their place, when he was drawing the line where heaven meets earth.","I was there when he put the sky in its place, when he drew the line where the sky meets the earth."
1330,""" Gade ki jan yon seri de tradiksyon Labib tradui Efezyen 1: 7: ""Gremesi Kris ki mouri pou nou an, nou delivre, nou resevwa padon pou peche nou yo.","See how a number of Bible translations translate Ephesians 1:7: Through Christ who died for us, we have redemption, the forgiveness of our sins.","Note how a series of Bible translations translate Ephesians 1:7: By him Christ died for us, we are redeemed, we receive the forgiveness of our sins."
1331,"Si se ak pwòp efò pa nou, nou pap janm ka retire tach peche a kite.","If it is by our own efforts, we will never be able to remove the stain of sin.","If not with our own efforts, we will never be able to remove the stain of the kite."
1332,Mesye a te kontan e sa te pouse l ekri pawòl nou sot mansyone la yo nan yon lèt li te voye nan Sal Wayòm Temwen Jewova ki nan zòn nan.,The man was delighted and was moved to write the above-mentioned words in a letter he sent to the local Kingdom Hall of Jehovah’s Witnesses.,The gentleman was delighted and prompted to write down our words from the mention in a letter he sent to the local Kingdom Hall of Jehovah's Witnesses.
1333,Ki sa nou chak dwe fè?,What should each of us do?,What do we each have to do?
1334,Se nan okazyon kote Jezi te antre nan tanp lan e li te chase ni moun ki t ap achte ni moun ki t ap vann nan tanp lan.,It was on this occasion that Jesus entered the temple and drove out those who were buying and selling in the temple.,Only on that occasion did Jesus enter the temple and expel neither those who were buying nor those who were selling in the temple.
1335,"Li di yo tou : — Nou byen konnen jan pou nou vire kòmandman Bondye yo voye jete , pou nou ka kenbe pwòp pawòl pa nou yo .","He also said to them: — You know how to set aside the commandment of God, that you may keep your own sayings.","He also said:  We know how to turn Gods commands away, so that we may keep our own word ."
1336,"Kit nou rich, kit nou pòv, kit nou jèn, kit nou gen anpil laj sou tèt nou, kit nou an sante, kit sante nou pa bon, nou kapab gen yon relasyon sere sere ak Jewova.","Whether we are rich or poor, young or old, healthy or unhealthy, we can have a close relationship with Jehovah.","We are rich, we are poor, we are young, we are overweight, we are healthy, our health is not good, we can have a close relationship with God."
1337,"Nou menm , moun Siyon yo , fè fèt ! Fè kè nou kontan poutèt sa Senyè a , Bondye nou an , fè pou nou . Li ban nou kantite lapli nou te bezwen nan sezon lotòn . Li ban nou gwo lapli loray ak lapli nan sezon prentan , jan l te konn fè l anvan an .","Rejoice , O daughter of Zion , and be glad in the LORD your God , who has given you the autumn rain , the first rain , and the latter rain , as he has given you before .","We , the people of Zion , celebrate ! Make our hearts rejoice because of what the Lord our God has done for us . He gives us the amount of rain we need in the autumn season . He gives us the heavy rains and the spring rains , as he has done before ."
1338,"Bondye rele vout la syèl . Yon lannwit pase , yon maten rive . Se te dezyèm jou a .","God called the expanse sky. There was evening and there was morning, the second day.","God cried out to the sky . One night passed , one morning came . It was the second day ."
1339,N ap pi byen konprann pawòl Jezi ki rapòte nan Lik 6: 35 lan lè nou al gade sa k te di nan Lwa Moyiz la.,We can better understand Jesus’ words recorded at Luke 6:35 by considering what was said in the Mosaic Law.,We will better understand Jesus' words related in Luke 6:35 when we look at what he said in the Law.
1340,"Byenke Jewova vrèman elve, moun ki gen kè sensè ki vle pwoche bò kote l kapab fè sa.","Although Jehovah is truly exalted, sincere people who want to draw close to him can do so.","Although Jehovah really is elevated, sincere people who want to draw close to him can do so."
1341,"Apot Pyè te ankouraje ansyen yo tou pou yo pa ""chèche jwenn avantaj nan move kondisyon"", men pou yo pran swen twoupo a""avèk anpresman"".",The apostle Peter also urged elders not to “seek advantage by means of dishonest gain” but to “care for the flock” “with eagerness.”,"The Apostle Peter also urged the elders not to ""seek advantage in bad conditions"", but to take care of the troupe""with an impresman""."
1342,Pawòl Bondye a te rive penetre yon dirijan akoz yon bon defans Pòl te prezante.,The word of God was able to penetrate a leader because of a good defense presented by Paul.,The word of God penetrated a leader because of Paul's good defense.
1343,Kenbe entegrite nou antanke kretyen pi enpòtan lontan pase vin popilè nan je moun ki pap viv ann amoni ak lwa Jewova yo.,Maintaining our integrity as Christians is far more important than being popular in the eyes of those who do not live by Jehovah’s laws.,Maintaining our integrity as Christians is far more important than wines popular in the eyes of those who do not live in harmony with the laws of Jehovah.
1344,"L'a sove lavi tout moun ki nan bezwen. — Sòm 72: 12, 13.","He will save the lives of all who are in need. —Psalm 72:12, 13.","He saves the lives of all who are in need.  Psalm 72:12, 13."
1345,"Nou dwe retire rankin, move san ak tout kalite mechanste nan nou.","We must remove resentment, bad blood, and all kinds of cruelty from ourselves.","We must remove rankin, blood move and all kinds of mechanste from us."
1346,"Lè nou konn sa ki gen priyorite, nonsèlman sa ka ankouraje nou pou n bay sèvis Jewova a plis tan, men sa ap ede nou tou pou nou jwenn tan pou etid pèsonèl nou.",Knowing what our priorities are can not only motivate us to devote more time to Jehovah’s service but also help us to find time for personal study.,"Knowing what has priority will not only encourage us to devote more time to the service of Jehovah, but it will also help us to find time for our personal study."
1347,"Pen yo te genyen nan moman sa a, se menm kalite pen yo te fèk itilize pou Pak la.",The bread they had at that time was the same kind of bread that had just been used for the Passover.,"Bread was available at the time, if the same type of bread had just been used for the Passover."
1348,Ki responsablite tout entandan Bondye yo genyen?,What is the responsibility of all of God's stewards?,What responsibilities do all of God's servants have?
1349,Èske m ka tounen semèn pwochèn pou m ka montre w rezon ki fè nou sèten Bondye pral mete fen nan tout soufrans talè konsa ?,Can I come back next week to show you why we can be sure that God will end all suffering soon?,Can I come back next week and show you why we are certain that God will end all suffering so soon?
1350,"Lanmou se yon pati nan ""fwi lespri a"".","Love is part of the ""fruit of the spirit.""","Love is part of the ""fruit of the Spirit""."
1351,"Bondye menm gen pouvwa pou l' ban nou tout kalite benediksyon an kantite . Li fè sa , pa sèlman pou nou ka toujou genyen tou sa nou bezwen , men pou nou ka gen rès ki rete pou n' fè tout kalite bon zèv .","And God is able to make all blessings abound to us, so that always having all we need, we may have an abundance for every good work.","God himself has the power to give us all kinds of blessings in abundance. He does this, not only so that we may always have all we need, but so that we may have the rest left over to do all kinds of good works ."
1352,"Menm jan ak Mat, ki evènman k ap bay kè kontan w ap tann?","Like Martha, what joyful event are you looking forward to?","Like Matt, what exciting event are you waiting for?"
1353,31 Èske latè pral detwi?,31 Will the earth be destroyed?,31 Will Earth be destroyed?
1354,"Ezekyas , wa peyi Jida a , te bay mil ( 1.000 ) towo bèf ak sètmil ( 7.000 ) mouton pou yo bay pèp la manje . Lòt otorite yo menm bò pa yo te bay mil towo bèf ak dimil mouton . Anpil prèt te mete tèt yo nan kondisyon pou sèvis Seyè a .",Hezekiah king of Judah gave a thousand bulls and seven thousand sheep to the people . The other officials gave a thousand bulls and ten thousand sheep . Many priests consecrated themselves to the Lord .,"Hezekiah , the king of Judah , gave one thousand oxen and seven thousand sheep to feed the people . Other authorities on the same side gave one thousand oxen and ten thousand sheep . Many priests put themselves in condition for the service of the Lord ."
1355,"Elizabèt te demontre li fidèl nan yon lòt sans, e li merite felisitasyon pou sa.","Elizabeth proved faithful in another way, and she deserves commendation for that.","Elizabeth has been faithful in another sense, and she deserves congratulations for that."
1356,"Lè nou kontinye sèvi Jewova malgre nou pèdi anpil bagay nan domèn materyèl, ki sa nou montre?","When we continue to serve Jehovah despite material losses, what do we demonstrate?","By continuing to serve Jehovah despite material losses, what do we show?"
1357,Jewova pap abandone w,Jehovah will not abandon you.,Jehovah has not abandoned you
1358,Jewova te kreye lèzòm pòtre ak li e l ba yo kapasite espirityèl pou yo santi lanmou l ak fason l ap pran swen yo epi pou yo reyaji ak sa.,Jehovah created humans in his image and gave them the spiritual capacity to feel and respond to his love and care.,Jehovah created humans in his image and gave them the spiritual capacity to feel his love and the way he cares for them and to react to it.
1359,"Jodi a, annou bay ""yon atansyon ki plis pase sa nou abitye bay""","Today, let's give ""more attention than we are used to""","Today, let's give ""an attention that is more than what we are accustomed to give"""
1360,"Konsa, Jewova kanpe bò kote nou.","So, Jehovah stands by us.","Thus, Jehovah stands beside us."
1361,"Byenke Jewova te pèmèt yo gen yon moun kòm wa sou tèt yo, li te fè Samyèl avèti yo pou yo pa kouri dèyè ""vanite"", sa vle di dèyè bagay ki pap itil yo anyen. — Li 1 Samyèl 12: 21.","Although Jehovah allowed them to have a human king, he had Samuel warn them not to pursue “vanity things,” that is, things that would not benefit them. —Read 1 Samuel 12:21.","Although Jehovah had allowed them to have someone as their king, he had Samuel warn them not to pursue ""vanity"", that is, after things that are useless to them.  Read 1 Samuel 12:21."
1362,Ki sa k ka ede timoun yo devlope bon abitid pou yo etidye?,What can help children develop good study habits?,What can help children develop good study habits?
1363,Li te aji san pitye e li pa t montre li te regrèt sa l te fè a.,He acted ruthlessly and showed no remorse for what he had done.,He acted ruthlessly and did not show he regretted what he did.
1364,"Blese a geri lè l resisite sou twazyèm jou a e rezirèksyon sa a tou trase wout pou gen yon aksyon definitif ki fèt kont ""sila ki gen mwayen pou fè moun mouri a, anpalan de Dyab la"". — Ebre 2: 14.","The wounded one is healed by his resurrection on the third day, and this resurrection also paves the way for definitive action to be taken against “the one having the means to cause death, that is, the Devil.”—Hebrews 2:14.","The wound heals when he is raised on the third day and this resurrection also paves the way for a definite action against ""the power of death, like the devil"".  Hebrews 2:14."
1365,"Sepandan, kretyen yo rekonèt se sèl Wayòm Bondye a ki ka rezoud pwoblèm lèzòm yo e ki ka garanti vrè jistis la.","However, Christians recognize that only God’s Kingdom can solve mankind’s problems and guarantee true justice.","However, Christians are recognized as the only Kingdom of God that can solve human problems and guarantee true justice."
1366,"Lè yon moun di : Mwen menm , mwen konn Bondye , epi pou anmenmtan an li pa fè sa Bondye mande l fè a , moun sa a se yon mantò . Verite a pa nan li .","If someone says , "" I know God , "" and does not do what God commands , that person is a liar , and the truth is not in him .","When someone says: I know God , and yet he does not do what God asks him to do , that person is a liar . The truth is not in him ."
1367,"Li te fè l konnen li pa t'ap mouri san l pa wè Kris la , moun Bondye te chwazi pou l voye a.","He told him that he would not die before he had seen the Christ, the one whom God had chosen to send.","He told him that he would not die without seeing the Christ, whom God chose to send."
1368,"Apre sa li gade m epi li di m: ""Samdi pwochen se ou menm k ap fè diskou a.""","Then he looked at me and said, ""Next Saturday, you're the one giving the speech.""","Then he looked at me and said, Tomorrow Saturday you will be the one to give the speech."
1369,"Vejetasyon ki te vin pouse yo, jan nou wè sa nan Jenèz 1: 11, 12, kontribye pou fè gen anpil oksijèn ki disponib.","The vegetation that grew, as we see at Genesis 1:11, 12, contributed to the abundance of oxygen available.","The growing vegetation, as we see in Genesis 1:11, 12, contributes to making abundant oxygen available."
1370,Èske w kwè Jezi pral resisite moun ki mouri yo?,Do you believe that Jesus will resurrect the dead?,Do you believe Jesus will raise the dead?
1371,"Nou menm , nou di : Nan kat mwa ankò , nou pral fè rekòt . Enben , mwen menm , mwen di nou : Pwonmennen je nou gade jaden yo byen . Rekòt yo gentan pare , yo bon pou ranmase .","You say , "" In four months , and then the harvest will come . "" But I tell you , "" Look around and see the fields , for they are already white for harvesting .","Well , we say: In four months , we will be harvesting . Well , I say to you: First we look at the fields well . The harvests are gentlemen ready , they are ready for harvesting ."
1372,Yon bon anseyan bay bon egzanp.,A good teacher sets a good example.,Yon bon anseyan bay bon egzanp.
1373,Gade sa yo di nan dènye pati vèsè a.,Look at what is said in the last part of the verse.,Look at what they say in the last part of the verse.
1374,"Kidonk, pinga pèsonn chèche jwenn glwa nan men lèzòm. Paske, tout bagay se pou NOU.","Therefore, let no one seek glory from men, for all things are yours.","Therefore, ask no one to seek glwa in the hands of men. For everything is for OURSELF."
1375,"Kounyeya , bay lòd pou yo pran tout bèt nou gen nan jaden ak tout lòt bagay nou gen deyò mete yo anndan kay pou pwoteje yo . Paske , yon gwo lagrèl pral tonbe sou tout moun ak sou tout bèt ki deyò . Yo pral mouri .","Now therefore command that all your livestock which are in the field and all your goods which are in the field be brought into the house for protection , for there will be a great hailstorm upon all men and beasts which are in the field , and they shall die .",Now order that all the animals we have in the garden and everything else we have outside put them inside to protect them . Because a freeze will fall on everyone and on all the animals outside . They will die .
1376,Bondye bay nou chak valè lefètke l ban nou libète pou nou deside.,God gives each of us value by giving us freedom to decide.,God gives us every single thing in value by giving us the freedom to choose.
1377,"Avèk Bondye bò kote nou , n'a fè bèl bagay nan lagè . Se li menm k'ap kraze lènmi nou yo anba pye l' .","With God on our side , we will do valiantly in battle , and he will crush our enemies under our feet .","With God on our side , we will do marvels of war . And he himself will crush our enemies under his feet ."
1378,"Nan 2 Pyè 1: 5 - 7, yo mansyone metriz, ki gen ladan l kapasite yon moun genyen pou l di non, ansanm ak lafwa, moralite, konesans, andirans, atachman pou Bondye, afeksyon fratènèl ansanm ak lanmou.","At 2 Peter 1:5-7, self-control, which includes the ability to say no, is mentioned along with faith, morality, knowledge, endurance, godly devotion, brotherly affection, and love.","In 2 Peter 1: 5 - 7, they mention mastery, including the ability to say no, along with faith, morality, knowledge, endurance, attachment to God, brotherly affection and love."
1379,"E kanta pou fòs ponyèt Jewova, pou ki moun li te fè l parèt aklè?' .","And as for the strength of Jehovah's arm, to whom has he made it manifest?' .","And to the strength of the hand of the Lord, to whom has he made his appearance? ."
1380,Ki fason ou kapab montre w dilijan nan travay predikasyon an?,How can you show diligence in the preaching work?,How can you show diligence in the preaching work?
1381,"Yon bon fason nou kapab vin konnen ki kalite Papa Jewova ye, se lè nou reflechi sou sa Jezi te revele konsènan vrè Dye a.",A good way to get to know what kind of Father Jehovah is is to reflect on what Jesus revealed about the true God.,One of the best ways we can come to know the kind of Father that Jehovah is is by reflecting on what Jesus revealed regarding the true God.
1382,Sa k fè nou di sa se paske Jewova te sèvi avè l pou ekri istwa enspire sa a.,We can say this because Jehovah used him to write this inspired account.,That's because Jehovah used him to write this inspired story.
1383,"Te gen anpil prèt , anpil moun Levi ak anpil chèf fanmi ki te fin vye granmoun . Yo te konnen ansyen Tanp lan anvan li te kraze . Lè yo wè fondasyon Tanp lan ap moute ankò devan je yo , genyen ki te dlo nan je . Men anpil lòt t'ap rele sitèlman yo te kontan .","There were many priests , Levites , and heads of fathers ' houses who were old . They had known the old temple before it was destroyed . When they saw the foundation of the temple being rebuilt before their eyes , some wept . But many shouted for joy .","There were many priests , many Levites and many elders . They knew the old temple before it was demolished . When they saw the foundation of the temple rising again before their eyes , tears filled their eyes . But many others shouted so they rejoiced ."
1384,"Li klè, Bib la pale de Satan kòm yon kreyati espirityèl ki reyèl.","Clearly, the Bible speaks of Satan as a real spirit creature.","Clearly, the Bible speaks of Satan as a real spirit creature."
1385,"Jodi a, nan dènye akonplisman pwofesi sa a, se pa yon nasyon an patikilye k ap benefisye jistis san patipri Bondye a, men se moun ki soti nan tout nasyon.","Today, in the final fulfillment of this prophecy, it is not one particular nation that benefits from God’s impartial justice, but people from all nations.","Today, in the last fulfillment of this prophecy, not a particular nation is benefiting from the impartial justice of God, but people from all nations."
1386,Lanmò Jezi se evènman ki pi enpòtan nan listwa. Jezi te mouri pou l ka fè lavi lèzòm tounen jan l te dwe ye a.,The death of Jesus is the most important event in history. Jesus died to restore human life to its rightful place.,Jesus' death is the most important event in history. Jesus died so that human life could be restored to what it was supposed to be.
1387,"Apre l fin priye Jewova, li te santi kè l poze.","After praying to Jehovah, he felt peace.","After praying to Jehovah, he felt at peace."
1388,"Kidonk, byenke Enòk pa t gen tout konesans nou genyen jodi a, li te gen ase konesans pou l poze fondman pou yon fwa solid.","So, although Enoch did not have all the knowledge we have today, he had enough knowledge to lay the foundation for a solid faith.","Thus, although Enoch did not have all the knowledge we have today, he did have enough knowledge to lay the foundation for a solid time."
1389,"Se sa k fè, omwen kat ladan yo, tankou Filisti, Mowab, Amòn ak Edòm, sispann egziste antanke pèp.","As a result, at least four of them, including Philistia, Moab, Ammon, and Edom, ceased to exist as peoples.","Thus, at least four of them, such as Philistines, Moabites, Ammonites and Edomites, ceased to exist as peoples."
1390,Poze etidyan an kesyon pou w ede l konprann tèks biblik kle yo e pou l aplike yo pèsonèlman.,Ask the student questions to help him understand key Bible texts and apply them personally.,Ask students questions to help them understand key Bible texts and apply them personally.
1391,Vi yo pa fonde sou kondisyon enstab ki gen nan sistèm de choz sa a.,Their lives are not based on the unstable conditions of this system of things.,Because they are not based on the unstable conditions of this system of choz.
1392,Pawòl Bondye a gen pouvwa',The Word of God has power',The word of God is empowered
1393,"Apolòs te ""chofe anpil grasa lespri a"", e""li t ap anseye bagay ki konsène Jezi yo avèk presizyon"".","Apollos was “aglow with the spirit,” and “he was teaching the things about Jesus with accuracy.”","Apollos was ""heated by the grace of the Spirit"", and ""he was teaching things concerning Jesus accurately""."
1394,Sa ki te rive premye kretyen yo montre sa byen.,What happened to the early Christians illustrates this well.,What happened to the first Christians is a good example.
1395,"Konsa, sa pwofèt Ezayi te di a rive vre pou yo: N'a tande nan zòrèy nou, men, nou p'ap konprann. N'a gade ak je nou, men, nou p'ap wè.","And in them is fulfilled what was spoken by the prophet Isaiah: ""You will indeed hear, but you will not understand; you will indeed see, but you will not perceive.""","Thus, what was spoken through the prophet Isaiah is fulfilled for them: You will hear, but you will not understand. You will look with your eyes, but you will not see."
1396,"Apre sa , Amasya voye misyon bay Joas , pitit Joakaz , pitit pitit Jeou , wa peyi Izrayèl la , li mande l batay .","Then Amaziah sent messengers to Joash , the son of Jehoahaz , the son of Jehu , king of Israel , to invite him to battle .","Then Amaziah sent messengers to Joash , the son of Jehoahaz , the grandson of Jehu , the king of Israel , to ask him to fight ."
1397,Èske w sèten ou vle voye lèt sa yo kòm kourye elektwonik?,Are you sure you want to send these letters as emails?,Are you sure you want to send these letters as e-mail?
1398,"Revelasyon 21: 3, 4 bay plis detay. Men sa li di: Bondye li menm ap avèk [limanite].","Revelation 21:3, 4 gives further details. It says: “God himself will be with [mankind].","Revelation 21:3, 4 gives more detail. Here it says: God himself is with [limitation]."
1399,YON SOLISYON: Santi w alèz pou w pale ak konjwen w sou sa ki enkyete w.,A SOLUTION: Feel free to talk to your spouse about your concerns.,Solution: Feel comfortable talking to your spouse about your concerns.
1400,Paske li pat twonpe Bondye ki te chwazi l pou travay sa a. Li fè travay li byen tankou Moyiz ki te fè tout travay li byen nan kay Bondye a.,"Because he did not deceive God who chose him for this work. He did his work well, just as Moses did all his work well in the house of God.","Because he did not deceive God who chose him for this work. He does his work well, just as Moses did all his work well in the house of God."
1401,"Pou yon moun reyisi, sa depann anpil de sa li bay priyorite nan lavi l.","For a person to succeed, it depends a lot on what they prioritize in their life.","For a person to succeed, it depends very much on what he prioritizes in his life."
1402,"Li reponn Jezi : - Mèt , mwen swiv tout bagay sa yo depi m' te ti katkat .","He answered Jesus, ""Teacher, I have kept all these things since I was a child.""","He said to Jesus, Teacher , I have followed all these things since I was little ."
1403,"Pami tout bèt toupatou sou latè ki mache sou vant , men sa ki pa bon pou nou manje : tout kalite zagoudi , sourit ak leza ,","Of all the animals that walk on their backs, these are the ones that you may not eat: all kinds of lizards, mice, and lizards,","Among all the animals all over the world that walk on stomach, but not good for us now : all kinds of spells , mice and lilies ,"
1404,"Sepandan, si nou bliye vrè objektif nou genyen an e si nou pa rete fèm nan fason nou te kenbe ""lavi toutbon an"", gen yon danje ki pare ap tann nou.","However, if we forget our true purpose and if we do not remain steadfast in the way we have held on to ""real life,"" there is danger waiting for us.","However, if we forget the real purpose we have and we do not remain steadfast in the way we have maintained ""the life of the child"", there is a danger waiting for us."
1405,"Se pou nou rekonèt Seyè a , Bondye nou an , se sèl Bondye ki genyen , sèl Bondye k'ap toujou kenbe pawòl li . Wi , l'ap toujou kenbe kontra li pase a . L'ap toujou renmen moun ki renmen l' , moun ki fè tou sa l' mande yo fè , de pitit an pitit , pandan mil jenerasyon .","Know that the Lord our God is God, the faithful God. He keeps his covenant of love with those who love him and keep his commandments, to a thousand generations, to a thousand generations.","Let us know that the Lord our God is the only God , the only God who keeps his word . Yes , he keeps his covenant . He always loves those who love him , those who do what he asks them to do , from generation to generation , for thousands of generations ."
1406,"Aprann pitit ou gen imilite (paran), N6","Teach your children to be humble (parents), N6","Learn your child's generosity (parent), N6"
1407,"Nan Jan 5: 22, 23, men pawòl Jezi te di ki ede n byen konprann sa: Papa a pa jije pèsonn, men li remèt tout jijman an nan men Pitit la, yon fason pou tout moun ka onore Pitit la menm jan yo onore Papa a.","At John 5:22, 23, Jesus’ words help us to understand this clearly: The Father judges no one, but has committed all judgment to the Son, so that all may honor the Son just as they honor the Father.","In John 5:22, 23, Jesus' words help us to understand this: The Father judges no one, but he entrusts all judgment to the Son, so that everyone may honor the Son just as they honor the Father."
1408,"Apre Jezi te fin bay egzanp pye rezen an, li te fè konnen, antanke moun k ap preche mesaj Wayòm nan, n ap gen kè kontan.","After giving the illustration of the vine, Jesus indicated that as Kingdom proclaimers, we will be happy.","After Jesus gave the illustration of the vine, he said, as preachers of the kingdom message, there will be joy."
1409,Yo te pale l nan nò Mezopotami ak ozanviwon ansyen vil Antyòch kote te gen anpil moun ki vin kwè nan bon nouvèl la nan premye syèk epòk nou an.,"It was spoken in northern Mesopotamia and around the ancient city of Antioch, where many people came to believe in the good news in the first century C.E.","They lived in northern Mesopotamia and around the ancient city of Antioch, where many believed in the gospel in the first century CE."
1410,"Men kounyeya , Timote fenk rive sot lakay nou , li fè kè m kontan , li ban m bòn nouvèl , li di m jan nou gen konfyans ak renmen . Li di m jan nou menm tou nou toujou chonje m , jan nou anvi wè m , menm jan mwen menm mwen anvi wè nou .","But now Timothy has come from you and has made me glad and has brought me good news and has told me about your faith and love , how you always remember me and long to see me , just as I also long to see you .","But now Timothy has just arrived from home , he is very happy , he brought me the good news , he told me about your faith and love . He told me how you also always remember me , how you longed to see me , as I longed to see you ."
1411,"Depi lè sa a , moun pèp Izrayèl yo vire do bay moun fanmi David yo jouk jounen jòdi a .","From that time on , the people of Israel rebelled against the house of David to this day .","From then on , the people of Israel turned to the people of David until this day ."
1412,"""Kouri yon fason pou n ka genyen l.""",Run in a way that we can win it.,Run some way to win it.
1413,"Li mande yo : — Kilè ti gason an refè ? Yo reponn li : — Yè apremidi , bò inè konsa , lafyèb la tonbe .","He asked them, ""When did the boy get better?"" They replied, ""Yesterday afternoon, at about one o'clock, the fever left him.""","He asked them:  When did the boy recover ? They said to him:  Yesterday afternoon , around this time , the fever fell ."
1414,"Pa gen dout nou tout nou dakò ak prensip ki vle pou nou pwòp ni nan domèn fizik, ni nan domèn moral, ni nan domèn espirityèl la yon fason pou nou ka fè Bondye plezi.","No doubt we all agree with the principle that we need to be clean physically, morally, and spiritually in order to please God.","There is no doubt that all of us agree with the principle that wants to be our own either physically, morally, or spiritually in a way that we can please God."
1415,"Men, kiyès k ap fè premye pa pou yo retounen byen ankò e pou yo fè lapè?",But who will take the first step to return to good health and make peace?,But who will be the first not to return safely again and to make peace?
1416,"L'ap pran pitit fi nou yo pou fè odè , pou fè manje ak pou fè pen pou li .","He will take our daughters to make perfumes, to cook food, and to bake bread for him.","It takes our daughter to smell, to cook and to make bread for her."
1417,"Benediksyon pou nou menm ki grangou kounyeya, paske n'a jwenn manje an kantite. Benediksyon pou nou menm k'ap kriye kounyeya, paske nou pral nan kè kontan.","Blessed are you who are hungry now, for you will be filled. Blessed are you who are weeping now, for you will be filled with joy.","Happy are you who are hungry now, for you will find plenty of food. Happy are you who weep now, for we will be filled with joy."
1418,Nou gen ankò lapen ki remoute manje men ki pa gen zago fann an de . Vyann li pa bon pou nou manje .,We also have rabbits that chew their food but do not have cloven hooves. Their meat is not good for us to eat.,We still have rabbits that rotate right now but have no legs. The meat is not good for us right now .
1419,"Men , Bondye ki moutre jan li ka meprize grannèg yo , li menm ki fè yo moute desann nan dezè a , san yo pa konn kote yo prale a ,","But God, who shows how to despise the great, makes them wander in the wilderness, not knowing where they are going,","But the God who teaches them how to despise the elders, he is the one who leads them upward into the wilderness, without knowing where they are going,"
1420,De ki bagay pwofon Pòl te pale nan twazyèm chapit lèt li te ekri kretyen Efèz yo?,What profound things did Paul discuss in the third chapter of his letter to the Ephesians?,What did Paul profoundly talk about in the third chapter of his letter to the Ephesians?
1421,Yon bon nouvèl pou moun ki pòv yo,Good news for the poor,A good news for the poor
1422,"Apre pitit gason Jakòb yo te fin fè yon vwayaj byen long ap mache, yo te rive ann Ejip.","After a long journey, Jacob's sons arrived in Egypt.","After the sons of Jacob had made a long journey, they arrived in Egypt."
1423,"Malerezman, jenerasyon ki te nan dezè a pa t montre li enterese gen yon wayòm ki t ap yon modèl pou lòt nasyon yo e ki t ap anba dominasyon Bondye.","Unfortunately, the generation in the wilderness showed no interest in having a kingdom that would be a model for other nations and that would be under God's rule.","Unfortunately, the generation in the wilderness did not show interest in having a kingdom that would not be a model for the nations and would not be under the domination of God."
1424,"Men, Ouchayi te ret fidèl, li te yon moun ki te dispoze riske lavi l pou l fè yon misyon ki t apral kraze konplo ki te fèt la.","But Oushayi remained loyal, a man willing to risk his life to carry out a mission that would foil the plot.","But Hushai remained faithful, a man willing to risk his life to do a mission that would break the conspiracy."
1425,"Sepandan, li te mande l pou l vann tout sa li te genyen pou l te bay pòv lajan an.","However, he asked him to sell everything he had and give the money to the poor.","However, he asked her to sell all she had in order to give the poor money."
1426,"Fi farawon an di manman an konsa : - Pran ti pitit sa a , mete l' nan tete pou mwen . m'a peye ou pou sa . Madanm lan pran ti pitit la , li ba l' tete .","Pharaoh's daughter said to the mother, ""Take this child and nurse him for me. I will pay you for it."" The woman took the child and nursed him.","Pharaoh 's daughter said to the mother ,  Take this child and nurse it for me . I will pay you for it . The woman took the child and gave it to him ."
1427,Poukisa nou kapab di Salomon se yon bon egzanp pou nou?,Why can we say that Solomon is a good example for us?,Why can we say that Solomon is a good example for us?
1428,"Lè nou ansanm avèk yo nan reyinyon oswa nan asanble, nou kapab ba yo bonjan ankourajman.","When we are with them at meetings or assemblies, we can give them valuable encouragement.","By joining them at meetings or assemblies, we can give them strong encouragement."
1429,"Pa gen anyen nan antèman yon kretyen ki ta dwe twouble konsyans lòt kwayan ki la yo oswa ki ta dwe fè lòt moun trebiche, anpalan de moun ki konnen kwayans ak ansèyman nou yo anrapò ak mò.","There is nothing in a Christian funeral that should disturb the consciences of other believers present or that should stumble others, including those who are aware of our beliefs and teachings regarding the dead.","There is nothing in the burial of a Christian that should disturb the consciences of other believers or that should disturb others, such as those who know our beliefs and teachings in relation to us."
1430,"Antretan, mwen te kontinye mennen aktivite m chak jou e mwen pa t kwè yo t ap rele m.","In the meantime, I continued to carry out my daily activities and did not believe they would call me.","Meanwhile, I continued to conduct my activities every day and I don't think they would call me."
1431,"Poutèt sa, granmoun ki pami nou yo kapab fè menm priyè sa a salmis la te fè nan moman li te kòmanse vin granmoun: Se ou menm ki espwa m, o Souvren Seyè Jewova [...] Pa voye m jete lè m vin granmoun.","Therefore, the elderly among us can pray as the psalmist did when he began to grow old: “You are my hope, O Sovereign Lord Jehovah . . . Do not throw me away in the time of old age.”","Therefore, the elderly among us can say the same prayer that the psalmist did at the time he began to grow old: If you are my hope, O Sovereign Lord Jehovah [...] Do not cast me away when I grow old."
1432,"Seyè a voye yon moun pou sove pèp la . Se konsa , moun peyi Izrayèl yo soti anba men pèp Siri a . Yo tanmen viv ankò ak kè poze tankou anvan .","The Lord sent a deliverer to the people , and the people of Israel escaped from under the hand of the Syrians , and they lived in peace again , as before .",The Lord sent a deliverer to the people of Israel . And the people of Israel went out from the hand of the Syrians . They were buried alive and peacefully as before .
1433,"Men sa nou jwenn nan Eklezyas 12: 1: ""Pandan ou jenn gason an, pa janm bliye Bondye ki te kreye ou la.""","Here is what we find in Ecclesiastes 12:1: ""While you are young, never forget your Creator.""","This is what we find in Ecclesiastes 12: 1: You young man, do not forget the God who created you there."
1434,Poukisa li saj pou nou pa vanje lè y ap pèsekite nou?,Why is it wise not to retaliate when we are persecuted?,Why is it wise for us not to avenge when we are being persecuted?
1435,"Men sa Pyè te ekri: 'Toutotan mwen poko mouri, mwen kwè se yon devwa pou m fè nou chonje bagay sa yo pou dòmi pa pran nou.","Peter wrote: 'I consider it right, while I am still alive, to remind you of these things so that you may not fall asleep.'","This is what Peter wrote: Even though I am not yet dead, I believe it is my duty to remind you of things so that you do not fall asleep."
1436,Poukisa fason Jonatan te reyaji anvè David la te diferan nèt ak fason Abnè te reyaji anvè David la?,Why was Jonathan's reaction to David so different from Abner's?,Why was the way Jonathan reacted to David completely different from the way Abner reacted to David?
1437,"Kidonk, ann kontinye batay!","So, let's keep fighting!","Kidonk, ann keep fighting!"
1438,"Men non pitit Eyoud yo : Naaman , Ajija ak Gera . Yo te chèf branch fanmi ki t'ap viv nan zòn Geba a . Apre sa , yo mete yo deyò , y'al rete Manarat . Se Gera , papa Ouza ak Akiyoud , ki te mennen yo al rete Manarat la .","The sons of Ehud : Naaman , Ahijah , and Gera . They were heads of families living in the area of Geba . They were then driven out and settled in Manahath . Gera , the father of Uzza and Ahihud , took them and settled there .","The sons of Ehud: Naaman , Ahijah , and Gerar . They were the leaders of the tribes who lived in the area of Geba . And they were expelled , and they went to Manarat . It was Gerar , the father of Uzza and Akihud , who led them to Manarat ."
1439,"Apre sa, Jezi kite foul moun yo dèyè, li antre nan kay la. Disip li yo pwoche bò kote l, yo di l konsa: — Esplike nou parabòl move zèb nan jaden an.","Then Jesus left the crowd and went into the house. His disciples came to him and said, “Explain to us the parable of the weeds in the field.”","Then he left the crowd behind and went into the house. His disciples came to him and said to him, Explain to us the parable of the weeds in the garden."
1440,"W'ap pè moute sou bagay ki twò wo pou ou pa gen tèt vire . Menm mache nan granchemen ap yon danje pou ou . Tout cheve nan tèt ou ap vin blan , w'ap pèdi fòs kouray ou . Pa gen anyen ki ka fè l tounen ankò . W'ap desann nan dènye kay kote ou pral rete pou tou tan an . Lè sa a , moun ap mache rele nan tout lari .","You will be afraid to climb on things that are too high for fear of dizziness. Even walking on the highway will be dangerous for you. All your hair will turn white, you will lose your strength. Nothing can bring it back. You will go down to the last house where you will stay forever. Then people will walk and shout in all the streets.","You will be afraid of things that are too tall for you to be able to turn your head around . Even walking through granchemen will be a danger to you . All your hair will turn white , you will lose your charisma . Nothing can make it back . You will go down to the last house where you will be staying for so long . Then people will scream in the streets ."
1441,"Mete sou sa, li te mete yon pano nan vitrin nan ki fè konnen nenpòt moun ki ka pwouve doktrin Trinite a biblik l ap peye moun sa a 100 liv ostralyen. Arthur te rejte doktrin sa a Bib la pa anseye a yon fason ki fèm.",He also put up a sign in the window announcing that he would pay 100 Australian pounds to anyone who could prove the Bible-based doctrine of the Trinity. Arthur firmly rejected this unscriptural doctrine.,"On top of that, he put a billboard in the showcase to let anyone who can prove the doctrine of the biblical Trinity know that he will be paid 100 pounds. Arthur rejected this doctrine of the Bible by teaching it in a firm way."
1442,"Moun lòt peyi yo ap achte figi m . Kou yo tande vwa m , yo obeyi m .","Foreigners will buy my face. As soon as they hear my voice, they obey me.","Foreigners are buying my face . If they hear my voice , they obey me ."
1443,"""KI SIY k ap siy prezans ou e k ap siy fen sistèm nan?"" .",WHAT will be the sign of your presence and the end of the system of things? .,WHAT SIGN UP YOUR PRESENCE AND SIGN UP THE END OF THE SYSTEM?.
1444,"Jezi kite kote l te ye a . Antan li t'ap pase konsa , li wè yon nonm yo te rele Matye ki te chita nan biwo kontribisyon an . Jezi di l konsa : — Swiv mwen . Matye annik leve , li swiv Jezi .","Jesus left that place and passed by and saw a man named Matthew sitting at the tax office. Jesus said to him, ""Follow me."" Matthew got up and followed Jesus.","Jesus walked away . As he passed by , he saw a man named Matthew sitting at the tax desk . Jesus said to him:  Follow me . Matthew stood up , and followed him ."
1445,IMAJINE w ap egzamine plan yon kay ou pral fè.,IMAGINE that you are examining the plans for a house you are going to build.,IMAGINE you are considering the design of a house that you are going to make.
1446,"Se sa k te rive yon jèn sè ki rele Arielle, k ap viv ann Afrik delwès.","That is what happened to a young sister named Arielle, who lives in West Africa.","That's what happened to a young sister named Arielle, who lives in West Africa."
1447,Ou mèt gen asirans Jewova pa atann pou nou pafè.,Be assured that Jehovah does not expect us to be perfect.,Or be assured that Jehovah does not expect us to be perfect.
1448,"Yo te apwopriye paske li fasil pou yon moun remake yon lòt moun avid oswa yon lòt moun tonbe nan konvwatiz, men li pa fasil pou l rekonèt li menm li gen pwoblèm sa yo.","They were appropriate because it is easy for a person to notice another person being greedy or falling into covetousness, but it is not easy to recognize that one has these problems themselves.","They were appropriate because it is easy for someone to remake another avid person or another person to fall into confusion, but it is not easy to recognize that he or she has such problems."
1449,Sèn soti nan vizit Joselènnan Antaktik la.,Scenes from Jocelin's visit to Antarctica.,Scenes from Joselènnan's visit to the Antarctic.
1450,"Se konsa Moyiz sòti , li di pèp la tou sa Senyè a te di l . Li pran swasanndis nan chèf fanmi pèp Izrayèl la , li mete yo kanpe fè wonn kay Bondye a .","So Moses went out and told the people all that the Lord had said to him , and he took seventy of the elders of Israel and set them around the house of God .","So Moses went forth and told the people all that the Lord had said to him . And he took seventy of the elders of Israel , and set them up to circle the house of God ."
1451,"Yo chase anpil demon, yo pase luil sou anpil moun malad e yo geri yo.","They cast out many demons, anointed many sick people with oil, and healed them.","They cast out many demons, they spend luil on many sick people and they cure them."
1452,Li te wè lè Izrayelit yo te travèse rivyè Jouden an e li te wè mirak Jewova te fè lè sa a.,He saw the Israelites cross the Jordan River and saw the miracles Jehovah performed at that time.,He saw when the Israelites crossed the Jordan and saw the miracles that Jehovah did then.
1453,"Men , Seyè a , Bondye nou an , te refize koute Balaram , epi li fè madichon an tounen benediksyon pou nou , paske Seyè a , Bondye nou an , renmen nou .","But the Lord our God refused to listen to Balaam and turned the curse into a blessing for us , because the Lord our God loves us .","But the Lord our God refused to listen to Balaam , and he turned the curse into a blessing for us , because the Lord our God loved us ."
1454,"Vòlè a vini sèlman pou l vòlè, pou l touye e pou l detwi. Mwen menm mwen vini pou moun yo ka gen lavi, e pou yo ka genyen l nètale.","The thief comes only to steal and kill and destroy. I have come that they may have life, and have it to the full.","The thief comes only to steal, to kill, and to destroy. I am come that they might have life, and that they might have it anew."
1455,"Nan moman sa a, e pandan plizyè ane annapre, mwen te panse m te oblije rete djanm poutèt ti sè m nan. Se sa k fè mwen te antere sa m te santi.","At that moment, and for many years afterward, I thought I had to stay strong for my little sister. That's why I buried my feelings.","At that time, and for many years thereafter, I thought I would have to stay because of my sister. So I buried what I felt."
1456,Y' al mande Seyè a si pa gen lòt moun ankò . Seyè a reponn : - Men Sayil kache dèyè pwovizyon yo !,"They asked the Lord if anyone was still there. The Lord answered, ""Saul is hiding behind the provisions!""",They went and inquired of the Lord if there was anyone else. And the Lord said: But Saul hides behind the provisions !
1457,Pwofèt Malaki te pale de enspeksyon sa a kòm yon netwayaj nan domèn espirityèl.,The prophet Malachi spoke of this inspection as a spiritual cleansing.,The prophet Malachi spoke of this inspection as a cleansing in the spiritual realm.
1458,"Mesye sa yo menm , yo tankou bèt ki san konprann , k'ap viv dapre ensten yo epi ki la sou latè pou moun kenbe touye . Yo pale mal sou bagay yo pa konnen , yo gen pou yo peri menm jan ak bèt .","These men are like brute beasts , living according to their instincts , and are on earth to be caught and killed . They speak evil of things they do not know , and they will perish like beasts .","Such men , like unwise beasts , live according to their instincts and are in the world to be caught killing . They speak ill of things they do not know , they are destined to perish like beasts ."
1459,"Ocheya te ankouraje yo pou yo sipliye Jewova konsa: ""Padone erè nou yo epi aksepte sa ki bon nan men nou. E nou menm bò kote pa nou n ap ofri pawòl ki sot nan bouch nou tankou jèn towo."" — Och.","Hosea urged them to plead with Jehovah: “Forgive our error and accept what is good from us. And we, for our part, will offer the young bulls of our mouths.”—Hos.",Hoshea urged them to implore Jehovah thus: Forgive us our mistakes and accept the good from us. And we are all around you offering words from our mouths like young bulls. Och.
1460,"Lè w fè yon erè, menmsi se ta yon erè ki tou piti, se sèten ou t ap renmen pou lòt moun montre yo konprann ou oubyen menm bliye sa w fè a.","When you make a mistake, even if it's a small one, you would surely like others to understand you or even forget what you did.","When you make a mistake, even if it was a minor mistake, it is certain that you would not like others to show they understand you or even forget what you did."
1461,"Pyè t'ap swiv Jezi yon ti jan lwen lwen , jouk yo rive nan lakou kay granprèt la . Li antre nan lakou a tou , li chita ak gad yo pou l' wè kouman sa t'apral fini .","Peter followed Jesus at a distance , as far as the courtyard of the high priest . He also went in and sat with the guards to see the outcome .","Peter followed Jesus from a distance, until they reached the courtyard of the high priest. He also entered the courtyard and sat down with the guards to see how it would end."
1462,"Jan Seyè a te bay Moyiz lòd la , yo te tire osò devan Seyè a pou yo te ka konnen ki pòsyon ki tapral pou nèf branch fanmi ki te rete yo ak lòt mwatye branch nan fanmi Manase a .","As the Lord commanded Moses , they cast lots before the Lord to determine the inheritance for the nine remaining tribes and the half - tribe of Manasseh .","As the Lord commanded Moses, they were drawn before the Lord so that they might know what portion was due to the remaining nine tribes and the other half of the tribe of Manasseh ."
1463,"Sepandan, apre chak frè te fin bay opinyon pa yo e yo te kite lespri sen gide yo pou yo pran yon desizyon, yo pa t plede ensiste sou ide yo te gen nan tèt yo a.","However, after each brother had expressed his opinion and allowed holy spirit to guide them in making a decision, they did not insist on their own ideas.","However, after each member has given their opinion and let the spirit guide them to make a decision, they do not insist on the ideas they had in mind."
1464,Ki vrè rezon ki fè ti jèm nan seche nan dezyèm kalite tè ki nan egzanp Jezi a?,What is the real reason why the little seed withers in the second type of soil in Jesus' parable?,What is the real reason for the feeding of the second kind of soil in Jesus' parable?
1465,"Apre sa, li di: ""Jezi, sonje m lè w vin wa.""","Then he said, ""Jesus, remember me when you come into your kingdom.""","And he said, Jesus, remember me when you come."
1466,"Lè m te sot nan kongrè a, mwen te detèmine pou m defann lafwa m nan lekòl mwen.","When I left the convention, I was determined to defend my faith at my school.","When I left Congress, I was determined to defend my faith in my school."
1467,Berya te papa Refak ki te papa Rechèf . Rechèf te papa Tela ki te papa Takan .,"Beriah was the father of Rephah, who was the father of Resheph, who was the father of Telah, who was the father of Tahan.",Beriah the father of Rephach the father of Rehoboam . Rehoboam the father of Tela the father of Takan .
1468,"Nan yon zòn ann Afrik, yo te gaye yon bann vye manti sou Temwen Jewova yo. Pa egzanp, yo te di se Dyab la y ap sèvi.","In one area of Africa, many false accusations were spread about Jehovah’s Witnesses, such as that they served the Devil.","In parts of Africa, they have been spreading a bunch of lies about the Jehovah's Witnesses. For example, they say that the Devil is being served."
1469,"Paske, tout moun lespri Bondye ap gide se pitit Bondye yo ye.",For all who are led by the Spirit of God are children of God.,For all those who are guided by the Spirit of God are children of God.
1470,"Sepandan, istoryen yo dakò pa gen okenn moun ki konnen dat Jezi te fèt.","However, historians agree that no one knows the exact date of Jesus' birth.","However, historians agree that no one knows that Jesus was born."
1471,"Apre sa , Jezi pran senk pen yo ak de pwason yo . Li leve je li anlè , li rann Bondye gras . Epi li separe pen yo bay disip yoditribye bay moun yo . Li fè menm bagay la tou ak de pwason yo .","Then Jesus took the five loaves and the two fish , looked up and gave thanks , and distributed the loaves to the disciples and the crowds . He did the same with the two fish .","Then Jesus took the five loaves and the two fishes . And lifting his eyes upward , he gave thanks . And he divided the loaves and gave them to the disciples , and he did the same with the two fishes ."
1472,Mwen kontan anpil dèske m ede anpil moun pou yo vwe lavi yo bay Jewova e pou yo batize.,I have had the great joy of helping many people to dedicate their lives to Jehovah and get baptized.,I am so happy to have helped so many people to dedicate their lives to Jehovah and to be baptized.
1473,"Li te yon bèl distans lè li wè Jezi . Li kouri , li vin mete ajenou devan li .","He saw Jesus from a great distance away, and ran and knelt before him.",She was from a distance when she saw Jesus . She ran and knelt before him .
1474,Se kòmsi lavi m te fini.,It was as if my life was over.,That's how my life ended.
1475,"Yo te meprize l, e yo te konsidere l tankou li pa t vo anyen.","They despised him, and considered him worthless.","They despised him, and considered him worthless."
1476,David te wè sa Bondye ta pral fè a. Se konsa li te di Kris la te gen pou l leve sòti vivan nan lanmò lè l di : Yo p'ap kite l kote mò yo ye a. Kò li p'ap tounen pouriti .,"David saw what God was going to do. So he spoke about the resurrection of the Christ, saying, ""He was not abandoned to Hades, nor did his flesh see corruption.""",David saw what God was going to do. That is why he said that the Christ had to be raised from the dead by saying: They will not leave him where he is. His body will not rot.
1477,Bon konprann ou ak richès ou pi plis pase sa yo te di m lan. .,Your wisdom and wealth exceed what I was told.,Your wisdom and wealth are much more than what they told me. .
1478,"Li te di tou: ""Moun ki gen imilite yo ap posede tè a, e y ap kontan anpil akoz yo pral viv nan yon lapè total.""","He also said: “The meek will possess the earth, and they will indeed find their exquisite delight in the abundance of peace.”","He also said: The humble people will own the land, and they will be very happy because they will live in a total peace."
1479,"Sa vle di, Bondye sèvi ak Jezi pou l reyalize objektif li.",This means that God uses Jesus to accomplish his purpose.,"That is to say, God uses Jesus to accomplish His purpose."
1480,Li te mande disip yo pou priye konsa: Se pou wayòm ou an vini.,He asked his disciples to pray like this: Your kingdom come.,He told his disciples to pray: Let your kingdom come.
1481,"Tande, san frè w la ap rele nan pye m etan l atè a. .","Listen, your brother's blood is crying out at my feet as he lies on the ground.","Listen, the blood of your brother is crying out to you. ."
1482,"Samyèl di Sayil : — Se mwen menm Senyè a te voye pou vide lwil sou tèt ou pou ou te ka wa sou pèp Izrayèl la . Kounyeya , koute pawòl Senyè a .","Samuel said to Saul , "" I am the one the Lord sent to anoint you king over Israel . Now then , listen to the word of the Lord . ""","Samuel said to Saul ,  The Lord has sent you to pour oil upon your head , so that you may reign over Israel . And now , listen to the word of the Lord ."
1483,"Sa m vrèman apresye lakay li sèke toutpandan l renmen m, li renmen Jewova pi plis toujou.","What I really appreciate about him is that while he loves me, he loves Jehovah even more.","What I really appreciate about her home is that while she loves me, her love for Jehovah is even more intense."
1484,"NAN epòk n ap viv la, zafè rete pwòp la pa yon bagay ki popilè ditou.","IN THE times we live in, staying clean is not at all popular.","IN THE 21st century, the cleanliness of the net was not something that was popular."
1485,M'a ba ou bon konsèy.,I will give you good advice.,I will give you good advice.
1486,"Yo jete l deyò jaden an, yo touye li. — Atò, kisa mèt jaden an pral fè yo?",They threw him out of the vineyard and killed him. — So what will the owner of the vineyard do to them?,"They threw him outside the garden, and they killed him.  So what will the owner of the garden do to them?"
1487,"Vrèmanvre, si nou fidèl ak Jewova e nou suiv enstriksyon li ban nou yo pa mwayen òganizasyon l lan, l ap ban nou lavi ki pap janm fini an e l ap fidèl avè n nètale!","Indeed, if we are loyal to Jehovah and follow the instructions he gives us through his organization, he will give us everlasting life and will be loyal to us forever!","Truly, if we are faithful to Jehovah and follow his instructions to us through his organization, he will give us eternal life and will be faithful to us forever!"
1488,Men sa w ka mande tèt ou: 'Èske m fè efò pou m pa fè pati monn nan?,You might ask yourself: 'Do I strive to be no part of the world?,But what can you ask yourself: Do I strive to be out of the world?
1489,"Men sa Bib la di moun ki fè pati pèp Bondye a: ""Rejte konduit ki dezonore Bondye, [...] rejte dezi ki nan monn nan, e [...] viv avèk bonsans ak jistis ak atachman pou Bondye nan sistèm sa a, pandan n ap tann esperans ki bay kè kontan an, e pandan n ap tann gran Dye a ansanm ak Sovè nou an, Kris Jezi, parèt nan laglwa. Kris te bay tèt li pou nou pou l ka delivre nou anba tout sa lalwa kondane e pou l ka pirifye yon pèp pou li menm, yon pèp ki rele l pa l, ki zele pou l fè bèl travay."" .","The Bible tells God’s people: “Repudiate ungodliness, . . . reject worldly desires, and . . . live with soundness of mind, righteousness, and godly devotion amid this present system of things, while we await the happy hope and glorious revelation of the great God and our Savior, Christ Jesus. Christ gave himself for us that he might deliver us from all that is under the law and purify for himself a people for his own possession, zealous for fine works.” .","This is what the Bible says to those who are part of God's people: ""Refrain from conduct that dishonors God, [...] reject the desires of the world, and [...] live in good faith and justice and attachment to God in this system, while we wait for the joyful hope, and while we wait for the great God and our Savior, Christ Jesus, to appear in glory. Christ gave himself for us so that he might redeem us from all that law condemns us and purify a people for himself, a people who are holy."""
1490,"Apre sa, zanj yo kite bèje yo, yo tounen nan syèl la. Epi, bèje yo di youn lòt: ""Ann al Betleyèm dwat pou nou ka wè bagay sa a ki fèt la, bagay Jewova fè n konnen an.""","Then the angels left the shepherds and returned to heaven. The shepherds said to one another, “Let us go straight to Bethlehem and see this thing that has happened, which the Lord has made known to us.”","Then the angels left the virgins and went back to heaven. And the virgins said to one another, Let us go to Bethlehem, that we may see the thing that happened, which the Lord has made known to us."
1491,"Nan kèlkeswa ka a, desizyon jij yo t ap pran an te dwe koresponn toutbon ak aksyon yo t ap jije a.","In any case, the decision the judges were making had to be fully consistent with the action being judged.","In either case, the decisions judges will make should correspond correspond correspondingly with the actions they will judge."
1492,"Ki sa Jezi ap fè jodi a, e ki kesyon sa soulve?","What is Jesus doing today, and what questions does this raise?","What is Jesus doing today, and what is the question?"
1493,"Èske sa deja rive, ou achte yon kado pou yon bon zanmi epi, lè l resevwa l, ou wè kontantman ak apresyasyon parèt sou vizaj li?","Has it ever happened to you, you bought a gift for a good friend and, when he receives it, you see the happiness and appreciation appear on his face?","Has this already happened, or bought a gift for a good friend and, when I receive it, you see happiness and appreciation displayed on his face?"
1494,"7, 8. a Ki sa petèt ki fè gen kèk Juif ki te vle kontinye pratike kèk bagay ki te nan Lalwa Moyiz la?","7, 8. a What may have caused some Jews to want to continue practicing some aspects of the Mosaic Law?","7, 8. What perhaps made some Jews who wanted to continue practicing some things that were in the Law?"
1495,David te rete fidèl devan Jewova menm lè Sayil te kontinye aji avèk enjistis pandan plizyè ane.,David remained loyal to Jehovah even when Saul continued to act unjustly for years.,David remained faithful to Jehovah even though Saul continued to act unjustly for many years.
1496,"tanpri , koute lapriyè yo , kote ou ye nan syèl kote ou rete a , padonnen yo , fè sa ou gen pou fè a . Bay chak moun sa yo merite , paske ou konnen sa ki nan kè yo chak . Se ou menm sèlman ki konnen sa ki nan fon kè moun .","Please listen to their prayer from heaven , your dwelling place , forgive them , and do what you have to do . Give each person what they deserve , because you know what is in their hearts . You alone know what is in the hearts of people .","Please listen to their prayers, wherever you are in the heavens where you reside, forgive them , do what you have to do . Give each one what they deserve , because you know what is in their heart . You alone know what is in the heart ."
1497,"Depi kounye a, moun nou ye pa anndan an kapab gen pisans grasa lespri sen pandan n ap patisipe nan aktivite espirityèl yo ki ban nou fòs.","From now on, the person we are on the inside can be made powerful by holy spirit as we engage in spiritual activities that strengthen us.","From now on, those of us who are inside can be empowered by the grace of the Holy Spirit as we participate in spiritual activities that give us strength."
1498,"[...] Yo te rantre nan fè sakrifis pou imaj Baal yo, e yo te kòmanse fè lafimen sakrifis pou imaj taye yo.","[...] They joined in sacrificing to the Baals, and they began to make sacrificial smoke to the carved images.","[...] They joined in making sacrifices to the images of Baal, and they began to incense sacrifices to the carved images."
1499,Ki sa ki gen nan bonjan krent pou Bondye a?,What is the true fear of God?,What is there in Gods holiness?
1500,Ki evènman kaptivan ki pral genyen byento?,What exciting events are coming up soon?,What exciting events are there soon?
1501,"""Kote trezò nou ye, se la kè n ap ye tou."" — LIK 12: 34.","Where your treasure is, there your heart will be also. —LUKE 12:34.","""Where your treasure is, there your heart will be also.""  LUKE 12:34."
1502,Jezi pa t di li t ap nome yon esklav mechan.,Jesus did not say that he would appoint an evil slave.,Jesus didn't say he wasn't going to name a mean slave.
1503,konn gen sijè ladan yo ki enfòme nou sou yon kantite pwoblèm sante ak maladi ki byen presi.,They often include topics that inform us about a number of specific health issues and diseases.,Knowledge includes topics that inform us about a number of specific health problems and illnesses.
1504,"Sepandan, se pa t yo menm ki te mouri an premye.","However, they were not the first to die.","However, they were not the first to die."
1505,"Kidonk, veye pou bagay ki ekri nan liv pwofèt yo pa rive NOU. Men sa ki ekri:","Therefore, be careful that what is written in the prophets does not come upon you. It is written:","Therefore, watch out that the things which are written in the book of the prophets do not happen to YOU. This is what is written:"
1506,"Ki opozisyon Jezi te konnen li t ap jwenn sou tè a, e ki jan sa t ap gen pou fini?","What opposition did Jesus know he would face on earth, and how would it end?","What opposition did Jesus know he would find on earth, and how would that be the end?"
1507,Li lage pyès monnen moun k ap chanje lajan yo atè e li chavire tab yo.,He poured out the money changers' coins and overturned their tables.,He dropped the coins of the money changers on the ground and turned the tables upside down.
1508,"Nan konsè mizik wòk la, lokal la te chaje ak fatra e te gen anpil lafimen sigarèt.","At the rock music concert, the venue was littered with trash and there was a lot of cigarette smoke.","At the rock concert, the place was filled with garbage and there was a lot of cigarette smoke."
1509,"Li reponn yo : Se moun ki geri m' lan wi ki di m' ranmase nat mwen , mache m' ale .","He answered them, ""The man who made me well told me to pick up my mat and walk.""","He said to them, If anyone heals me and says to me to pick up my net , let me go ."
1510,"O Seyè , Bondye ki bay tout moun lavi , tanpri , chwazi yon nonm ki ka mennen pèp la ,","O Lord, God of all life, please choose a man who can lead the people,","O Lord, the God who gives life to all men , please choose a man who will lead the people ,"
1511,"Fason Jewova te boule ak medam sa yo ansanm ak benediksyon li te vide sou yo montre sa ki plis fè l plezi se kalite espirityèl yon moun gen lakay li, kit moun nan se gason, kit li se fi.","Jehovah’s dealings with these women and the blessings he bestowed upon them show that what pleases him most is the spiritual qualities of a person, whether male or female.","The way in which the Lord was pleased with these women and the blessings He poured upon them showed what most pleased Him was the spiritual qualities of a man having his own, the man's character, the woman's character."
1512,"Mwen fè chante ak sa ou mande m fè , nan kay ki pa lakay mwen .","I sing and do what you ask me to do, in a house that is not my home.","I do what you asked me to do , at home that is not my home ."
1513,"""San mank, pou tout pèp nan montay sa a, Jewova Chèf lame yo pral fè yon festen manje ki plen luil, yon festen diven yo kite poze nan ma a, yon festen manje ki plen luil e ki plen mwèl, yon festen diven yo kite poze nan ma a e yo filtre."" — Izayi 25: 6, NW.","Surely, in this mountain, Jehovah of armies will make for all the peoples a banquet of well-oiled dishes, a banquet of wine kept on the dregs, a banquet of well-oiled dishes filled with marrow, a banquet of wine kept on the dregs, filtered. —Isaiah 25:6.","""Of course, for all the people of this mountain, the Lord of hosts, there will be a feast of unleavened bread, a feast of wine, a feast of unleavened bread, a feast of wine, a feast of unleavened bread, a feast of wine, a feast of unleavened bread and of unleavened bread.""  Isaiah 25:6."
1514,"Ki sa Jezi te vle di lè l te di ""koup sa a reprezante nouvo alyans lan ki fèt grasa san m ki pral koule pou nou"" an?","What did Jesus mean when he said, ""This cup is the new covenant in my blood, which is poured out for you""?",What did Jesus mean when he said this cup represents the new covenant through my blood that is poured out for us?
1515,"Lè sa a , Jeremi rakonte ki jan Seyè a te pale avè l' . Seyè a te di l' konsa :","Then Jeremiah told how the Lord had spoken to him. The Lord said to him,",Then Jeremiah told how the word of the Lord had spoken to him. The word of the Lord said to him thus:
1516,"Yon lòt bò, toujou felisite pitit ou lè yo suiv règ yo.","On the other hand, always praise your child when they follow the rules.","On the other hand, always congratulate your child when they follow the rules."
1517,Kite lespri Bondye fè w vin gen kran,Let God's spirit make you bold.,Let the Spirit of God make you wine gen tap
1518,"Nan tout lòt nasyon yo , yo t'ap nonmen non ou pou jan ou te bèl . Pou bèl ou pa t' ka pi bèl pase sa paske se mwen menm ki te fè ou bèl konsa . Se mwen menm , Seyè sèl Mèt la , ki di sa .","You were famous among all the nations for your beauty , for you could not be more beautiful than this , for I myself made you beautiful , declares the Lord God .","In all the nations, you are nicknamed because of the way you were beautiful. Your beauty could not be more beautiful than that because I am the one who made you so beautiful. I , the Lord God , say it ."
1519,"Sa te pase nan lanne Sagon , wa peyi Lasiri , te bay kòmandan chèf lame li a lòd pou l' te al atake lavil Asdòd nan peyi moun Filisti yo . Epi li pran l' .",It happened in the year that Sargon king of Assyria sent the commander of his army to attack Ashdod in the land of the Philistines and captured it.,"It happened in the year that Sagon , the king of Assyria , ordered his army captain to go up against Ashtorod in Philistines , and he took it ."
1520,Ni yo pa limen lanp pou mete li anba tab. Men yo mete li sou etajè pou li klere tout moun nan kay la.,"Neither do people light a lamp and put it under a table, but on a stand, and it gives light to everyone in the house.",Nor do they light lamps to put it under table. But they put it on the shelf so that it illuminates everyone in the house.
1521,"Se konsa , mwen menm , m'ap mouri bò isit la , mwen p'ap janbe lòt bò larivyè Jouden an . Men , nou menm , n'ap janbe lòt bò larivyè a , nou pral pran bon peyi sa a pou nou .","So I will die here , I will not cross the Jordan , but you will cross over and take possession of this good land .","So I am going to die here , I will not cross the Jordan . But we are going to cross the Jordan , and we will take this good land for ourselves ."
1522,"""Pa mwayen pawòl Jewova syèl la te fèt, e pa mwayen lespri bouch li tout lame ki nan syèl la te fèt."" — SÒM 33: 6, NW.","By the word of Jehovah the heavens themselves were made, and by the spirit of his mouth all their army. —PSALM 33:6.","""By the word of the Lord the heavens were made, and by the spirit of his mouth all the host of the heavens were made.""  PSALM 33:6."
1523,"Men ki kesyon salmis David te poze yon lè: O Jewova, kiyès ou va envite nan tant ou?","The psalmist David once asked: “O Jehovah, whom will you invite into your tent?”","What question did psalmist David once ask: O Lord, who will you invite into your tent?"
1524,"Men sa yon chèf fanmi te admèt: Si nou te ka tounen dèyè pou nou chanje yon bagay, ebyen, depi nan kòmansman maryaj nou, mwen t ap fè yon fason pou nou bati yon bon pwogram pou etid familyal nou.","One family head admitted: “If we could go back and change one thing, I would have made sure that we had a good family study schedule from the beginning of our marriage.”","This is what one elder admitted: If we could go back and change something, by the way, from the beginning of our marriage, I would have a way to build a good program for our family study."
1525,Yo te kontinye fè sa pandan dizan.,They continued to do this for ten years.,They continued to do so for decades.
1526,Piga nou gen lòt bondye pase mwen menm selman .,You shall have no other gods before me.,Let us not have other gods besides myself .
1527,Jewova egzèse souvrènte l diferan fason nan diferan epòk.,Jehovah exercises his sovereignty in different ways at different times.,Jehovah exercised his sovereignty in different ways in different epochs.
1528,Senyè a va beni tout rekòt nou ak tout sa n'ap manje .,The Lord will bless all our crops and all our food.,The Lord bless all our crops and all that we eat now .
1529,"Lè sa a , n'a chante pou nou pase wa lavil Babilòn lan nan betiz , n'a di : Gade ki jan moun ki t'ap maltrete nou an disparèt ! Gade ki jan yo desann kòlèt li non !","Then you will take up this taunt against the king of Babylon and say , "" How our oppressor has perished ! How he has fallen from his throne ! ""","Then let us sing to the king of Babylon in sport, saying: 'Look how our oppressors vanished! Look how they descended from his collar!"
1530,"Malè pou nou , nou menm dirèktè lalwa ak farizyen , bann ipokrit ! Nou sanble tonm yo blanchi nan simityè . Deyò yo parèt byen bèl , anndan yo plen ak zosman mò ak tout kalite vye bagay pouri .","Woe to you , scribes and Pharisees , hypocrites ! You are like whitewashed tombs , which indeed appear beautiful on the outside , but inside are full of dead men 's bones and all uncleanness .","Woe to you, scribes and Pharisees , hypocrites ! We look like the whitewashed tombs in cemeteries . Outside they look beautiful , inside they are filled with gnomes and all kinds of dark things ."
1531,"Depi yon kretyen fè tout sa l kapab pou l sove maryaj li lè l jwenn pwoblèm, Jewova ap ede l grasa lespri sen e l ap ede l aplike prensip ki nan Bib la.","As long as a Christian does his best to save his marriage when it is in trouble, Jehovah will support him by means of his holy spirit and will help him to apply Bible principles.","Since a Christian does everything he can to save his marriage when he encounters problems, Jehovah will help him by the grace of the Holy Spirit and will help him to apply Bible principles."
1532,Èske w itilize bwochi sa a nan ministè a?,Are you using this brochure in the ministry?,Are you using this brochure in the ministry?
1533,Yon farizyen te envite Jezi vin manje avè li . Jezi ale lakay farizyen an ; li chita bò tab la pou l' manje .,A Pharisee invited Jesus to eat with him. Jesus went into the Pharisee's house and sat down to eat.,A Pharisee invited Jesus to dine with him . Jesus went into the Pharisee 's house; and he sat down at the table for him to eat .
1534,"Oswa nou gendwa fè pwogrè, men, lè n egzamine tèt nou pi plis, nou remake nou ka toujou amelyore relasyon n gen ak Bondye.","Or we may be making progress, but when we examine ourselves more closely, we realize that we can still improve our relationship with God.","Or we may be making progress, but by examining ourselves more closely, we realize we can continually improve our relationship with God."
1535,Ki jan Abraram ak fanmi l te rive kenbe yon lafwa solid?,How did Abraham and his family maintain strong faith?,How did Abraham and his family come to maintain a strong faith?
1536,Se pa bagay ki antre nan bouch yon moun ki ka mete l nan kondisyon pou l pa ka sèvi Bondye . Men se sa k sòti nan bouch li ki ka mete l nan kondisyon sa a.,It is not what goes into a person's mouth that can make him unfit to serve God. It is what comes out of his mouth that can make him unfit.,It is not what goes into a man's mouth that can put him in the condition that he cannot serve God; it is what comes out of his mouth that can put him in that condition.
1537,"Grannèg yo voye domestik yo al chache dlo . Lè yo rive nan sitèn yo , yo pa jwenn yon gout dlo . Yo tounen ak veso yo vid . Yo wont , yo pa konn sa pou yo di . Yo bouche figi yo .","The nobles sent their servants to fetch water . When they came to the cisterns , they found not a drop of water . They returned with their vessels empty . They were ashamed , they did not know what to say . They covered their faces .","Grandparents send their servants to find water . When they reach their booths , they do not find a drop of water . They return with their empty containers . They wont , they do not know what to say . They clog their faces ."
1538,"Ki sa k fè moun ki fè pati ""lòt mouton"" yo jwenn byenfè nan parabòl dis fi vyèj yo tou?",Why do those of the “other sheep” also benefit from the parable of the ten virgins?,"How does the ""other sheep"" benefit from the parable of the virgins?"
1539,"Men, Potifa ansanm ak Ejipsyen ki rich yo t ap viv nan yon seri bèl kay ki pentire ak koulè vif.","But Potiphar and the wealthy Egyptians lived in beautiful, brightly painted houses.",But Potiphar and the wealthy Egyptians did not live in a series of beautiful houses painted and colored.
1540,"Se nou menm Senyè a, Bondye nou an, te chwazi nan tout pèp ki sou latè pou li fè nou tounen yon pèp ki rele l pa l. — Det.",It is you whom Jehovah our God has chosen out of all the peoples on the face of the earth to become a people for his own possession.—Deut.,For you the Lord your God has chosen out of all the peoples of the earth to make you a people unto his name.  Deut.
1541,"Mwen pi pitit pase moun ki pi pitit nan tout pèp Bondye a . Men atousa , se mwen menm Bondye bay privilèj sa a , pou m' fè moun lòt nasyon yo konnen bon nouvèl richès Kris la , richès moun p'ap janm fin konprann .","am the least of all the saints , but to me God gave this privilege , to preach to the Gentiles the unsearchable riches of Christ .","I am the youngest of all the saints . But at the same time , if God has given me this privilege , to preach to the Gentiles the gospel of the riches of Christ , the riches of men will never be comprehended ."
1542,"Menm jan yon manman konsole pitit li, se konsa tou, m ap kontinye konsole nou.' — Ezayi 66: 12, 13.","“As a mother comforts her child, so I will continue to comfort you.” —Isaiah 66:12, 13.","As a mother comforts her child, so also will I continue to comfort you.  Isaiah 66:12, 13."
1543,Chèf legliz yo te konn rele kòlpòtè yo machann liv pou yo te pase yo nan rizib.,Church leaders used to call colporteurs booksellers to ridicule them.,The clergy often called the bookseller colporteurs so they would pass them through the rivers.
1544,"Jezi di yo : — Enben , mwen menm tou , mwen p'ap di nou avèk ki otorite m'ap fè bagay sa yo .","Jesus said to them, ""Neither will I tell you by what authority I do these things.""","Jesus said to them, Neither will I tell you by what authority I do these things."
1545,Gen Juif ki tou senpleman pa t konprann Jezi e ki pa t konprann ansèyman l yo.,Some Jews simply did not understand Jesus and his teachings.,A Jew who simply did not understand Jesus and did not understand his teaching.
1546,"Men, Jewova pa t kite peche David te fè yo pase san l pa fè anyen.",But Jehovah did not let David's sins go unpunished.,But God did not let David's sins go unpunished.
1547,"Men sa l di: Pou m te ka fini fòmasyon mwen te kòmanse pran antanke elektrisyen an, mwen te oblije kontinye travay antanke apranti.","He says: In order to complete the training I started as an electrician, I had to continue working as an apprentice.","But I said: To finish my training and start as an electrician, I had to continue working as an apprentice."
1548,"Seyè a pale ak Moyiz , li di l' :","The Lord spoke to Moses, saying:","The Lord spoke to Moses, saying to him:"
1549,"N'a sanble tout moun , fanm kou gason , timoun kou granmoun , ansanm ak moun lòt nasyon k'ap viv nan lavil nou yo , pou yo ka tande l , pou yo ka aprann gen krentif pou Senyè a , Bondye nou an , pou yo kenbe lalwa a , epi pou yo fè tou sa ki ladan l .","Gather all the people together , men and women , children and old , and the foreigners who live in your towns , so that they may listen and learn to fear the Lord your God and to keep and do all his laws .","All men , women , children and adults , and strangers living in our cities , shall be gathered together , so that they may hear it , and learn the fear of the Lord our God , to keep the law , and to do all that is in it ."
1550,"Pandan Dezyèm Gè mondyal la, gen yon bonm ki te eksploze kay nou te rete a, se sa k fè yo te voye m al rete lakay grann mwen jiskaske m fin fè klas mwen.","During World War II, a bomb exploded in the house where we lived, so I was sent to live with my grandmother until I finished my schooling.","During World War II, a bomb exploded the house we lived in, so they sent me to my grandmother's house until I finished my classes."
1551,"Men, m ap plis fè sa paske se responsablite m, tandiske sè m nan ap plis fè sa paske l renmen yo.","But I do it more because it's my responsibility, while my sister does it more because she loves them.","But I'm doing it more because it's my responsibility, whereas I'm doing it more because I love them."
1552,"Sòlda peyi Elam yo moute sou cha yo ak sou chwal yo . Banza yo ak flèch yo tou pare , y'ap vini . Lame peyi Ki a pran zam pou pare kou yo .","The soldiers of Elam come with chariots and horses , with bows and arrows ready . The army of Chia prepares its weapons .","The soldiers of Elam are riding on their chariots and horses . Their lances and arrows are ready , and they are coming . The armed men of the land will take up arms to prepare their necks ."
1553,Ki lè relasyon ak yon kòlèg travay vin pa apwopriye?,When does a relationship with a coworker become inappropriate?,When does the relationship with a coworker become inappropriate?
1554,Fason yo kuit pen an.,The way they bake the bread.,Ways to cook the pen.
1555,"Èske w t ap di moun ki mande w konsèy la ""si m te ou m ta...""?","Would you tell someone who asked you for advice ""if I were you I would...""?","Wouldn't you say to those who ask you for the advice ""if I were you I would...""?"
1556,"Mwen pa manke kontan pou Este-fanas , Fòtinatis , Akaykis ki vin wè mwen . Yo fè m santi se tankou si se nou menm menm ki te la avèk mwen .","I am very happy that Estephanas, Fortinatis, and Achaicus came to see me. They made me feel as if they were with me.","I do not miss the joy of Este-fanas , Fortunatis , Akaykis who came to see me . They make me feel as if you are the ones who were there with me ."
1557,"Ki jan moun Bondye chwazi pou al nan syèl yo ede ""lòt mouton"" yo fè sa ki dwat?",How do the anointed help the “other sheep” to do what is right?,"How does God choose to go to heaven to help the ""other sheep"" do what is right?"
1558,"Nou kapab ap fè yon bagay nou gen tout dwa nou pou nou fè, e nou pa vyole okenn prensip biblik.","We may be doing something we have every right to do, and we are not violating any biblical principles.","We can do something that we have our full right to do, and we do not violate any biblical principle."
1559,Yo vin chonje pawòl Jezi te di yo .,They remembered the words Jesus had spoken.,They remembered the words that Jesus had said to them .
1560,Nou konprann nou pi bon pase m' . Nou di se paske mwen antò kifè m'ap pase tray sa a .,You think you are better than me. You say it is because I am wrong that I am going through this trouble.,You know me better than I do. You say it's because I know how I pass this tray.
1561,"Yo dezabiye l , yo mete yon gwo rad koulè wouj vyolèt sou li .",They stripped him and put a large purple robe on him.,They strip it and put a big purple coat on it.
1562,Chemen pou n jwenn padon nèt la ouvri devan nou lè n demontre lafwa nan ranson an.,The way to complete forgiveness is open to us when we exercise faith in the ransom.,The path to forgiveness opens in front of us by demonstrating faith in the ransom.
1563,Nou jwenn rekonfò lefètke nou konnen evènman dekourajan yo montre delivrans nou toupre.,We find comfort in knowing that discouraging events show that our deliverance is near.,We find comfort in knowing that discouraging events show that our deliverance is near.
1564,Jezi di yo : — Ak ki bagay peyi kote Bondye Wa a sanble ? Kisa m ta di l sanble ankò ?,"Jesus said to them, ""What is the kingdom of God like? What else can I say it is like?""",Jesus said to them:  And to what is the kingdom of God gathered? What shall I say gathered again?
1565,"Apre sa , mwen fè yon lòt rèv . Mwen wè sèt grap ble byen plen , byen mi ki t'ap pouse ansanm sou yon sèl pye ble a .","After this I had another dream: and behold, seven heads of grain, full and ripe, were growing on one stalk.","And I had another dream . I saw seven grapevines full of grain , well sprinkled together on one grapevine ."
1566,"Men annapre, Jozèf, yon mesye ki te rich anpil ki te moun Arimate, te mete kò Jezi nan pwòp kav pa l, yon kav yo te fèk fouye nan yon mas wòch.","But later, Joseph, a very wealthy man from Arimathea, laid Jesus’ body in his own tomb, a tomb that had been freshly dug out of a rock mass.","Later, Joseph, a rich man from Arimathea, laid Jesus' body in his own tomb, a tomb they had just excavated in a rock."
1567,EJIP AK ASIRI SE DE PREMYE TÈT YO,EGYPT AND ASSYRIA ARE THE FIRST TWO,EIGPUT AND ASSURIA ARE THE FIRST THINGS
1568,"Nòmalman, selon Bib la, onè ak kolaborasyon nou bay gen yon limit ki rezonab.","Naturally, according to the Bible, the honor and cooperation we give have a reasonable limit.","Normally, according to the Bible, honor and cooperation we give has a reasonable limit."
1569,Li konpare lanmò ak yon wa k ap dirije limanite.,He compares death to a king ruling over humanity.,He compared death to a king ruling humanity.
1570,"Men m ap montre nou kiyès pou nou krenn: Krenn sila a ki, apre li fin touye, li gen pouvwa pou l jete nan jeyèn nan.","But I will show you whom to fear: Fear him who, after he has killed, has authority to throw into hell.","But I'll show you who we ought to be: The one who, after he kills, has the power to throw it into the genome."
1571,M gen anpil bèl souvni konsènan epòk sa a tankou bon sant pòm ki te konn gaye nan kay la.,"I have many fond memories of that time, such as the sweet smell of apples that used to permeate the house.",I have many pleasant memories regarding that era such as the fragrant apple that used to spread around the house.
1572,"Jan nou wè la a, Pòl fè konprann chwa diferan pa dwe yon obstak pou inite nou depi pa gen prensip kretyen ki vyole.","As we see here, Paul makes it clear that different choices should not be an obstacle to our unity as long as no Christian principles are violated.","As we see here, Paul makes clear that different choices should not be an obstacle to our unity since there are no Christian principles that violate."
1573,"Toutfwa, jodi a tou, travay predikasyon mesaj Wayòm nan rive pwospere e li pote anpil jwa pou moun ki patisipe ladan l.","However, today too, the work of preaching the Kingdom message is thriving and bringing great joy to those who share in it.","Nevertheless, today too, the preaching of the Kingdom message flourishes and brings much joy to those who participate in it."
1574,"Piga nou janm sèvi lòt bondye , piga nou janm adore bondye lòt nasyon yo !","You shall never serve other gods, nor worship the gods of other nations!","Let us not serve other gods, let us not worship the gods of the nations!"
1575,"Etandone fen sistèm sa a prèske rive, se pa ti rekonesan nou rekonesan anvè Jewova dèske l pèmèt nou pi byen konprann parabòl sa a tikras pa tikras e dèske l te fè yo ekri parabòl nou jwenn nan Matye chapit 24 ak chapit 25 yo!","Since the end of this system of things is near, how grateful we are to Jehovah for gradually allowing us to understand this parable better and for having it recorded in Matthew chapters 24 and 25!","Given that the end of this system is near, we are thankful to God for allowing us to better understand this parable in verse by verse and for having the parable recorded in Matthew chapters 24 and 25!"
1576,"Sa gen plizyè milye ane, gen yon Levit ki te gen yon dezi ki te enposib pou l rive satisfè.","Thousands of years ago, a Levite had a desire that was impossible to satisfy.","Thousands of years ago, there was a Levite who had a desire that was impossible to satisfy."
1577,"Pakonsekan, menm jan ak David, n ap di avèk konfyans: Mwen mete konfyans mwen nan Bondye.","Therefore, like David, we say with confidence: I trust in God.","Therefore, like David, I will say confidently: I trust in God."
1578,Montre nou gen ekilib,Show us balance,Show your gen balance
1579,"Pou l te ensiste sou sa, men sa l te di: ""Jiskaske souf mwen koupe, mwen pap lage entegrite m!"" — Jòb 27: 5.","Emphasizing this, he said: “Until I expire I shall not take away my integrity from myself!” —Job 27:5.","To insist on this, I said: Until my breath is cut off, I will not relinquish my integrity!  Job 27:5."
1580,Anpil istwa ki konsève pou pwofi nou nan Bib la ban nou yon seri egzanp touchan konsènan moun ki te renmen Jewova e ki t ap sèvi l fidèlman malgre sitiyasyon difisil.,Many accounts preserved for our benefit in the Bible provide us with touching examples of those who loved Jehovah and served him faithfully despite difficult circumstances.,Numerous accounts of our benefit in the Bible give us a touching series of examples regarding those who loved Jehovah and who were serving him faithfully despite difficult situations.
1581,"Sou premye jou a , n'a reyini tout moun pou vin adore Seyè a . Lè sa a , pesonn p'ap gen dwa fè okenn gwo travay .",On the first day you shall gather all the people together to worship the Lord . No one shall do any laborious work on that day .,"On the first day, everyone will be gathered together to worship the Lord . Then no one will be allowed to do any great work ."
1582,"Senyè a pral lage pèp Izrayèl la paske Jewoboram te fè anpil peche , lèfini li te pote pèp Izrayèl fè sa ki mal tou .","The Lord will abandon Israel because of the sins of Jeroboam, who has sinned greatly and has led Israel into sin.","The Lord will deliver Israel because of the multitude of sins that Jehoram had committed , even though he had brought Israel to do evil ."
1583,"Bondye devwale m sekrè travay li a , pou m te ka konnen plan li te gen sere nan kè li . Se sou plan sa a mwen deja ekri nou kèk mo pi wo a .","God has revealed to me the secret of his work , so that I may know the plan he has hidden in his heart . It is about this plan that I have already written to you a few words above .","God has revealed to me the secret of his work , so that I may know his plan . About this plan I have already written a few words above ."
1584,"Lè yo kite Matana , y' ale Nakalyèl . Lè yo kite Nakalyèl , yo moute Bannòt .","And they departed from Mattanah , and went to Nachaliel . And they departed from Nachaliel , and went up to Banoth .","Leaving Matan, they went to Nahalael. Leaving Nahalael, they ascended to Bannoth."
1585,"Wa David te kopye liv Lalwa a pou tèt li e li te konnen, nan liv sa a, Jewova te di pawòl sa yo: ""Se Senyè a k'ap tire revanj sou yo, se li k'ap fè yo peye sa yo fè."" .","King David copied the Book of the Law for himself and knew that in that book, Jehovah said these words: “The Lord will take vengeance on them, he will repay them for what they have done.” .","When David copied the book of the Law for himself and knew, in this book, Jehovah said these words: ""If the Lord is avenging, he will repay them according to their deeds."""
1586,"Bon , fanm sa a , moun ras Abraram , ki gen dizwitan depi Satan mare l anba yon maladi , mwen pat dwe delivre l yon jou repo ?","Shouldn't I have healed this woman, a descendant of Abraham, who has been bound by Satan for eighteen years, on the Sabbath?","Well, this woman, a woman of the race of Abraham, who has been chained by Satan to a sickness, shall I not deliver her a day of rest?"
1587,"Yon lè moun peyi Izrayèl yo tapral antere yon moun mouri , yo wè yonn nan bann moun Moab yo , yo prese lage kadav la nan tonm Elize a epi yo met deyò . Kadav la al tonbe sou zosman Elize yo . Lamenm , mò a leve vivan , li kanpe sou de pye l' .","And it came to pass , as the children of Israel were burying a man , that they saw a band of Moabites , and cast the body into the grave of Elisha , and fled . And the body fell upon the bones of Elisha , and immediately the dead man came to life , and stood on his feet .","When one of the Israelites was about to bury a dead man , they saw one of the Moabites , they hurried down the body from the tomb of Elisha and they were thrown out . The body fell on the bones of Elisha . And he stood on his feet ."
1588,Poukisa efò nou fè pou nou ede mouton yo ki te kite patiraj kretyen an gen anpil valè?,Why are our efforts to help sheep who have strayed from the Christian fold so valuable?,Why are our efforts to help the sheep who have left the Christian pasture invaluable?
1589,Èske li te vin enfidèl vre?,Did he really become unfaithful?,Did he really become infidel?
1590,Nou te ofri peryodik nou yo nan lari.,We offered our magazines on the streets.,We have been offering our periodicals on the street.
1591,"Okontrè , manm ki parèt pi fèb nan kò nou , se yo ki pi nesesè .","On the contrary, the members of our body that seem to be weaker are the ones that are most necessary.","On the contrary, the limbs that seem weaker in our body, if they are the most necessary ."
1592,"Olye de sa, poze tèt ou kesyon sa yo: 'Poukisa travay sa a nesesè?","Instead, ask yourself these questions: 'Why is this work necessary?","Instead, ask yourself the questions: Why is this work necessary?"
1593,"Senyè a, Bondye nou an, la nan mitan nou!",The Lord our God is among us!,The Lord our God is in the midst of us!
1594,Y'ap rete nan peyi a tout tan tout tan. — Sòm 37: 29.,They will reside forever on the land. —Psalm 37:29.,They shall dwell in the land forever and ever.  Psalm 37:29.
1595,"Pa jije m' sou sa m' fè , se sèvitè ou mwen ye . Pa gen moun ki inonsan devan je ou .","Do not judge me by what I have done , for I am your servant . No one is innocent in your sight .","Don't judge me by what I do , if I'm your servant . There is no one innocent in front of your eyes ."
1596,"Se konsa , Reyoum , gouvènè a , ak Chimchayi , ki te sekretè pwovens la , ekri lanperè Atagzèsès osijè lavil Jerizalèm . Men sa ki te nan lèt la :",So Rehum the governor and Shimshai the scribe wrote to King Artaxerxes concerning Jerusalem. This is what was in the letter:,"So Rehoum, the governor, and Shimchai, the provincial secretary, wrote to Emperor Artaxerxes about Jerusalem . This is what was in the letter :"
1597,Se apre Jezi fin dekri sitiyasyon negatif sa yo li te fè deklarasyon ki dwe te fè disip yo etone a.,It was after Jesus described these negative situations that he made the statement that must have surprised the disciples.,It was after Jesus described such negative situations that he made the statement that should have surprised his disciples.
1598,"Gen pitye pou mwen pou m' ka viv , paske mwen pran tout plezi m' nan lalwa ou .","Have mercy on me that I may live, for I delight in your law.","Have mercy on me so that I may live, for I take all my delight in your law."
1599,"Yon sèl bagay mwen konnen: Nan chak vil kote mwen pase, Sentespri avèti m' se prizon ak anpil soufrans k'ap tann mwen.","One thing I know: In every city I pass through, the Holy Spirit warns me that prison and much suffering await me.","One thing I know: In every city I pass, the Holy Spirit warns me that prison and many sufferings await me."
1600,"Gen yon lòt rezon enpòtan ki pouse nou kontinye patisipe nan ministè a: nou vle ak tout kè nou pote soulajman bay ni moun ki bouke anba tout move nouvèl k ap vide sou yo san rete, ni moun k ap soufri pou yon rezon oswa pou yon lòt.","There is another important reason why we continue to participate in the ministry: we wholeheartedly want to bring relief to those who are tired of all the bad news that is constantly pouring in on them, as well as to those who are suffering for one reason or another.","There is another important reason why we continue to be involved in the ministry: we want to wholeheartedly bring relief to those who are overwhelmed by all the bad news that is streaming about them, or those who are suffering for one reason or another."
1601,"Yo t'ap chante chante Moyiz , sèvitè Bondye a , ansanm ak chante ti Mouton an . Bondye , Mèt ki gen tout pouvwa , tou sa ou fè , se bèl bagay ! Ou menm ki wa tout nasyon , plan travay ou yo dwat , se verite yo ye .","They sing the song of Moses the servant of God and the song of the Lamb . "" Wonderful are your works , Lord God Almighty ! Righteous and true are your thoughts , King of the nations .","They will sing the song of Moses , the servant of God , together with the song of the Lamb . God , Almighty , all that you do is marvelous ! O king of the nations , your works are righteous , your works are truth ."
1602,c Ki byenfè w jwenn lè w li Pawòl Bondye a ak lè w medite sou li?,c What benefits do you get from reading God's Word and meditating on it?,What benefits do you get from reading God's Word and meditating on it?
1603,Fanmi yo gen gwo pwoblèm.,Families have big problems.,Families are in big trouble.
1604,Tout moun ki kontinye opoze ak pèp Bondye a ap jwenn pi gwo kalamite ki egziste a.,All those who continue to oppose God's people will experience the greatest calamity there is.,Anyone who continues to oppose the people of God will experience the greatest calamity that ever existed.
1605,"Mwen pran Bondye pou temwen sou lavi m : se pou m te ka menaje nou kifè mwen chanje lide , mwen pa rive Korent .",I call God to witness against my life that it was to save you that I changed my mind and did not come to Corinth.,"I take God as my witness: if I were to manage again as I had changed my mind , I would not have arrived at Corinth ."
1606,"Anplis de sa, m te mande Felisa, sè m nan, padon dèske m te di l anpil move bagay.","In addition, I apologized to my sister Felisa for saying so many bad things to her.","In addition, I asked Felisa, my sister, sorry for saying so many bad things."
1607,Dezyèm atik la montre kòman nou ka rive reziste devan tantasyon Satan konn itilize nan efò l ap fè pou l fè n pèdi relasyon nou gen ak Bondye a.,The second article shows how we can resist the temptations that Satan uses in his efforts to destroy our relationship with God.,The second article shows how we can resist temptation that Satan uses in his efforts to destroy our relationship with God.
1608,"Yo te rete nan lavil Ziklag , nan lavil Mekona ak nan ti bouk ki te sou kont li yo ,","They lived in Ziklag, Mekonah, and its villages.","They lived in Ziklag, and in Mecornah, and in the villages that were about it,"
1609,"Lè sa a , fanm lan di l' : Gen lè ou se yon pwofèt , msye ?","Then the woman said to him, ""Are you a prophet, sir?""","Then the woman said to him: Are you a prophet, sir ?"
1610,"Ki eksperyans ki montre lè nou gen kran, sa kapab fè moun n ap preche yo chanje atitid?",What experiences show that having boldness can change the attitude of those to whom we preach?,"What experience has shown that when we have a tap, what can make people preaching to change their mood?"
1611,"Fo konsolatè l yo te fè l anpil mal, poutan, lè Jewova te mande Jòb priye pou yo, li te fè sa.","His false comforters had caused him much pain, yet when Jehovah asked Job to pray for them, he did so.","His consolators had done him much harm, yet when Jehovah asked Job to pray for them, he did so."
1612,"Li enteresan pou n konnen nan moman Dyab la te tante Jezi pou l fè wòch tounen pen an, Kris te refize sèvi ak pisans li genyen pou l fè mirak la pou l satisfè dezi pèsonèl li.","It is interesting to note that when the Devil tempted Jesus to turn stones into bread, Christ refused to use his miraculous power to satisfy his personal desires.","It is interesting to know that at the time when the Devil tempted Jesus to turn stones into bread, Christ refused to use his powers to perform miracles to satisfy his personal desires."
1613,"Menm moun nou konnen ki pi bon nan mitan nou an , moun ki pa janm nan kont ak pesonn lan , enben menm li menm , l'a fèmen kè l' , li p'ap konn frè , li p'ap konn madanm li te renmen an , ni ankenn pitit nan sa ki rete l' yo ,","Even the one we know to be the best among us, the one who never quarrels with anyone, will close his heart, he will not know his brother, he will not know the wife he loved, nor any of his remaining children,","Even those we know are the best among us, those who have never been in contact with the person, even he himself, he has closed his heart, he does not know his brother, he does not know his beloved wife, nor any of his remaining children,"
1614,"Lè Jezi te sou tè a, li te demontre kalite estrawòdinè Papa l ki nan syèl la genyen yo yon fason ki pafè.","When Jesus was on earth, he perfectly reflected the wonderful qualities of his heavenly Father.","When Jesus was on earth, he demonstrated the extraordinary qualities of his heavenly Father in a perfect way."
1615,"Lè wa Akaz te lavil Damas pou l te kontre ak Tiglat-Pilesè , wa peyi Lasiri a , li wè lotèl ki te la a . Li leve plan lotèl la , li voye l bay Ouri , prèt la .","When King Ahaz went to Damascus to meet Tiglath-pileser king of Assyria, he saw the altar that was there. He took up the pattern of the altar and sent it to Uri the priest.","When King Ahaz came to Damascus to meet Tiglath-pileser king of Assyria , he saw the altar there . He repaired the altar and sent it to Uriah the priest ."
1616,"Moun ki vin rich nan prete moun lajan , nan bay kout ponya , se anpile y'ap anpile lajan pou moun ki konn pran ka malere .","People who become rich by lending money to others, by giving bribes, are piling up money for those who know how to take care of the poor.","Those who get rich by borrowing money from others, by giving short bonuses, are stacking up and stacking up money for those who know how to borrow poorly."
1617,"Sa ban nou yon lòt rezon ankò pou nou mete konfyans nou nan Jewova, e se yon garanti ki montre espwa nou pa pou granmesi. — Travay 17: 31; Women 5: 5; 1 Korentyen 15: 3 - 8.","This gives us further reason to trust in Jehovah, and it is a guarantee that our hope is not in vain. —Acts 17:31; Romans 5:5; 1 Corinthians 15:3-8.","This gives us yet another reason to trust in Jehovah, and it is a guarantee that our hope will not be forbidden.  Acts 17:31; Romans 5:5; 1 Corinthians 15:3 - 8."
1618,"Pa kite pèsonn pou plante jaden ! Pa kite pèsonn pou ranmase lè sezon rekòt rive ! Lè lagè a va pete , tout moun lòt nasyon yo va chache chemen pa yo , y'a kouri met deyò al lakay yo .","Let no one plant the field , let no one gather the harvest , and when the war breaks out , all the nations will flee to their own homes .","Don't leave anyone to plant! Don't leave anyone to harvest when harvest comes! When war breaks out, all the foreigners will be looking for their way out and running away from home."
1619,"Bezaleyèl fè lòtèl pou boule ofrann yo an bwa zakasya . Li fè l' kare kare : Li te mezire sèt pye sis pous longè , sèt pye sis pous lajè , kat pye sis pous wotè .","Bezalel made the altar of burnt offering of acacia wood. He made it square: its length was seven feet six inches, its width seven feet six inches, and its height four feet six inches.","Bezalel made altars for burnt offerings in wood of zakasya . He made it square: He measured seven feet six inches long , seven feet six inches wide , four feet six inches tall ."
1620,"Annefè, Pyè deklare: ""Jou Jewova a ap vini tankou yon vòlè"". — 2 Pyè 3: 10.","Indeed, Peter declared: “Jehovah’s day will come as a thief.”​—2 Peter 3:10.","Herefore, Peter declares: The day of the Lord will come like a thief.  2 Peter 3:10."
1621,( 29 ) Se Senyè a ki wa . Se li ki donminen sou tout nasyon .,"( 29 ) The Lord reigns , and he rules over all the nations .",(29) The Lord is king . He rules over all nations .
1622,"Men , mwen pral pase yon lòd . Mwen pral vannen moun Izrayèl ki nan mitan lòt nasyon yo tankou yo vannen grenn nan laye . Pa menm yon bon grenn p'ap tonbe atè .","But I will give the command , and I will sift the house of Israel among the nations , as one sifts grain in a sieve , and not a single good grain will fall to the ground .",But I will issue an order: I will sweep away the sons of Israel from among the nations as they sweep away the grain from him . Not even a grain shall fall to the ground .
1623,"Nou menm k'ap fè sèvis sou mòn yo , nan mitan pyebwa yo , m'ap fè moun vin piye richès nou yo ak trezò nou yo poutèt peche nou te fè sou mòn yo toupatou nan peyi a .","You who worship on the mountains and among the trees , I will bring plunder on your wealth and treasures because of the sins you have committed on the mountains and throughout the land .","We do worship on the mountains, among the trees, and I bring people to take away our wealth and treasures because of our sins on the mountains all over the land."
1624,"Se ak li Bondye te kreye tou sa ki nan syèl la ak sou latè , sa nou wè ak sa nou pa wè . Se ak li li kreye tout lespri yo ki chita ap donminen , ki gen otorite , ki chèf epi ki gen pouvwa . Se ak Kris la Bondye te kreye yo tout , epi se pou li li te kreye yo .","For by him all things were created, that are in heaven and that are in earth, visible and invisible, and by him all principalities and powers and rulers and authorities. For in him all things were created, and for him all things were created.","With him God created all things in heaven and on earth , what we see and what we do not see . With him he created all the spirits of rulers , authorities , rulers and powers . With him God created all things , and for him he created them ."
1625,"E Satan, prensipal ènmi w lan, ap sèvi ak yon zam ki se yon gwo danje pou ou.","And Satan, your main enemy, is using a weapon that is very dangerous to you.","And Satan, your main enemy, is using a weapon that is a great danger to you."
1626,"b Kiyès ki jwenn byenfè grasa nouvo kontra a, e ki jan yo 'kenbe l fèm'?","b Who benefit from the new covenant, and how do they “lay hold” of it?","Who decreases the benefits of the new contract, and how to keep it firm?"
1627,Sa w pral aprann yo ap ede w aji yon fason k ap fè kè Jewova Dye kontan. — Pwovèb 27: 11.,What you will learn will help you to act in a way that makes Jehovah God’s heart rejoice. —Proverbs 27:11.,What you will learn will help you to act in a way that will please Jehovah God.  Proverbs 27:11.
1628,"Lè yon moun di : mwen menm , mwen konn Bondye , epi pou anmenmtan an li pa fè sa Bondye mande l' fè a , moun sa a se yon mantò . Verite a pa nan li .","If someone says , "" I know God , "" and does not do what God commands , that person is a liar , and the truth is not in him .","When someone says: I know God , and yet he does not do what God asks him to do , that person is a liar . The truth is not in him ."
1629,"Gen yon kantite wa kananeyen ki te met ansanm ak lame wa Yabin nan, ki te sanble pi fò pase yo.","A number of Canaanite kings joined King Jabin's army, which seemed stronger than them.","A number of Canaanite kings joined Jabin's army, which seemed to be stronger than them."
1630,"Dezyèm gwoup moun yo, se lanmou yo gen lakay yo ki fè y ap anonse Kris, paske moun sa yo konnen yo te chwazi m pou m ka defann bon nouvèl la.","The second group of people, it is because of their love that they preach Christ, because they know that they have been chosen to defend the good news.","The second group of people, it is the love they have for their hometown that makes them proclaim Christ, because these people know they have chosen me to defend the gospel."
1631,"M ap wè si l pap aji.' — Sòm 13: 1, 2; Aba.","I will see whether he will not act.’ —Psalm 13:1, 2; Hab.","I'll see if it doesn't work.'  Psalm 13:1, 2; Aba."
1632,"Jezi reponn yo : — Se pa ni peche pa l ni peche manman l ak papa l ki lakòz sa . Li fèt avèg , se pou moun ka wè sa pouvwa Bondye a ka fè nan li .","Jesus answered them , "" It was neither this man 's sin nor his parents ' , but that people might see the power of God in him . ""","Jesus said to them ,  It is not his sin , nor the sin of his parents , that cause this . He was born blind , so that no one may see what the power of God can do in him ."
1633,"Kenbe pawòl Kris la ak tout richès li yo byen fèm nan kè nou . Se pou nou yonn aprann nan men lòt , se pou nou yonn bay lòt konsèy avèk anpil bon konprann . Se pou nou chante sòm , kantik ak tout lòt chante Lespri Bondye a va moutre nou , pou di Bondye mèsi ak tout kè nou .","Let the word of Christ dwell in you richly , teaching and admonishing one another with all wisdom , singing psalms , hymns , and spiritual songs , with gratitude in your hearts to God .","Keep the word of Christ with all its riches firmly in your hearts . Let us teach one another , let us advise one another in wisdom . Let us sing psalms , hymns and other spiritual songs that will teach us , to thank God with all our hearts ."
1634,Gen lòt tou ki renmen ak moun ki pa Temwen Jewova.,There are also others who are in love with people who are not Jehovah's Witnesses.,There are also others who love and those who are not Jehovah's Witnesses.
1635,Mechan yo pase tout lavi yo nan tèt chaje . Moun k'ap plede maltrete parèy yo p'ap viv lontan .,"The wicked spend their whole lives in trouble , and those who oppress their neighbors will not live long .",Villains spend their entire lives in trouble. Those who complain of mistreating their fellow man will not live long .
1636,"Yon lòt danje nou dwe evite se danje yo pale de li nan Eklezyas 7: 16 la (NW): Pinga w vin jis aleksè, ni pa montre w saj depase.","Another danger we must avoid is the one mentioned at Ecclesiastes 7:16: “Do not become righteous overmuch, nor show yourself excessively wise.”","Another danger we must avoid is the danger spoken of in Ecclesiastes 7:16: Do not drink wine justly, nor show excess wisdom."
1637,Sèvi ak apendis ki nan Labib — Tradiksyon monn nouvo a si l disponib nan yon lang ou konnen.,Use the appendix in the New World Translation of the Holy Scriptures if it is available in a language you know.,Use the appendix of the Bible  The New World Translation if it is available in a language you know.
1638,"Gen yon istoryen juif ki rele Jozèf ki fè konnen, pandan kanpay militè Aleksann t ap fè nan zòn Jerizalèm, yo te montre l pwofesi sa a e li te kwè pwofesi sa a gen rapò avè l.","Jewish historian Josephus states that during Alexander's military campaign in the Jerusalem area, he was shown this prophecy and believed that it applied to him.","There is a Jewish historian named Joseph who, during Alexander's military campaign in the Jerusalem area, showed him this prophecy and he believed it was related to him."
1639,"Men sa Pòl te di ansyen nan kongregasyon Efèz yo: Fè atansyon ak tèt nou e ak tout twoupo lespri sen etabli nou siveyan sou li a, pou nou pran swen kongregasyon Bondye a, kongregasyon li achte ak san pwòp Pitit li a.","Paul told the elders of the Ephesian congregation: “Pay attention to yourselves and to all the flock, among which the holy spirit has appointed you overseers, to shepherd the congregation of God, which he purchased with the blood of his own Son.”","This is what Paul said to the Elder in Ephesus: Watch out for yourselves and for the entire herd of holy spirits to whom you have appointed overseers, so that you may shepherd the congregation of God, which he purchased with the blood of his own Son."
1640,"Sepandan, olye pou n ap fache pou nenpòt ti krik ti krak, sa ki kapab fè n kraze lapè ki gen nan kongregasyon an, ann eseye imite Jewova epi annou padone youn lòt ak tout kè nou toutpandan n ap kontinye travay kòtakòt nan sèvis Jewova a.","However, rather than becoming angry over minor disagreements, which could disrupt the peace of the congregation, let us strive to imitate Jehovah and forgive one another from the heart as we continue to work side by side in Jehovah’s service.","However, instead of being upset by any slight cracks, which can shatter the peace in the congregation, let's try to imitate Jehovah and forgive one another wholeheartedly as we continue to work tirelessly in the service of Jehovah."
1641,"Konesans sa a ede anpil moun vin pwòp nan domèn moral, li fè yo kite move abitid yo te genyen, li fè yo vin gen pi bon relasyon ak fanmi yo e yo vin gen pi bon relasyon ak Bondye, li menm ki Mèt Bib la.","This knowledge has helped many to become morally clean, to break free from bad habits, to improve their relationships with their families, and to have a better relationship with God, the Author of the Bible.","This knowledge helps many people to become morally clean, to let go of their bad habits, to have better relationships with their families and to have better relationships with God, the Owner of the Bible."
1642,"Lefètke Jewova pa t deside montre menm kote a se li menm ki Souvren an, li te bay Satan tan pou l pwouve sa l te di yo.","By not immediately asserting his sovereignty, Jehovah gave Satan time to prove his claim.","Since Jehovah did not decide to show where he was the Sovereign, he gave Satan time to prove what he was saying."
1643,"Dapre sèman li te fè bay Abraram , zansèt nou an .",According to the oath he swore to our father Abraham .,"According to the oath he swore to Abraham, our father ."
1644,Ki jan Pyè te 'bay frè l yo fòs'?,How did Peter “strengthen his brothers”?,How did Peter give strength to his brethren?
1645,Epi li di : - Poukisa w'ap koute moun k'ap di ou m'ap chache fè malè sou ou ?,And he said: - Why do you listen to those who tell you that I am trying to harm you?,And he said: Why do you listen to people who say I am trying to hurt you?
1646,"Men, e lè gen konfli ant sa Bondye mande ak sa gouvènman yo mande?",But what if there is a conflict between what God requires and what governments require?,But what happens when there is conflict between what God requires and what governments require?
1647,"Pandan m te nan yon kan yo te fè pou moun ki imigre nan peyi a, mwen te resevwa yon liv Temwen Jewova yo te fè pou moun etidye Bib la.","While I was in a camp for immigrants, I received a Bible study book produced by Jehovah's Witnesses.","While I was in a camp for immigrants in the country, I received a book of Jehovah's Witnesses made for Bible study."
1648,"Se sa k fè Izkiya te antre nan tanp Jewova a e li te kòmanse priye. Men sa l te di: ""Senyè, Bondye nou an, tanpri, delivre nou anba men Senakerib, pou tout nasyon ki sou latè ka konnen se ou menm sèl, Senyè, ki Bondye."" — 2 Wa 19: 14 - 19.","So Hezekiah entered the temple of Jehovah and began to pray. He said: “O Jehovah our God, please save us from the hand of Sennacherib, so that all the peoples of the earth may know that you, Jehovah, are God alone.” —2 Kings 19:14-19.","That is why Hezekiah entered into the temple of Jehovah and began to pray. And he said: O Lord our God, please deliver us from the hand of Sennacherib, so that all the nations of the earth may know that you alone, O Lord, are God.  2 Kings 19:14-19."
1649,"Men sa l ajoute: ""Men, avèk jantiyès, mari m te ede m konprann nou pa responsab pitit nou an ankò e n pa dwe antre nan zafè l.""","She adds: ""But, with kindness, my husband helped me understand that we are no longer responsible for our child and should not interfere in his affairs.""","But she adds: But kindly, my husband helped me understand that we are not responsible for our child anymore and we should not interfere in his affairs."
1650,"Nan Paradi Jewova pral tabli sou tè a nan yon tikras tan ankò, pap manke okazyon pou nou pwofite jenewozite Jewova totalman, ansanm ak konpayi agreyab tout moun ki respekte egzijans li yo ki jis. — Sòm 145: 16; Izayi 25: 6; 2 Korentyen 7: 1.","In the Paradise that Jehovah will soon establish on earth, there will be no shortage of opportunities to benefit fully from Jehovah’s generosity, including the pleasant company of all who meet his righteous requirements. —Psalm 145:16; Isaiah 25:6; 2 Corinthians 7:1.","In Paradise wherein Jehovah will be established on earth in a certain time again, we will not miss the opportunity to enjoy his generosity fully, together with the pleasing company of all who respect his righteous requirements.  Psalm 145:16; Isaiah 25:6; 2 Corinthians 7:1."
1651,Se konsa Pilat pran desizyon pou l' ba yo sa yo te mande a .,So Pilate decided to give them what they asked for.,So Pilate decided to give them what they asked .
1652,"Menm jan an tou, NOU menm jèn gason, se pou NOU soumèt devan ansyen yo. Men, se NOU tout ki pou abiye NOU ak imilite nan relasyon NOU youn ak lòt, paske Bondye kont moun ki ògeye yo, men li bay moun ki enb yo favè san parèy la.","Likewise, you younger men, be in subjection to the older men. All of you, clothe yourselves with humility toward one another, because God opposes the proud but gives grace to the humble.","In the same way, WE, young men, ought to be submissive to the elders. But let us all be clothed with humility in our relationship to one another, for God is against the unrighteous, but he gives his grace to the unrighteous."
1653,"17, 18. a Ki sa lèt Jezi te ekri sèt kongregasyon ann Azi Minè yo revele sou konpreyansyon pwofon li genyen?","17, 18. a What do Jesus’ letters to the seven congregations in Asia Minor reveal about his depth of understanding?","17, 18. What letters did Jesus write to the seven congregations in Asia Minor to reveal about his profound understanding?"
1654,"Okontrè, li te bay Jòb posiblite pou l pwouve entegrite l, pou l montre adorasyon l t ap ba l la te soti nan yon kè ki pwòp e ki pa egoyis.","Rather, he gave Job the opportunity to prove his integrity, to show that his worship came from a pure, unselfish heart.","Rather, it gave Job the opportunity to prove his integrity, to show that his worship was not coming from a pure and unselfish heart."
1655,"Se Senyè a menm ki te bay Moyiz regleman sa yo , sou mòn Sinayi nan mitan dezè a , jou li te mande moun pèp Izrayèl yo pou yo fè ofrann ba li .","The Lord himself gave these regulations to Moses on Mount Sinai in the wilderness , on the day he commanded the Israelites to present their offerings to him .","It was the Lord himself who gave these statutes to Moses , on Mount Sinai in the midst of the wilderness , the day he asked the sons of Israel to offer sacrifices to him ."
1656,"moun Izrayèl yo vire fè faskare ak moun Benjamen yo . Lè sa a , moun Benjamen yo te gentan touye trant moun konsa nan mitan yo . Yonn t'ap di lòt konsa : — Wi , nou bat yo fwa sa a tankou anvan an .","The men of Israel turned to face the men of Benjamin . By that time the men of Benjamin had already killed about thirty of their men . They said to each other , "" We are defeated again , just as we were before . ""","The men of Israel turned to the men of Benjamin . Then the men of Benjamin had already killed thirty men among them . One would say to the other: Yes , we have defeated them this time as before ."
1657,"Men sa li di: ""Menm jan mwen vivan, [...] mwen pran plezi, non pa nan lanmò mechan an, men pou moun ki mechan an vire kite chemen l e vrèman pou li rete vivan."" .","He says: “As long as I live, […] I take delight, not in the death of the wicked, but in that the wicked turn from his way and keep living.” .","But he says: As I live, [...] I enjoy, not the death of the wicked, but that the wicked turn from his way and truly live."
1658,"Se pou rezon sa a, Jezi Kris te di yo avèk franchiz: Gade!",That is why Jesus Christ said to them boldly: Look!,That is why Jesus Christ said frantically: Watch!
1659,"Apre yon gwo kanpay predikasyon espesyal, li te di disip li yo: ""Nou menm, vin yon kote apa pou nou pran yon ti repo."" — Mak 6: 31, 32.","After a special preaching campaign, he told his disciples: “Come, you yourselves, privately into a secluded place and rest up a little.” —Mark 6:31, 32.","After a great special preaching campaign, he said to his disciples: Come, you, into a secluded place, and rest. Mark 6:31, 32."
1660,"Se sa k fè Jan Batis te rele l ""ti mouton Bondye a k'ap wete peche moun sou tout latè"".","That is why John the Baptist called him ""the Lamb of God who takes away the sin of the whole world"".",That is why John the Baptist called him the Lamb of God who takes away the sin of the world.
1661,"Nou ka fè sa nan reyinyon yo lè n priye Jewova, lè n chante pou li ak lè n pale de li.","We can do this at meetings by praying to Jehovah, singing to him, and talking about him.","We can do this at our meetings by praying to Jehovah, by singing to him and by talking about him."
1662,"Y'a mòde an trèt, y'a fè kòlè fasil, lògèy va gonfle lestonmak yo.","They will bite treacherously, they will be easily angered, and their breasts will be puffed up with pride.","They'll be mild, they'll make anger easy, and their temper will swell."
1663,"Mwen menm Pyè , apot Jezikri , mwen ekri llèt sa a pou nou tout ki fè pati pèp Bondye te chwazi a epi ki egzile nan peyi Pon , Galasi , Kapadòs , Lazi ak Bitini .","Peter , an apostle of Jesus Christ , to all of you who are chosen by God and are exiles in Pontus , Galatia , Cappadocia , Asia , and Bithynia .","I , Peter , the Apostle of Jesus Christ , write this letter to all of you the elect and exiles in Pontus , Galatia , Cappadocia , Asia and Bithinia ."
1664,"Sepandan, si w bay frè ou konfye responsablite a yon ti libète, petèt l ap vin gen konfyans nan tèt li e l ap vin gen eksperyans.","However, if you give the brother you entrust with responsibility a little freedom, he may gain confidence and experience.","However, if you give your trusted brother some freedom, perhaps he will become confident and will gain experience."
1665,Nou tout ap goumen ak pwòp enpèfeksyon pa nou ansanm ak enpèfeksyon lòt moun.,We all struggle with our own imperfections as well as the imperfections of others.,We are all struggling with our own imperfections together with the imperfections of others.
1666,"Nan kòmansman ane 1933, wa Sobhuza te konn pran plezi tande pyonye yo lè yo te konn vizite l nan vilaj li te abite a.","In early 1933, King Sobhuza enjoyed listening to the pioneers when they visited him in his village.","In the early 1933s, King Sobhuza enjoyed hearing the pioneers visit him in the village where he lived."
1667,"Geoffrey Jackson, youn nan manm Kolèj santral la, t ap prezide reyinyon sa a.","Geoffrey Jackson, a member of the Governing Body, presided over this meeting.","Geoffrey Jackson, one of the members of the Central College, will preside over this meeting."
1668,"Nan pita, lè Elicha tounen bò Jouden an li frape dlo rivyè a ak rad Eliya a epi l rele byen fò, li di: ""Kote Jewova, Bondye Eliya a?""","Later, when Elisha returned to the Jordan, he struck the water of the river with Elijah's cloak and cried out, ""Where is the Lord, the God of Elijah?""","Later, when Elisha returned to Jordan and struck the water with Elijah's coat, he cried out, saying: Where is the Lord, the God of Elijah?"
1669,Li fè lanèj tonbe kouvri latè tankou koton . Li fè lawouze tounen ti mòso glas sou tout pyebwa .,He makes the snow fall like cotton and covers the earth like a blanket. He turns the dew into icicles on all the trees.,It causes snow to cover the earth like cotton . It causes dew to turn into fragments of ice on all trees .
1670,"Byenke alyans ak Abraram nan te reyalize yon fason literal pou desandan Abraram yo lè yo te antre nan Latè pwomiz, Ekriti yo montre alyans sa a t ap gen yon akonplisman espirityèl tou.","Although the Abrahamic covenant was fulfilled in a literal way for Abraham's descendants when they entered the Promised Land, the Scriptures show that this covenant would also have a spiritual fulfillment.","Although the covenant with Abraham was fulfilled in a literal way for the descendants of Abraham when they entered the Promised Land, the Scripture shows that this covenant would not have a spiritual fulfillment either."
1671,"Lè mwen panse ak 69 ane maryaj mwen gen ak Edith yo, mwen sonje Pwovèb 18: 22 ki di: ""Lè yon nonm jwenn yon bon madanm, se yon bon bagay.""","When I think of my 69 years of marriage to Edith, I am reminded of Proverbs 18:22, which says: “A man finds a good wife—that is a good thing.”","When I think back 69 years of my marriage to Edith, I remember Proverbs 18:22 which says: When a man finds a good wife, that is good."
1672,"Dezyèmman, sa nou rete ap gade kapab ranfòse dezi ki nan kè nou swa an byen, swa an mal.","Second, what we watch can strengthen the desires of our hearts, for good or for evil.","Second, what we keep looking at can boost our inner desire either good or bad."
1673,"Imajine w te la pandan Pòl t ap pale konsènan ""Bondye ki fè monn nan ak tout sa ki ladan l"" lan, epi annapre, li fè konnen Bondye sa a""pa abite nan tanp moun fè ak men"".","Imagine being there as Paul spoke about “the God who made the world and all the things in it,” and then he explained that this God “does not dwell in temples made with hands.”","Imagine that you were there while Paul was talking about ""the God who made the world and everything that is in it"", and next, he made known this God ""who does not dwell in man-made temples""."
1674,"Kòm repons, Simon te di: ""Mwen ta sipoze se sa li anile plis dèt pou li a.""","In response, Simon said: ""I suppose that's the one he canceled the most debt for.""","In response, Simon said: I would assume thats why he cancels more debts for her."
1675,"Men , fòk pasyans sa a fin fè travay li nèt pou nou kapab bon nèt sou tout pwen , byen devlope , san nou pa manke anyen .","But let patience have her perfect work, that we may be perfect and complete, lacking nothing.","But this patience has to finish its work so that we can be perfect , well developed , without missing anything ."
1676,"Yon fason klè, sa montre fèt Pak se pa yon fèt kretyen dwe selebre.","Clearly, this shows that Easter is not a Christian holiday to be celebrated.","In a clear way, this shows that Easter is not a Christian holiday to celebrate."
1677,"Gen ladan yo k'ap preche Kris la paske yo gen jalouzi nan kè yo . Gen lòt menm , se pou fè moun konkirans . Men gen lòt tou k'ap preche ak bon santiman .","Some preach Christ out of envy , some out of rivalry , and some out of good will .",Some preach Christ because of jealousy in their hearts . Others even to make people compete . But others also preach with good feeling .
1678,"Si yo ta fè sa, sa t ap montre yo manke konfyans nan solisyon Bondye bay pou malè k ap frape limanite yo.",To do so would show a lack of confidence in God’s solution to the woes afflicting mankind.,"If they did, it would not show that they lack faith in God's solution to the suffering that is befalling humanity."
1679,Sa ta dwe yon reyaksyon otomatik lakay nou.,This should be an automatic reaction in our home.,This should be an automatic reaction at home.
1680,"Pa egzanp, Lwa Moyiz la te mande pou yon moun onore ni papa l ni manman l e li te dwe respekte yo.","For example, the Mosaic Law required that a person honor and respect both his father and mother.","For example, the Mosaic Law required that a man honor both his father and his mother and must respect them."
1681,Premye kretyen sa yo te kontinye pwogrese nan domèn espirityèl paske Bondye te beni yo. — Pwo.,Those early Christians continued to make spiritual progress because God blessed them.—Prov.,These early Christians continued to progress spiritually because God blessed them.  Pro.