src_text,reference,prompt,prediction
ki vanyan yo ka di di l se sa sèl person,how brave they can say to him that he is the only person,"
 Translate the following Haitian Creole expression into natural English.
 Only provide the English translation.

Haitian Creole text:
ki vanyan yo ka di di l se sa sèl person

English:

",how brave they can say it is only one person
la fè speech.,she gave a speech.,"
 Translate the following Haitian Creole expression into natural English.
 Only provide the English translation.

Haitian Creole text:
la fè speech.

English:

",to give a speech
ou mete banana,you put bananas,"
 Translate the following Haitian Creole expression into natural English.
 Only provide the English translation.

Haitian Creole text:
ou mete banana

English:

",you put banana
w ap di depi before yè,you’ve been saying it since the day before yesterday,"
 Translate the following Haitian Creole expression into natural English.
 Only provide the English translation.

Haitian Creole text:
w ap di depi before yè

English:

",you’ve been saying it since the day before yesterday
men ne kote yo,but here is where they are,"
 Translate the following Haitian Creole expression into natural English.
 Only provide the English translation.

Haitian Creole text:
men ne kote yo

English:

",here they are
iti nou men nan encore,here we are again,"
 Translate the following Haitian Creole expression into natural English.
 Only provide the English translation.

Haitian Creole text:
iti nou men nan encore

English:

",here we are again
yo di m pa konnen gen yen call sa,they told me i don’t know there is something called that,"
 Translate the following Haitian Creole expression into natural English.
 Only provide the English translation.

Haitian Creole text:
yo di m pa konnen gen yen call sa

English:

",they told me I don’t know what they call this
epi yo mete sou yon ti zone an pou rendwa chita,and they put it on a little stool to make it sit down,"
 Translate the following Haitian Creole expression into natural English.
 Only provide the English translation.

Haitian Creole text:
epi yo mete sou yon ti zone an pou rendwa chita

English:

",and they put it on a little area for the evening to sit
Gon ti bagay tèt li,There’s a little thing on his head,"
 Translate the following Haitian Creole expression into natural English.
 Only provide the English translation.

Haitian Creole text:
Gon ti bagay tèt li

English:

",He has a little something on his mind.
m pa konnen e kichan ou ta rele epòkse la Kisa w tab say,"I don’t know, and how would you call that, what would you say?","
 Translate the following Haitian Creole expression into natural English.
 Only provide the English translation.

Haitian Creole text:
m pa konnen e kichan ou ta rele epòkse la Kisa w tab say

English:

","I don’t know how you would call that, what are you trying to say?"
bra sa yo m konn yo rele Palms,I know these arms are called Palmis,"
 Translate the following Haitian Creole expression into natural English.
 Only provide the English translation.

Haitian Creole text:
bra sa yo m konn yo rele Palms

English:

",I know these arms are called palms.
nou ki sa l ap say?,What is he saying?,"
 Translate the following Haitian Creole expression into natural English.
 Only provide the English translation.

Haitian Creole text:
nou ki sa l ap say?

English:

",What is he saying?
Anse yon wing kouwizyè,A hummingbird wing,"
 Translate the following Haitian Creole expression into natural English.
 Only provide the English translation.

Haitian Creole text:
Anse yon wing kouwizyè

English:

",A winged chair
paske lòt la l ap fly,because the other one is flying,"
 Translate the following Haitian Creole expression into natural English.
 Only provide the English translation.

Haitian Creole text:
paske lòt la l ap fly

English:

",because the other one is flying
sw ap apart l konsa an,"you’re separating it like that, huh","
 Translate the following Haitian Creole expression into natural English.
 Only provide the English translation.

Haitian Creole text:
sw ap apart l konsa an

English:

",you’re going to separate it like that?
si w ap di l go up,if you are telling him to go up,"
 Translate the following Haitian Creole expression into natural English.
 Only provide the English translation.

Haitian Creole text:
si w ap di l go up

English:

",if you’re telling him to go up
entwis li konn tout li konn ap devastate aden moun,"Meanwhile, he knows everything; he knows how to devastate people.","
 Translate the following Haitian Creole expression into natural English.
 Only provide the English translation.

Haitian Creole text:
entwis li konn tout li konn ap devastate aden moun

English:

",He knows everything and can devastate anyone.
K ap bagag,What’s going on?,"
 Translate the following Haitian Creole expression into natural English.
 Only provide the English translation.

Haitian Creole text:
K ap bagag

English:

",What’s up?
"Se sa tou ki lakòz, aprèmidi a, nanpwen youn tay boulva, ki pote non pwomnad, mwen pa ta apante avèk ou pou mwen ansanse your voice.","That is why this afternoon, there is no boulevard or drive that I would not haunt with you.","
 Translate the following Haitian Creole expression into natural English.
 Only provide the English translation.

Haitian Creole text:
Se sa tou ki lakòz, aprèmidi a, nanpwen youn tay boulva, ki pote non pwomnad, mwen pa ta apante avèk ou pou mwen ansanse your voice.

English:

","That’s also why, this afternoon, there’s not a single bit of confusion, called a walk, that would make me go with you to praise your voice."
donk men Mwen te there pou ou,So here I was there for you,"
 Translate the following Haitian Creole expression into natural English.
 Only provide the English translation.

Haitian Creole text:
donk men Mwen te there pou ou

English:

",So I was there for you
ou di good,you say good,"
 Translate the following Haitian Creole expression into natural English.
 Only provide the English translation.

Haitian Creole text:
ou di good

English:

",you said good
wa know yo?,Do you know them?,"
 Translate the following Haitian Creole expression into natural English.
 Only provide the English translation.

Haitian Creole text:
wa know yo?

English:

",Do you know them?
wi l ale men lè l pase a sa l do,yes he goes but when he passes by what he does,"
 Translate the following Haitian Creole expression into natural English.
 Only provide the English translation.

Haitian Creole text:
wi l ale men lè l pase a sa l do

English:

",yes he went but when he passed by what he did
nou pou cordon,we are for the cordon,"
 Translate the following Haitian Creole expression into natural English.
 Only provide the English translation.

Haitian Creole text:
nou pou cordon

English:

",we are for the cordon
bò kri yon yo rele l,near the edge they call it,"
 Translate the following Haitian Creole expression into natural English.
 Only provide the English translation.

Haitian Creole text:
bò kri yon yo rele l

English:

",they call it the cry side
Sèva bouch li ki dry.,His lips are dry.,"
 Translate the following Haitian Creole expression into natural English.
 Only provide the English translation.

Haitian Creole text:
Sèva bouch li ki dry.

English:

",His mouth is dry.
bafwa moun nan konn finish,sometimes the person ends up finishing,"
 Translate the following Haitian Creole expression into natural English.
 Only provide the English translation.

Haitian Creole text:
bafwa moun nan konn finish

English:

",sometimes the person ends up finishing
Malgre tout fos Tout pisans nou Se tanzantan Remontan prezans Tanpe tan pase Nan siyay rasin nou Kote chak kouch fimye Ki sopoudre lavi-n Chak reyon **sunlight** Ki anpare-l,"Though we feel strong and powerful Time after time a mere presence Will let its sap fill us to the core. Precious moments of days gone by, When the dead leaves kiss the clay.","
 Translate the following Haitian Creole expression into natural English.
 Only provide the English translation.

Haitian Creole text:
Malgre tout fos Tout pisans nou Se tanzantan Remontan prezans Tanpe tan pase Nan siyay rasin nou Kote chak kouch fimye Ki sopoudre lavi-n Chak reyon **sunlight** Ki anpare-l

English:

","Despite all our strength and omnipotence,  
we are only occasional returns,  
the presence of passing time,  
in the wake of our roots,  
where each layer of manure  
sprinkles life on us,  
each ray of sunlight  
that parts it."
"OK, sa gason yo konn mete an **barrier** yo an.","OK, that’s what men usually put up as a barrier.","
 Translate the following Haitian Creole expression into natural English.
 Only provide the English translation.

Haitian Creole text:
OK, sa gason yo konn mete an **barrier** yo an.

English:

","OK, that’s what men usually put in a barrier."
"Men, instead la, m pa konprann.","But, instead, I don’t understand.","
 Translate the following Haitian Creole expression into natural English.
 Only provide the English translation.

Haitian Creole text:
Men, instead la, m pa konprann.

English:

","But instead, I don’t understand."
ou langen gen,you have a tongue,"
 Translate the following Haitian Creole expression into natural English.
 Only provide the English translation.

Haitian Creole text:
ou langen gen

English:

",you have a tongue
Se yon ti boy,It is a little boy,"
 Translate the following Haitian Creole expression into natural English.
 Only provide the English translation.

Haitian Creole text:
Se yon ti boy

English:

",He’s a little boy.
Pafwa se youn perfume ki ba li nanm.,Sometimes it's a simple word that wakens it from its sleep.,"
 Translate the following Haitian Creole expression into natural English.
 Only provide the English translation.

Haitian Creole text:
Pafwa se youn perfume ki ba li nanm.

English:

",Sometimes it’s a perfume that gives it soul.
se Se jenm,it’s just a gem,"
 Translate the following Haitian Creole expression into natural English.
 Only provide the English translation.

Haitian Creole text:
se Se jenm

English:

",It’s just a joke.
ki jan yo call,what is it called,"
 Translate the following Haitian Creole expression into natural English.
 Only provide the English translation.

Haitian Creole text:
ki jan yo call

English:

",how do they call it
- Kwit ak pure breadfruit la:,- Cook and puree the breadfruit:,"
 Translate the following Haitian Creole expression into natural English.
 Only provide the English translation.

Haitian Creole text:
- Kwit ak pure breadfruit la:

English:

",- Cook and puree the breadfruit:
isa l t ap do la,What was he doing there,"
 Translate the following Haitian Creole expression into natural English.
 Only provide the English translation.

Haitian Creole text:
isa l t ap do la

English:

",what was he doing there
met demenn mwen,put me off until tomorrow,"
 Translate the following Haitian Creole expression into natural English.
 Only provide the English translation.

Haitian Creole text:
met demenn mwen

English:

",put me off until tomorrow
"Ou kapab e m, ou pa vle, m pa kapab fòse ou ki sòt ka di lan.","You can and I can’t, you don’t want to, I can’t force you, who can say that.","
 Translate the following Haitian Creole expression into natural English.
 Only provide the English translation.

Haitian Creole text:
Ou kapab e m, ou pa vle, m pa kapab fòse ou ki sòt ka di lan.

English:

","You can, but you don’t want to; I can’t force you to do what you’re saying."
li pa say anyen an kwen,he didn’t say anything at all,"
 Translate the following Haitian Creole expression into natural English.
 Only provide the English translation.

Haitian Creole text:
li pa say anyen an kwen

English:

",he didn’t say anything in the corner
moun ki lòb style.,people who are awkward.,"
 Translate the following Haitian Creole expression into natural English.
 Only provide the English translation.

Haitian Creole text:
moun ki lòb style.

English:

",people with a flashy style
te cheve red,had red hair,"
 Translate the following Haitian Creole expression into natural English.
 Only provide the English translation.

Haitian Creole text:
te cheve red

English:

",had straight hair
se konsa yo call li,that's what they call it,"
 Translate the following Haitian Creole expression into natural English.
 Only provide the English translation.

Haitian Creole text:
se konsa yo call li

English:

",that’s what they call it
Mwen count sou ou.,I am counting on you.,"
 Translate the following Haitian Creole expression into natural English.
 Only provide the English translation.

Haitian Creole text:
Mwen count sou ou.

English:

",I’m counting on you.
men ou pa ka ap di ta esanpis won moun ou resilient joure,but you can’t keep saying that about someone you’re insulting every day,"
 Translate the following Haitian Creole expression into natural English.
 Only provide the English translation.

Haitian Creole text:
men ou pa ka ap di ta esanpis won moun ou resilient joure

English:

",but you can’t keep saying that about someone who is resilient to insults
pòp di: an,pope says: a,"
 Translate the following Haitian Creole expression into natural English.
 Only provide the English translation.

Haitian Creole text:
pòp di: an

English:

",the pope says: an
Tankou lò w kapab lage the water a,Like when you can let the water go,"
 Translate the following Haitian Creole expression into natural English.
 Only provide the English translation.

Haitian Creole text:
Tankou lò w kapab lage the water a

English:

",Like when you can let the water out
li ta antre.,he would enter.,"
 Translate the following Haitian Creole expression into natural English.
 Only provide the English translation.

Haitian Creole text:
li ta antre.

English:

",he would enter.
"Nèg fè lide-l, Bondye ba-l right.","The man gets the idea, God authorizes it.","
 Translate the following Haitian Creole expression into natural English.
 Only provide the English translation.

Haitian Creole text:
Nèg fè lide-l, Bondye ba-l right.

English:

","A man makes up his mind, and God gives him the right."
lwil dòm Nazè,Nazareth oil,"
 Translate the following Haitian Creole expression into natural English.
 Only provide the English translation.

Haitian Creole text:
lwil dòm Nazè

English:

",Nazareth oil
radi,Raddish,"
 Translate the following Haitian Creole expression into natural English.
 Only provide the English translation.

Haitian Creole text:
radi

English:

",cold
doukwa chonje sa yo t ap say a,remember what they were saying,"
 Translate the following Haitian Creole expression into natural English.
 Only provide the English translation.

Haitian Creole text:
doukwa chonje sa yo t ap say a

English:

",remember what they were saying
"Lè kann yo kankou fin rive kote pye ou te rive, li lage flèj.","When the cane stalks have reached about where your feet reached, it sheds its tassels.","
 Translate the following Haitian Creole expression into natural English.
 Only provide the English translation.

Haitian Creole text:
Lè kann yo kankou fin rive kote pye ou te rive, li lage flèj.

English:

","When the cane stalks have grown as tall as your feet reached, it puts out tassels."
Moun nan rap pran pòz yon business,The person in the rap is pretending to be something.,"
 Translate the following Haitian Creole expression into natural English.
 Only provide the English translation.

Haitian Creole text:
Moun nan rap pran pòz yon business

English:

",The person is trying to act like it’s a business.
douch sou an.,shower on it.,"
 Translate the following Haitian Creole expression into natural English.
 Only provide the English translation.

Haitian Creole text:
douch sou an.

English:

",shower on it
"MEN, ta gen an yon kounm menman Zoyi an?","But, would there be one like Zoyi’s?","
 Translate the following Haitian Creole expression into natural English.
 Only provide the English translation.

Haitian Creole text:
MEN, ta gen an yon kounm menman Zoyi an?

English:

","But, would there be one like Zoyi’s?"
On ka p ap gen door kay la la,There may not be a door to the house there,"
 Translate the following Haitian Creole expression into natural English.
 Only provide the English translation.

Haitian Creole text:
On ka p ap gen door kay la la

English:

",We may not have the house door there.
"3. Diri Shela, Poul Fri - Yon klasik bon taste","3. Diri Shela, Poul Fri - A Tasty Classic","
 Translate the following Haitian Creole expression into natural English.
 Only provide the English translation.

Haitian Creole text:
3. Diri Shela, Poul Fri - Yon klasik bon taste

English:

","3. Shela Rice, Fried Chicken - A classic with great taste"
Kwape poverty,She scares off misery,"
 Translate the following Haitian Creole expression into natural English.
 Only provide the English translation.

Haitian Creole text:
Kwape poverty

English:

",Crush poverty
genyen mwen bagay ki fèt,there are some things that happened,"
 Translate the following Haitian Creole expression into natural English.
 Only provide the English translation.

Haitian Creole text:
genyen mwen bagay ki fèt

English:

",there are some things that happened
se pa penmen se ou pral achte ak riyan ou call l,"it’s not a pen, it’s what you’re going to buy with your money that you call it","
 Translate the following Haitian Creole expression into natural English.
 Only provide the English translation.

Haitian Creole text:
se pa penmen se ou pral achte ak riyan ou call l

English:

","It’s not a pen; you’re going to buy it with your money, call it."
yo gwon nou yo ka give sa,"they are big, they can give that","
 Translate the following Haitian Creole expression into natural English.
 Only provide the English translation.

Haitian Creole text:
yo gwon nou yo ka give sa

English:

","they’re bigger than us, they can give that"
te vwip sa gen lòt jan ta di sanjò Espo ka di support an wi,"that thing had another way of saying it, like “sanjò Espo” could say “sipojan,” yes","
 Translate the following Haitian Creole expression into natural English.
 Only provide the English translation.

Haitian Creole text:
te vwip sa gen lòt jan ta di sanjò Espo ka di support an wi

English:

","it was obvious that there was another way to say it, like Espo could say support, yes"
w travay l adi whole,you work all day,"
 Translate the following Haitian Creole expression into natural English.
 Only provide the English translation.

Haitian Creole text:
w travay l adi whole

English:

",you work all day
sa m ap fè people nan la.,what I’m doing to that person there,"
 Translate the following Haitian Creole expression into natural English.
 Only provide the English translation.

Haitian Creole text:
sa m ap fè people nan la.

English:

",what am I doing with people there
Boy elè chonm mal.,"Boy, he is very bad.","
 Translate the following Haitian Creole expression into natural English.
 Only provide the English translation.

Haitian Creole text:
Boy elè chonm mal.

English:

",That guy is really bad.
enpi m fè this sa,and then I did that that,"
 Translate the following Haitian Creole expression into natural English.
 Only provide the English translation.

Haitian Creole text:
enpi m fè this sa

English:

",and then I did this thing
piye bwa la,strip the wood there,"
 Translate the following Haitian Creole expression into natural English.
 Only provide the English translation.

Haitian Creole text:
piye bwa la

English:

",the tree is being stripped
yo ap ann bi kachimou,they are going to hide in the bushes,"
 Translate the following Haitian Creole expression into natural English.
 Only provide the English translation.

Haitian Creole text:
yo ap ann bi kachimou

English:

",they’re playing hide-and-seek
men rèl ben a mete yon earring la,but Ben’s cry put a thorn there,"
 Translate the following Haitian Creole expression into natural English.
 Only provide the English translation.

Haitian Creole text:
men rèl ben a mete yon earring la

English:

","but look, Ben has put on an earring there"
gen yon seride moun kal nan gagè a,there are a lot of people in the fight,"
 Translate the following Haitian Creole expression into natural English.
 Only provide the English translation.

Haitian Creole text:
gen yon seride moun kal nan gagè a

English:

",there are a lot of people in the fight
sou devan tèt li,on the front of his head,"
 Translate the following Haitian Creole expression into natural English.
 Only provide the English translation.

Haitian Creole text:
sou devan tèt li

English:

",on the front of his head
Lè sa a ti clearwo,Then the little Clewo,"
 Translate the following Haitian Creole expression into natural English.
 Only provide the English translation.

Haitian Creole text:
Lè sa a ti clearwo

English:

",Then it was clear.
epi w ap sell yo,and you will sell them,"
 Translate the following Haitian Creole expression into natural English.
 Only provide the English translation.

Haitian Creole text:
epi w ap sell yo

English:

",and you’ll sell them
sa w ap di l outfit la,what are you telling him about the clothes,"
 Translate the following Haitian Creole expression into natural English.
 Only provide the English translation.

Haitian Creole text:
sa w ap di l outfit la

English:

",what are you telling him about the outfit
repete lan as mwen,repeat it like me,"
 Translate the following Haitian Creole expression into natural English.
 Only provide the English translation.

Haitian Creole text:
repete lan as mwen

English:

",repeat after me
On nèg pa exempt.,A man is not exempt.,"
 Translate the following Haitian Creole expression into natural English.
 Only provide the English translation.

Haitian Creole text:
On nèg pa exempt.

English:

",No one is exempt.
ou di it,you say one,"
 Translate the following Haitian Creole expression into natural English.
 Only provide the English translation.

Haitian Creole text:
ou di it

English:

",you said it
paske yon antan k di y ap walking,because they say they are going to walk for a while,"
 Translate the following Haitian Creole expression into natural English.
 Only provide the English translation.

Haitian Creole text:
paske yon antan k di y ap walking

English:

",because they say they are walking for an hour
e ou soti?,and where are you from?,"
 Translate the following Haitian Creole expression into natural English.
 Only provide the English translation.

Haitian Creole text:
e ou soti?

English:

",And where are you from?
"M al Bèt, m renmen m al, m al.","I’m going to Bèt, I like to go, I’m going.","
 Translate the following Haitian Creole expression into natural English.
 Only provide the English translation.

Haitian Creole text:
M al Bèt, m renmen m al, m al.

English:

","I’m going to Bèt, I like going, I’m going."
pa koun nou mèt dimni ki good ki pa bon,for now we can say what is good and what is not good,"
 Translate the following Haitian Creole expression into natural English.
 Only provide the English translation.

Haitian Creole text:
pa koun nou mèt dimni ki good ki pa bon

English:

",Now we can tell what’s good and what’s not.
"bo we, li menm ap, li menm ak Kolobouy against men m koulè.","look at it, it itself is, it itself and Kolobouy have the same color.","
 Translate the following Haitian Creole expression into natural English.
 Only provide the English translation.

Haitian Creole text:
bo we, li menm ap, li menm ak Kolobouy against men m koulè.

English:

","look at me, he himself is, he himself and Kolobouy against my dark skin."
« Kreyòl pale kreyòl understand »,« Creole speaks creole understands,"
 Translate the following Haitian Creole expression into natural English.
 Only provide the English translation.

Haitian Creole text:
« Kreyòl pale kreyòl understand »

English:

","Creole spoken, Creole understood"
lò l bal goal la sou yon koufran,when he scored the goal on a free kick,"
 Translate the following Haitian Creole expression into natural English.
 Only provide the English translation.

Haitian Creole text:
lò l bal goal la sou yon koufran

English:

",when he scored the goal on a free kick
"rad la pa lave, ni manke wash.","The clothes are not washed, nor need washing.","
 Translate the following Haitian Creole expression into natural English.
 Only provide the English translation.

Haitian Creole text:
rad la pa lave, ni manke wash.

English:

","The clothes aren’t washed, and there’s no washing machine."
wè m dis stop fè ki sa la?,Why did you stop doing that?,"
 Translate the following Haitian Creole expression into natural English.
 Only provide the English translation.

Haitian Creole text:
wè m dis stop fè ki sa la?

English:

",What am I doing here?
sòb di people,sober-minded people,"
 Translate the following Haitian Creole expression into natural English.
 Only provide the English translation.

Haitian Creole text:
sòb di people

English:

",sober people
epi tout moun la ap carry,and everyone there is carrying it,"
 Translate the following Haitian Creole expression into natural English.
 Only provide the English translation.

Haitian Creole text:
epi tout moun la ap carry

English:

",and everyone there is carrying
li fin communicate,he has finished communing,"
 Translate the following Haitian Creole expression into natural English.
 Only provide the English translation.

Haitian Creole text:
li fin communicate

English:

",he has finished communicating
li fè sa l wants,he does what he wants,"
 Translate the following Haitian Creole expression into natural English.
 Only provide the English translation.

Haitian Creole text:
li fè sa l wants

English:

",he does what he wants
tavay ki travay w fè,the work you do,"
 Translate the following Haitian Creole expression into natural English.
 Only provide the English translation.

Haitian Creole text:
tavay ki travay w fè

English:

",the work you do
yo rele l deklòch,they call it deklòch,"
 Translate the following Haitian Creole expression into natural English.
 Only provide the English translation.

Haitian Creole text:
yo rele l deklòch

English:

",they call him a loose cannon
kichan yo konn fè coffee a pa fwa,how they sometimes make the coffee,"
 Translate the following Haitian Creole expression into natural English.
 Only provide the English translation.

Haitian Creole text:
kichan yo konn fè coffee a pa fwa

English:

",how they sometimes make the coffee
"Chak kretyenvivan se youn sous enèji ki ap vwayaje nan linivè. Plis enèji a positive, se plis li ap pèmèt nou grandi",Each human being is a source of energy moving through the universe.,"
 Translate the following Haitian Creole expression into natural English.
 Only provide the English translation.

Haitian Creole text:
Chak kretyenvivan se youn sous enèji ki ap vwayaje nan linivè. Plis enèji a positive, se plis li ap pèmèt nou grandi

English:

","Every living being is a source of energy traveling through the universe. The more positive the energy is, the more it allows us to grow."
esit se pa flowers,this is not a flower,"
 Translate the following Haitian Creole expression into natural English.
 Only provide the English translation.

Haitian Creole text:
esit se pa flowers

English:

",isn’t this flowers?
nan m pa te nan person sa,I was not with that person.,"
 Translate the following Haitian Creole expression into natural English.
 Only provide the English translation.

Haitian Creole text:
nan m pa te nan person sa

English:

",I wasn’t in that person’s place.
li te sweet al fon bagay,he was gentle at doing things,"
 Translate the following Haitian Creole expression into natural English.
 Only provide the English translation.

Haitian Creole text:
li te sweet al fon bagay

English:

",he was sweet enough to do something
li fon ti gen n,he had a little bit of depth,"
 Translate the following Haitian Creole expression into natural English.
 Only provide the English translation.

Haitian Creole text:
li fon ti gen n

English:

",he had a little bit of it
ou konn se li,you know it’s him,"
 Translate the following Haitian Creole expression into natural English.
 Only provide the English translation.

Haitian Creole text:
ou konn se li

English:

",you know it’s him
"yo rabe, rabe, rabe, yo pa vle eat si menm si ou ba yo manje, ou ye, yo rabe.","they are greedy, greedy, greedy, they don’t want to drink even if you give them food, you know, they are greedy.","
 Translate the following Haitian Creole expression into natural English.
 Only provide the English translation.

Haitian Creole text:
yo rabe, rabe, rabe, yo pa vle eat si menm si ou ba yo manje, ou ye, yo rabe.

English:

","They’re skinny, skinny, skinny; they don’t want to eat, even if you give them food—they’re just skinny."
donk yo gen to say,so they have to say,"
 Translate the following Haitian Creole expression into natural English.
 Only provide the English translation.

Haitian Creole text:
donk yo gen to say

English:

",so they’re supposed to say
li pran ve l ap smile,he took his vow to straighten up,"
 Translate the following Haitian Creole expression into natural English.
 Only provide the English translation.

Haitian Creole text:
li pran ve l ap smile

English:

",he took his vows smiling
"moun men rele on moun tou sa w fè devan nou ti moment tan, kou fè li l gitan fè l tou li men.","people even call a person too, whatever you do in front of us, a little while later, as soon as you do it, he has already done it too.","
 Translate the following Haitian Creole expression into natural English.
 Only provide the English translation.

Haitian Creole text:
moun men rele on moun tou sa w fè devan nou ti moment tan, kou fè li l gitan fè l tou li men.

English:

","people call someone too, whatever you do in front of us for a little while, as soon as you do it, they’ve already done it too."
mwen l satisfied satisè l anpan,"I am satisfied, satisfied with it.","
 Translate the following Haitian Creole expression into natural English.
 Only provide the English translation.

Haitian Creole text:
mwen l satisfied satisè l anpan

English:

","I’m satisfied, very satisfied."
anpils maliti nan bouki,a lot of malice in Bouki,"
 Translate the following Haitian Creole expression into natural English.
 Only provide the English translation.

Haitian Creole text:
anpils maliti nan bouki

English:

",a lot of malice in Bouki
ba anba anba bottom.,down below below below.,"
 Translate the following Haitian Creole expression into natural English.
 Only provide the English translation.

Haitian Creole text:
ba anba anba bottom.

English:

",underneath the bottom
Yo pa tout children,They are not all children,"
 Translate the following Haitian Creole expression into natural English.
 Only provide the English translation.

Haitian Creole text:
Yo pa tout children

English:

",They’re not all children.
sa zò w ki jan,what are you like,"
 Translate the following Haitian Creole expression into natural English.
 Only provide the English translation.

Haitian Creole text:
sa zò w ki jan

English:

",what’s wrong with you?
Li souvan sèvi nan receptions ak pati yo.,It is often served at receptions and parties.,"
 Translate the following Haitian Creole expression into natural English.
 Only provide the English translation.

Haitian Creole text:
Li souvan sèvi nan receptions ak pati yo.

English:

",He often serves at receptions and parties.
kiyan wè li l,how do you see it?,"
 Translate the following Haitian Creole expression into natural English.
 Only provide the English translation.

Haitian Creole text:
kiyan wè li l

English:

",how do you see it?
"Wi, menm there la, wi.","Yes, right there, yes.","
 Translate the following Haitian Creole expression into natural English.
 Only provide the English translation.

Haitian Creole text:
Wi, menm there la, wi.

English:

","Yes, right there, yes."
m pa know bon,"I don’t know, okay","
 Translate the following Haitian Creole expression into natural English.
 Only provide the English translation.

Haitian Creole text:
m pa know bon

English:

","I don’t know, man."
dat la passed,the date passed,"
 Translate the following Haitian Creole expression into natural English.
 Only provide the English translation.

Haitian Creole text:
dat la passed

English:

",the date passed
ou rive ton Eklari,you reached Eklari,"
 Translate the following Haitian Creole expression into natural English.
 Only provide the English translation.

Haitian Creole text:
ou rive ton Eklari

English:

",you reached Eklari
dòk si w ap say,so if you are saying,"
 Translate the following Haitian Creole expression into natural English.
 Only provide the English translation.

Haitian Creole text:
dòk si w ap say

English:

",so if you’re saying
pa fwa yo konn sometimes,sometimes they know,"
 Translate the following Haitian Creole expression into natural English.
 Only provide the English translation.

Haitian Creole text:
pa fwa yo konn sometimes

English:

",sometimes they know sometimes
nan yo pa say konsa,they don’t say it like that,"
 Translate the following Haitian Creole expression into natural English.
 Only provide the English translation.

Haitian Creole text:
nan yo pa say konsa

English:

",they don’t say it like that
twal ki konsa yo moun yo konn fè counta lonzè,cloth like that people usually make curtains with it,"
 Translate the following Haitian Creole expression into natural English.
 Only provide the English translation.

Haitian Creole text:
twal ki konsa yo moun yo konn fè counta lonzè

English:

",cloth like that people usually count by the yard
pa isan ou konnen mwen men men play domino,you don’t know me but I play dominoes,"
 Translate the following Haitian Creole expression into natural English.
 Only provide the English translation.

Haitian Creole text:
pa isan ou konnen mwen men men play domino

English:

","you don’t know me, but I play dominoes"
m pa know,I don't know,"
 Translate the following Haitian Creole expression into natural English.
 Only provide the English translation.

Haitian Creole text:
m pa know

English:

",I don’t know.
pa kadi lòt bay ankò,don’t give any more to others,"
 Translate the following Haitian Creole expression into natural English.
 Only provide the English translation.

Haitian Creole text:
pa kadi lòt bay ankò

English:

",don’t let others give anymore
E Salèl fèyè ki tonn ap walk dèyè l,And the proud one who was walking behind him,"
 Translate the following Haitian Creole expression into natural English.
 Only provide the English translation.

Haitian Creole text:
E Salèl fèyè ki tonn ap walk dèyè l

English:

",And the proud one who keeps walking behind him
"Pami etensèl souvnans ki rive jwenn mwen aswè a se Tajmahall, Lexington, Seacaucus, Dorchester, Hayott, Randolph ak Blue Hill ki viwonnen-m epi vin pale ak mwen sou chètout presence ou.","The spartks of memories reaching me tonight, Tajmahal, Lexington, Seacaucus, Dorchester Hayat, Randolph and Blue Hill surround me and speak to me of your preciouS presence.","
 Translate the following Haitian Creole expression into natural English.
 Only provide the English translation.

Haitian Creole text:
Pami etensèl souvnans ki rive jwenn mwen aswè a se Tajmahall, Lexington, Seacaucus, Dorchester, Hayott, Randolph ak Blue Hill ki viwonnen-m epi vin pale ak mwen sou chètout presence ou.

English:

","Among the sparks of memories that come to me tonight are Tajmahall, Lexington, Seacaucus, Dorchester, Hayott, Randolph, and Blue Hill, which surround me and come speak to me about the whole presence of you."
men moun nan men lè l ap fè **bail** l li trennen,"but the person, when he is yawning, he drags it out","
 Translate the following Haitian Creole expression into natural English.
 Only provide the English translation.

Haitian Creole text:
men moun nan men lè l ap fè **bail** l li trennen

English:

","but the person in the hand when he’s doing his bail, he drags it"
tankou si l kouche there,as if he were lying there,"
 Translate the following Haitian Creole expression into natural English.
 Only provide the English translation.

Haitian Creole text:
tankou si l kouche there

English:

",as if he were lying there
yo pa fanyi with li,they are not familiar with him,"
 Translate the following Haitian Creole expression into natural English.
 Only provide the English translation.

Haitian Creole text:
yo pa fanyi with li

English:

",they don’t mess with him
wou gade wè yon pakèt ti marks sou li,you look and see a bunch of little marks on it,"
 Translate the following Haitian Creole expression into natural English.
 Only provide the English translation.

Haitian Creole text:
wou gade wè yon pakèt ti marks sou li

English:

",you look and see a bunch of little marks on it
w pran the nas la,you take the net,"
 Translate the following Haitian Creole expression into natural English.
 Only provide the English translation.

Haitian Creole text:
w pran the nas la

English:

",you took the nose ring
si kay sa a there,if that house is there,"
 Translate the following Haitian Creole expression into natural English.
 Only provide the English translation.

Haitian Creole text:
si kay sa a there

English:

",if that house is there
m pa t lose mwen manm,I didn’t lose my member.,"
 Translate the following Haitian Creole expression into natural English.
 Only provide the English translation.

Haitian Creole text:
m pa t lose mwen manm

English:

",I didn’t lose my membership.
Flanm yo ap vin pi beautiful.,"The flamnes will burn Sweeter, warmer and brighter","
 Translate the following Haitian Creole expression into natural English.
 Only provide the English translation.

Haitian Creole text:
Flanm yo ap vin pi beautiful.

English:

",The flames are becoming more beautiful.
a pa much granpil,not much,"
 Translate the following Haitian Creole expression into natural English.
 Only provide the English translation.

Haitian Creole text:
a pa much granpil

English:

",not much at all
m pale entèl pa je tou.,I speak through the eyes too.,"
 Translate the following Haitian Creole expression into natural English.
 Only provide the English translation.

Haitian Creole text:
m pale entèl pa je tou.

English:

",I speak to him with my eyes too.
li ka okay,he can bathe,"
 Translate the following Haitian Creole expression into natural English.
 Only provide the English translation.

Haitian Creole text:
li ka okay

English:

",it can be okay
men sa m pral lose.,but this is what I’m going to lose.,"
 Translate the following Haitian Creole expression into natural English.
 Only provide the English translation.

Haitian Creole text:
men sa m pral lose.

English:

",here’s what I’m going to lose.
epi ki konn ki open,and who knows that it is open,"
 Translate the following Haitian Creole expression into natural English.
 Only provide the English translation.

Haitian Creole text:
epi ki konn ki open

English:

",and who knows what’s open
ou pa konn rele l wing ou byen,you don’t know whether to call it a wing or not,"
 Translate the following Haitian Creole expression into natural English.
 Only provide the English translation.

Haitian Creole text:
ou pa konn rele l wing ou byen

English:

",you don’t know whether to call it a wing or what
ou bezwen wè si l ka moute there,you need to see if he can come up here,"
 Translate the following Haitian Creole expression into natural English.
 Only provide the English translation.

Haitian Creole text:
ou bezwen wè si l ka moute there

English:

",you need to see if he can get up there
sanble ou pa chache against mwen enit lè,it seems you didn’t look for me at all then,"
 Translate the following Haitian Creole expression into natural English.
 Only provide the English translation.

Haitian Creole text:
sanble ou pa chache against mwen enit lè

English:

",it seems you didn’t look out for me at all then
men sa m ta do m,here’s what I would do,"
 Translate the following Haitian Creole expression into natural English.
 Only provide the English translation.

Haitian Creole text:
men sa m ta do m

English:

",here’s what I would do
kijan ou call,what is your name,"
 Translate the following Haitian Creole expression into natural English.
 Only provide the English translation.

Haitian Creole text:
kijan ou call

English:

",how do you call it
pa konn di that?,Don’t you know how to say that?,"
 Translate the following Haitian Creole expression into natural English.
 Only provide the English translation.

Haitian Creole text:
pa konn di that?

English:

",Don’t you know how to say that?
ba konn ti l genyen here,let him know what he has here,"
 Translate the following Haitian Creole expression into natural English.
 Only provide the English translation.

Haitian Creole text:
ba konn ti l genyen here

English:

",let me know what little he has here
epi sè w la di konsa mezanmi,"and your sister said, “my goodness”","
 Translate the following Haitian Creole expression into natural English.
 Only provide the English translation.

Haitian Creole text:
epi sè w la di konsa mezanmi

English:

","and your sister said, “oh my goodness”"
Si se pa manje l ap search,"If it’s not food, he’ll dig it up","
 Translate the following Haitian Creole expression into natural English.
 Only provide the English translation.

Haitian Creole text:
Si se pa manje l ap search

English:

","If it’s not food, he’s searching for it."
sa w ap di that,what are you saying,"
 Translate the following Haitian Creole expression into natural English.
 Only provide the English translation.

Haitian Creole text:
sa w ap di that

English:

",what are you saying?
yo pa tie bèt,they do not tie up animals,"
 Translate the following Haitian Creole expression into natural English.
 Only provide the English translation.

Haitian Creole text:
yo pa tie bèt

English:

",they don’t tie up animals
ben t ap manje it,"well, I was eating it","
 Translate the following Haitian Creole expression into natural English.
 Only provide the English translation.

Haitian Creole text:
ben t ap manje it

English:

","well, I was eating it"
ele m mawoule,I’m going to get angry.,"
 Translate the following Haitian Creole expression into natural English.
 Only provide the English translation.

Haitian Creole text:
ele m mawoule

English:

",I’m going to beat him up.
ann sòti with l,let's go out with him,"
 Translate the following Haitian Creole expression into natural English.
 Only provide the English translation.

Haitian Creole text:
ann sòti with l

English:

",let’s go out with him
tankou lè ou say it to him,like when you tell him,"
 Translate the following Haitian Creole expression into natural English.
 Only provide the English translation.

Haitian Creole text:
tankou lè ou say it to him

English:

",like when you say it to him
sa w ap say,what are you saying,"
 Translate the following Haitian Creole expression into natural English.
 Only provide the English translation.

Haitian Creole text:
sa w ap say

English:

",what are you saying
ou menm Mwen,you me,"
 Translate the following Haitian Creole expression into natural English.
 Only provide the English translation.

Haitian Creole text:
ou menm Mwen

English:

",you and me
bou ki jenn too a,the young bush too,"
 Translate the following Haitian Creole expression into natural English.
 Only provide the English translation.

Haitian Creole text:
bou ki jenn too a

English:

",the young one too
twa wò ikiche.,three wò ikiche.,"
 Translate the following Haitian Creole expression into natural English.
 Only provide the English translation.

Haitian Creole text:
twa wò ikiche.

English:

",three little things.
ou genyen half,you have half,"
 Translate the following Haitian Creole expression into natural English.
 Only provide the English translation.

Haitian Creole text:
ou genyen half

English:

",you have half
sa w ap doing l la.,what are you doing to him?,"
 Translate the following Haitian Creole expression into natural English.
 Only provide the English translation.

Haitian Creole text:
sa w ap doing l la.

English:

",what are you doing with it?
ou lage tout as gone,you let everything go away,"
 Translate the following Haitian Creole expression into natural English.
 Only provide the English translation.

Haitian Creole text:
ou lage tout as gone

English:

",you let everything go
men ou pa count se manje a,but you don’t count it as food,"
 Translate the following Haitian Creole expression into natural English.
 Only provide the English translation.

Haitian Creole text:
men ou pa count se manje a

English:

",but you don’t count the food
Y ve yon chat house,There is a cat in the house,"
 Translate the following Haitian Creole expression into natural English.
 Only provide the English translation.

Haitian Creole text:
Y ve yon chat house

English:

",And there was a house cat.
"Yon tè menm, je ka fè plant la well.",Even the same soil can make the plant grow well.,"
 Translate the following Haitian Creole expression into natural English.
 Only provide the English translation.

Haitian Creole text:
Yon tè menm, je ka fè plant la well.

English:

","Even on the same land, eyes can make the plant grow well."
l ap do dinner,He is having dinner.,"
 Translate the following Haitian Creole expression into natural English.
 Only provide the English translation.

Haitian Creole text:
l ap do dinner

English:

",he’s having dinner
"Aski sòlèy kouche, paski lan pou shine.","As soon as the sun sets, because the lamp is to be lit.","
 Translate the following Haitian Creole expression into natural English.
 Only provide the English translation.

Haitian Creole text:
Aski sòlèy kouche, paski lan pou shine.

English:

","As the sun sets, the moon shines."
fèy Curry,Curry Leaf,"
 Translate the following Haitian Creole expression into natural English.
 Only provide the English translation.

Haitian Creole text:
fèy Curry

English:

",curry leaf
lò lò a fè l like that,when the time makes it like that,"
 Translate the following Haitian Creole expression into natural English.
 Only provide the English translation.

Haitian Creole text:
lò lò a fè l like that

English:

",when the gold makes him like that
moun pase epi,people passed by and,"
 Translate the following Haitian Creole expression into natural English.
 Only provide the English translation.

Haitian Creole text:
moun pase epi

English:

",people pass by and
ma gen order janm ou ka rede l ankò,I will never be able to straighten your leg again,"
 Translate the following Haitian Creole expression into natural English.
 Only provide the English translation.

Haitian Creole text:
ma gen order janm ou ka rede l ankò

English:

",I’ll never be able to put your legs back together again.
yo ka di la fè bèk atèt,they can say there is a setback,"
 Translate the following Haitian Creole expression into natural English.
 Only provide the English translation.

Haitian Creole text:
yo ka di la fè bèk atèt

English:

",they can say it’s making a comeback
"yo pa rele sa k anòt tou, yo rele l canoe.",They don’t call it anything else either; they call it a canoe.,"
 Translate the following Haitian Creole expression into natural English.
 Only provide the English translation.

Haitian Creole text:
yo pa rele sa k anòt tou, yo rele l canoe.

English:

",They don’t call that an oar either; they call it a canoe.
ou p ap an say Chalbè,you are not telling Chalbè,"
 Translate the following Haitian Creole expression into natural English.
 Only provide the English translation.

Haitian Creole text:
ou p ap an say Chalbè

English:

",you’re not in Chalbè anymore
bouki rebe tout bagay after a.,Bouki took back all the things from Afour.,"
 Translate the following Haitian Creole expression into natural English.
 Only provide the English translation.

Haitian Creole text:
bouki rebe tout bagay after a.

English:

",Bouki took everything after that.
Limyè lespwa nan candle je ou..,See the light of hope In your sparkling eyes,"
 Translate the following Haitian Creole expression into natural English.
 Only provide the English translation.

Haitian Creole text:
Limyè lespwa nan candle je ou..

English:

",The light of hope in the candle of your eyes..
pwom pitit pa w for me,Promise your child to me,"
 Translate the following Haitian Creole expression into natural English.
 Only provide the English translation.

Haitian Creole text:
pwom pitit pa w for me

English:

",promise your child for me
nan se pa stars non,"no, it’s not a star, no","
 Translate the following Haitian Creole expression into natural English.
 Only provide the English translation.

Haitian Creole text:
nan se pa stars non

English:

",not stars though
zetwal lanėj,and stars of snow,"
 Translate the following Haitian Creole expression into natural English.
 Only provide the English translation.

Haitian Creole text:
zetwal lanėj

English:

",starry sky
kisa tè a condition,what is the ground like,"
 Translate the following Haitian Creole expression into natural English.
 Only provide the English translation.

Haitian Creole text:
kisa tè a condition

English:

",what’s the condition of the land
"Man, vle w fè sa.","Man, I want you to do that.","
 Translate the following Haitian Creole expression into natural English.
 Only provide the English translation.

Haitian Creole text:
Man, vle w fè sa.

English:

","Man, I want you to do that."
l ap manje fish an,He is eating the fish.,"
 Translate the following Haitian Creole expression into natural English.
 Only provide the English translation.

Haitian Creole text:
l ap manje fish an

English:

",he is eating fish
tou pa gen lòt li,there is no other one like it,"
 Translate the following Haitian Creole expression into natural English.
 Only provide the English translation.

Haitian Creole text:
tou pa gen lòt li

English:

",there’s no other one like it
li pa pè manye wa say,he is not afraid to handle what you say,"
 Translate the following Haitian Creole expression into natural English.
 Only provide the English translation.

Haitian Creole text:
li pa pè manye wa say

English:

",he’s not afraid to handle what you say
kounna se Bèt ki kòd mwen nan l ap code nan l ap tou a tou wi,"now it’s Bèt who is tying me up, he’s tying me up in there, all around, yes","
 Translate the following Haitian Creole expression into natural English.
 Only provide the English translation.

Haitian Creole text:
kounna se Bèt ki kòd mwen nan l ap code nan l ap tou a tou wi

English:

","now it’s Bèt who’s coding me, he’s coding all over the place, yes"
nou pase li konm that one,we passed it like that,"
 Translate the following Haitian Creole expression into natural English.
 Only provide the English translation.

Haitian Creole text:
nou pase li konm that one

English:

",we passed it like that one
"Wi, ki yon?","Yes, which one?","
 Translate the following Haitian Creole expression into natural English.
 Only provide the English translation.

Haitian Creole text:
Wi, ki yon?

English:

","Yes, which one?"
"Depi ou nan labatwa, fòk ou aksepte blood vole sou ou.","If you are in the slaughterhouse, you must accept to get blood on you.","
 Translate the following Haitian Creole expression into natural English.
 Only provide the English translation.

Haitian Creole text:
Depi ou nan labatwa, fòk ou aksepte blood vole sou ou.

English:

","If you’re in the slaughterhouse, you have to accept blood splashing on you."
li gen kòm say,he is as if to say,"
 Translate the following Haitian Creole expression into natural English.
 Only provide the English translation.

Haitian Creole text:
li gen kòm say

English:

","he has, like, say"
m pa know,I don’t know.,"
 Translate the following Haitian Creole expression into natural English.
 Only provide the English translation.

Haitian Creole text:
m pa know

English:

",I don’t know.
"ouvi l ap di ou pakèt bètis, men wap di l m pap responsible pou ou?","You hear him saying a lot of nonsense to you, but you’re telling him I’m not responsible for you?","
 Translate the following Haitian Creole expression into natural English.
 Only provide the English translation.

Haitian Creole text:
ouvi l ap di ou pakèt bètis, men wap di l m pap responsible pou ou?

English:

","You hear him saying all kinds of nonsense to you, but you’re telling him I’m not responsible for you?"
Mwen koum fèt there,I was born there,"
 Translate the following Haitian Creole expression into natural English.
 Only provide the English translation.

Haitian Creole text:
Mwen koum fèt there

English:

",I was born there
"Menat, avèk bwa Bannann.","Now, with banana wood.","
 Translate the following Haitian Creole expression into natural English.
 Only provide the English translation.

Haitian Creole text:
Menat, avèk bwa Bannann.

English:

","Now, with banana wood."
ou wè moun nan voye people bagay ba w,you see the person sent someone to give you something,"
 Translate the following Haitian Creole expression into natural English.
 Only provide the English translation.

Haitian Creole text:
ou wè moun nan voye people bagay ba w

English:

",you see the person sent people things to you
èske nou pa konn organize ti bagay isi nan ou di n ap fè ki sa la,Don’t we know how to organize little things here in what you said we’re doing here?,"
 Translate the following Haitian Creole expression into natural English.
 Only provide the English translation.

Haitian Creole text:
èske nou pa konn organize ti bagay isi nan ou di n ap fè ki sa la

English:

",Do we not know how to organize little things here in what you said we’re going to do?
li kouri li,he ran away,"
 Translate the following Haitian Creole expression into natural English.
 Only provide the English translation.

Haitian Creole text:
li kouri li

English:

",he ran away
rele ti king,call the little king,"
 Translate the following Haitian Creole expression into natural English.
 Only provide the English translation.

Haitian Creole text:
rele ti king

English:

",call little king
li va bannann l yo,he will give them their bananas,"
 Translate the following Haitian Creole expression into natural English.
 Only provide the English translation.

Haitian Creole text:
li va bannann l yo

English:

",he will give them their bananas
li ka bouk li l,he can bend it,"
 Translate the following Haitian Creole expression into natural English.
 Only provide the English translation.

Haitian Creole text:
li ka bouk li l

English:

",he can bend it
w ap di li late,you are telling him/her one o’clock,"
 Translate the following Haitian Creole expression into natural English.
 Only provide the English translation.

Haitian Creole text:
w ap di li late

English:

",you’re telling him he’s late
E si w ta metou nan plas fi m?,And if you were in my daughter’s place?,"
 Translate the following Haitian Creole expression into natural English.
 Only provide the English translation.

Haitian Creole text:
E si w ta metou nan plas fi m?

English:

",And if you were in my daughter’s place?
ye pa sa,it’s not that,"
 Translate the following Haitian Creole expression into natural English.
 Only provide the English translation.

Haitian Creole text:
ye pa sa

English:

",not that day
ou kwè sa se bagay yo yo konn di nan books,you think that’s the kind of thing they say in books,"
 Translate the following Haitian Creole expression into natural English.
 Only provide the English translation.

Haitian Creole text:
ou kwè sa se bagay yo yo konn di nan books

English:

",you think that’s the kind of thing they say in books
touten bougie bwaj singe,all the candles in the woods sing,"
 Translate the following Haitian Creole expression into natural English.
 Only provide the English translation.

Haitian Creole text:
touten bougie bwaj singe

English:

",all the monkey’s candles
Mwè m te try,I tried.,"
 Translate the following Haitian Creole expression into natural English.
 Only provide the English translation.

Haitian Creole text:
Mwè m te try

English:

",I tried.
yon moun menm chita there,someone is even sitting there,"
 Translate the following Haitian Creole expression into natural English.
 Only provide the English translation.

Haitian Creole text:
yon moun menm chita there

English:

",someone even sitting there
lè bouki te kenbe,when Bouki was caught,"
 Translate the following Haitian Creole expression into natural English.
 Only provide the English translation.

Haitian Creole text:
lè bouki te kenbe

English:

",when Bouki was caught
si yon moute l ap moute,"if one goes up, it will go up","
 Translate the following Haitian Creole expression into natural English.
 Only provide the English translation.

Haitian Creole text:
si yon moute l ap moute

English:

","if one goes up, it goes up"
yèswa te kon gwo bwo bagay ki t ap plere nan ki jan w rele sa,Last night there was like a big thing crying in what do you call it,"
 Translate the following Haitian Creole expression into natural English.
 Only provide the English translation.

Haitian Creole text:
yèswa te kon gwo bwo bagay ki t ap plere nan ki jan w rele sa

English:

",last night it was like a big thing was crying in what do you call it
plat sa a se yon real treat!,this dish is a real treat!,"
 Translate the following Haitian Creole expression into natural English.
 Only provide the English translation.

Haitian Creole text:
plat sa a se yon real treat!

English:

",This dish is a real treat!
En men good,Here it is good,"
 Translate the following Haitian Creole expression into natural English.
 Only provide the English translation.

Haitian Creole text:
En men good

English:

",Here it is good.
de dènmi Efip yo,the enemies of Egypt,"
 Translate the following Haitian Creole expression into natural English.
 Only provide the English translation.

Haitian Creole text:
de dènmi Efip yo

English:

",the enemies of the Egyptians
men ou konn tande yo pe ale de Zakatay,but you know they say they’re going from Zakatay,"
 Translate the following Haitian Creole expression into natural English.
 Only provide the English translation.

Haitian Creole text:
men ou konn tande yo pe ale de Zakatay

English:

",but you know they say they’re going from Zakatay
e di yo price,and tell them the price,"
 Translate the following Haitian Creole expression into natural English.
 Only provide the English translation.

Haitian Creole text:
e di yo price

English:

",and tell them the price
eske yon candidate sa.,is this a candidate?,"
 Translate the following Haitian Creole expression into natural English.
 Only provide the English translation.

Haitian Creole text:
eske yon candidate sa.

English:

",Is that a candidate?
men se bò dlo plis tidonnen ou rache li,but it’s by the water more that you weed it and pull it up,"
 Translate the following Haitian Creole expression into natural English.
 Only provide the English translation.

Haitian Creole text:
men se bò dlo plis tidonnen ou rache li

English:

",but it’s by the water that you’ll pull it up more carefully
si se w house kay,if it’s your house,"
 Translate the following Haitian Creole expression into natural English.
 Only provide the English translation.

Haitian Creole text:
si se w house kay

English:

","if it’s your house, home"
yo di sa too,they say that too,"
 Translate the following Haitian Creole expression into natural English.
 Only provide the English translation.

Haitian Creole text:
yo di sa too

English:

",they say that too
fèt la tousen,the feast of Toussaint,"
 Translate the following Haitian Creole expression into natural English.
 Only provide the English translation.

Haitian Creole text:
fèt la tousen

English:

",the feast of All Saints
Ou ba l yon vè liquor,You gave him a glass of clairin,"
 Translate the following Haitian Creole expression into natural English.
 Only provide the English translation.

Haitian Creole text:
Ou ba l yon vè liquor

English:

",You gave him a glass of liquor.
"Kite poutbwa toke kòn ak yo. Konsa, fimye chagren va pote sekans joy.",and let the carpenter ants fight among themselves and from the compost will bloom sprays of joy.,"
 Translate the following Haitian Creole expression into natural English.
 Only provide the English translation.

Haitian Creole text:
Kite poutbwa toke kòn ak yo. Konsa, fimye chagren va pote sekans joy.

English:

","Let the hornbeam tree lock horns with them. Then, the manure of sorrow will bring a sequence of joy."
sa ap make,it will do,"
 Translate the following Haitian Creole expression into natural English.
 Only provide the English translation.

Haitian Creole text:
sa ap make

English:

",that will mark
Nan tankou yo ba ou li kòm si pou **bring** nou,In the way they give it to you as if to lead us,"
 Translate the following Haitian Creole expression into natural English.
 Only provide the English translation.

Haitian Creole text:
Nan tankou yo ba ou li kòm si pou **bring** nou

English:

",They gave it to you as if to bring us.
yo fè nan place pou yo ta fè an fenèt,they made a place so they could make a window,"
 Translate the following Haitian Creole expression into natural English.
 Only provide the English translation.

Haitian Creole text:
yo fè nan place pou yo ta fè an fenèt

English:

",they made a place where they could put a window
te ti bondye,little god,"
 Translate the following Haitian Creole expression into natural English.
 Only provide the English translation.

Haitian Creole text:
te ti bondye

English:

",little god
ki jen yo call sa,what do they call that,"
 Translate the following Haitian Creole expression into natural English.
 Only provide the English translation.

Haitian Creole text:
ki jen yo call sa

English:

",what do they call that
gen yon thing li menm,there is one that does it too,"
 Translate the following Haitian Creole expression into natural English.
 Only provide the English translation.

Haitian Creole text:
gen yon thing li menm

English:

",there’s one thing about him/her
li di no m pa fè l,"he said no, I didn’t do it","
 Translate the following Haitian Creole expression into natural English.
 Only provide the English translation.

Haitian Creole text:
li di no m pa fè l

English:

","he said no, I didn’t do it"
bay chat la them,give the cat to them,"
 Translate the following Haitian Creole expression into natural English.
 Only provide the English translation.

Haitian Creole text:
bay chat la them

English:

",give the cat them
bon e sinne mete yo ansanm sa ap make sense,well and if you put them together what will that make,"
 Translate the following Haitian Creole expression into natural English.
 Only provide the English translation.

Haitian Creole text:
bon e sinne mete yo ansanm sa ap make sense

English:

",well and if you put them together that will make sense
m bagay konsa,something like that,"
 Translate the following Haitian Creole expression into natural English.
 Only provide the English translation.

Haitian Creole text:
m bagay konsa

English:

",something like that
Fò lòti bay yo konn mete nan lèt sa amen pou l pa turn back,It is necessary to let them know to put amen in this letter so it won’t be returned.,"
 Translate the following Haitian Creole expression into natural English.
 Only provide the English translation.

Haitian Creole text:
Fò lòti bay yo konn mete nan lèt sa amen pou l pa turn back

English:

",It’s necessary to let them know to put “amen” in this letter so it won’t turn back.
li chose l.,he chose it.,"
 Translate the following Haitian Creole expression into natural English.
 Only provide the English translation.

Haitian Creole text:
li chose l.

English:

",He chose it.
bank la closed.,the bank is closed.,"
 Translate the following Haitian Creole expression into natural English.
 Only provide the English translation.

Haitian Creole text:
bank la closed.

English:

",the bank is closed.
sa ti moun lan fè granmoun lan there.,what is the child doing to the adult there.,"
 Translate the following Haitian Creole expression into natural English.
 Only provide the English translation.

Haitian Creole text:
sa ti moun lan fè granmoun lan there.

English:

",that child did the adult there
e pitit pitit la on time,and the grandchild is on time,"
 Translate the following Haitian Creole expression into natural English.
 Only provide the English translation.

Haitian Creole text:
e pitit pitit la on time

English:

",and the grandchild a little bit
fò gen piss.,there must be piss.,"
 Translate the following Haitian Creole expression into natural English.
 Only provide the English translation.

Haitian Creole text:
fò gen piss.

English:

",must be crazy
Madan Lamatinyè se te yon esklav fanm trè popilè nan gwo struggle ki te genyen pou batay lendepandans la.,Madame Marie-Jeanne Lamartinière was an extremely popular slave in the native army which fought for independence.,"
 Translate the following Haitian Creole expression into natural English.
 Only provide the English translation.

Haitian Creole text:
Madan Lamatinyè se te yon esklav fanm trè popilè nan gwo struggle ki te genyen pou batay lendepandans la.

English:

",Madam Lamatinyè was a very famous enslaved woman in the great struggle for the fight for independence.
gen lòt nou ankò yo konn give yo,there are others too that they usually give them,"
 Translate the following Haitian Creole expression into natural English.
 Only provide the English translation.

Haitian Creole text:
gen lòt nou ankò yo konn give yo

English:

",there are others too that they usually give them
ou konprann yo?,Do you understand them?,"
 Translate the following Haitian Creole expression into natural English.
 Only provide the English translation.

Haitian Creole text:
ou konprann yo?

English:

",Do you understand them?
enmi di save l ale,the enemy said to save him and go,"
 Translate the following Haitian Creole expression into natural English.
 Only provide the English translation.

Haitian Creole text:
enmi di save l ale

English:

",let me know when he leaves
a kangen lòdi chan yo konne call l douyou.,"and when they hear the songs, they call him douyou.","
 Translate the following Haitian Creole expression into natural English.
 Only provide the English translation.

Haitian Creole text:
a kangen lòdi chan yo konne call l douyou.

English:

","when they’re talking about the fields, they call it douyou."
ou kite li,you left it,"
 Translate the following Haitian Creole expression into natural English.
 Only provide the English translation.

Haitian Creole text:
ou kite li

English:

",you left it
ti koulèv la menm,the little snake itself,"
 Translate the following Haitian Creole expression into natural English.
 Only provide the English translation.

Haitian Creole text:
ti koulèv la menm

English:

",the little snake itself
kòb la counterfeit men,the money is counterfeit but,"
 Translate the following Haitian Creole expression into natural English.
 Only provide the English translation.

Haitian Creole text:
kòb la counterfeit men

English:

","the money is counterfeit, but"
ou ka di sa anyway,you can say that too,"
 Translate the following Haitian Creole expression into natural English.
 Only provide the English translation.

Haitian Creole text:
ou ka di sa anyway

English:

",you can say that anyway
gen yon seri deba a moun yo gen an,there are a series of debates that people have,"
 Translate the following Haitian Creole expression into natural English.
 Only provide the English translation.

Haitian Creole text:
gen yon seri deba a moun yo gen an

English:

",there are a series of debates people are having
lè nòk lale go,when the night falls,"
 Translate the following Haitian Creole expression into natural English.
 Only provide the English translation.

Haitian Creole text:
lè nòk lale go

English:

",when the knock goes away
"Ele, ou pral anvan an bat kòk la, ap prepari, li bal manje, bal an seride bagay, nan ki sòde yo met kòk la?","Hey, before they make the rooster fight, they prepare it, feed it, put it in a series of things—what kind of place do they put the rooster in?","
 Translate the following Haitian Creole expression into natural English.
 Only provide the English translation.

Haitian Creole text:
Ele, ou pral anvan an bat kòk la, ap prepari, li bal manje, bal an seride bagay, nan ki sòde yo met kòk la?

English:

","Hey, before the rooster crows, while they’re getting ready, feeding it, and putting things in order, what kind of place do they put the rooster in?"
Li te debite etid segondè lekòl « Fernand Prosper ».,She started her secondary school at Fernand Prosper College.,"
 Translate the following Haitian Creole expression into natural English.
 Only provide the English translation.

Haitian Creole text:
Li te debite etid segondè lekòl « Fernand Prosper ».

English:

",He graduated from Fernand Prosper High School.
enpi yon moun ap pran li pou l al mete l on lòt place nan kay la se pa la,"and then someone is taking it to put it somewhere else in the house, not there","
 Translate the following Haitian Creole expression into natural English.
 Only provide the English translation.

Haitian Creole text:
enpi yon moun ap pran li pou l al mete l on lòt place nan kay la se pa la

English:

","and then someone takes it to put it somewhere else in the house, not there"
nan sa k above ou?,what’s above you?,"
 Translate the following Haitian Creole expression into natural English.
 Only provide the English translation.

Haitian Creole text:
nan sa k above ou?

English:

",what’s above you?
nou gen anpò ki bay red flè,we have a porch that has red flowers,"
 Translate the following Haitian Creole expression into natural English.
 Only provide the English translation.

Haitian Creole text:
nou gen anpò ki bay red flè

English:

",we have a plant that gives red flowers
enpi lòt la pa ka jwenn answer la,and the other one can’t find the answer,"
 Translate the following Haitian Creole expression into natural English.
 Only provide the English translation.

Haitian Creole text:
enpi lòt la pa ka jwenn answer la

English:

",and the other one can’t find the answer
se konsa ou ka call li,so you can call it,"
 Translate the following Haitian Creole expression into natural English.
 Only provide the English translation.

Haitian Creole text:
se konsa ou ka call li

English:

",that’s how you can call it
yo mande w pou li,they ask you to read it,"
 Translate the following Haitian Creole expression into natural English.
 Only provide the English translation.

Haitian Creole text:
yo mande w pou li

English:

",they ask you to read it
li va ka relax,he will be able to rake it,"
 Translate the following Haitian Creole expression into natural English.
 Only provide the English translation.

Haitian Creole text:
li va ka relax

English:

",he will be able to relax
"Eee, n ap stay toujou.","Eee, we’ll still be around.","
 Translate the following Haitian Creole expression into natural English.
 Only provide the English translation.

Haitian Creole text:
Eee, n ap stay toujou.

English:

","Gee, we’ll stay forever."
Ou kwè ap janm gen arms,Will it ever be possible to fathom,"
 Translate the following Haitian Creole expression into natural English.
 Only provide the English translation.

Haitian Creole text:
Ou kwè ap janm gen arms

English:

",Do you think there will ever be arms?
pou m se wa zon bat te people ti lye.,"for me to be king of the area, the people of the little place were afraid.","
 Translate the following Haitian Creole expression into natural English.
 Only provide the English translation.

Haitian Creole text:
pou m se wa zon bat te people ti lye.

English:

","for me, he was the king of the neighborhood, the people of the little place"
gen bèt ki gen wings,there are animals that have wings,"
 Translate the following Haitian Creole expression into natural English.
 Only provide the English translation.

Haitian Creole text:
gen bèt ki gen wings

English:

",some animals have wings
yon bèl girl,A beautiful little girl,"
 Translate the following Haitian Creole expression into natural English.
 Only provide the English translation.

Haitian Creole text:
yon bèl girl

English:

",a beautiful girl
Eki jan rele?,What is it called?,"
 Translate the following Haitian Creole expression into natural English.
 Only provide the English translation.

Haitian Creole text:
Eki jan rele?

English:

",What’s your name?
"Syèk pa touye, se pa jou ki ta abonocho anyone.","If this long wait has not vanquished my resolve, the day has not yet come when I would be forced to abandon our plans from when we were young.","
 Translate the following Haitian Creole expression into natural English.
 Only provide the English translation.

Haitian Creole text:
Syèk pa touye, se pa jou ki ta abonocho anyone.

English:

",Time doesn’t kill; it’s not a day that would make anyone rich.
yo rake di moun nan fè yon anger kriz kòlè,they said the person had an anger fit,"
 Translate the following Haitian Creole expression into natural English.
 Only provide the English translation.

Haitian Creole text:
yo rake di moun nan fè yon anger kriz kòlè

English:

","they say the person had an anger fit, a rage attack"
l al fè travay on job travay la,he goes to do the work of the work order,"
 Translate the following Haitian Creole expression into natural English.
 Only provide the English translation.

Haitian Creole text:
l al fè travay on job travay la

English:

","he goes to do a job, the work job"
li pa janm place,he never placed,"
 Translate the following Haitian Creole expression into natural English.
 Only provide the English translation.

Haitian Creole text:
li pa janm place

English:

",he never fits in
pou ban l l al li mete l bò men pòt kay,to let him go put it by the door of the house,"
 Translate the following Haitian Creole expression into natural English.
 Only provide the English translation.

Haitian Creole text:
pou ban l l al li mete l bò men pòt kay

English:

",to let him go put it by the door of the house
li te pase Tuesday,it happened on Tuesday,"
 Translate the following Haitian Creole expression into natural English.
 Only provide the English translation.

Haitian Creole text:
li te pase Tuesday

English:

",he spent Tuesday
ou gen dwa say,you have the right to say,"
 Translate the following Haitian Creole expression into natural English.
 Only provide the English translation.

Haitian Creole text:
ou gen dwa say

English:

",you have the right to say
se li menm ki ka win,it’s him who can win,"
 Translate the following Haitian Creole expression into natural English.
 Only provide the English translation.

Haitian Creole text:
se li menm ki ka win

English:

",it’s him who can win
bannann green,Green Plantain,"
 Translate the following Haitian Creole expression into natural English.
 Only provide the English translation.

Haitian Creole text:
bannann green

English:

",green banana
li vin isi sa sa l vin do,"he came here, what did he come to do?","
 Translate the following Haitian Creole expression into natural English.
 Only provide the English translation.

Haitian Creole text:
li vin isi sa sa l vin do

English:

","he came here, that’s what he came to do"
Lè lap fè sa a l di lap fè.,"When he does that, he says he’s doing it.","
 Translate the following Haitian Creole expression into natural English.
 Only provide the English translation.

Haitian Creole text:
Lè lap fè sa a l di lap fè.

English:

","When he says he’s going to do something, he does it."
"Nan nou, nou pat gen that.","Among us, we didn’t have that.","
 Translate the following Haitian Creole expression into natural English.
 Only provide the English translation.

Haitian Creole text:
Nan nou, nou pat gen that.

English:

",We didn’t have that.
ou kwè se like that,you think that’s how it is,"
 Translate the following Haitian Creole expression into natural English.
 Only provide the English translation.

Haitian Creole text:
ou kwè se like that

English:

",you think it’s like that
"ti vivye, ti thief.","little thief, little thief.","
 Translate the following Haitian Creole expression into natural English.
 Only provide the English translation.

Haitian Creole text:
ti vivye, ti thief.

English:

","little rascal, little thief"
li menm li,himself/herself/itself,"
 Translate the following Haitian Creole expression into natural English.
 Only provide the English translation.

Haitian Creole text:
li menm li

English:

",himself
bè sa nou can granmoute,that’s what we can climb up with,"
 Translate the following Haitian Creole expression into natural English.
 Only provide the English translation.

Haitian Creole text:
bè sa nou can granmoute

English:

",let’s go up there
li pa kòm si l pa moun anymore Legari,"It’s not as if he’s no longer human, Legari.","
 Translate the following Haitian Creole expression into natural English.
 Only provide the English translation.

Haitian Creole text:
li pa kòm si l pa moun anymore Legari

English:

","It’s not like he’s not a person anymore, Legari."
m bakal al visit papam,I’m going to go visit my dad.,"
 Translate the following Haitian Creole expression into natural English.
 Only provide the English translation.

Haitian Creole text:
m bakal al visit papam

English:

",I’m going to visit my dad.
pi sa l give li la?,what did he give him?,"
 Translate the following Haitian Creole expression into natural English.
 Only provide the English translation.

Haitian Creole text:
pi sa l give li la?

English:

",What did he give him there?
"An, si kabann sa ou pa ka di moun nan **sleep** fò kabann nan?","Ah, if this bed is not for telling the person to lie down, then what is the bed for?","
 Translate the following Haitian Creole expression into natural English.
 Only provide the English translation.

Haitian Creole text:
An, si kabann sa ou pa ka di moun nan **sleep** fò kabann nan?

English:

","So, if you can’t tell the person to **sleep** on that bed, what kind of bed is it?"
kisa wka di l pa strong la.,"what can you say, it’s not strong there.","
 Translate the following Haitian Creole expression into natural English.
 Only provide the English translation.

Haitian Creole text:
kisa wka di l pa strong la.

English:

",What can you say? He’s not strong.
li nan di OK,he said OK,"
 Translate the following Haitian Creole expression into natural English.
 Only provide the English translation.

Haitian Creole text:
li nan di OK

English:

",he said OK
li di li menm,he said to himself,"
 Translate the following Haitian Creole expression into natural English.
 Only provide the English translation.

Haitian Creole text:
li di li menm

English:

",he said to himself
"Pou lonè toujou, li fèmen baryè kazèn li. Meriken yo blije monte tant yo sou public square la pou yo dòmi.",Always for his honor he forced the american soldiers to built thier tents on a public park.,"
 Translate the following Haitian Creole expression into natural English.
 Only provide the English translation.

Haitian Creole text:
Pou lonè toujou, li fèmen baryè kazèn li. Meriken yo blije monte tant yo sou public square la pou yo dòmi.

English:

","As always, he closed the barracks gate. The Americans were forced to set up their tents in the public square to sleep."
"Refleksyon, chagren, estrès ralanti our pace.","Your movement is affected by reflection, sorrow and stress.","
 Translate the following Haitian Creole expression into natural English.
 Only provide the English translation.

Haitian Creole text:
Refleksyon, chagren, estrès ralanti our pace.

English:

","Reflection, grief, stress slow our pace."
pa kab receive,cannot receive,"
 Translate the following Haitian Creole expression into natural English.
 Only provide the English translation.

Haitian Creole text:
pa kab receive

English:

",can’t receive
"Kaya, se sa wi, wè byen, mwè l li.","Kaya, that’s it, you see, I read it.","
 Translate the following Haitian Creole expression into natural English.
 Only provide the English translation.

Haitian Creole text:
Kaya, se sa wi, wè byen, mwè l li.

English:

","Kaya, that’s right, look closely, I’m reading it."
li jèn chabou an se jèn chabou,"he is a young boy, the young boy is a young boy","
 Translate the following Haitian Creole expression into natural English.
 Only provide the English translation.

Haitian Creole text:
li jèn chabou an se jèn chabou

English:

","he’s a young chabou, he’s a young chabou"
jadoj i jouke.,jadoj is choking.,"
 Translate the following Haitian Creole expression into natural English.
 Only provide the English translation.

Haitian Creole text:
jadoj i jouke.

English:

",I’m tired of it.
tonbe atè mwen,I fell to the ground.,"
 Translate the following Haitian Creole expression into natural English.
 Only provide the English translation.

Haitian Creole text:
tonbe atè mwen

English:

",I fell to the ground.
Moun sa a se yon person ki?,Who is this person?,"
 Translate the following Haitian Creole expression into natural English.
 Only provide the English translation.

Haitian Creole text:
Moun sa a se yon person ki?

English:

",What kind of person is this?
"28 Jiyè, yon konpayi 152 marin debake pou okipe the capital la.",On july 28th he used a crew of 162 marines to occupy the capital.,"
 Translate the following Haitian Creole expression into natural English.
 Only provide the English translation.

Haitian Creole text:
28 Jiyè, yon konpayi 152 marin debake pou okipe the capital la.

English:

","On July 28, a company of 152 marines landed to take control of the capital."
pou mete yon ti bar a laden pou ka rale l,to put a little bar in the store so it can be pulled,"
 Translate the following Haitian Creole expression into natural English.
 Only provide the English translation.

Haitian Creole text:
pou mete yon ti bar a laden pou ka rale l

English:

",to put a little bar in the load so it can be pulled
ou pa konn di ou gen yon horse,you don't know how to say you have a horse,"
 Translate the following Haitian Creole expression into natural English.
 Only provide the English translation.

Haitian Creole text:
ou pa konn di ou gen yon horse

English:

",you don’t know how to say you have a horse
"Nan grand asen, men yon alat pou fè yon konsa, ou wè yon zanatè a konsa, man, nou fò imitate la, moun tibi, moun tibi.","In the big basin, here’s a tool to make one like that, you see a zanatè like that, man, we have to imitate it, little people, little people.","
 Translate the following Haitian Creole expression into natural English.
 Only provide the English translation.

Haitian Creole text:
Nan grand asen, men yon alat pou fè yon konsa, ou wè yon zanatè a konsa, man, nou fò imitate la, moun tibi, moun tibi.

English:

","In the big basin, here’s a tool to make one like that; you see a friend like that, man, we have to imitate it, little people, little people."
gane jan poul la bi sleep,the chicken has a way of sleeping,"
 Translate the following Haitian Creole expression into natural English.
 Only provide the English translation.

Haitian Creole text:
gane jan poul la bi sleep

English:

",the chicken is sleeping
sèlman sa goat.,only that little goat.,"
 Translate the following Haitian Creole expression into natural English.
 Only provide the English translation.

Haitian Creole text:
sèlman sa goat.

English:

",just that goat.
"Bondond, gwo pye bondan ankò li, li bèl, li kan n gen flè, fè red, flè red.","Bondond, the big bondan tree again, it is beautiful, it can have flowers, red flowers, red flowers.","
 Translate the following Haitian Creole expression into natural English.
 Only provide the English translation.

Haitian Creole text:
Bondond, gwo pye bondan ankò li, li bèl, li kan n gen flè, fè red, flè red.

English:

","Goodness, that big tree again, it’s beautiful, it has flowers, red flowers, red flowers."
Nan m pa tande de that.,I didn’t hear anything about that.,"
 Translate the following Haitian Creole expression into natural English.
 Only provide the English translation.

Haitian Creole text:
Nan m pa tande de that.

English:

",I didn’t hear about that.
pa fè yon door lan,don’t make a door there,"
 Translate the following Haitian Creole expression into natural English.
 Only provide the English translation.

Haitian Creole text:
pa fè yon door lan

English:

",don’t make a door there
men se pandan mwen menm se pa that reyèlman m bezwen,"but it’s while I myself, that’s not really what I need","
 Translate the following Haitian Creole expression into natural English.
 Only provide the English translation.

Haitian Creole text:
men se pandan mwen menm se pa that reyèlman m bezwen

English:

","but it’s while I myself, it’s not that I really need it"
ou vwa know m,you know me,"
 Translate the following Haitian Creole expression into natural English.
 Only provide the English translation.

Haitian Creole text:
ou vwa know m

English:

",you know me
Yo di l konn flaw.,They say he knows his faults.,"
 Translate the following Haitian Creole expression into natural English.
 Only provide the English translation.

Haitian Creole text:
Yo di l konn flaw.

English:

",They say he knows how to flirt.
genyen yo tout way sa a,they all have it like this,"
 Translate the following Haitian Creole expression into natural English.
 Only provide the English translation.

Haitian Creole text:
genyen yo tout way sa a

English:

",they own all this land
"Pou di ou sonje? Lè saa nou te laugh,",Do you remember? We laughed.,"
 Translate the following Haitian Creole expression into natural English.
 Only provide the English translation.

Haitian Creole text:
Pou di ou sonje? Lè saa nou te laugh,

English:

",To say you remember? At that time we were laughing.
se alè n.,it’s time.,"
 Translate the following Haitian Creole expression into natural English.
 Only provide the English translation.

Haitian Creole text:
se alè n.

English:

",it’s time now.
moun chair a,the Lord’s people,"
 Translate the following Haitian Creole expression into natural English.
 Only provide the English translation.

Haitian Creole text:
moun chair a

English:

",the fleshly person
"Moun sa a, moun sa a vòg.","That person, that person is drunk.","
 Translate the following Haitian Creole expression into natural English.
 Only provide the English translation.

Haitian Creole text:
Moun sa a, moun sa a vòg.

English:

",That person is a drunk.
yo konn take,they usually take,"
 Translate the following Haitian Creole expression into natural English.
 Only provide the English translation.

Haitian Creole text:
yo konn take

English:

",they know how to take it
Koun mwen see,Now I see.,"
 Translate the following Haitian Creole expression into natural English.
 Only provide the English translation.

Haitian Creole text:
Koun mwen see

English:

",Now I see
li bat wings li.,he flapped his wings.,"
 Translate the following Haitian Creole expression into natural English.
 Only provide the English translation.

Haitian Creole text:
li bat wings li.

English:

",he flapped his wings
"ouy, ou mete l avèksi ou kòn men, ou bouyi l, lòy frèt, ou bwè pou gripe, zoran esi.","Yes, you put it with your horn, you boil it, let it cool, you drink it for the flu, so on.","
 Translate the following Haitian Creole expression into natural English.
 Only provide the English translation.

Haitian Creole text:
ouy, ou mete l avèksi ou kòn men, ou bouyi l, lòy frèt, ou bwè pou gripe, zoran esi.

English:

","Oh yes, you put it with your hand, you boil it, let it cool, and you drink it for the flu, and so on."
moun Koumèl di there,the people of Koumèl say there,"
 Translate the following Haitian Creole expression into natural English.
 Only provide the English translation.

Haitian Creole text:
moun Koumèl di there

English:

",people from Koumèl say there
kòmanse a 9 rive vè 3zè,starting at 9 until around 3 o’clock,"
 Translate the following Haitian Creole expression into natural English.
 Only provide the English translation.

Haitian Creole text:
kòmanse a 9 rive vè 3zè

English:

",starts at 9 and ends around 3 o’clock
"Li di a, jèn jan twò bold p ap renmen la.",He said that young men who are too flashy won’t be liked there.,"
 Translate the following Haitian Creole expression into natural English.
 Only provide the English translation.

Haitian Creole text:
Li di a, jèn jan twò bold p ap renmen la.

English:

","He said, “That young man is too bold; he won’t be liked here.”"
"Man, mwen an m tonbe if.","Man, I’m falling asleep.","
 Translate the following Haitian Creole expression into natural English.
 Only provide the English translation.

Haitian Creole text:
Man, mwen an m tonbe if.

English:

","Man, I’m really falling apart."
pa gen lòt non yo konn call li,it has no other name they call it,"
 Translate the following Haitian Creole expression into natural English.
 Only provide the English translation.

Haitian Creole text:
pa gen lòt non yo konn call li

English:

",there’s no other name they call it
Kin lontan konn hear?,How long have you been hearing it?,"
 Translate the following Haitian Creole expression into natural English.
 Only provide the English translation.

Haitian Creole text:
Kin lontan konn hear?

English:

",How long have you known?
moun sa risky an,that person is risky,"
 Translate the following Haitian Creole expression into natural English.
 Only provide the English translation.

Haitian Creole text:
moun sa risky an

English:

",that risky person
pò jan tè,poor land,"
 Translate the following Haitian Creole expression into natural English.
 Only provide the English translation.

Haitian Creole text:
pò jan tè

English:

",landlord
papa m te forget,my father was worried,"
 Translate the following Haitian Creole expression into natural English.
 Only provide the English translation.

Haitian Creole text:
papa m te forget

English:

",my dad forgot
Dan myèn la.,My tooth.,"
 Translate the following Haitian Creole expression into natural English.
 Only provide the English translation.

Haitian Creole text:
Dan myèn la.

English:

",My tooth.
ki kalite marble w konnen.,what kind of marble do you know.,"
 Translate the following Haitian Creole expression into natural English.
 Only provide the English translation.

Haitian Creole text:
ki kalite marble w konnen.

English:

",what kind of marble do you know
yo bon house wòch,they are good stone houses,"
 Translate the following Haitian Creole expression into natural English.
 Only provide the English translation.

Haitian Creole text:
yo bon house wòch

English:

",they have a good stone house
Mete dlo nan wine ou,calm down,"
 Translate the following Haitian Creole expression into natural English.
 Only provide the English translation.

Haitian Creole text:
Mete dlo nan wine ou

English:

",Put water in your wine.
yo konn fè lè yo meet moun,they know what to do when they meet people,"
 Translate the following Haitian Creole expression into natural English.
 Only provide the English translation.

Haitian Creole text:
yo konn fè lè yo meet moun

English:

",they know how to act when they meet people
te t ye moun fat,was a fat person,"
 Translate the following Haitian Creole expression into natural English.
 Only provide the English translation.

Haitian Creole text:
te t ye moun fat

English:

",it was a fat person
kipa gen any thing,there is nothing,"
 Translate the following Haitian Creole expression into natural English.
 Only provide the English translation.

Haitian Creole text:
kipa gen any thing

English:

",there is nothing
kyen yo di l call,what do they say his name is,"
 Translate the following Haitian Creole expression into natural English.
 Only provide the English translation.

Haitian Creole text:
kyen yo di l call

English:

",when they say call him
kisa dlo ap fè la?,What is the water doing there?,"
 Translate the following Haitian Creole expression into natural English.
 Only provide the English translation.

Haitian Creole text:
kisa dlo ap fè la?

English:

",What is the water doing there?
ti grenn yellow,small yellow grains,"
 Translate the following Haitian Creole expression into natural English.
 Only provide the English translation.

Haitian Creole text:
ti grenn yellow

English:

",small yellow grains
alò gwon pakèt bagay yo konn mete water,so a lot of things they usually put water in,"
 Translate the following Haitian Creole expression into natural English.
 Only provide the English translation.

Haitian Creole text:
alò gwon pakèt bagay yo konn mete water

English:

",so a whole lot of things they usually put water on
"Non, wap dil pigawou fè sa se konso sa wò l di moun nan.","No, you’re telling him not to do that, that’s what you’re telling the person.","
 Translate the following Haitian Creole expression into natural English.
 Only provide the English translation.

Haitian Creole text:
Non, wap dil pigawou fè sa se konso sa wò l di moun nan.

English:

","No, you’re telling him not to do that; that’s what you’re telling the person."
onn pakèt timoun ki kanpe epi yo,a lot of children standing and they,"
 Translate the following Haitian Creole expression into natural English.
 Only provide the English translation.

Haitian Creole text:
onn pakèt timoun ki kanpe epi yo

English:

",a bunch of children standing and they
Li kon ti men room dan l,It’s like a small room in it.,"
 Translate the following Haitian Creole expression into natural English.
 Only provide the English translation.

Haitian Creole text:
Li kon ti men room dan l

English:

",He was like a little man in the room.
wad kouwa k ap say sa,who is saying that,"
 Translate the following Haitian Creole expression into natural English.
 Only provide the English translation.

Haitian Creole text:
wad kouwa k ap say sa

English:

",who’s saying that?
pou Vilbrun Romilus ak Jean-Daniel Joël Chouloute,For Vilbrun Romulus and Jean-Danicl Jocl Chouloute,"
 Translate the following Haitian Creole expression into natural English.
 Only provide the English translation.

Haitian Creole text:
pou Vilbrun Romilus ak Jean-Daniel Joël Chouloute

English:

",for Vilbrun Romilus and Jean-Daniel Joël Chouloute
Li pa gen knowledge.,He has no knowledge.,"
 Translate the following Haitian Creole expression into natural English.
 Only provide the English translation.

Haitian Creole text:
Li pa gen knowledge.

English:

",He doesn’t know anything.
Pitit myèl la.,The child of the honeybee.,"
 Translate the following Haitian Creole expression into natural English.
 Only provide the English translation.

Haitian Creole text:
Pitit myèl la.

English:

",The child of the honeybee.
li pa gen anpil white anba bout.,It doesn’t have much white underneath.,"
 Translate the following Haitian Creole expression into natural English.
 Only provide the English translation.

Haitian Creole text:
li pa gen anpil white anba bout.

English:

",it doesn’t have much white underneath the end
"Nan, yo ba fè on pil wood.","No, they gave a pile of wood.","
 Translate the following Haitian Creole expression into natural English.
 Only provide the English translation.

Haitian Creole text:
Nan, yo ba fè on pil wood.

English:

","No, they gave me a lot of wood."
m pa see,I don’t see.,"
 Translate the following Haitian Creole expression into natural English.
 Only provide the English translation.

Haitian Creole text:
m pa see

English:

",I don’t know.
kenbe gen books.,keep having books.,"
 Translate the following Haitian Creole expression into natural English.
 Only provide the English translation.

Haitian Creole text:
kenbe gen books.

English:

",keep books.
m ap bat pou l pa pran the table la,I’m fighting so he won’t take the table.,"
 Translate the following Haitian Creole expression into natural English.
 Only provide the English translation.

Haitian Creole text:
m ap bat pou l pa pran the table la

English:

",I’m trying to keep him from taking the table.
Se petèt sa ki fe lapli yenyen an ta pe swente anba kouvreli mwadme a.,Do you remember the mist like a muslin coverlet cascading under a bedspread laid by the splendour of May?,"
 Translate the following Haitian Creole expression into natural English.
 Only provide the English translation.

Haitian Creole text:
Se petèt sa ki fe lapli yenyen an ta pe swente anba kouvreli mwadme a.

English:

",Maybe that’s why the rain was dripping under the lady’s umbrella.
spinach,Spinach,"
 Translate the following Haitian Creole expression into natural English.
 Only provide the English translation.

Haitian Creole text:
spinach

English:

",spinach
e jan yo di li se mwen ti zwazo ki easy pou yo wè,"and as they say it is me, little bird, that is easy for them to see","
 Translate the following Haitian Creole expression into natural English.
 Only provide the English translation.

Haitian Creole text:
e jan yo di li se mwen ti zwazo ki easy pou yo wè

English:

","and as they say, I’m the little bird that’s easy for them to see"
ka gen lòt nou ankò,there may be others too,"
 Translate the following Haitian Creole expression into natural English.
 Only provide the English translation.

Haitian Creole text:
ka gen lòt nou ankò

English:

",there may be others too
pa egzanp m fè that,for example I do that,"
 Translate the following Haitian Creole expression into natural English.
 Only provide the English translation.

Haitian Creole text:
pa egzanp m fè that

English:

","for example, I do that"
sa k kenbe seed an,what holds the seed in place,"
 Translate the following Haitian Creole expression into natural English.
 Only provide the English translation.

Haitian Creole text:
sa k kenbe seed an

English:

",what keeps the seed in
ba ale mezi bò kay la,give the measurements around the house,"
 Translate the following Haitian Creole expression into natural English.
 Only provide the English translation.

Haitian Creole text:
ba ale mezi bò kay la

English:

",give it to the side of the house
m bak wè yon kana y ap call l,I didn’t see a duck; they’re saying it.,"
 Translate the following Haitian Creole expression into natural English.
 Only provide the English translation.

Haitian Creole text:
m bak wè yon kana y ap call l

English:

",I haven’t seen a duck they call it.
yo pa konn di l ap pote lòt things toujou,they don’t usually say he’s still bringing other things,"
 Translate the following Haitian Creole expression into natural English.
 Only provide the English translation.

Haitian Creole text:
yo pa konn di l ap pote lòt things toujou

English:

",they don’t usually say he’s bringing other things too
tout lan sa yo,all of these things,"
 Translate the following Haitian Creole expression into natural English.
 Only provide the English translation.

Haitian Creole text:
tout lan sa yo

English:

",all of these things
"Bon, e, e, sa a, ki yon call l?","Well, uh, uh, this one, what do you call it?","
 Translate the following Haitian Creole expression into natural English.
 Only provide the English translation.

Haitian Creole text:
Bon, e, e, sa a, ki yon call l?

English:

","Well, uh, uh, what do you call that?"
e ou melanje base lik pou lave kay,and you mix the liquid base to wash the house,"
 Translate the following Haitian Creole expression into natural English.
 Only provide the English translation.

Haitian Creole text:
e ou melanje base lik pou lave kay

English:

",and you mix bleach to wash the house
ou pran timoun nou mete l devan ou mete l in front men,you take the child and put him in front of you put him in front but,"
 Translate the following Haitian Creole expression into natural English.
 Only provide the English translation.

Haitian Creole text:
ou pran timoun nou mete l devan ou mete l in front men

English:

","you take the child and put it in front of you, put it in front, but"
"Nou pa dwe lage tiwèl nou ate,",We have no right to discard our trowels.,"
 Translate the following Haitian Creole expression into natural English.
 Only provide the English translation.

Haitian Creole text:
Nou pa dwe lage tiwèl nou ate,

English:

",We must not let our guard down.
lontan granmoun yo sa avèl yo te konn fè coffee,"Long ago, the elders used to make coffee with it.","
 Translate the following Haitian Creole expression into natural English.
 Only provide the English translation.

Haitian Creole text:
lontan granmoun yo sa avèl yo te konn fè coffee

English:

","Long ago, the elders used to make coffee with it."
lò l esenni pral cross a,when he was going to the cross,"
 Translate the following Haitian Creole expression into natural English.
 Only provide the English translation.

Haitian Creole text:
lò l esenni pral cross a

English:

",when he/she is about to cross over
Mwen lòt jen ankò yo ka call sa,"I’m still young, they can call it that","
 Translate the following Haitian Creole expression into natural English.
 Only provide the English translation.

Haitian Creole text:
Mwen lòt jen ankò yo ka call sa

English:

","I’m still young, they can call it that."
Ou fè tèt kre yo an.,You made them empty-headed.,"
 Translate the following Haitian Creole expression into natural English.
 Only provide the English translation.

Haitian Creole text:
Ou fè tèt kre yo an.

English:

",You made a fool of yourself.
Larivyè rido bike-l,the Rideau River wraps herself,"
 Translate the following Haitian Creole expression into natural English.
 Only provide the English translation.

Haitian Creole text:
Larivyè rido bike-l

English:

",The river has dried up.
donk sa pa m problem m,so that’s not my problem,"
 Translate the following Haitian Creole expression into natural English.
 Only provide the English translation.

Haitian Creole text:
donk sa pa m problem m

English:

",So that’s not my problem.
konn gen anse deba nan fanm zòtè yo la nan pi yo,There are often debates among those women there in their wells.,"
 Translate the following Haitian Creole expression into natural English.
 Only provide the English translation.

Haitian Creole text:
konn gen anse deba nan fanm zòtè yo la nan pi yo

English:

",there are often debates among those women there at the well
alò sòt ak di manman ou l alè l pou ale anwan l ale depra tou timoun yo ka help ou.,So go and tell your mother to hurry up so she can go ahead and all the children can help you.,"
 Translate the following Haitian Creole expression into natural English.
 Only provide the English translation.

Haitian Creole text:
alò sòt ak di manman ou l alè l pou ale anwan l ale depra tou timoun yo ka help ou.

English:

","So go and tell your mother to get ready to go ahead, and all the children can help you."
men sepandan ou konnen gen yon moun pi ka yo ka kiten yon commission pou ou,but however you know there is someone who can leave a commission for you,"
 Translate the following Haitian Creole expression into natural English.
 Only provide the English translation.

Haitian Creole text:
men sepandan ou konnen gen yon moun pi ka yo ka kiten yon commission pou ou

English:

",but however you know there is someone who can maybe leave a commission for you
depi asizè pou nou te kòm do that,since we were sitting there to do that,"
 Translate the following Haitian Creole expression into natural English.
 Only provide the English translation.

Haitian Creole text:
depi asizè pou nou te kòm do that

English:

",since we were sitting there to do that
yo di yo di non yo pa renmen,they say they say no they don’t like it,"
 Translate the following Haitian Creole expression into natural English.
 Only provide the English translation.

Haitian Creole text:
yo di yo di non yo pa renmen

English:

",they say they say no they don’t like it
p ap di good,won’t say good,"
 Translate the following Haitian Creole expression into natural English.
 Only provide the English translation.

Haitian Creole text:
p ap di good

English:

",not saying good
Ansi l ap fall,"Instead, he is falling.","
 Translate the following Haitian Creole expression into natural English.
 Only provide the English translation.

Haitian Creole text:
Ansi l ap fall

English:

","Instead of falling, he/she is going to fail."
"Wi, se blan blan ki mache avèk dèy la wi.","Yes, it’s the white people who go along with the mourning, yes.","
 Translate the following Haitian Creole expression into natural English.
 Only provide the English translation.

Haitian Creole text:
Wi, se blan blan ki mache avèk dèy la wi.

English:

","Yes, it’s the white people who go along with the mourning, yes."
men si se ou k ap speak,but if it’s you who is speaking,"
 Translate the following Haitian Creole expression into natural English.
 Only provide the English translation.

Haitian Creole text:
men si se ou k ap speak

English:

",but if it’s you who’s speaking
pa gen order jan,there is no order like this,"
 Translate the following Haitian Creole expression into natural English.
 Only provide the English translation.

Haitian Creole text:
pa gen order jan

English:

","there’s no order, man"
answit ki yo an tak cable la ankò,then they were able to cable it again,"
 Translate the following Haitian Creole expression into natural English.
 Only provide the English translation.

Haitian Creole text:
answit ki yo an tak cable la ankò

English:

",right after they’re on the cable again
te gon m pwa la,there was a little weight there,"
 Translate the following Haitian Creole expression into natural English.
 Only provide the English translation.

Haitian Creole text:
te gon m pwa la

English:

",there was a little weight there
lò ap desann because li an rele sa,"when he was coming down, he called it that","
 Translate the following Haitian Creole expression into natural English.
 Only provide the English translation.

Haitian Creole text:
lò ap desann because li an rele sa

English:

",when going down because he/she called it that
l ap pran,he is taking it,"
 Translate the following Haitian Creole expression into natural English.
 Only provide the English translation.

Haitian Creole text:
l ap pran

English:

",he is taking it
se lè m konnen pòt la pa closed,it’s when I know the door isn’t closed,"
 Translate the following Haitian Creole expression into natural English.
 Only provide the English translation.

Haitian Creole text:
se lè m konnen pòt la pa closed

English:

",it’s when I know the door isn’t closed
li pral fè yon time wi,"it will take some time, yes","
 Translate the following Haitian Creole expression into natural English.
 Only provide the English translation.

Haitian Creole text:
li pral fè yon time wi

English:

","he’s going to make some time, yes"
yo rele bay sa yo,they call these bays,"
 Translate the following Haitian Creole expression into natural English.
 Only provide the English translation.

Haitian Creole text:
yo rele bay sa yo

English:

",they call these things giving
li gen cheve siwo atou,she has dark brown hair,"
 Translate the following Haitian Creole expression into natural English.
 Only provide the English translation.

Haitian Creole text:
li gen cheve siwo atou

English:

",he has silky hair
jou moun pa give kalbas,the day people don’t give calabashes,"
 Translate the following Haitian Creole expression into natural English.
 Only provide the English translation.

Haitian Creole text:
jou moun pa give kalbas

English:

",the day people don’t give calabashes
pou vwal change,to change the sail,"
 Translate the following Haitian Creole expression into natural English.
 Only provide the English translation.

Haitian Creole text:
pou vwal change

English:

",to change the sail
bon tiglo k ap lave piye ou granmate lè w leve Bonen,"a good little basin to wash your feet, grandmother, when you get up in the morning","
 Translate the following Haitian Creole expression into natural English.
 Only provide the English translation.

Haitian Creole text:
bon tiglo k ap lave piye ou granmate lè w leve Bonen

English:

","the little pot that washes your feet, grandmother, when you get up in the morning"
pa t really di maten,not too early in the morning,"
 Translate the following Haitian Creole expression into natural English.
 Only provide the English translation.

Haitian Creole text:
pa t really di maten

English:

",not really morning
yo rele l ti child,they call him a little child,"
 Translate the following Haitian Creole expression into natural English.
 Only provide the English translation.

Haitian Creole text:
yo rele l ti child

English:

",they call him little child
sa sèlman ou ka say li,that's all you can tell him,"
 Translate the following Haitian Creole expression into natural English.
 Only provide the English translation.

Haitian Creole text:
sa sèlman ou ka say li

English:

",only you can say it
je lonti chan bagay yo di l konn speak,I’ve heard people say he can speak.,"
 Translate the following Haitian Creole expression into natural English.
 Only provide the English translation.

Haitian Creole text:
je lonti chan bagay yo di l konn speak

English:

",he often hears things people say he can speak
li di konsa,he said so,"
 Translate the following Haitian Creole expression into natural English.
 Only provide the English translation.

Haitian Creole text:
li di konsa

English:

",he said so
paske charèt la,because the cart,"
 Translate the following Haitian Creole expression into natural English.
 Only provide the English translation.

Haitian Creole text:
paske charèt la

English:

",because of the cart
"E ki lòt pou kon nan an, tò?","And what else is there to know, huh?","
 Translate the following Haitian Creole expression into natural English.
 Only provide the English translation.

Haitian Creole text:
E ki lòt pou kon nan an, tò?

English:

","And what else is there to know, huh?"
ou ka p ap say,you may not be saying,"
 Translate the following Haitian Creole expression into natural English.
 Only provide the English translation.

Haitian Creole text:
ou ka p ap say

English:

",you may not be saying
k ap achte cases ki tou?,who is buying cases too?,"
 Translate the following Haitian Creole expression into natural English.
 Only provide the English translation.

Haitian Creole text:
k ap achte cases ki tou?

English:

",buying cases too?
li yon call bri sa.,He called that noise.,"
 Translate the following Haitian Creole expression into natural English.
 Only provide the English translation.

Haitian Creole text:
li yon call bri sa.

English:

",He made a noisy call.
lè sa a you?,What about you then?,"
 Translate the following Haitian Creole expression into natural English.
 Only provide the English translation.

Haitian Creole text:
lè sa a you?

English:

",what about then?
ou toutan leve l on time.,You always get up on time.,"
 Translate the following Haitian Creole expression into natural English.
 Only provide the English translation.

Haitian Creole text:
ou toutan leve l on time.

English:

",You always get up a little late.
nou ralde nan road,we are on the road,"
 Translate the following Haitian Creole expression into natural English.
 Only provide the English translation.

Haitian Creole text:
nou ralde nan road

English:

",we’re stuck on the road
ki yon rele device sa a?,what do you call this device?,"
 Translate the following Haitian Creole expression into natural English.
 Only provide the English translation.

Haitian Creole text:
ki yon rele device sa a?

English:

",What do you call this device?
ou pe wèb cow,you can see the cow,"
 Translate the following Haitian Creole expression into natural English.
 Only provide the English translation.

Haitian Creole text:
ou pe wèb cow

English:

",you can see how
Mwen t' ape reflechi sou ki kalite liv mwen ta kab achte pou ou ki ta kab remonte moral ou.,I was thinking of the kind of book that I should give you that would lit your spirit.,"
 Translate the following Haitian Creole expression into natural English.
 Only provide the English translation.

Haitian Creole text:
Mwen t' ape reflechi sou ki kalite liv mwen ta kab achte pou ou ki ta kab remonte moral ou.

English:

",I was thinking about what kind of book I could buy for you that would lift your spirits.
m frape bon foot m,I hit my good foot,"
 Translate the following Haitian Creole expression into natural English.
 Only provide the English translation.

Haitian Creole text:
m frape bon foot m

English:

",I kicked my foot hard.
bon fason yo rele l mountain,the way they call it a mountain,"
 Translate the following Haitian Creole expression into natural English.
 Only provide the English translation.

Haitian Creole text:
bon fason yo rele l mountain

English:

",the way they call it mountain
gen moun bèt menm,there are beastly people too,"
 Translate the following Haitian Creole expression into natural English.
 Only provide the English translation.

Haitian Creole text:
gen moun bèt menm

English:

",some people are just animals
Men sepandan etè sa ki fè plant la byen strong,"But however, it is this that makes the plant grow well","
 Translate the following Haitian Creole expression into natural English.
 Only provide the English translation.

Haitian Creole text:
Men sepandan etè sa ki fè plant la byen strong

English:

","But nevertheless, it’s this ether that makes the plant very strong."
tou sa ki barè ka la kiyan yo call l?,What do they call all those barriers there?,"
 Translate the following Haitian Creole expression into natural English.
 Only provide the English translation.

Haitian Creole text:
tou sa ki barè ka la kiyan yo call l?

English:

",What do they call all those barriers there?
li baal right,he gave it to him straight,"
 Translate the following Haitian Creole expression into natural English.
 Only provide the English translation.

Haitian Creole text:
li baal right

English:

",he gave it to him right
li rete konsa Men konsa,he stayed like that But like that,"
 Translate the following Haitian Creole expression into natural English.
 Only provide the English translation.

Haitian Creole text:
li rete konsa Men konsa

English:

","he stayed like that, but like that"
Pousyè mache pi bon pase dust chita,"don’t sit around and do nothing, get up and find something to do","
 Translate the following Haitian Creole expression into natural English.
 Only provide the English translation.

Haitian Creole text:
Pousyè mache pi bon pase dust chita

English:

",Dust that moves is better than dust that sits still.
vè l fè l la.,around when he did it.,"
 Translate the following Haitian Creole expression into natural English.
 Only provide the English translation.

Haitian Creole text:
vè l fè l la.

English:

",around the time he did it.
e eske Tanbou a drum chè isi,and is the drum an expensive drum here,"
 Translate the following Haitian Creole expression into natural English.
 Only provide the English translation.

Haitian Creole text:
e eske Tanbou a drum chè isi

English:

",And is the drum expensive here?
gen kapab pase kapab,There is always a stronger power,"
 Translate the following Haitian Creole expression into natural English.
 Only provide the English translation.

Haitian Creole text:
gen kapab pase kapab

English:

",can pass by can pass by
bri lap fè noise,the noise it makes,"
 Translate the following Haitian Creole expression into natural English.
 Only provide the English translation.

Haitian Creole text:
bri lap fè noise

English:

",it’s making noise
pou kenbe l pou hold,to keep it for a while,"
 Translate the following Haitian Creole expression into natural English.
 Only provide the English translation.

Haitian Creole text:
pou kenbe l pou hold

English:

",to keep it for hold
w ap di sa l ap do,you are saying what he is doing,"
 Translate the following Haitian Creole expression into natural English.
 Only provide the English translation.

Haitian Creole text:
w ap di sa l ap do

English:

",you’re saying what he’s doing
"Ou lò on moun kounm konn bat kòk konsa, pi jan rele you menm?","When you know how to fight roosters like that, what do they call you?","
 Translate the following Haitian Creole expression into natural English.
 Only provide the English translation.

Haitian Creole text:
Ou lò on moun kounm konn bat kòk konsa, pi jan rele you menm?

English:

",How can you call yourself a person if you know how to fight roosters like that?
Se an tounen,It’s on the way back.,"
 Translate the following Haitian Creole expression into natural English.
 Only provide the English translation.

Haitian Creole text:
Se an tounen

English:

",It’s on the way back.
li pral fè yon rain.,it will rain.,"
 Translate the following Haitian Creole expression into natural English.
 Only provide the English translation.

Haitian Creole text:
li pral fè yon rain.

English:

",he is going to make it rain
Lè bè sa a fini,When this butter is finished,"
 Translate the following Haitian Creole expression into natural English.
 Only provide the English translation.

Haitian Creole text:
Lè bè sa a fini

English:

",When this butter is finished
ou genyone time.,You have one hour.,"
 Translate the following Haitian Creole expression into natural English.
 Only provide the English translation.

Haitian Creole text:
ou genyone time.

English:

",you have one time
ou pa ba li but,you didn’t give him a hand,"
 Translate the following Haitian Creole expression into natural English.
 Only provide the English translation.

Haitian Creole text:
ou pa ba li but

English:

",you didn’t give him a butt
se sa a.,that’s it.,"
 Translate the following Haitian Creole expression into natural English.
 Only provide the English translation.

Haitian Creole text:
se sa a.

English:

",that's it.
se tèl bagay ki pa take.,it’s such a thing that doesn’t take,"
 Translate the following Haitian Creole expression into natural English.
 Only provide the English translation.

Haitian Creole text:
se tèl bagay ki pa take.

English:

",it’s something that doesn’t stick
li pa yèn yon zòdi,he is not a zodiac sign,"
 Translate the following Haitian Creole expression into natural English.
 Only provide the English translation.

Haitian Creole text:
li pa yèn yon zòdi

English:

",he’s not even a zodiac sign
ou konn ki an rele,you know what I’m called,"
 Translate the following Haitian Creole expression into natural English.
 Only provide the English translation.

Haitian Creole text:
ou konn ki an rele

English:

",you know what I’m called
ti bwa tounen dark fin koupye ankò,the little wood turned dark and was cut again,"
 Translate the following Haitian Creole expression into natural English.
 Only provide the English translation.

Haitian Creole text:
ti bwa tounen dark fin koupye ankò

English:

",the little tree turned dark and got cut again
ap rounen arrive la,I’m coming back there.,"
 Translate the following Haitian Creole expression into natural English.
 Only provide the English translation.

Haitian Creole text:
ap rounen arrive la

English:

",it’s about to arrive there
bon e mwen la dison bagay ki beautiful,well and I’m here saying beautiful things,"
 Translate the following Haitian Creole expression into natural English.
 Only provide the English translation.

Haitian Creole text:
bon e mwen la dison bagay ki beautiful

English:

","well, and I’m here saying something beautiful"
yo di sa nan sònman?,Did they say that in the sermon?,"
 Translate the following Haitian Creole expression into natural English.
 Only provide the English translation.

Haitian Creole text:
yo di sa nan sònman?

English:

",What do they say in the sermon?
m ap know men kiyè yon konn di a,"I know the saying that says, “the hand knows the spoon.”","
 Translate the following Haitian Creole expression into natural English.
 Only provide the English translation.

Haitian Creole text:
m ap know men kiyè yon konn di a

English:

","I know, but as they say, “a spoon is a spoon.”"
men li pi dark,but it is darker,"
 Translate the following Haitian Creole expression into natural English.
 Only provide the English translation.

Haitian Creole text:
men li pi dark

English:

",but it’s darker
li gwo thing l ap fè li,he is doing it with his big thing,"
 Translate the following Haitian Creole expression into natural English.
 Only provide the English translation.

Haitian Creole text:
li gwo thing l ap fè li

English:

",He’s doing a big thing.
akòde pass by m nan,grant me passage,"
 Translate the following Haitian Creole expression into natural English.
 Only provide the English translation.

Haitian Creole text:
akòde pass by m nan

English:

",let me pass by
li gen yon gwo tach jòn sou devan chak knees yo,it has a big yellow spot on the front of each knee,"
 Translate the following Haitian Creole expression into natural English.
 Only provide the English translation.

Haitian Creole text:
li gen yon gwo tach jòn sou devan chak knees yo

English:

",there is a big yellow spot on the front of each knee
Mwen menm rekondi,I myself am grateful,"
 Translate the following Haitian Creole expression into natural English.
 Only provide the English translation.

Haitian Creole text:
Mwen menm rekondi

English:

",I’m thankful too.
« Ak pasyans n'ajwenn support founi »,« With patience we'll find the nipple of the ant»,"
 Translate the following Haitian Creole expression into natural English.
 Only provide the English translation.

Haitian Creole text:
« Ak pasyans n'ajwenn support founi »

English:

","With patience, we will find the support provided."
m batò fin understand li,I finally understood it.,"
 Translate the following Haitian Creole expression into natural English.
 Only provide the English translation.

Haitian Creole text:
m batò fin understand li

English:

",I finally understood it.
"Kiyen konn elè y ap fè tjanbe anbòt, kiyen konn fè yon combo?","Who knows how to make a tjanbe anbòt, who knows how to make a combi?","
 Translate the following Haitian Creole expression into natural English.
 Only provide the English translation.

Haitian Creole text:
Kiyen konn elè y ap fè tjanbe anbòt, kiyen konn fè yon combo?

English:

","Who knows how to do a jump shot, who knows how to make a combo?"
reye yon hand.,raise a hand,"
 Translate the following Haitian Creole expression into natural English.
 Only provide the English translation.

Haitian Creole text:
reye yon hand.

English:

",laugh at someone
li pa gen lòt people ankon,he doesn’t have any other people either,"
 Translate the following Haitian Creole expression into natural English.
 Only provide the English translation.

Haitian Creole text:
li pa gen lòt people ankon

English:

",he doesn’t have any other people anymore
ou ka di sa yes,you can say that yes,"
 Translate the following Haitian Creole expression into natural English.
 Only provide the English translation.

Haitian Creole text:
ou ka di sa yes

English:

","you can say that, yes"
ou kwè pa gen dwe tou yon order,you think there shouldn’t also be an order,"
 Translate the following Haitian Creole expression into natural English.
 Only provide the English translation.

Haitian Creole text:
ou kwè pa gen dwe tou yon order

English:

",you think there shouldn’t also be an order
ou ka di konsa eee tonk si te w m chachan lòt bagay pou m do that,you can say like eee so if it were me I would look for something else to give me that,"
 Translate the following Haitian Creole expression into natural English.
 Only provide the English translation.

Haitian Creole text:
ou ka di konsa eee tonk si te w m chachan lòt bagay pou m do that

English:

","you could say that, um, so if it were you, I’d look for something else to do that"
nan OU pa konn ap fè peristil la nou?,"You don’t know how to do the peristil, do you?","
 Translate the following Haitian Creole expression into natural English.
 Only provide the English translation.

Haitian Creole text:
nan OU pa konn ap fè peristil la nou?

English:

","You don’t know how to do the peristil, do you?"
se pa denmen maten paske se pa Friday,It’s not tomorrow morning because it’s not Friday.,"
 Translate the following Haitian Creole expression into natural English.
 Only provide the English translation.

Haitian Creole text:
se pa denmen maten paske se pa Friday

English:

",It’s not tomorrow morning because it’s not Friday.
yo pa konn di wafou l ap fè sex ou piyòl nan.,They don’t usually say that he’s having sex or fooling around.,"
 Translate the following Haitian Creole expression into natural English.
 Only provide the English translation.

Haitian Creole text:
yo pa konn di wafou l ap fè sex ou piyòl nan.

English:

","they don’t usually say it, but he’s having sex with your girl in there"
pi jan rele ti moun sa.,what is that child’s name,"
 Translate the following Haitian Creole expression into natural English.
 Only provide the English translation.

Haitian Creole text:
pi jan rele ti moun sa.

English:

",What’s the name of that child?
gen tout kalte genyen,there are all kinds of things,"
 Translate the following Haitian Creole expression into natural English.
 Only provide the English translation.

Haitian Creole text:
gen tout kalte genyen

English:

",there are all kinds of winners
nan docs yo,in the documents,"
 Translate the following Haitian Creole expression into natural English.
 Only provide the English translation.

Haitian Creole text:
nan docs yo

English:

",in the documents
Seke se yon ekip lòm tout sa menn,"It’s like a whole team of men, that’s all.","
 Translate the following Haitian Creole expression into natural English.
 Only provide the English translation.

Haitian Creole text:
Seke se yon ekip lòm tout sa menn

English:

","It’s like a whole team of people, man."
Veye your zo ou,be careful or watch your back,"
 Translate the following Haitian Creole expression into natural English.
 Only provide the English translation.

Haitian Creole text:
Veye your zo ou

English:

",Watch your bones.
bon si pa ekzanp te gen yon moun e li Ki pral **go** kote avèk ou,well if for example there was someone and he is going to move in with you,"
 Translate the following Haitian Creole expression into natural English.
 Only provide the English translation.

Haitian Creole text:
bon si pa ekzanp te gen yon moun e li Ki pral **go** kote avèk ou

English:

","Well, if for example there was someone and they were going to go somewhere with you"
tankou ta pull out,as if it were torn off,"
 Translate the following Haitian Creole expression into natural English.
 Only provide the English translation.

Haitian Creole text:
tankou ta pull out

English:

",like to pull out
swazo sa a nou know li.,We know this bird.,"
 Translate the following Haitian Creole expression into natural English.
 Only provide the English translation.

Haitian Creole text:
swazo sa a nou know li.

English:

",We know this bird.
li rive pi devan li di too,he got there ahead and said it too,"
 Translate the following Haitian Creole expression into natural English.
 Only provide the English translation.

Haitian Creole text:
li rive pi devan li di too

English:

","he got there first, he said too"
apwè ou menm ki yon mete l nan bucket la,after you are the one who put it in the tub,"
 Translate the following Haitian Creole expression into natural English.
 Only provide the English translation.

Haitian Creole text:
apwè ou menm ki yon mete l nan bucket la

English:

",after you’re the one who put it in the bucket
te call sa,was called that,"
 Translate the following Haitian Creole expression into natural English.
 Only provide the English translation.

Haitian Creole text:
te call sa

English:

",they called that
bèt yo konn genyen animals,animals often have,"
 Translate the following Haitian Creole expression into natural English.
 Only provide the English translation.

Haitian Creole text:
bèt yo konn genyen animals

English:

",animals often have animals
"Grangou se mizè, vant plen se trouble.",Hunger is misery; a full stomach is worriness.,"
 Translate the following Haitian Creole expression into natural English.
 Only provide the English translation.

Haitian Creole text:
Grangou se mizè, vant plen se trouble.

English:

",Hunger is misery; a full belly is trouble.
pa gen order an ankò,there is no order yet,"
 Translate the following Haitian Creole expression into natural English.
 Only provide the English translation.

Haitian Creole text:
pa gen order an ankò

English:

",there’s no order anymore
li jan rene yon moun ganseride moun stupid,he is like a person who is a fool and an idiot,"
 Translate the following Haitian Creole expression into natural English.
 Only provide the English translation.

Haitian Creole text:
li jan rene yon moun ganseride moun stupid

English:

",he looks like a person who was born to be a stupid person
toutou li va rive isit e byen late,he will arrive here very late,"
 Translate the following Haitian Creole expression into natural English.
 Only provide the English translation.

Haitian Creole text:
toutou li va rive isit e byen late

English:

",He will arrive here very late.
swazo a rele swazo bird,the bird is called a hawk,"
 Translate the following Haitian Creole expression into natural English.
 Only provide the English translation.

Haitian Creole text:
swazo a rele swazo bird

English:

",the bird is called a bird
pou met ou barè plak ladan pou w fè bay zòdi,to put a plate barrier in there for you to cast a spell,"
 Translate the following Haitian Creole expression into natural English.
 Only provide the English translation.

Haitian Creole text:
pou met ou barè plak ladan pou w fè bay zòdi

English:

",to put a license plate barrier there so you can do witchcraft
pa avan ou gen li toujou arrive,it always happens before you have it,"
 Translate the following Haitian Creole expression into natural English.
 Only provide the English translation.

Haitian Creole text:
pa avan ou gen li toujou arrive

English:

",it always happens before you have it
wap di l take sa a?,Are you saying he should take this?,"
 Translate the following Haitian Creole expression into natural English.
 Only provide the English translation.

Haitian Creole text:
wap di l take sa a?

English:

",Are you saying he took this?
ou ka say,you can say,"
 Translate the following Haitian Creole expression into natural English.
 Only provide the English translation.

Haitian Creole text:
ou ka say

English:

",you can say
moun yo fè ti moun nan ok,the people made the child okay,"
 Translate the following Haitian Creole expression into natural English.
 Only provide the English translation.

Haitian Creole text:
moun yo fè ti moun nan ok

English:

",the people made the child okay
"Men, jwè U-20 yo ki sòti Ayiti te ba yo yon bon lesson Vandredi 26 Janvye 2018 la.","But, the U-20 players of Haiti gave them a great resistance on Friday January 26, 2018.","
 Translate the following Haitian Creole expression into natural English.
 Only provide the English translation.

Haitian Creole text:
Men, jwè U-20 yo ki sòti Ayiti te ba yo yon bon lesson Vandredi 26 Janvye 2018 la.

English:

","But the U-20 players from Haiti gave them a good lesson on Friday, January 26, 2018."
K ap achte anpil gal tou e,Buying a lot of gallons too,"
 Translate the following Haitian Creole expression into natural English.
 Only provide the English translation.

Haitian Creole text:
K ap achte anpil gal tou e

English:

",Buying a lot of gallons too.
ou pa know,you don't know,"
 Translate the following Haitian Creole expression into natural English.
 Only provide the English translation.

Haitian Creole text:
ou pa know

English:

",you don’t know
pitit la fè,the child does it,"
 Translate the following Haitian Creole expression into natural English.
 Only provide the English translation.

Haitian Creole text:
pitit la fè

English:

",the child did it
donk se side,so it’s the side,"
 Translate the following Haitian Creole expression into natural English.
 Only provide the English translation.

Haitian Creole text:
donk se side

English:

",so it’s side
ki yon ta ka check l?,what could one do about it?,"
 Translate the following Haitian Creole expression into natural English.
 Only provide the English translation.

Haitian Creole text:
ki yon ta ka check l?

English:

",Could someone check it?
ou pa jan m gen anpil money pou peye l,you never have a lot of money to pay it,"
 Translate the following Haitian Creole expression into natural English.
 Only provide the English translation.

Haitian Creole text:
ou pa jan m gen anpil money pou peye l

English:

",You never have much money to pay for it.
ak tou prè ta fè children,and almost ready to give birth,"
 Translate the following Haitian Creole expression into natural English.
 Only provide the English translation.

Haitian Creole text:
ak tou prè ta fè children

English:

",and almost late to have children
ou ta di yo pran pli satiyèt pou lage mwen toutouni ak laugh.,Sometimes they seem to take a ticklish pleasure in exposing me naked.,"
 Translate the following Haitian Creole expression into natural English.
 Only provide the English translation.

Haitian Creole text:
ou ta di yo pran pli satiyèt pou lage mwen toutouni ak laugh.

English:

",You’d think they took extra care to leave me completely naked and laughing.
Tou wè on nèg mennen on place,You see a man leading somewhere,"
 Translate the following Haitian Creole expression into natural English.
 Only provide the English translation.

Haitian Creole text:
Tou wè on nèg mennen on place

English:

",I saw a guy bring a place
li lave men li,he washed his hands,"
 Translate the following Haitian Creole expression into natural English.
 Only provide the English translation.

Haitian Creole text:
li lave men li

English:

",he washed his hands
gen de moun ki konn go,there are two people who usually go,"
 Translate the following Haitian Creole expression into natural English.
 Only provide the English translation.

Haitian Creole text:
gen de moun ki konn go

English:

",some people know how to go
Laj pou l ap sing.,Age for him to be singing.,"
 Translate the following Haitian Creole expression into natural English.
 Only provide the English translation.

Haitian Creole text:
Laj pou l ap sing.

English:

",He’s old enough to sing.
donk ou ka tell yo,so you can tell them,"
 Translate the following Haitian Creole expression into natural English.
 Only provide the English translation.

Haitian Creole text:
donk ou ka tell yo

English:

",so you can tell them
koupe l la pa cut l la,"cut it there, don’t cut it there","
 Translate the following Haitian Creole expression into natural English.
 Only provide the English translation.

Haitian Creole text:
koupe l la pa cut l la

English:

",cut it there
ou pa konn how yo rele yo,you don’t know what they’re called,"
 Translate the following Haitian Creole expression into natural English.
 Only provide the English translation.

Haitian Creole text:
ou pa konn how yo rele yo

English:

",you don’t know what they’re called
yo konn ba l kèk names kòm sison m,They sometimes call him a sucker.,"
 Translate the following Haitian Creole expression into natural English.
 Only provide the English translation.

Haitian Creole text:
yo konn ba l kèk names kòm sison m

English:

",they sometimes give him some nicknames like “my pacifier”
ou gen moun se rite moun lòp palavè yo according to sòdi la,you have people who are used to talking a lot according to the situation,"
 Translate the following Haitian Creole expression into natural English.
 Only provide the English translation.

Haitian Creole text:
ou gen moun se rite moun lòp palavè yo according to sòdi la

English:

",you have people who are just talkative people according to the soldier there
sa l head,what’s up,"
 Translate the following Haitian Creole expression into natural English.
 Only provide the English translation.

Haitian Creole text:
sa l head

English:

",what’s up with him?
yo rele bwa sa Zalin,They call this tree Zalin.,"
 Translate the following Haitian Creole expression into natural English.
 Only provide the English translation.

Haitian Creole text:
yo rele bwa sa Zalin

English:

",They call this tree Zalin.
ebenfwa pou bay malice,perhaps to give malice,"
 Translate the following Haitian Creole expression into natural English.
 Only provide the English translation.

Haitian Creole text:
ebenfwa pou bay malice

English:

",maybe to be malicious
m foure l nan lanmè a pou ka wè the situation bagay.,I put it in the sea to see what kind of thing it is.,"
 Translate the following Haitian Creole expression into natural English.
 Only provide the English translation.

Haitian Creole text:
m foure l nan lanmè a pou ka wè the situation bagay.

English:

",I threw it into the sea to see what the situation was.
li te batay ak sòlda franse yo ki te oblije shoot l.,"Wanted for decapitation as it was done for thieves and other criminals, she fought with the French soldiers, who in turn had to shoot her.","
 Translate the following Haitian Creole expression into natural English.
 Only provide the English translation.

Haitian Creole text:
li te batay ak sòlda franse yo ki te oblije shoot l.

English:

",he fought with the French soldiers who were forced to shoot him.
doksan pa too problematic,ninety is not all trouble,"
 Translate the following Haitian Creole expression into natural English.
 Only provide the English translation.

Haitian Creole text:
doksan pa too problematic

English:

",ninety isn’t too problematic
konn se y di ti moun Kòn di,I know it’s said that the child says it.,"
 Translate the following Haitian Creole expression into natural English.
 Only provide the English translation.

Haitian Creole text:
konn se y di ti moun Kòn di

English:

","you know, they say, little child, they say"
pou wè l fè like sa an konsa.,to see him do it like that in that way.,"
 Translate the following Haitian Creole expression into natural English.
 Only provide the English translation.

Haitian Creole text:
pou wè l fè like sa an konsa.

English:

","to see him do it like that, like this."
m pa pè pou li li konn fè what,I’m not afraid for him; he knows what to do.,"
 Translate the following Haitian Creole expression into natural English.
 Only provide the English translation.

Haitian Creole text:
m pa pè pou li li konn fè what

English:

",I’m not afraid of him; he knows what to do.
lè l arrive,when he arrives,"
 Translate the following Haitian Creole expression into natural English.
 Only provide the English translation.

Haitian Creole text:
lè l arrive

English:

",when it happens
Mwen rekòmanse ekri lèt sa a three fwa deja.,This is my third attempt at writing ths letter.,"
 Translate the following Haitian Creole expression into natural English.
 Only provide the English translation.

Haitian Creole text:
Mwen rekòmanse ekri lèt sa a three fwa deja.

English:

",I’ve already started writing this letter three times.
"Wi, lò lò l lò li ap ekouve a, w mete li fè ti kay pou li, sa rele shelter.","Yes, when it is hatching, you put it in a little house for it; that is called a brooder.","
 Translate the following Haitian Creole expression into natural English.
 Only provide the English translation.

Haitian Creole text:
Wi, lò lò l lò li ap ekouve a, w mete li fè ti kay pou li, sa rele shelter.

English:

","Yes, when it’s hatching, you put it in a little house for it; that’s called shelter."
"Men, 2 fevriye 2013 la, Malala ofri nou yon bèl message nou ta dwe kenbe nan fon kè nou pou lavidiran.","However, on the same day, Malala gave us a wonderful message that we should keep in our hearts forever.","
 Translate the following Haitian Creole expression into natural English.
 Only provide the English translation.

Haitian Creole text:
Men, 2 fevriye 2013 la, Malala ofri nou yon bèl message nou ta dwe kenbe nan fon kè nou pou lavidiran.

English:

","But on February 2, 2013, Malala gave us a beautiful message that we should keep deep in our hearts forever."
ouvi ki jan bay pou l la lagate a call,I heard how the one who was supposed to give it was called Lagate.,"
 Translate the following Haitian Creole expression into natural English.
 Only provide the English translation.

Haitian Creole text:
ouvi ki jan bay pou l la lagate a call

English:

",I heard how he gave the call to the one who was supposed to get it.
se sa w konn hear,that’s what you usually hear,"
 Translate the following Haitian Creole expression into natural English.
 Only provide the English translation.

Haitian Creole text:
se sa w konn hear

English:

",that’s what you usually hear
pou wè okay,to see again,"
 Translate the following Haitian Creole expression into natural English.
 Only provide the English translation.

Haitian Creole text:
pou wè okay

English:

",to see okay
men yo konn di se se tèl bagay moun Okap se Moun Okap konn ti pran l Yo pran li pran **right**,"but they say that such and such thing, people from Cap-Haïtien, people from Cap-Haïtien know how to take it. They took it, took it away.","
 Translate the following Haitian Creole expression into natural English.
 Only provide the English translation.

Haitian Creole text:
men yo konn di se se tèl bagay moun Okap se Moun Okap konn ti pran l Yo pran li pran **right**

English:

","but they say that it’s something like people from Cap-Haïtien, people from Cap-Haïtien know how to take it. They took it, took it, right"
nou kwèk benè gen too,we believe there is also luck,"
 Translate the following Haitian Creole expression into natural English.
 Only provide the English translation.

Haitian Creole text:
nou kwèk benè gen too

English:

",we believe there are too many blessings
yo moun ki dead,they are dead people,"
 Translate the following Haitian Creole expression into natural English.
 Only provide the English translation.

Haitian Creole text:
yo moun ki dead

English:

",they are dead people
wè menm city li viv,see the same city he lives in,"
 Translate the following Haitian Creole expression into natural English.
 Only provide the English translation.

Haitian Creole text:
wè menm city li viv

English:

",see even the city he lives in
kayen tèl ou well,"I’m fine, and you?","
 Translate the following Haitian Creole expression into natural English.
 Only provide the English translation.

Haitian Creole text:
kayen tèl ou well

English:

",like hell
moun yo konn rete yo di ti moun yo konsa good,People who know how to stay say children are so good,"
 Translate the following Haitian Creole expression into natural English.
 Only provide the English translation.

Haitian Creole text:
moun yo konn rete yo di ti moun yo konsa good

English:

",people who know how to stay there say the children are good
sa pa final,it doesn’t matter,"
 Translate the following Haitian Creole expression into natural English.
 Only provide the English translation.

Haitian Creole text:
sa pa final

English:

",that’s not final
yon jan food,some food,"
 Translate the following Haitian Creole expression into natural English.
 Only provide the English translation.

Haitian Creole text:
yon jan food

English:

",some kind of food
ouk wè se direct kiloz,you see it’s directly kilos,"
 Translate the following Haitian Creole expression into natural English.
 Only provide the English translation.

Haitian Creole text:
ouk wè se direct kiloz

English:

",you see it’s direct kilos
epi ou kapab di li meton chapon nou an wokò,and you can tell him to put our rooster in the coop,"
 Translate the following Haitian Creole expression into natural English.
 Only provide the English translation.

Haitian Creole text:
epi ou kapab di li meton chapon nou an wokò

English:

",and you can tell him to put our capon in the wok
wa foun lòt support anpò,you will find another way,"
 Translate the following Haitian Creole expression into natural English.
 Only provide the English translation.

Haitian Creole text:
wa foun lòt support anpò

English:

",will provide other support later
tou fè l fè tlava l in vain,make him do his work in vain,"
 Translate the following Haitian Creole expression into natural English.
 Only provide the English translation.

Haitian Creole text:
tou fè l fè tlava l in vain

English:

",all that work for nothing
ti mirror a ti mwen an,my little mirror,"
 Translate the following Haitian Creole expression into natural English.
 Only provide the English translation.

Haitian Creole text:
ti mirror a ti mwen an

English:

",my little mirror
fè konsa m ap di sa you’re saying,do that and I’ll say what you’re saying,"
 Translate the following Haitian Creole expression into natural English.
 Only provide the English translation.

Haitian Creole text:
fè konsa m ap di sa you’re saying

English:

",do that and I’ll say what you’re saying
moun sa a gen,this person has,"
 Translate the following Haitian Creole expression into natural English.
 Only provide the English translation.

Haitian Creole text:
moun sa a gen

English:

",this person has
"Lè pyebwa jwe ak van, li pèdi leaves li.","When the tree plays with the wind, it loses its leaves.","
 Translate the following Haitian Creole expression into natural English.
 Only provide the English translation.

Haitian Creole text:
Lè pyebwa jwe ak van, li pèdi leaves li.

English:

","When the tree plays with the wind, it loses its leaves."
depi m fini,since I finished,"
 Translate the following Haitian Creole expression into natural English.
 Only provide the English translation.

Haitian Creole text:
depi m fini

English:

",since I finished
donk sa w ap say,So what are you saying?,"
 Translate the following Haitian Creole expression into natural English.
 Only provide the English translation.

Haitian Creole text:
donk sa w ap say

English:

",So what are you saying?
ap wap cap ap mete place mal,you will be putting it in the wrong place,"
 Translate the following Haitian Creole expression into natural English.
 Only provide the English translation.

Haitian Creole text:
ap wap cap ap mete place mal

English:

",you’re just putting things in the wrong place
non sa nan sort di a,I don’t know that kind of thing.,"
 Translate the following Haitian Creole expression into natural English.
 Only provide the English translation.

Haitian Creole text:
non sa nan sort di a

English:

",that name in the sort of thing
Se konsa li te pran desizyon pou l ale vire lòlòj sòlda franse yo pou li vòlè ammunition yo pou pote bay lame endijèn nan.,She took it upon herself to woo the French sol­diers in order to steal ammunition that the native army badly needed.,"
 Translate the following Haitian Creole expression into natural English.
 Only provide the English translation.

Haitian Creole text:
Se konsa li te pran desizyon pou l ale vire lòlòj sòlda franse yo pou li vòlè ammunition yo pou pote bay lame endijèn nan.

English:

",So he decided to go and turn the French soldiers’ heads so he could steal their ammunition and bring it to the indigenous army.
"Yo yo te drevandèl, anna a, yo jen drevandèl.","They were all drevandèl, Anna, they were just drevandèl.","
 Translate the following Haitian Creole expression into natural English.
 Only provide the English translation.

Haitian Creole text:
Yo yo te drevandèl, anna a, yo jen drevandèl.

English:

","They were all drunk, Anna, they were really drunk."
elè sa w ap ponnen yo plenn moun y ala w ap watch l,when you’re fucking them they complain people are there and you’re watching them,"
 Translate the following Haitian Creole expression into natural English.
 Only provide the English translation.

Haitian Creole text:
elè sa w ap ponnen yo plenn moun y ala w ap watch l

English:

","At that time when you’re jerking them off, people will complain, and then you’ll be watching it."
youn bél karako moon de boul je,a robe of moonlight two round eyes a pair of golden wings,"
 Translate the following Haitian Creole expression into natural English.
 Only provide the English translation.

Haitian Creole text:
youn bél karako moon de boul je

English:

",a beautiful moon-shaped blouse with two buttons for eyes
"Monte chwal,","Horse rides,","
 Translate the following Haitian Creole expression into natural English.
 Only provide the English translation.

Haitian Creole text:
Monte chwal,

English:

","Get on the horse,"
yo mete clothes sou yo,they put clothes on themselves,"
 Translate the following Haitian Creole expression into natural English.
 Only provide the English translation.

Haitian Creole text:
yo mete clothes sou yo

English:

",they put clothes on themselves
sa kounm di ki sa w tap say Wouwou,So what were you saying to Wouwou?,"
 Translate the following Haitian Creole expression into natural English.
 Only provide the English translation.

Haitian Creole text:
sa kounm di ki sa w tap say Wouwou

English:

","what do you mean by what you were saying, Wouwou"
"Koulè Boutou sa a, Boutou sa Wouj, Gade byen pou wè, nan nwit la se wè wè wè **really**.","The color of this Boutou, this Boutou is red, look closely to see, in the night it is very, very, very visible.","
 Translate the following Haitian Creole expression into natural English.
 Only provide the English translation.

Haitian Creole text:
Koulè Boutou sa a, Boutou sa Wouj, Gade byen pou wè, nan nwit la se wè wè wè **really**.

English:

","That Boutou’s color, that Boutou is red, look closely to see, in the night it’s really hard to see."
alò swa y ap vin with li,So either they will come with him.,"
 Translate the following Haitian Creole expression into natural English.
 Only provide the English translation.

Haitian Creole text:
alò swa y ap vin with li

English:

",So tonight they’re coming with him.
y al water jaden,they go water the garden,"
 Translate the following Haitian Creole expression into natural English.
 Only provide the English translation.

Haitian Creole text:
y al water jaden

English:

",they go water the garden
Fabyèn se youn nan yo:,Fabienne is one of them:,"
 Translate the following Haitian Creole expression into natural English.
 Only provide the English translation.

Haitian Creole text:
Fabyèn se youn nan yo:

English:

",Fabienne is one of them.
"nou, kò moutè di m pou p ap vini, m pa vini.","we, because the driver told me not to come, I didn’t come.","
 Translate the following Haitian Creole expression into natural English.
 Only provide the English translation.

Haitian Creole text:
nou, kò moutè di m pou p ap vini, m pa vini.

English:

",I didn’t come because the person who was supposed to tell me not to come didn’t tell me.
bon sòdi yo fè la yo,the good deals they made there,"
 Translate the following Haitian Creole expression into natural English.
 Only provide the English translation.

Haitian Creole text:
bon sòdi yo fè la yo

English:

",they did a good job there
m bak an fè travay sa,I’m not going to do that work.,"
 Translate the following Haitian Creole expression into natural English.
 Only provide the English translation.

Haitian Creole text:
m bak an fè travay sa

English:

",I’m not going to do that work.
papa ap manje,Dad is eating,"
 Translate the following Haitian Creole expression into natural English.
 Only provide the English translation.

Haitian Creole text:
papa ap manje

English:

",Dad is eating
"Paske li pa te kapab fè pitit, li te vini Ayiti pou adopte yon ti fi.","Because she could not have children, she came to Haiti to adopt a daughter:","
 Translate the following Haitian Creole expression into natural English.
 Only provide the English translation.

Haitian Creole text:
Paske li pa te kapab fè pitit, li te vini Ayiti pou adopte yon ti fi.

English:

","Because she couldn’t have children, she came to Haiti to adopt a little girl."
mwen m sout gen clothes,I still have clothes,"
 Translate the following Haitian Creole expression into natural English.
 Only provide the English translation.

Haitian Creole text:
mwen m sout gen clothes

English:

",I still have clothes.
men men genyen,but there is indeed,"
 Translate the following Haitian Creole expression into natural English.
 Only provide the English translation.

Haitian Creole text:
men men genyen

English:

",here there are some
Li te fè yon kout kòm premye mayor nan lameri.,which one day become the mayor of « Hinche » used to do to entertaine himself.,"
 Translate the following Haitian Creole expression into natural English.
 Only provide the English translation.

Haitian Creole text:
Li te fè yon kout kòm premye mayor nan lameri.

English:

",He served a short term as the first mayor of the city hall.
ee do that.,do that.,"
 Translate the following Haitian Creole expression into natural English.
 Only provide the English translation.

Haitian Creole text:
ee do that.

English:

",I do that.
"jeneralman konpoze de griot (fried pork),","usually composed of fried pork,","
 Translate the following Haitian Creole expression into natural English.
 Only provide the English translation.

Haitian Creole text:
jeneralman konpoze de griot (fried pork),

English:

",generally made up of griot (fried pork)
"non, pa ba l cover.","No, don’t cover it.","
 Translate the following Haitian Creole expression into natural English.
 Only provide the English translation.

Haitian Creole text:
non, pa ba l cover.

English:

","No, don’t give him cover."
"lòd, disiplin, òganize help, mete solidarite ant moun yo.","order, discipline, organization of aid, solidarity between all the refugees.","
 Translate the following Haitian Creole expression into natural English.
 Only provide the English translation.

Haitian Creole text:
lòd, disiplin, òganize help, mete solidarite ant moun yo.

English:

","order, discipline, organize help, and foster solidarity among people."
ekou w di,as you say,"
 Translate the following Haitian Creole expression into natural English.
 Only provide the English translation.

Haitian Creole text:
ekou w di

English:

",as you say
moun La moutou moun Jeval,"people from La Moutou, people from Jeval","
 Translate the following Haitian Creole expression into natural English.
 Only provide the English translation.

Haitian Creole text:
moun La moutou moun Jeval

English:

","people from La Moutou, people from Jeval"
"Non, l ap plede moun do batay, rile, wab di l sisponn, ou pa wè wè a la, sa ti moun nan genyen.","No, he keeps making people fight, shouting, saying he’s responsible, you don’t see what’s going on, what’s wrong with that child.","
 Translate the following Haitian Creole expression into natural English.
 Only provide the English translation.

Haitian Creole text:
Non, l ap plede moun do batay, rile, wab di l sisponn, ou pa wè wè a la, sa ti moun nan genyen.

English:

","No, he keeps provoking people to fight, shouting, saying he’ll respond, you don’t see what’s going on, what’s wrong with that child."
m gwo knife,I have a big knife,"
 Translate the following Haitian Creole expression into natural English.
 Only provide the English translation.

Haitian Creole text:
m gwo knife

English:

",I have a big knife
pa gen pwoblèm konsa tou know,"there is no such problem either, you know","
 Translate the following Haitian Creole expression into natural English.
 Only provide the English translation.

Haitian Creole text:
pa gen pwoblèm konsa tou know

English:

","no problem like that either, you know"
"dry,","dried,","
 Translate the following Haitian Creole expression into natural English.
 Only provide the English translation.

Haitian Creole text:
dry,

English:

",dry
li tou je know ba la,he knows it by heart,"
 Translate the following Haitian Creole expression into natural English.
 Only provide the English translation.

Haitian Creole text:
li tou je know ba la

English:

",he knows it by heart
"Soul, ou dwe toujou sonje nou nan youn journey san bout.",You can't travel life's highways without some kind of help.,"
 Translate the following Haitian Creole expression into natural English.
 Only provide the English translation.

Haitian Creole text:
Soul, ou dwe toujou sonje nou nan youn journey san bout.

English:

","Soul, you must always remember that we are on an endless journey."
yo de yo chari,they are both carts,"
 Translate the following Haitian Creole expression into natural English.
 Only provide the English translation.

Haitian Creole text:
yo de yo chari

English:

",they are both stubborn
yo pa de place,they are not displaced,"
 Translate the following Haitian Creole expression into natural English.
 Only provide the English translation.

Haitian Creole text:
yo pa de place

English:

",they don’t have a place
li rekesfòsab nan house la,he is indispensable in the house,"
 Translate the following Haitian Creole expression into natural English.
 Only provide the English translation.

Haitian Creole text:
li rekesfòsab nan house la

English:

",he is indispensable in the house
Wap mwen w fèm give sa,You’re making me give that to you.,"
 Translate the following Haitian Creole expression into natural English.
 Only provide the English translation.

Haitian Creole text:
Wap mwen w fèm give sa

English:

",You’re going to make me give that to you.
paryen lòt nou,other bets of ours,"
 Translate the following Haitian Creole expression into natural English.
 Only provide the English translation.

Haitian Creole text:
paryen lòt nou

English:

",our other bets
m pa t vle w outèlman thing man,"I didn’t want to tell you everything, man.","
 Translate the following Haitian Creole expression into natural English.
 Only provide the English translation.

Haitian Creole text:
m pa t vle w outèlman thing man

English:

","I didn’t want you to be such a thing, man."
se menm ki sa,what is it then,"
 Translate the following Haitian Creole expression into natural English.
 Only provide the English translation.

Haitian Creole text:
se menm ki sa

English:

",what is it then
"wè sa, mwen lift l?","See that, should I pick it up?","
 Translate the following Haitian Creole expression into natural English.
 Only provide the English translation.

Haitian Creole text:
wè sa, mwen lift l?

English:

",Should I lift it?
m konn li achte l man,"I know he bought it, man.","
 Translate the following Haitian Creole expression into natural English.
 Only provide the English translation.

Haitian Creole text:
m konn li achte l man

English:

","I know he bought it, man."
li pa tou lage yo watch yo.,he didn’t let them go; he watched them.,"
 Translate the following Haitian Creole expression into natural English.
 Only provide the English translation.

Haitian Creole text:
li pa tou lage yo watch yo.

English:

",he doesn’t just let them go; he watches them.
ou gade w ap pase nan bay yo en compact dlo ap tonbe sou ou,you look like you’re walking through the bays and a lot of water is falling on you,"
 Translate the following Haitian Creole expression into natural English.
 Only provide the English translation.

Haitian Creole text:
ou gade w ap pase nan bay yo en compact dlo ap tonbe sou ou

English:

",You look like you’re walking through the bay and water is falling on you.
se tou de yes,"it’s both, yes","
 Translate the following Haitian Creole expression into natural English.
 Only provide the English translation.

Haitian Creole text:
se tou de yes

English:

",both are yes
donk lè yon kont di l pale seventeen lang li menm,so when someone says he speaks seventeen languages himself,"
 Translate the following Haitian Creole expression into natural English.
 Only provide the English translation.

Haitian Creole text:
donk lè yon kont di l pale seventeen lang li menm

English:

",so when someone says he speaks seventeen languages himself
ou gen haters.,You have haters.,"
 Translate the following Haitian Creole expression into natural English.
 Only provide the English translation.

Haitian Creole text:
ou gen haters.

English:

",You have haters.
konn gen people la,there are usually people there,"
 Translate the following Haitian Creole expression into natural English.
 Only provide the English translation.

Haitian Creole text:
konn gen people la

English:

",there are usually people there
men pwobwa ki jan nou call l,but the problem is what we call it,"
 Translate the following Haitian Creole expression into natural English.
 Only provide the English translation.

Haitian Creole text:
men pwobwa ki jan nou call l

English:

",but the problem is how do we call it
epi ou ka rive menmè the mountain lan,and you can even reach the mountain,"
 Translate the following Haitian Creole expression into natural English.
 Only provide the English translation.

Haitian Creole text:
epi ou ka rive menmè the mountain lan

English:

",and you can even reach the mountain
ay kòk Spanish an,oh Spanish rooster there,"
 Translate the following Haitian Creole expression into natural English.
 Only provide the English translation.

Haitian Creole text:
ay kòk Spanish an

English:

","oh damn, the Spanish rooster"
li pou ke li avèk strong,he must be at fault,"
 Translate the following Haitian Creole expression into natural English.
 Only provide the English translation.

Haitian Creole text:
li pou ke li avèk strong

English:

",he has to be strong
chire time an,rips time to shreds,"
 Translate the following Haitian Creole expression into natural English.
 Only provide the English translation.

Haitian Creole text:
chire time an

English:

",tear up the time
"non, le job an.","No, the work.","
 Translate the following Haitian Creole expression into natural English.
 Only provide the English translation.

Haitian Creole text:
non, le job an.

English:

","No, the job."
kwe ou bwo sè toujou,I believe you are still my sister.,"
 Translate the following Haitian Creole expression into natural English.
 Only provide the English translation.

Haitian Creole text:
kwe ou bwo sè toujou

English:

",I believe you’re still my sister.
"cheve long,","long hair,","
 Translate the following Haitian Creole expression into natural English.
 Only provide the English translation.

Haitian Creole text:
cheve long,

English:

",long hair
nan ba l good,to give him good things,"
 Translate the following Haitian Creole expression into natural English.
 Only provide the English translation.

Haitian Creole text:
nan ba l good

English:

",to give him a good time
jouk li ateri tou limen nan zile consciousness lèzòm,until she lands all lit up on the island of men's conscience,"
 Translate the following Haitian Creole expression into natural English.
 Only provide the English translation.

Haitian Creole text:
jouk li ateri tou limen nan zile consciousness lèzòm

English:

","until it landed, fully lit, on the island of human consciousness"
Li òganize yo pou yo revolt.,She encouraged them to revolt.,"
 Translate the following Haitian Creole expression into natural English.
 Only provide the English translation.

Haitian Creole text:
Li òganize yo pou yo revolt.

English:

",He organized them to revolt.
e yon deja moun konn mache ou pa konn kijan yo konn di yo si moun na ap mache,"and it’s already something people know how to do, you don’t know how they say it if people are walking","
 Translate the following Haitian Creole expression into natural English.
 Only provide the English translation.

Haitian Creole text:
e yon deja moun konn mache ou pa konn kijan yo konn di yo si moun na ap mache

English:

","and there are already people walking, you don’t know how they say it if the people are walking"
l ap carry,he is carrying it,"
 Translate the following Haitian Creole expression into natural English.
 Only provide the English translation.

Haitian Creole text:
l ap carry

English:

",he’s carrying it
Fasil pou ou a,Easy for you,"
 Translate the following Haitian Creole expression into natural English.
 Only provide the English translation.

Haitian Creole text:
Fasil pou ou a

English:

",Easy for you
ou lave kay avèk him,you wash the house with it,"
 Translate the following Haitian Creole expression into natural English.
 Only provide the English translation.

Haitian Creole text:
ou lave kay avèk him

English:

",you washed the house with him
ou gade them,you look at them,"
 Translate the following Haitian Creole expression into natural English.
 Only provide the English translation.

Haitian Creole text:
ou gade them

English:

",you look at them
pran yon hand,lend a hand,"
 Translate the following Haitian Creole expression into natural English.
 Only provide the English translation.

Haitian Creole text:
pran yon hand

English:

",take a hand
mwen mwen mwen mwen,I I I I,"
 Translate the following Haitian Creole expression into natural English.
 Only provide the English translation.

Haitian Creole text:
mwen mwen mwen mwen

English:

",I I I I
li tou vèt li gen ti red nan kò li,It is very green; it has a little red in its body.,"
 Translate the following Haitian Creole expression into natural English.
 Only provide the English translation.

Haitian Creole text:
li tou vèt li gen ti red nan kò li

English:

","It’s completely green, with a little red on its body."
toujou se menm menm bay la tou yo menm reaction,"it’s always the same thing, they give the same reaction too","
 Translate the following Haitian Creole expression into natural English.
 Only provide the English translation.

Haitian Creole text:
toujou se menm menm bay la tou yo menm reaction

English:

",They always give the same reaction too.
mal la gen tout fal li nwa ak kèk ti mak nwa soutan.,The bad one has all its feathers black and a few small black spots underneath.,"
 Translate the following Haitian Creole expression into natural English.
 Only provide the English translation.

Haitian Creole text:
mal la gen tout fal li nwa ak kèk ti mak nwa soutan.

English:

",the bad one has all its wings black with some small black marks underneath.
m pa vin manje lakay li,I didn’t come to eat at his house.,"
 Translate the following Haitian Creole expression into natural English.
 Only provide the English translation.

Haitian Creole text:
m pa vin manje lakay li

English:

",I didn’t come to eat at his house.
li ga w speak,he saw you speaking,"
 Translate the following Haitian Creole expression into natural English.
 Only provide the English translation.

Haitian Creole text:
li ga w speak

English:

",he can speak
Lè l vini pou l eat,When he comes to eat,"
 Translate the following Haitian Creole expression into natural English.
 Only provide the English translation.

Haitian Creole text:
Lè l vini pou l eat

English:

",When it comes time for him to eat
pou see l,to see it,"
 Translate the following Haitian Creole expression into natural English.
 Only provide the English translation.

Haitian Creole text:
pou see l

English:

",to see it
n ap pouse toujou a see wè,we keep pushing until we see it,"
 Translate the following Haitian Creole expression into natural English.
 Only provide the English translation.

Haitian Creole text:
n ap pouse toujou a see wè

English:

",we keep pushing forward to see what happens
toumou mwen toumou,"my love, my love","
 Translate the following Haitian Creole expression into natural English.
 Only provide the English translation.

Haitian Creole text:
toumou mwen toumou

English:

","my darling, my darling"
Depoze yo la tou fresh.,Leave them there,"
 Translate the following Haitian Creole expression into natural English.
 Only provide the English translation.

Haitian Creole text:
Depoze yo la tou fresh.

English:

","Drop them there too, nice and fresh."
men sa galt a,here is the guy,"
 Translate the following Haitian Creole expression into natural English.
 Only provide the English translation.

Haitian Creole text:
men sa galt a

English:

","here it is, the guy"
apri sa again,after that again,"
 Translate the following Haitian Creole expression into natural English.
 Only provide the English translation.

Haitian Creole text:
apri sa again

English:

",after that again
"Si ou pran yon sèl ladanl, gen yon call sa?","If you take one of them, is there a name for that?","
 Translate the following Haitian Creole expression into natural English.
 Only provide the English translation.

Haitian Creole text:
Si ou pran yon sèl ladanl, gen yon call sa?

English:

","If you take one of them, is there a call for that?"
an fè l lose,to make him lose it,"
 Translate the following Haitian Creole expression into natural English.
 Only provide the English translation.

Haitian Creole text:
an fè l lose

English:

",let him lose
Rele yo sin.,Call them sins.,"
 Translate the following Haitian Creole expression into natural English.
 Only provide the English translation.

Haitian Creole text:
Rele yo sin.

English:

",Call them saints.
y ap chiche,they are chewing,"
 Translate the following Haitian Creole expression into natural English.
 Only provide the English translation.

Haitian Creole text:
y ap chiche

English:

",they’re teasing each other
w w pral say l nan?,Are you going to tell him?,"
 Translate the following Haitian Creole expression into natural English.
 Only provide the English translation.

Haitian Creole text:
w w pral say l nan?

English:

",What are you going to say to him?
"Anvenme, appreciate li.","Anyway, appreciate it.","
 Translate the following Haitian Creole expression into natural English.
 Only provide the English translation.

Haitian Creole text:
Anvenme, appreciate li.

English:

","Anyway, appreciate it."
m ba know moun,I don’t know people,"
 Translate the following Haitian Creole expression into natural English.
 Only provide the English translation.

Haitian Creole text:
m ba know moun

English:

",I don’t know the person.
li pa fin rive kote pou l arrive a,he hasn’t quite reached where he was supposed to reach,"
 Translate the following Haitian Creole expression into natural English.
 Only provide the English translation.

Haitian Creole text:
li pa fin rive kote pou l arrive a

English:

",he hasn’t quite gotten to where he needs to be
yo enfwè fidèl la ap pale nan zòrèy the priest a,the faithful one is whispering in the priest’s ear,"
 Translate the following Haitian Creole expression into natural English.
 Only provide the English translation.

Haitian Creole text:
yo enfwè fidèl la ap pale nan zòrèy the priest a

English:

",they whispered that the faithful one was speaking in the priest’s ear
Djan yo konn di san ankan nou,People often say we’re blood relatives.,"
 Translate the following Haitian Creole expression into natural English.
 Only provide the English translation.

Haitian Creole text:
Djan yo konn di san ankan nou

English:

",People say we’re blood relatives.
m ap sòdi too,I’m going out too,"
 Translate the following Haitian Creole expression into natural English.
 Only provide the English translation.

Haitian Creole text:
m ap sòdi too

English:

",I’m going out too.
gen yo rele l mile.,They call him Mile.,"
 Translate the following Haitian Creole expression into natural English.
 Only provide the English translation.

Haitian Creole text:
gen yo rele l mile.

English:

",they call him Mile.
menye E li,but it is him,"
 Translate the following Haitian Creole expression into natural English.
 Only provide the English translation.

Haitian Creole text:
menye E li

English:

",but there he is
m mete l,I put it on.,"
 Translate the following Haitian Creole expression into natural English.
 Only provide the English translation.

Haitian Creole text:
m mete l

English:

",I put it on.
nou te di pa egzanp la wrong moun ap fè l mal,we said for example there where someone is hurting him,"
 Translate the following Haitian Creole expression into natural English.
 Only provide the English translation.

Haitian Creole text:
nou te di pa egzanp la wrong moun ap fè l mal

English:

","for example, we said the wrong person is being hurt by it"
"Nan nou konnen oute la, ou konn tout sa t pase lè a la a a.",We know you were there; you know everything that happened there at that time.,"
 Translate the following Haitian Creole expression into natural English.
 Only provide the English translation.

Haitian Creole text:
Nan nou konnen oute la, ou konn tout sa t pase lè a la a a.

English:

",We know you were there; you know everything that happened there.
ou gen de travay pou fè,you have two tasks to do,"
 Translate the following Haitian Creole expression into natural English.
 Only provide the English translation.

Haitian Creole text:
ou gen de travay pou fè

English:

",you have two tasks to do
li te pati then an,he left that year,"
 Translate the following Haitian Creole expression into natural English.
 Only provide the English translation.

Haitian Creole text:
li te pati then an

English:

",he left then
li yo pran lòt branch lan,they took the other branch,"
 Translate the following Haitian Creole expression into natural English.
 Only provide the English translation.

Haitian Creole text:
li yo pran lòt branch lan

English:

",they took the other branch
se li ke rete makou a yes,"it’s him who stayed at the house, yes","
 Translate the following Haitian Creole expression into natural English.
 Only provide the English translation.

Haitian Creole text:
se li ke rete makou a yes

English:

","It’s him who stays at the house, yes."
fò konnen yo konn tande yo pale de sa issue,"you should know they often hear people talk about that, my dear","
 Translate the following Haitian Creole expression into natural English.
 Only provide the English translation.

Haitian Creole text:
fò konnen yo konn tande yo pale de sa issue

English:

",you have to know they’ve heard people talk about that issue
api bèk li yon tijan pi thick,but its beak is a little thicker,"
 Translate the following Haitian Creole expression into natural English.
 Only provide the English translation.

Haitian Creole text:
api bèk li yon tijan pi thick

English:

",maybe a little thicker at the back
bon e then,well and then,"
 Translate the following Haitian Creole expression into natural English.
 Only provide the English translation.

Haitian Creole text:
bon e then

English:

",well then
nou agini them,we are against them,"
 Translate the following Haitian Creole expression into natural English.
 Only provide the English translation.

Haitian Creole text:
nou agini them

English:

",we’re done with them
"yo wè rad sou ou, men yo pa t konnou ta pral sòti.","They saw the clothes on you, but they didn’t know you were going to go out.","
 Translate the following Haitian Creole expression into natural English.
 Only provide the English translation.

Haitian Creole text:
yo wè rad sou ou, men yo pa t konnou ta pral sòti.

English:

","They saw the clothes on you, but they didn’t know you were about to leave."
yo di tax,they say gabèl,"
 Translate the following Haitian Creole expression into natural English.
 Only provide the English translation.

Haitian Creole text:
yo di tax

English:

",they say tax
"Kote y’ap plimen kòdenn, poul pa laugh.","Where they pluck turkeys, chickens do not laugh.","
 Translate the following Haitian Creole expression into natural English.
 Only provide the English translation.

Haitian Creole text:
Kote y’ap plimen kòdenn, poul pa laugh.

English:

","Where they’re plucking a quail, a chicken doesn’t laugh."
on mayi moulen ki cooked.,a cooked cornmeal mush,"
 Translate the following Haitian Creole expression into natural English.
 Only provide the English translation.

Haitian Creole text:
on mayi moulen ki cooked.

English:

",a cooked cornmeal mush
moun nan gen,the person has,"
 Translate the following Haitian Creole expression into natural English.
 Only provide the English translation.

Haitian Creole text:
moun nan gen

English:

",the person has
men w ap di l go Non,"but you’re telling him to go, no","
 Translate the following Haitian Creole expression into natural English.
 Only provide the English translation.

Haitian Creole text:
men w ap di l go Non

English:

","but you’re telling him no, right"
Banann,plantain,"
 Translate the following Haitian Creole expression into natural English.
 Only provide the English translation.

Haitian Creole text:
Banann

English:

",Banana
ou bon ti money,you have a little money,"
 Translate the following Haitian Creole expression into natural English.
 Only provide the English translation.

Haitian Creole text:
ou bon ti money

English:

",you got some money
mwen kote ou fè sògade wè yo vann kò la,where did you see them selling the body?,"
 Translate the following Haitian Creole expression into natural English.
 Only provide the English translation.

Haitian Creole text:
mwen kote ou fè sògade wè yo vann kò la

English:

",I was there where you saw them selling the body.
nou y ap give li,we are giving it to him,"
 Translate the following Haitian Creole expression into natural English.
 Only provide the English translation.

Haitian Creole text:
nou y ap give li

English:

",we are giving it to him
se yon dollar?,Is it a gourde?,"
 Translate the following Haitian Creole expression into natural English.
 Only provide the English translation.

Haitian Creole text:
se yon dollar?

English:

",Is it a dollar?
Fòk ou pèdi time pou ou gen tan.,You need to lose time in order to have time.,"
 Translate the following Haitian Creole expression into natural English.
 Only provide the English translation.

Haitian Creole text:
Fòk ou pèdi time pou ou gen tan.

English:

",You have to lose time to have time.
men kòm si se resefò li resefò lakay,"but as if it’s his own home, his own home","
 Translate the following Haitian Creole expression into natural English.
 Only provide the English translation.

Haitian Creole text:
men kòm si se resefò li resefò lakay

English:

","but as if it’s his own home, his own place"
nan Koutou w ap debouche dlo ou ak kote gwo dlo w ap pase a,in Koutou you will unclog your water and where the big water will pass,"
 Translate the following Haitian Creole expression into natural English.
 Only provide the English translation.

Haitian Creole text:
nan Koutou w ap debouche dlo ou ak kote gwo dlo w ap pase a

English:

","in Koutou, you’ll clear your waterway and the place where your big water passes"
ti piye zwan men bondye va blessin,"little by little, but God will bless","
 Translate the following Haitian Creole expression into natural English.
 Only provide the English translation.

Haitian Creole text:
ti piye zwan men bondye va blessin

English:

","little by little, but God will bless you"
yon je akon ni ankò?,one eye still?,"
 Translate the following Haitian Creole expression into natural English.
 Only provide the English translation.

Haitian Creole text:
yon je akon ni ankò?

English:

",one eye and still?
m mete clothes lan,I put on the clothes.,"
 Translate the following Haitian Creole expression into natural English.
 Only provide the English translation.

Haitian Creole text:
m mete clothes lan

English:

",I put on the clothes.
vire n ap turn vire,we keep turning around,"
 Translate the following Haitian Creole expression into natural English.
 Only provide the English translation.

Haitian Creole text:
vire n ap turn vire

English:

","turn around, we’re turning around, turn around"
lale l pran manman li a,He went to take his mother.,"
 Translate the following Haitian Creole expression into natural English.
 Only provide the English translation.

Haitian Creole text:
lale l pran manman li a

English:

",he went to take his mother
nan tèt moun yo ki konn sa l yo ki an yo rele that,"in people’s heads, what they know, what is in them, that’s what they call it","
 Translate the following Haitian Creole expression into natural English.
 Only provide the English translation.

Haitian Creole text:
nan tèt moun yo ki konn sa l yo ki an yo rele that

English:

",in the minds of people who know what they call that
Se grès kochon an ki kwit kochon an.,It is the pork’s grease that cooks the pork.,"
 Translate the following Haitian Creole expression into natural English.
 Only provide the English translation.

Haitian Creole text:
Se grès kochon an ki kwit kochon an.

English:

",The pig is cooked in its own fat.
"Gende fwa pa esan pou fè yon rèv, mwen wò for t ap dòmi.",Sometimes it’s not necessary to dream; I was asleep.,"
 Translate the following Haitian Creole expression into natural English.
 Only provide the English translation.

Haitian Creole text:
Gende fwa pa esan pou fè yon rèv, mwen wò for t ap dòmi.

English:

",Sometimes it’s not necessary to dream; I was sleeping too deeply.
mente l bro,"lie to him, brother","
 Translate the following Haitian Creole expression into natural English.
 Only provide the English translation.

Haitian Creole text:
mente l bro

English:

","tell him, bro"
ki jan yo konn li l call,what do they call him?,"
 Translate the following Haitian Creole expression into natural English.
 Only provide the English translation.

Haitian Creole text:
ki jan yo konn li l call

English:

",how do they usually call it
Twal gwo weave.,Three large woven cloths.,"
 Translate the following Haitian Creole expression into natural English.
 Only provide the English translation.

Haitian Creole text:
Twal gwo weave.

English:

",Big weave fabric.
sòni se coming,Soni is coming,"
 Translate the following Haitian Creole expression into natural English.
 Only provide the English translation.

Haitian Creole text:
sòni se coming

English:

",the sound is coming
men yo di,but they say,"
 Translate the following Haitian Creole expression into natural English.
 Only provide the English translation.

Haitian Creole text:
men yo di

English:

",but they say
Li tanbe atè,He fell to the ground,"
 Translate the following Haitian Creole expression into natural English.
 Only provide the English translation.

Haitian Creole text:
Li tanbe atè

English:

",He fell to the ground.
yo pèp lèzen gra a,the fat lazy people,"
 Translate the following Haitian Creole expression into natural English.
 Only provide the English translation.

Haitian Creole text:
yo pèp lèzen gra a

English:

",the fat lazy people
sa rele lavarich lagou mandis li manje too much.,"that’s called the rich man’s gluttony, he eats too much.","
 Translate the following Haitian Creole expression into natural English.
 Only provide the English translation.

Haitian Creole text:
sa rele lavarich lagou mandis li manje too much.

English:

","that’s called the rich man’s disease, he eats too much."
Pitimi ak Pwa Kongo - Altènatif ki an sante ak bon gou nan rice,Pitimi ak Pwa Kongo The healthy and tasty alternative to rice,"
 Translate the following Haitian Creole expression into natural English.
 Only provide the English translation.

Haitian Creole text:
Pitimi ak Pwa Kongo - Altènatif ki an sante ak bon gou nan rice

English:

",Millet and pigeon peas - a healthy and tasty alternative to rice
E vivante vagip boss out!,And long live Vagip Bòsout!,"
 Translate the following Haitian Creole expression into natural English.
 Only provide the English translation.

Haitian Creole text:
E vivante vagip boss out!

English:

",And long live Vagip Boss out!
men sa ki jan an ki jan an call sa li men?,"but what is the name of it, what is it called?","
 Translate the following Haitian Creole expression into natural English.
 Only provide the English translation.

Haitian Creole text:
men sa ki jan an ki jan an call sa li men?

English:

",what is it called?
Pawòl li clear,His voice is locked up,"
 Translate the following Haitian Creole expression into natural English.
 Only provide the English translation.

Haitian Creole text:
Pawòl li clear

English:

",His words are clear.
mant,Peppermint,"
 Translate the following Haitian Creole expression into natural English.
 Only provide the English translation.

Haitian Creole text:
mant

English:

",mint
"E, bon, e gwo twal koton, ki anye call l?","And, well, and the big cotton cloth, what do you call it?","
 Translate the following Haitian Creole expression into natural English.
 Only provide the English translation.

Haitian Creole text:
E, bon, e gwo twal koton, ki anye call l?

English:

","And, well, and the big cotton cloth, what do you call it?"
"Nou dwe abiye rèv nou, Van lespwa se canvas",Let's dress our dreams with festoons and gems The winds of hope are on a quest,"
 Translate the following Haitian Creole expression into natural English.
 Only provide the English translation.

Haitian Creole text:
Nou dwe abiye rèv nou, Van lespwa se canvas

English:

",We must dress our dreams; the wind of hope is the canvas.
sòdi ti kids,little child outside,"
 Translate the following Haitian Creole expression into natural English.
 Only provide the English translation.

Haitian Creole text:
sòdi ti kids

English:

",little kids are going out
pa gen lòd jan an port ou di,there is no order as you say,"
 Translate the following Haitian Creole expression into natural English.
 Only provide the English translation.

Haitian Creole text:
pa gen lòd jan an port ou di

English:

","there’s no order in the way you’re carrying it, as you say"
lè l grand say,when he grows up,"
 Translate the following Haitian Creole expression into natural English.
 Only provide the English translation.

Haitian Creole text:
lè l grand say

English:

",when he grows up
ou wouze li,you water it,"
 Translate the following Haitian Creole expression into natural English.
 Only provide the English translation.

Haitian Creole text:
ou wouze li

English:

",you water it
li ba gratè l men se pa fè sèl mwen yo konn call l la,he gave him a scratch but that’s not the only thing they call him for,"
 Translate the following Haitian Creole expression into natural English.
 Only provide the English translation.

Haitian Creole text:
li ba gratè l men se pa fè sèl mwen yo konn call l la

English:

","He gave him a scratch, but that’s not the only thing they call him for."
men Sevana t fè the bar la,but Sevana made the bar here,"
 Translate the following Haitian Creole expression into natural English.
 Only provide the English translation.

Haitian Creole text:
men Sevana t fè the bar la

English:

",but Sevana did the bar there
"An, gwo kwa koun lòt battle ankò?","Ah, another big cross now, another battle?","
 Translate the following Haitian Creole expression into natural English.
 Only provide the English translation.

Haitian Creole text:
An, gwo kwa koun lòt battle ankò?

English:

","Ah, so another big fight now?"
ki annwile yo,that annul them,"
 Translate the following Haitian Creole expression into natural English.
 Only provide the English translation.

Haitian Creole text:
ki annwile yo

English:

",to cancel them
"Oke, pa gen problem.","Okay, no problem.","
 Translate the following Haitian Creole expression into natural English.
 Only provide the English translation.

Haitian Creole text:
Oke, pa gen problem.

English:

","Okay, no problem."
kè an rele that moun sa,my heart calls that person,"
 Translate the following Haitian Creole expression into natural English.
 Only provide the English translation.

Haitian Creole text:
kè an rele that moun sa

English:

",my heart is calling that person
lò w fè sò orache plim nan,when you pull out the feather from the rooster,"
 Translate the following Haitian Creole expression into natural English.
 Only provide the English translation.

Haitian Creole text:
lò w fè sò orache plim nan

English:

",when you pull out the feather from the hen
lè yo kill kochon,when they kill the pig,"
 Translate the following Haitian Creole expression into natural English.
 Only provide the English translation.

Haitian Creole text:
lè yo kill kochon

English:

",when they kill the pig
ou pa sa drink li,you can’t drink it,"
 Translate the following Haitian Creole expression into natural English.
 Only provide the English translation.

Haitian Creole text:
ou pa sa drink li

English:

",you can’t drink it
yo rele l pou l vin fè on thing,they called him to come do something,"
 Translate the following Haitian Creole expression into natural English.
 Only provide the English translation.

Haitian Creole text:
yo rele l pou l vin fè on thing

English:

",they called him to come do something
enba enba a,underneath underneath there,"
 Translate the following Haitian Creole expression into natural English.
 Only provide the English translation.

Haitian Creole text:
enba enba a

English:

",underneath
"li pou kochou, li pou kabri, mwen lè pou bèf, ou wa che grass san di wa se che?","It is for the rabbit, it is for the goat, I am for the cow; you go look for grass without saying you are looking?","
 Translate the following Haitian Creole expression into natural English.
 Only provide the English translation.

Haitian Creole text:
li pou kochou, li pou kabri, mwen lè pou bèf, ou wa che grass san di wa se che?

English:

","It’s for the rabbit, it’s for the goat, I’m for the cow; you’re the one who eats grass without saying it’s grass?"
"Mande mwen yon ti kou ankò, then I’ll tell you","Not right now, and honestly, I don’t have an answer for you.","
 Translate the following Haitian Creole expression into natural English.
 Only provide the English translation.

Haitian Creole text:
Mande mwen yon ti kou ankò, then I’ll tell you

English:

","Ask me one more time, then I’ll tell you."
e mete bay ap cup la,and put the cup there,"
 Translate the following Haitian Creole expression into natural English.
 Only provide the English translation.

Haitian Creole text:
e mete bay ap cup la

English:

",and put the cup on it
"Sa yon moun konn wè, anndan moon nan lalin nan?",What can a person see inside the moon?,"
 Translate the following Haitian Creole expression into natural English.
 Only provide the English translation.

Haitian Creole text:
Sa yon moun konn wè, anndan moon nan lalin nan?

English:

",What can a person see inside the moon?
lò w pral kouche,when you are going to lie down,"
 Translate the following Haitian Creole expression into natural English.
 Only provide the English translation.

Haitian Creole text:
lò w pral kouche

English:

",when you’re going to bed
yo konn di yo manje pou fè pou donate san.,they say they eat to give blood.,"
 Translate the following Haitian Creole expression into natural English.
 Only provide the English translation.

Haitian Creole text:
yo konn di yo manje pou fè pou donate san.

English:

",they say they eat to be able to donate blood
epi m te doupi gwo amused,and I was very amused,"
 Translate the following Haitian Creole expression into natural English.
 Only provide the English translation.

Haitian Creole text:
epi m te doupi gwo amused

English:

",and I was very amused
reponnn li di wi se konsa m mete l,"I answered him, yes, that’s how I put it.","
 Translate the following Haitian Creole expression into natural English.
 Only provide the English translation.

Haitian Creole text:
reponnn li di wi se konsa m mete l

English:

","he answered yes, that’s how I put it"
l ap drink,he is drinking,"
 Translate the following Haitian Creole expression into natural English.
 Only provide the English translation.

Haitian Creole text:
l ap drink

English:

",he’s drinking
se barrier li,it’s his barrier,"
 Translate the following Haitian Creole expression into natural English.
 Only provide the English translation.

Haitian Creole text:
se barrier li

English:

",it’s his barrier
yo di boss la,they told the chief,"
 Translate the following Haitian Creole expression into natural English.
 Only provide the English translation.

Haitian Creole text:
yo di boss la

English:

",they said to the boss
sa yo rele sa eee,what they call that eee,"
 Translate the following Haitian Creole expression into natural English.
 Only provide the English translation.

Haitian Creole text:
sa yo rele sa eee

English:

","that’s what they call it, eee"
w ka di menm bagay la,you can say the same thing,"
 Translate the following Haitian Creole expression into natural English.
 Only provide the English translation.

Haitian Creole text:
w ka di menm bagay la

English:

",you can say the same thing
se yon pantalon,it is a pair of pants,"
 Translate the following Haitian Creole expression into natural English.
 Only provide the English translation.

Haitian Creole text:
se yon pantalon

English:

",it's a pair of pants
li te nan bag la,it was in the bag,"
 Translate the following Haitian Creole expression into natural English.
 Only provide the English translation.

Haitian Creole text:
li te nan bag la

English:

",he was in the ring
moun sa yon koun ki in the lane.,That person is now in the ring.,"
 Translate the following Haitian Creole expression into natural English.
 Only provide the English translation.

Haitian Creole text:
moun sa yon koun ki in the lane.

English:

",that person is now in the country
ou pa ka foure tèt ou nan honey la konsa pa sa,"you can’t stick your head into the honey like that, that won’t do","
 Translate the following Haitian Creole expression into natural English.
 Only provide the English translation.

Haitian Creole text:
ou pa ka foure tèt ou nan honey la konsa pa sa

English:

",You can’t just stick your head into the honey like that.
atansyon pa break,attention do not break,"
 Translate the following Haitian Creole expression into natural English.
 Only provide the English translation.

Haitian Creole text:
atansyon pa break

English:

",be careful not to break
se yo four,they are four,"
 Translate the following Haitian Creole expression into natural English.
 Only provide the English translation.

Haitian Creole text:
se yo four

English:

",they are four
kijan yo call l?,What is it called?,"
 Translate the following Haitian Creole expression into natural English.
 Only provide the English translation.

Haitian Creole text:
kijan yo call l?

English:

",What do they call him?
kisa sèlm w ka say li,what can you only tell him,"
 Translate the following Haitian Creole expression into natural English.
 Only provide the English translation.

Haitian Creole text:
kisa sèlm w ka say li

English:

",What can you say to him?
Kèlkeswa rèv yo chwazi Pou sizle bèl galèt love,Whatever the scale of our dream To sculpt beauty into the stone of love,"
 Translate the following Haitian Creole expression into natural English.
 Only provide the English translation.

Haitian Creole text:
Kèlkeswa rèv yo chwazi Pou sizle bèl galèt love

English:

",Whatever dream they choose to carve the beautiful love pancake
ki pa genyen see,who do not see,"
 Translate the following Haitian Creole expression into natural English.
 Only provide the English translation.

Haitian Creole text:
ki pa genyen see

English:

",who doesn’t have see
itout bagay kouken,everything is crooked,"
 Translate the following Haitian Creole expression into natural English.
 Only provide the English translation.

Haitian Creole text:
itout bagay kouken

English:

",everything is crooked
"Kisa tounyè, kisa moun met sou yo?","What do they put on themselves, what do people put on themselves?","
 Translate the following Haitian Creole expression into natural English.
 Only provide the English translation.

Haitian Creole text:
Kisa tounyè, kisa moun met sou yo?

English:

",What do people put on themselves?
li menn w call sa.,you even call that.,"
 Translate the following Haitian Creole expression into natural English.
 Only provide the English translation.

Haitian Creole text:
li menn w call sa.

English:

",he even called it that.
ak gen yo rele sa.,and they call it that.,"
 Translate the following Haitian Creole expression into natural English.
 Only provide the English translation.

Haitian Creole text:
ak gen yo rele sa.

English:

",and they call it that.
li près ke pral enjoy,he is almost going to enjoy,"
 Translate the following Haitian Creole expression into natural English.
 Only provide the English translation.

Haitian Creole text:
li près ke pral enjoy

English:

",he’s almost going to enjoy it
ou pa know yo,you don’t know them,"
 Translate the following Haitian Creole expression into natural English.
 Only provide the English translation.

Haitian Creole text:
ou pa know yo

English:

",you don’t know them
ki rawele sa kout brave,what a brave shot that was,"
 Translate the following Haitian Creole expression into natural English.
 Only provide the English translation.

Haitian Creole text:
ki rawele sa kout brave

English:

",what a brave blow
li pwoteje you.,he protects you.,"
 Translate the following Haitian Creole expression into natural English.
 Only provide the English translation.

Haitian Creole text:
li pwoteje you.

English:

",he protects you.
y ap moun bèl antanm li y ap moun lany there,they are making him look handsome they are making him look nice there,"
 Translate the following Haitian Creole expression into natural English.
 Only provide the English translation.

Haitian Creole text:
y ap moun bèl antanm li y ap moun lany there

English:

",they are making themselves look beautiful there
"Li kòmanse bati nan lane 1503, li fin complete 1508.",The construction of the church started in 1503 and ended in 1508.,"
 Translate the following Haitian Creole expression into natural English.
 Only provide the English translation.

Haitian Creole text:
Li kòmanse bati nan lane 1503, li fin complete 1508.

English:

",It began construction in 1503 and was completed in 1508.
li chante l nan di l va good,he sang it saying it would be good,"
 Translate the following Haitian Creole expression into natural English.
 Only provide the English translation.

Haitian Creole text:
li chante l nan di l va good

English:

",he sings it by saying it will be good
sa l ap do,what he is doing,"
 Translate the following Haitian Creole expression into natural English.
 Only provide the English translation.

Haitian Creole text:
sa l ap do

English:

",what is he doing?
lòy kwit li pa hard,"when it is cooked, it is not hard","
 Translate the following Haitian Creole expression into natural English.
 Only provide the English translation.

Haitian Creole text:
lòy kwit li pa hard

English:

","when it’s cooked, it’s not hard"
lò gen ti pitit ou,when you have a little child,"
 Translate the following Haitian Creole expression into natural English.
 Only provide the English translation.

Haitian Creole text:
lò gen ti pitit ou

English:

",when you have little children
yo di sa ou say,they say what you say,"
 Translate the following Haitian Creole expression into natural English.
 Only provide the English translation.

Haitian Creole text:
yo di sa ou say

English:

",they say what you said
on moun te vin malad wè,someone came to see the sick person,"
 Translate the following Haitian Creole expression into natural English.
 Only provide the English translation.

Haitian Creole text:
on moun te vin malad wè

English:

","someone got sick, you see"
li pran exit.,he left.,"
 Translate the following Haitian Creole expression into natural English.
 Only provide the English translation.

Haitian Creole text:
li pran exit.

English:

",he took the exit
yo bay bouki money la,They gave Bouki the money.,"
 Translate the following Haitian Creole expression into natural English.
 Only provide the English translation.

Haitian Creole text:
yo bay bouki money la

English:

",they gave Bouki the money
se kouchou an kouchou ki skinny,It is the skinny one that is curled up.,"
 Translate the following Haitian Creole expression into natural English.
 Only provide the English translation.

Haitian Creole text:
se kouchou an kouchou ki skinny

English:

","it’s skinny, all skin and bones"
"Wi, Soul","Yes, Soul,","
 Translate the following Haitian Creole expression into natural English.
 Only provide the English translation.

Haitian Creole text:
Wi, Soul

English:

","Yes, Soul"
seyè menmi yo fè yesterday,the same thing they did yesterday,"
 Translate the following Haitian Creole expression into natural English.
 Only provide the English translation.

Haitian Creole text:
seyè menmi yo fè yesterday

English:

",they even did it yesterday
"Ajoute legim yo koupe (kawòt, chou, pòmdetè, pwaro) ak giraumon ki te deja mixed.","Add the chopped vegetables (carrots, cabbage, potatoes, leeks) and the previously blended pumpkin.","
 Translate the following Haitian Creole expression into natural English.
 Only provide the English translation.

Haitian Creole text:
Ajoute legim yo koupe (kawòt, chou, pòmdetè, pwaro) ak giraumon ki te deja mixed.

English:

","Add the chopped vegetables (carrots, cabbage, potatoes, leeks) and the already mixed giraumon."
tankou kouwè sa a there,like this thing here,"
 Translate the following Haitian Creole expression into natural English.
 Only provide the English translation.

Haitian Creole text:
tankou kouwè sa a there

English:

",like this there
on bagay ki sot happened,something that just happened,"
 Translate the following Haitian Creole expression into natural English.
 Only provide the English translation.

Haitian Creole text:
on bagay ki sot happened

English:

",something that just happened
ou pral plant,you will plant,"
 Translate the following Haitian Creole expression into natural English.
 Only provide the English translation.

Haitian Creole text:
ou pral plant

English:

",you are going to plant
ou kan n gen de people,when you have two people,"
 Translate the following Haitian Creole expression into natural English.
 Only provide the English translation.

Haitian Creole text:
ou kan n gen de people

English:

",you can have two people
pa gen lòt nou ankò,there are no others anymore,"
 Translate the following Haitian Creole expression into natural English.
 Only provide the English translation.

Haitian Creole text:
pa gen lòt nou ankò

English:

",there’s no one else left anymore
tankou la m ap voye stones lan,like now I’m throwing the stone,"
 Translate the following Haitian Creole expression into natural English.
 Only provide the English translation.

Haitian Creole text:
tankou la m ap voye stones lan

English:

",like I’m throwing the stones there
ou chita around gaden,you are sitting in the garden,"
 Translate the following Haitian Creole expression into natural English.
 Only provide the English translation.

Haitian Creole text:
ou chita around gaden

English:

",you’re sitting around the garden
si wap mennen timoun,if you are taking children,"
 Translate the following Haitian Creole expression into natural English.
 Only provide the English translation.

Haitian Creole text:
si wap mennen timoun

English:

",if you are taking children
fè l scared,scare him,"
 Translate the following Haitian Creole expression into natural English.
 Only provide the English translation.

Haitian Creole text:
fè l scared

English:

",make him scared
m pa besmen di se vann li pral sell,I’m not saying he’s going to sell it.,"
 Translate the following Haitian Creole expression into natural English.
 Only provide the English translation.

Haitian Creole text:
m pa besmen di se vann li pral sell

English:

","I’m not sure, but I’d say it’s going to sell."
se malediksyon sèlman yo konn di lòt bagay li,it’s only curses they know how to say to him,"
 Translate the following Haitian Creole expression into natural English.
 Only provide the English translation.

Haitian Creole text:
se malediksyon sèlman yo konn di lòt bagay li

English:

",they only say it’s a curse; they say other things about it
Pa gen li.,There isn’t any.,"
 Translate the following Haitian Creole expression into natural English.
 Only provide the English translation.

Haitian Creole text:
Pa gen li.

English:

",There isn’t any.
ka mete Mayi ou mete yon chair de bagay kanen,you can put corn or you can put a couple of cane things,"
 Translate the following Haitian Creole expression into natural English.
 Only provide the English translation.

Haitian Creole text:
ka mete Mayi ou mete yon chair de bagay kanen

English:

",you can put corn or you can put a piece of cane thing
li menm just anmen li.,he himself loves him too,"
 Translate the following Haitian Creole expression into natural English.
 Only provide the English translation.

Haitian Creole text:
li menm just anmen li.

English:

",he himself just loves him.
"Wi, li menm li pa fin rive, li pa fin rive, li pa fin rive ak yon time l?","Yes, he himself hasn’t quite arrived, he hasn’t quite arrived, he hasn’t quite arrived at a time?","
 Translate the following Haitian Creole expression into natural English.
 Only provide the English translation.

Haitian Creole text:
Wi, li menm li pa fin rive, li pa fin rive, li pa fin rive ak yon time l?

English:

","Yes, he himself hasn’t quite arrived, he hasn’t quite arrived, he hasn’t quite arrived with a team?"
men yo pa old.,but they are not old.,"
 Translate the following Haitian Creole expression into natural English.
 Only provide the English translation.

Haitian Creole text:
men yo pa old.

English:

",but they’re not old.
ou kade that,you look at that,"
 Translate the following Haitian Creole expression into natural English.
 Only provide the English translation.

Haitian Creole text:
ou kade that

English:

",you look at that
t alè a,at that time,"
 Translate the following Haitian Creole expression into natural English.
 Only provide the English translation.

Haitian Creole text:
t alè a

English:

",right now
se la yo rele yon madouka,that’s what they call a madouka,"
 Translate the following Haitian Creole expression into natural English.
 Only provide the English translation.

Haitian Creole text:
se la yo rele yon madouka

English:

",that’s what they call a madouka
li vin travay,he came to work,"
 Translate the following Haitian Creole expression into natural English.
 Only provide the English translation.

Haitian Creole text:
li vin travay

English:

",he came to work
ebyen se on zwalzo ki bay anpil traka nan manje rekòt diri ak pitimi habitan,"Well, it is a bird that causes a lot of trouble by eating the rice and millet crops of the inhabitants.","
 Translate the following Haitian Creole expression into natural English.
 Only provide the English translation.

Haitian Creole text:
ebyen se on zwalzo ki bay anpil traka nan manje rekòt diri ak pitimi habitan

English:

","Well, it’s a bird that causes a lot of trouble by eating the villagers’ rice and millet crops."
l ap support l,He is limping.,"
 Translate the following Haitian Creole expression into natural English.
 Only provide the English translation.

Haitian Creole text:
l ap support l

English:

",he’s supporting him
fò ap di wè yo gen nan a lot,You have to say they have a lot.,"
 Translate the following Haitian Creole expression into natural English.
 Only provide the English translation.

Haitian Creole text:
fò ap di wè yo gen nan a lot

English:

",they must be saying they have some of the others
nou te forget pran la.,we forgot to take it.,"
 Translate the following Haitian Creole expression into natural English.
 Only provide the English translation.

Haitian Creole text:
nou te forget pran la.

English:

",We forgot to take it.
nou pa here,we are not there,"
 Translate the following Haitian Creole expression into natural English.
 Only provide the English translation.

Haitian Creole text:
nou pa here

English:

",we’re not here
nan mitan l na,in the middle of it,"
 Translate the following Haitian Creole expression into natural English.
 Only provide the English translation.

Haitian Creole text:
nan mitan l na

English:

",in the middle of it
dekonsay sèlman yo call li,they only call it nonsense,"
 Translate the following Haitian Creole expression into natural English.
 Only provide the English translation.

Haitian Creole text:
dekonsay sèlman yo call li

English:

",they only call him that
Prezidan Orès Zamò se moun Ench,The president Oreste Zamor is a Natif of « Hinche ».,"
 Translate the following Haitian Creole expression into natural English.
 Only provide the English translation.

Haitian Creole text:
Prezidan Orès Zamò se moun Ench

English:

",President Orès Zamò is from Hinche
m ap laugh,I am laughing,"
 Translate the following Haitian Creole expression into natural English.
 Only provide the English translation.

Haitian Creole text:
m ap laugh

English:

",I’m laughing
sa m pa te empty nou,what I didn’t empty for you,"
 Translate the following Haitian Creole expression into natural English.
 Only provide the English translation.

Haitian Creole text:
sa m pa te empty nou

English:

",I didn’t empty you.
kite m chach another chanm m ta ka do li,let me look for another room I could sleep in,"
 Translate the following Haitian Creole expression into natural English.
 Only provide the English translation.

Haitian Creole text:
kite m chach another chanm m ta ka do li

English:

",let me look for another room I could do it in
li poko midi,it is not yet noon,"
 Translate the following Haitian Creole expression into natural English.
 Only provide the English translation.

Haitian Creole text:
li poko midi

English:

",it’s not noon yet
Esak sandèy a yo li ki kalap.,That chair of theirs is wobbly.,"
 Translate the following Haitian Creole expression into natural English.
 Only provide the English translation.

Haitian Creole text:
Esak sandèy a yo li ki kalap.

English:

",What kind of sandals are these that are so worn out?
yo w ap chte tout bay sa te people mwen,you are buying all that was given to my people,"
 Translate the following Haitian Creole expression into natural English.
 Only provide the English translation.

Haitian Creole text:
yo w ap chte tout bay sa te people mwen

English:

",you are buying all that stuff from my people
"Tassot se marin beef ki marin,","Tassot is a marinated beef,","
 Translate the following Haitian Creole expression into natural English.
 Only provide the English translation.

Haitian Creole text:
Tassot se marin beef ki marin,

English:

",Tassot is marinated beef that’s marinated.
on ti moun Kiyiz,a child named Kiyiz,"
 Translate the following Haitian Creole expression into natural English.
 Only provide the English translation.

Haitian Creole text:
on ti moun Kiyiz

English:

",a little kid named Kiyiz
M pa konnen tou konn hear pale de li.,I don’t know; I’ve also heard people talk about him.,"
 Translate the following Haitian Creole expression into natural English.
 Only provide the English translation.

Haitian Creole text:
M pa konnen tou konn hear pale de li.

English:

","I don’t know, I’ve also heard people talk about it."
yo tout moun kouche,they all lie down,"
 Translate the following Haitian Creole expression into natural English.
 Only provide the English translation.

Haitian Creole text:
yo tout moun kouche

English:

",they’re all lying down
these zèd yo,these herbs,"
 Translate the following Haitian Creole expression into natural English.
 Only provide the English translation.

Haitian Creole text:
these zèd yo

English:

",these zeds
yo pranme language Govou,they took Govou’s tongue,"
 Translate the following Haitian Creole expression into natural English.
 Only provide the English translation.

Haitian Creole text:
yo pranme language Govou

English:

",They took my Govou language.
Nan moun moun moun see l.,"Among the people, people see him.","
 Translate the following Haitian Creole expression into natural English.
 Only provide the English translation.

Haitian Creole text:
Nan moun moun moun see l.

English:

","Among people, people see him."
ou gwon moun pa example pou di l pou l vin fè yon bay pou ou,you are not the kind of person to tell him to come do a favor for you,"
 Translate the following Haitian Creole expression into natural English.
 Only provide the English translation.

Haitian Creole text:
ou gwon moun pa example pou di l pou l vin fè yon bay pou ou

English:

",You’re too old to be an example for him to come do a favor for you.
yo rele l ti bono.,they call him little bono.,"
 Translate the following Haitian Creole expression into natural English.
 Only provide the English translation.

Haitian Creole text:
yo rele l ti bono.

English:

",They call him Little Bono.
Genen l gen left,He has some left.,"
 Translate the following Haitian Creole expression into natural English.
 Only provide the English translation.

Haitian Creole text:
Genen l gen left

English:

",He has a left one.
on pansyon kanpe bò here,a pension stands here,"
 Translate the following Haitian Creole expression into natural English.
 Only provide the English translation.

Haitian Creole text:
on pansyon kanpe bò here

English:

",a standing pension by here
itabè bèf li kouche,the cow lies down,"
 Translate the following Haitian Creole expression into natural English.
 Only provide the English translation.

Haitian Creole text:
itabè bèf li kouche

English:

",the cow lies down
m pa vle moun asen domengan l achte bay pou vin sell.,I don't want people to buy it for him to come sell it to me.,"
 Translate the following Haitian Creole expression into natural English.
 Only provide the English translation.

Haitian Creole text:
m pa vle moun asen domengan l achte bay pou vin sell.

English:

",I don’t want people to buy it and then resell it.
e nan night,and at night,"
 Translate the following Haitian Creole expression into natural English.
 Only provide the English translation.

Haitian Creole text:
e nan night

English:

",and at night
E kòm si li toujou bò dè see li,And as if he is still by his side to see him,"
 Translate the following Haitian Creole expression into natural English.
 Only provide the English translation.

Haitian Creole text:
E kòm si li toujou bò dè see li

English:

",And as if he were still by her side.
ty anen tomorrow,see you tomorrow,"
 Translate the following Haitian Creole expression into natural English.
 Only provide the English translation.

Haitian Creole text:
ty anen tomorrow

English:

",see you tomorrow
ki chan yo call sa?,What do they call that field?,"
 Translate the following Haitian Creole expression into natural English.
 Only provide the English translation.

Haitian Creole text:
ki chan yo call sa?

English:

",What do they call that field?
Se manke kwit li gagati,It’s almost cooked; it’s still a bit raw.,"
 Translate the following Haitian Creole expression into natural English.
 Only provide the English translation.

Haitian Creole text:
Se manke kwit li gagati

English:

","It’s almost cooked, but it’s still underdone."
ou menm pa kab fè this travay sa a,You yourself cannot do this work.,"
 Translate the following Haitian Creole expression into natural English.
 Only provide the English translation.

Haitian Creole text:
ou menm pa kab fè this travay sa a

English:

",you yourself can’t do this job
menn plè wè and sa,please see this too,"
 Translate the following Haitian Creole expression into natural English.
 Only provide the English translation.

Haitian Creole text:
menn plè wè and sa

English:

",I don’t see anything there.
ou pa ka di order ankò,You can’t give orders anymore.,"
 Translate the following Haitian Creole expression into natural English.
 Only provide the English translation.

Haitian Creole text:
ou pa ka di order ankò

English:

",You can’t say “order” anymore.
se yon lagoon,it is a lagoon,"
 Translate the following Haitian Creole expression into natural English.
 Only provide the English translation.

Haitian Creole text:
se yon lagoon

English:

",it’s a lagoon
m ka wè garden,I can see the garden,"
 Translate the following Haitian Creole expression into natural English.
 Only provide the English translation.

Haitian Creole text:
m ka wè garden

English:

",I can see the garden.
se konsa sèl mann rele sèl.,so that only the salt is called salt.,"
 Translate the following Haitian Creole expression into natural English.
 Only provide the English translation.

Haitian Creole text:
se konsa sèl mann rele sèl.

English:

",That’s why salt is called salt.
li di tounen,he said to come back,"
 Translate the following Haitian Creole expression into natural English.
 Only provide the English translation.

Haitian Creole text:
li di tounen

English:

",he said to come back
li pa ka fight,he can't fight,"
 Translate the following Haitian Creole expression into natural English.
 Only provide the English translation.

Haitian Creole text:
li pa ka fight

English:

",he can’t fight
li santi gwo beast,he feels like a big animal,"
 Translate the following Haitian Creole expression into natural English.
 Only provide the English translation.

Haitian Creole text:
li santi gwo beast

English:

",he feels like a big beast
se konsa we’ll regle li,that's how it was settled,"
 Translate the following Haitian Creole expression into natural English.
 Only provide the English translation.

Haitian Creole text:
se konsa we’ll regle li

English:

",that’s how we’ll handle it
Pawòl vanyan ou fè nich dedwane etensèl sou rekòt nou,"Your words of courage make a nest, clear sparks through Customs for our harvest","
 Translate the following Haitian Creole expression into natural English.
 Only provide the English translation.

Haitian Creole text:
Pawòl vanyan ou fè nich dedwane etensèl sou rekòt nou

English:

",Your powerful words have sparked a fire in our harvest.
m pa kòm ap tired,I’m not really limping.,"
 Translate the following Haitian Creole expression into natural English.
 Only provide the English translation.

Haitian Creole text:
m pa kòm ap tired

English:

",I’m not that tired.
n ap fè yo there,we are making them there,"
 Translate the following Haitian Creole expression into natural English.
 Only provide the English translation.

Haitian Creole text:
n ap fè yo there

English:

",we’ll put them there
yo mete gwo motorbike a yo sou l.,they put their big motorcycle on him,"
 Translate the following Haitian Creole expression into natural English.
 Only provide the English translation.

Haitian Creole text:
yo mete gwo motorbike a yo sou l.

English:

",They put their big motorbike on it.
li ti aswit,he was immediately,"
 Translate the following Haitian Creole expression into natural English.
 Only provide the English translation.

Haitian Creole text:
li ti aswit

English:

",he was right away
Malis menm gen tan passed,Malis has already passed too,"
 Translate the following Haitian Creole expression into natural English.
 Only provide the English translation.

Haitian Creole text:
Malis menm gen tan passed

English:

",Even Malice has already passed.
nou menm nan ap continue la,we ourselves will continue to be there,"
 Translate the following Haitian Creole expression into natural English.
 Only provide the English translation.

Haitian Creole text:
nou menm nan ap continue la

English:

",we’re going to keep going there
e koulè pa pi that la,and the color is not the same there,"
 Translate the following Haitian Creole expression into natural English.
 Only provide the English translation.

Haitian Creole text:
e koulè pa pi that la

English:

",and the color isn’t that bad
yo di cheve grann,they say grandma's hair,"
 Translate the following Haitian Creole expression into natural English.
 Only provide the English translation.

Haitian Creole text:
yo di cheve grann

English:

",they say grandma’s hair
ki jan m ka call efeva sa a?,How can I call this effect?,"
 Translate the following Haitian Creole expression into natural English.
 Only provide the English translation.

Haitian Creole text:
ki jan m ka call efeva sa a?

English:

",How can I call this effect?
nan pi jan yo konn say it ankò,in the way they usually say it again,"
 Translate the following Haitian Creole expression into natural English.
 Only provide the English translation.

Haitian Creole text:
nan pi jan yo konn say it ankò

English:

",in the best way they know how to say it again
li sot yon moun short,he is a short person,"
 Translate the following Haitian Creole expression into natural English.
 Only provide the English translation.

Haitian Creole text:
li sot yon moun short

English:

",he’s a short person
"e sa yo konn fè bwa a konsa a men, ki jan nou call?","and they know how to make the wood like that by hand, what do we call it?","
 Translate the following Haitian Creole expression into natural English.
 Only provide the English translation.

Haitian Creole text:
e sa yo konn fè bwa a konsa a men, ki jan nou call?

English:

",and what do they call it when they make the wood like that?
yo gen lòt way yo konn di lamye,they have other ways they say lamye,"
 Translate the following Haitian Creole expression into natural English.
 Only provide the English translation.

Haitian Creole text:
yo gen lòt way yo konn di lamye

English:

",they have other ways they say it better
li li men just konsa,he reads it like that,"
 Translate the following Haitian Creole expression into natural English.
 Only provide the English translation.

Haitian Creole text:
li li men just konsa

English:

",he read it just like that
wi men ki chante singe,yes but what song is being sung,"
 Translate the following Haitian Creole expression into natural English.
 Only provide the English translation.

Haitian Creole text:
wi men ki chante singe

English:

","yes but what song, monkey"
"Youn ri nan lajwa ak kè kontan tankou lontan, nan epòk mwen te konn sove kite kou trigonometri yo pou nou te rankontre sou the terrace la.",the heady laughter of the terrace.,"
 Translate the following Haitian Creole expression into natural English.
 Only provide the English translation.

Haitian Creole text:
Youn ri nan lajwa ak kè kontan tankou lontan, nan epòk mwen te konn sove kite kou trigonometri yo pou nou te rankontre sou the terrace la.

English:

","One laughs with joy and happiness like in the old days, back when I used to skip trigonometry class so we could meet on the terrace."
nou an person,we are people,"
 Translate the following Haitian Creole expression into natural English.
 Only provide the English translation.

Haitian Creole text:
nou an person

English:

",we are nobody
"Alaverite, lè se nou tout ansanm ki abò, mal kou mizè na struggle.","In truth when we found ourselves all of us in the same boat, good or bad, we survived.","
 Translate the following Haitian Creole expression into natural English.
 Only provide the English translation.

Haitian Creole text:
Alaverite, lè se nou tout ansanm ki abò, mal kou mizè na struggle.

English:

","Honestly, when we’re all together on board, no matter the hardship, we struggle."
dap di pran bracelet,I’m going to take the bracelet.,"
 Translate the following Haitian Creole expression into natural English.
 Only provide the English translation.

Haitian Creole text:
dap di pran bracelet

English:

",keep saying to take the bracelet
men gen an rele sa.,but there is one called that.,"
 Translate the following Haitian Creole expression into natural English.
 Only provide the English translation.

Haitian Creole text:
men gen an rele sa.

English:

",but there’s a name for that.
men mwen pou l al live yon ekibit.,but I’m going to live in an exhibit.,"
 Translate the following Haitian Creole expression into natural English.
 Only provide the English translation.

Haitian Creole text:
men mwen pou l al live yon ekibit.

English:

",but I’m going to live an exhibit.
ya li yo remove bouki,"yes, they removed Bouki","
 Translate the following Haitian Creole expression into natural English.
 Only provide the English translation.

Haitian Creole text:
ya li yo remove bouki

English:

",they removed Bouki
nou jwann ni,we found it,"
 Translate the following Haitian Creole expression into natural English.
 Only provide the English translation.

Haitian Creole text:
nou jwann ni

English:

",we found it
li ka li,he can read,"
 Translate the following Haitian Creole expression into natural English.
 Only provide the English translation.

Haitian Creole text:
li ka li

English:

",he can read
li yon leg,he has one leg,"
 Translate the following Haitian Creole expression into natural English.
 Only provide the English translation.

Haitian Creole text:
li yon leg

English:

",he is a fool
lè pa esan pou fon eat manje,when there is no food to eat,"
 Translate the following Haitian Creole expression into natural English.
 Only provide the English translation.

Haitian Creole text:
lè pa esan pou fon eat manje

English:

",when there isn’t enough food to eat
Mwen jou malè,I am having a bad day,"
 Translate the following Haitian Creole expression into natural English.
 Only provide the English translation.

Haitian Creole text:
Mwen jou malè

English:

",I’m having a bad day.
li pa understand,he does not understand,"
 Translate the following Haitian Creole expression into natural English.
 Only provide the English translation.

Haitian Creole text:
li pa understand

English:

",he doesn’t understand
lè lè solèy la fèk set,when the sun has just set,"
 Translate the following Haitian Creole expression into natural English.
 Only provide the English translation.

Haitian Creole text:
lè lè solèy la fèk set

English:

",when the sun has just set
yon sèl li li drink li,he alone drank it,"
 Translate the following Haitian Creole expression into natural English.
 Only provide the English translation.

Haitian Creole text:
yon sèl li li drink li

English:

",the only thing he does is drink
l ap fè the table la.,He is setting the table.,"
 Translate the following Haitian Creole expression into natural English.
 Only provide the English translation.

Haitian Creole text:
l ap fè the table la.

English:

",He is setting the table.
Nou te chita side by side sou kanape a.,I was at your house sitting next to you on the love seat.,"
 Translate the following Haitian Creole expression into natural English.
 Only provide the English translation.

Haitian Creole text:
Nou te chita side by side sou kanape a.

English:

",We were sitting side by side on the couch.
yo tout ki jan yo call yo,what are they all called,"
 Translate the following Haitian Creole expression into natural English.
 Only provide the English translation.

Haitian Creole text:
yo tout ki jan yo call yo

English:

",what they call them all
pa gen an eee problem,there is no problem,"
 Translate the following Haitian Creole expression into natural English.
 Only provide the English translation.

Haitian Creole text:
pa gen an eee problem

English:

",no problem
"Je, an dyòk.","I’m tired, I’m exhausted.","
 Translate the following Haitian Creole expression into natural English.
 Only provide the English translation.

Haitian Creole text:
Je, an dyòk.

English:

","Yeah, I’m busy."
Gen yon menm menm style,There is one just like it,"
 Translate the following Haitian Creole expression into natural English.
 Only provide the English translation.

Haitian Creole text:
Gen yon menm menm style

English:

",There’s a similar style.
lè l te gen mother l la,when his mother was there,"
 Translate the following Haitian Creole expression into natural English.
 Only provide the English translation.

Haitian Creole text:
lè l te gen mother l la

English:

",when he had his mother there
m pral church,I'm going to church,"
 Translate the following Haitian Creole expression into natural English.
 Only provide the English translation.

Haitian Creole text:
m pral church

English:

",I’m going to church.
Alò sa m mout see moun la,So that’s what I saw there.,"
 Translate the following Haitian Creole expression into natural English.
 Only provide the English translation.

Haitian Creole text:
Alò sa m mout see moun la

English:

",So what I saw was this person.
li ka li them.,he can read them.,"
 Translate the following Haitian Creole expression into natural English.
 Only provide the English translation.

Haitian Creole text:
li ka li them.

English:

",he can read them.
gen lè lè moun nan pa vle yo **discuss** tè l bay li,sometimes when the person doesn’t want them to say the land was given to him,"
 Translate the following Haitian Creole expression into natural English.
 Only provide the English translation.

Haitian Creole text:
gen lè lè moun nan pa vle yo **discuss** tè l bay li

English:

",sometimes the person doesn’t want people to discuss the land they gave him
ki jan yo rele this?,What do they call this?,"
 Translate the following Haitian Creole expression into natural English.
 Only provide the English translation.

Haitian Creole text:
ki jan yo rele this?

English:

",What do they call this?
ou sò dim Chapant se moun ki monte house,you told me that carpenters are the people who build houses,"
 Translate the following Haitian Creole expression into natural English.
 Only provide the English translation.

Haitian Creole text:
ou sò dim Chapant se moun ki monte house

English:

",You told me that Chapant is the person who builds houses.
mwen gen yon bird sa li menm,"I have a bird, that one right there.","
 Translate the following Haitian Creole expression into natural English.
 Only provide the English translation.

Haitian Creole text:
mwen gen yon bird sa li menm

English:

",I have this bird right here.
wa open pòt la,open the door,"
 Translate the following Haitian Creole expression into natural English.
 Only provide the English translation.

Haitian Creole text:
wa open pòt la

English:

",open the door
m pa know nou,I don’t know you.,"
 Translate the following Haitian Creole expression into natural English.
 Only provide the English translation.

Haitian Creole text:
m pa know nou

English:

",I don’t know you.
pou sivi route la,to follow the road,"
 Translate the following Haitian Creole expression into natural English.
 Only provide the English translation.

Haitian Creole text:
pou sivi route la

English:

",to follow the route
kije ankò yo say,what else did they say,"
 Translate the following Haitian Creole expression into natural English.
 Only provide the English translation.

Haitian Creole text:
kije ankò yo say

English:

",what else did they say
epi lò fin manje tèt la ou gen dwa pran w w replante l ankò l ban w lòt,and when you finish eating the head you can take it and replant it again it gives you another,"
 Translate the following Haitian Creole expression into natural English.
 Only provide the English translation.

Haitian Creole text:
epi lò fin manje tèt la ou gen dwa pran w w replante l ankò l ban w lòt

English:

","and when you finish eating the head, you can take it and replant it again and it will give you another one"
"Ebèp kounè yo pitit, ou konn di a ti bèt sa yo pa gwo si, men yo rete ki where?","Well now, children, you know, they say these little animals aren’t very big, but where do they stay?","
 Translate the following Haitian Creole expression into natural English.
 Only provide the English translation.

Haitian Creole text:
Ebèp kounè yo pitit, ou konn di a ti bèt sa yo pa gwo si, men yo rete ki where?

English:

","Well now, child, you know they say these little animals aren’t that big, but where do they stay?"
konn li build,he knows how to build it,"
 Translate the following Haitian Creole expression into natural English.
 Only provide the English translation.

Haitian Creole text:
konn li build

English:

",know how to build
"Bondakò, se yon fi ki te renmen avèk yon young jan.",Bondakò is a girl who was in love with a young man.,"
 Translate the following Haitian Creole expression into natural English.
 Only provide the English translation.

Haitian Creole text:
Bondakò, se yon fi ki te renmen avèk yon young jan.

English:

",Bondakò is a girl who was in love with a young man.
epi United States zini,and the United States,"
 Translate the following Haitian Creole expression into natural English.
 Only provide the English translation.

Haitian Creole text:
epi United States zini

English:

",and the United States of America
Lè li steal,When he stole,"
 Translate the following Haitian Creole expression into natural English.
 Only provide the English translation.

Haitian Creole text:
Lè li steal

English:

",When he steals
li ka vole sou yon flight,it can fly on a,"
 Translate the following Haitian Creole expression into natural English.
 Only provide the English translation.

Haitian Creole text:
li ka vole sou yon flight

English:

",he can take a flight
se vwo w pa know,it’s because you don’t know,"
 Translate the following Haitian Creole expression into natural English.
 Only provide the English translation.

Haitian Creole text:
se vwo w pa know

English:

",you don’t know anything
paske ti moun,because children,"
 Translate the following Haitian Creole expression into natural English.
 Only provide the English translation.

Haitian Creole text:
paske ti moun

English:

",because children
bò ou sa,near you,"
 Translate the following Haitian Creole expression into natural English.
 Only provide the English translation.

Haitian Creole text:
bò ou sa

English:

",near you
bon sa happened,"well, that’s done for sure","
 Translate the following Haitian Creole expression into natural English.
 Only provide the English translation.

Haitian Creole text:
bon sa happened

English:

","well, that happened"
men moun kèy kira sanble an se merchant,but the people who seem to be merchants,"
 Translate the following Haitian Creole expression into natural English.
 Only provide the English translation.

Haitian Creole text:
men moun kèy kira sanble an se merchant

English:

",but the person who looks like this is a merchant
anwa yo yes.,"anyway, yes.","
 Translate the following Haitian Creole expression into natural English.
 Only provide the English translation.

Haitian Creole text:
anwa yo yes.

English:

","anyway, yes."
yo finen raje.,They finished weeding.,"
 Translate the following Haitian Creole expression into natural English.
 Only provide the English translation.

Haitian Creole text:
yo finen raje.

English:

",They finished the weeds.
pa egzant pou tan lontan yo konn ap di se nan tè l kote nan supporti,"for example, in the old days they used to say it is in the soil where it is supported","
 Translate the following Haitian Creole expression into natural English.
 Only provide the English translation.

Haitian Creole text:
pa egzant pou tan lontan yo konn ap di se nan tè l kote nan supporti

English:

",not exempt from the old saying that it’s in the soil where they support it
"Y gen yon tout koum la, gen yon tout, how do you say it?","There’s a whole crowd there, there’s a whole, how do you say it?","
 Translate the following Haitian Creole expression into natural English.
 Only provide the English translation.

Haitian Creole text:
Y gen yon tout koum la, gen yon tout, how do you say it?

English:

","There’s a whole thing there, there’s a whole, how do you say it?"
On ti bagay yo konn take,A little thing they usually take,"
 Translate the following Haitian Creole expression into natural English.
 Only provide the English translation.

Haitian Creole text:
On ti bagay yo konn take

English:

",A little thing they usually take
"konseride ti jwèt, moun yo ap make.",consider the little game people are playing.,"
 Translate the following Haitian Creole expression into natural English.
 Only provide the English translation.

Haitian Creole text:
konseride ti jwèt, moun yo ap make.

English:

","consider the little game, people are marking it"
"Oh, monsef bè, sa a ton k bè convincing!","Oh, my goodness, that’s so confusing!","
 Translate the following Haitian Creole expression into natural English.
 Only provide the English translation.

Haitian Creole text:
Oh, monsef bè, sa a ton k bè convincing!

English:

","Oh, my goodness, that’s really convincing!"
tout kale yo kale li pa vle talk,"They stripped him bare, he doesn’t want to talk.","
 Translate the following Haitian Creole expression into natural English.
 Only provide the English translation.

Haitian Creole text:
tout kale yo kale li pa vle talk

English:

","They’re all talking about him, but he doesn’t want to talk."
premyè girl a,the first girl,"
 Translate the following Haitian Creole expression into natural English.
 Only provide the English translation.

Haitian Creole text:
premyè girl a

English:

",the first girl
Se yon lòt round,It’s another round.,"
 Translate the following Haitian Creole expression into natural English.
 Only provide the English translation.

Haitian Creole text:
Se yon lòt round

English:

",It’s another round.
m pou wè li bay granl pou people manje,I can see it gives big pieces for people to eat,"
 Translate the following Haitian Creole expression into natural English.
 Only provide the English translation.

Haitian Creole text:
m pou wè li bay granl pou people manje

English:

",I’ll see if he gives the big one for people to eat
e pati se chat yo konn give li a,and the part is the one the cats usually give him,"
 Translate the following Haitian Creole expression into natural English.
 Only provide the English translation.

Haitian Creole text:
e pati se chat yo konn give li a

English:

",and the part that the cats usually give it to him
donk ou w ap say,so you are saying,"
 Translate the following Haitian Creole expression into natural English.
 Only provide the English translation.

Haitian Creole text:
donk ou w ap say

English:

",so you’re saying
se poutèt sa nou,that is why we,"
 Translate the following Haitian Creole expression into natural English.
 Only provide the English translation.

Haitian Creole text:
se poutèt sa nou

English:

",that’s why we
alò malgre nou pa genyen approval.,So although we don’t have agwizal.,"
 Translate the following Haitian Creole expression into natural English.
 Only provide the English translation.

Haitian Creole text:
alò malgre nou pa genyen approval.

English:

",So even though we don’t have approval.
se pa that,that's not it,"
 Translate the following Haitian Creole expression into natural English.
 Only provide the English translation.

Haitian Creole text:
se pa that

English:

",it’s not that
"Chante, danse, li te encourage sa.","She loved to sing, she loved to dance, and she encouraged all her subjects to follow her.","
 Translate the following Haitian Creole expression into natural English.
 Only provide the English translation.

Haitian Creole text:
Chante, danse, li te encourage sa.

English:

",He encouraged singing and dancing.
men se ke seramyè avèk taco,but it is with seramyè and tako,"
 Translate the following Haitian Creole expression into natural English.
 Only provide the English translation.

Haitian Creole text:
men se ke seramyè avèk taco

English:

",but it’s like ceramics with tacos
men l ap kouze kò pa moun shaken,but he is talking like a trembling person,"
 Translate the following Haitian Creole expression into natural English.
 Only provide the English translation.

Haitian Creole text:
men l ap kouze kò pa moun shaken

English:

",but he’s talking like a shaken-up person
Si te hypocrite,If you were hypocritical,"
 Translate the following Haitian Creole expression into natural English.
 Only provide the English translation.

Haitian Creole text:
Si te hypocrite

English:

",If you were a hypocrite
li pa mande on bann lajan alò Depansyon Ti Baye Toupiti,he didn’t ask for a lot of money then Depansyon Ti Baye Toupiti,"
 Translate the following Haitian Creole expression into natural English.
 Only provide the English translation.

Haitian Creole text:
li pa mande on bann lajan alò Depansyon Ti Baye Toupiti

English:

","he didn’t ask for a lot of money, so Depansyon Ti Baye Toupiti"
Se te jeneral Herard Abraham ki te bay Ertha Pascal investiture;,General Hérard Abraham gave the investiture to Ertha Pascal;,"
 Translate the following Haitian Creole expression into natural English.
 Only provide the English translation.

Haitian Creole text:
Se te jeneral Herard Abraham ki te bay Ertha Pascal investiture;

English:

",It was General Herard Abraham who swore in Ertha Pascal.
"Ok, dakò, e kounye la sa si l ap format ou ap di?","Okay, all right, and now what if he is training you, what are you saying?","
 Translate the following Haitian Creole expression into natural English.
 Only provide the English translation.

Haitian Creole text:
Ok, dakò, e kounye la sa si l ap format ou ap di?

English:

","Okay, fine, and now what if it’s formatting, what are you saying?"
y ap return li,they are returning it,"
 Translate the following Haitian Creole expression into natural English.
 Only provide the English translation.

Haitian Creole text:
y ap return li

English:

",they are returning it
ou toujou pote chachou an protection,you always wear the hat for protection,"
 Translate the following Haitian Creole expression into natural English.
 Only provide the English translation.

Haitian Creole text:
ou toujou pote chachou an protection

English:

",you always wear the chachou for protection
rivo pi forward an,the stream ahead,"
 Translate the following Haitian Creole expression into natural English.
 Only provide the English translation.

Haitian Creole text:
rivo pi forward an

English:

",the most forward river
ki pawòl sa,what does that mean,"
 Translate the following Haitian Creole expression into natural English.
 Only provide the English translation.

Haitian Creole text:
ki pawòl sa

English:

",What’s that supposed to mean?
"Gon, kankou, ki ann rele sa t sou bucket lan?","So, like, what do we call that on the bucket?","
 Translate the following Haitian Creole expression into natural English.
 Only provide the English translation.

Haitian Creole text:
Gon, kankou, ki ann rele sa t sou bucket lan?

English:

","Like, what do we call that thing on the bucket?"
ou kon non bagay yo rele pent too,you know the thing they call paint too,"
 Translate the following Haitian Creole expression into natural English.
 Only provide the English translation.

Haitian Creole text:
ou kon non bagay yo rele pent too

English:

",you know the thing they call pent too
anon se konsa see wè,"I see, that’s how it is.","
 Translate the following Haitian Creole expression into natural English.
 Only provide the English translation.

Haitian Creole text:
anon se konsa see wè

English:

","so that’s how it is, you see"
si yon bèt gen dwa run,if an animal has the right to run,"
 Translate the following Haitian Creole expression into natural English.
 Only provide the English translation.

Haitian Creole text:
si yon bèt gen dwa run

English:

",if an animal has the right to run
gwo wall seliz,big wall seliz,"
 Translate the following Haitian Creole expression into natural English.
 Only provide the English translation.

Haitian Creole text:
gwo wall seliz

English:

",big wall sills
pa anpil rocks,not many rocks,"
 Translate the following Haitian Creole expression into natural English.
 Only provide the English translation.

Haitian Creole text:
pa anpil rocks

English:

",not many rocks
pou ka di moun an moun an ton ben zò l depi long?,to be able to tell people that a person has been in the water since long ago?,"
 Translate the following Haitian Creole expression into natural English.
 Only provide the English translation.

Haitian Creole text:
pou ka di moun an moun an ton ben zò l depi long?

English:

",how can you tell if someone has had a broken arm for a long time?
sa l ap di yo pa make sense,what he is saying doesn’t make sense,"
 Translate the following Haitian Creole expression into natural English.
 Only provide the English translation.

Haitian Creole text:
sa l ap di yo pa make sense

English:

",what he’s saying doesn’t make sense
pou moun te di me that deja,for people to have already told me that,"
 Translate the following Haitian Creole expression into natural English.
 Only provide the English translation.

Haitian Creole text:
pou moun te di me that deja

English:

",so people would say that already
lè sa tari w pasan an water,when that tari passes in the water,"
 Translate the following Haitian Creole expression into natural English.
 Only provide the English translation.

Haitian Creole text:
lè sa tari w pasan an water

English:

",when that time passes in the water
Ki jan w di again?,How do you say it again?,"
 Translate the following Haitian Creole expression into natural English.
 Only provide the English translation.

Haitian Creole text:
Ki jan w di again?

English:

",How do you say “again”?
epi si kanal mwen an ta be here konsa,and if my channel were here like this,"
 Translate the following Haitian Creole expression into natural English.
 Only provide the English translation.

Haitian Creole text:
epi si kanal mwen an ta be here konsa

English:

",and if my channel were to be here like this
"Se pa nèg ki voye wòch ki te tiye koulèv-la, se nèg ki te wè’l",It is not the man who threw the stone who killed the snake: it is the man who saw it.,"
 Translate the following Haitian Creole expression into natural English.
 Only provide the English translation.

Haitian Creole text:
Se pa nèg ki voye wòch ki te tiye koulèv-la, se nèg ki te wè’l

English:

",It wasn’t the person who threw the stone that killed the snake; it was the person who saw it.
Men sa ki pi enpòtan pou nou konnen sèke Anakawona te renmen anpil anpil artist life.,It must be remembered that Anacaona loved the life of an artist very much.,"
 Translate the following Haitian Creole expression into natural English.
 Only provide the English translation.

Haitian Creole text:
Men sa ki pi enpòtan pou nou konnen sèke Anakawona te renmen anpil anpil artist life.

English:

","What’s most important for us to know is that Anakawona loved artist life very, very much."
w p ap di enough,you’re not saying enough,"
 Translate the following Haitian Creole expression into natural English.
 Only provide the English translation.

Haitian Creole text:
w p ap di enough

English:

",you’re not saying enough
ki jan wè li yo menm.,how do they see it themselves.,"
 Translate the following Haitian Creole expression into natural English.
 Only provide the English translation.

Haitian Creole text:
ki jan wè li yo menm.

English:

",How do you see it yourself?
yo pran flowers,they took the flower,"
 Translate the following Haitian Creole expression into natural English.
 Only provide the English translation.

Haitian Creole text:
yo pran flowers

English:

",they took flowers
benin chou yo redede,the cabbages are hard again,"
 Translate the following Haitian Creole expression into natural English.
 Only provide the English translation.

Haitian Creole text:
benin chou yo redede

English:

",the cabbages are getting hard again
Lasoustijo,to the spring at Turgeau,"
 Translate the following Haitian Creole expression into natural English.
 Only provide the English translation.

Haitian Creole text:
Lasoustijo

English:

",The little spring
e di l ap talk,and tell him he is chatting,"
 Translate the following Haitian Creole expression into natural English.
 Only provide the English translation.

Haitian Creole text:
e di l ap talk

English:

",and tell him he’s talking
"“Lè nou rive la a, mèkredi 13 janvye te gen plis pase 4 000 moun, youn sou lòt,”","“When we arrived on Wednesday January 13, there were more than four thousand people, one on top of the other.","
 Translate the following Haitian Creole expression into natural English.
 Only provide the English translation.

Haitian Creole text:
“Lè nou rive la a, mèkredi 13 janvye te gen plis pase 4 000 moun, youn sou lòt,”

English:

","“When we got there, on Wednesday, January 13, there were more than 4,000 people, one on top of the other,”"
Gen lòt non tou yon search,There are also other names for a digger,"
 Translate the following Haitian Creole expression into natural English.
 Only provide the English translation.

Haitian Creole text:
Gen lòt non tou yon search

English:

",There are also other names in a search
li tou tiny non,"he is too small, no","
 Translate the following Haitian Creole expression into natural English.
 Only provide the English translation.

Haitian Creole text:
li tou tiny non

English:

","he’s really tiny, isn’t he?"
jan fòm li li prezante yo pa konn di li sanble,the way he presents them they don’t usually say he looks like them,"
 Translate the following Haitian Creole expression into natural English.
 Only provide the English translation.

Haitian Creole text:
jan fòm li li prezante yo pa konn di li sanble

English:

","the way he presents himself, people don’t usually say he looks like it"
Emile C. Megie,Emile C. Mégie,"
 Translate the following Haitian Creole expression into natural English.
 Only provide the English translation.

Haitian Creole text:
Emile C. Megie

English:

",Emile C. Megie
Ban wè blood san,Let me see blood,"
 Translate the following Haitian Creole expression into natural English.
 Only provide the English translation.

Haitian Creole text:
Ban wè blood san

English:

",Let me see the blood.
kòm Seldado a,as the soldier,"
 Translate the following Haitian Creole expression into natural English.
 Only provide the English translation.

Haitian Creole text:
kòm Seldado a

English:

",as the soldier
"Men yon selection 25 pi bon plat ayisyen an 2025,","Here is a selection of the 25 best Haitian dishes in 2025,","
 Translate the following Haitian Creole expression into natural English.
 Only provide the English translation.

Haitian Creole text:
Men yon selection 25 pi bon plat ayisyen an 2025,

English:

","Here are 25 of the best Haitian dishes in 2025,"
pou pa know jan yo konn di,so as not to know how they say it,"
 Translate the following Haitian Creole expression into natural English.
 Only provide the English translation.

Haitian Creole text:
pou pa know jan yo konn di

English:

",to not know how they usually say it
Sou wout lip pa gen paspouki. Li vanse ak tout kalite chay kretyenvivan.,It runs ahead. blind to the multitude.,"
 Translate the following Haitian Creole expression into natural English.
 Only provide the English translation.

Haitian Creole text:
Sou wout lip pa gen paspouki. Li vanse ak tout kalite chay kretyenvivan.

English:

","On the road, there are no favorites. It goes forward carrying all kinds of burdens of living souls."
ou vle fè l know fò l ale toujou,you want to let him know he has to keep going anyway,"
 Translate the following Haitian Creole expression into natural English.
 Only provide the English translation.

Haitian Creole text:
ou vle fè l know fò l ale toujou

English:

",you want to let him know he has to keep going all the time
pa gen lòdyan yo konn laugh l ankò,No one laughs at him anymore.,"
 Translate the following Haitian Creole expression into natural English.
 Only provide the English translation.

Haitian Creole text:
pa gen lòdyan yo konn laugh l ankò

English:

",they don’t know how to laugh at him anymore
Mwen yo ti duck?,Am I a little duck?,"
 Translate the following Haitian Creole expression into natural English.
 Only provide the English translation.

Haitian Creole text:
Mwen yo ti duck?

English:

",Am I a little duck?
bon se Yon zwazo se li menm ki pi piti nan tout ras la,"Well, it is a bird; it is the smallest of all the species.","
 Translate the following Haitian Creole expression into natural English.
 Only provide the English translation.

Haitian Creole text:
bon se Yon zwazo se li menm ki pi piti nan tout ras la

English:

","Well, it’s a bird; it’s the smallest of all the species."
se konti fli tou ak ban an series di chante,it’s also a little bit with a series of songs,"
 Translate the following Haitian Creole expression into natural English.
 Only provide the English translation.

Haitian Creole text:
se konti fli tou ak ban an series di chante

English:

","it’s like a flow too, with a series of songs"
pou nou mwenye,for us to go up,"
 Translate the following Haitian Creole expression into natural English.
 Only provide the English translation.

Haitian Creole text:
pou nou mwenye

English:

",for us to show ourselves
pase w speak,go ahead and speak,"
 Translate the following Haitian Creole expression into natural English.
 Only provide the English translation.

Haitian Creole text:
pase w speak

English:

",go speak
men l menm,but there he is himself,"
 Translate the following Haitian Creole expression into natural English.
 Only provide the English translation.

Haitian Creole text:
men l menm

English:

",there he is himself
li te like sa,it was like that,"
 Translate the following Haitian Creole expression into natural English.
 Only provide the English translation.

Haitian Creole text:
li te like sa

English:

",he liked that
se ou kapab ban m bon advice ladan l.,if you can give me good advice about it.,"
 Translate the following Haitian Creole expression into natural English.
 Only provide the English translation.

Haitian Creole text:
se ou kapab ban m bon advice ladan l.

English:

",you can give me good advice about it.
sa nou kapab do fè la.,what we can do here.,"
 Translate the following Haitian Creole expression into natural English.
 Only provide the English translation.

Haitian Creole text:
sa nou kapab do fè la.

English:

",what can we do here
menm La ontan kounmou te know ou ou konnen byen pwòp,"even then, I knew you, you know very well yourself","
 Translate the following Haitian Creole expression into natural English.
 Only provide the English translation.

Haitian Creole text:
menm La ontan kounmou te know ou ou konnen byen pwòp

English:

","even then, you knew yourself well"
ti moun sa a,that child,"
 Translate the following Haitian Creole expression into natural English.
 Only provide the English translation.

Haitian Creole text:
ti moun sa a

English:

",that child
"Okay, yo pa prele l bèf kabrèt, men, w bèf kabrèt, yo ka di sa?","Okay, they don’t call it a goat cow, but, a goat cow, can they say that?","
 Translate the following Haitian Creole expression into natural English.
 Only provide the English translation.

Haitian Creole text:
Okay, yo pa prele l bèf kabrèt, men, w bèf kabrèt, yo ka di sa?

English:

","Okay, they don’t call him a goat, but, you’re a goat, can they say that?"
pou fè l vin tell yo.,to make him tell them.,"
 Translate the following Haitian Creole expression into natural English.
 Only provide the English translation.

Haitian Creole text:
pou fè l vin tell yo.

English:

",to make him tell them
m pral name nonni,I’m going to name the baby.,"
 Translate the following Haitian Creole expression into natural English.
 Only provide the English translation.

Haitian Creole text:
m pral name nonni

English:

",I’m going to name him.
ki pa fin nan gran moun,who is not fully grown up,"
 Translate the following Haitian Creole expression into natural English.
 Only provide the English translation.

Haitian Creole text:
ki pa fin nan gran moun

English:

",not fully grown up
ou pran ee,"you took it, eh","
 Translate the following Haitian Creole expression into natural English.
 Only provide the English translation.

Haitian Creole text:
ou pran ee

English:

",you took it
lè w ap tankou m yèl la pè call,"when you’re like me, the bird is afraid to call","
 Translate the following Haitian Creole expression into natural English.
 Only provide the English translation.

Haitian Creole text:
lè w ap tankou m yèl la pè call

English:

","when you’re like me, the bird is afraid to call"
ki jan men call li menm.,what is his name again.,"
 Translate the following Haitian Creole expression into natural English.
 Only provide the English translation.

Haitian Creole text:
ki jan men call li menm.

English:

",what do you call it?
li touye mother,he killed his mother,"
 Translate the following Haitian Creole expression into natural English.
 Only provide the English translation.

Haitian Creole text:
li touye mother

English:

",he killed his mother
rede larat bòf la,give back the cow’s spleen,"
 Translate the following Haitian Creole expression into natural English.
 Only provide the English translation.

Haitian Creole text:
rede larat bòf la

English:

",the ox’s spleen again
« Lawouze fè banda tout tan solèy pa rise »,«When the sun's away the dewdrops play,"
 Translate the following Haitian Creole expression into natural English.
 Only provide the English translation.

Haitian Creole text:
« Lawouze fè banda tout tan solèy pa rise »

English:

",The dew stays around as long as the sun hasn’t risen.
Nou se Caribbean islands,We're Caribbean islands,"
 Translate the following Haitian Creole expression into natural English.
 Only provide the English translation.

Haitian Creole text:
Nou se Caribbean islands

English:

",We are Caribbean islands
Lè ske lè m prale se patizanm ki ap mete **cover** avèk mwen,"When I’m about to leave, it’s my supporters who will be with me.","
 Translate the following Haitian Creole expression into natural English.
 Only provide the English translation.

Haitian Creole text:
Lè ske lè m prale se patizanm ki ap mete **cover** avèk mwen

English:

","When it’s time for me to go, it’s my supporters who will be covering me."
epi yo kòmanse y ap bay kout bèk sa nou di la yo y ap fight,"and they start giving pecks at what we say there, they are fighting","
 Translate the following Haitian Creole expression into natural English.
 Only provide the English translation.

Haitian Creole text:
epi yo kòmanse y ap bay kout bèk sa nou di la yo y ap fight

English:

","and they start pecking at each other, what we call fighting"
"Fimiye, ki sanfayy yo?","Fimiye, what are those things?","
 Translate the following Haitian Creole expression into natural English.
 Only provide the English translation.

Haitian Creole text:
Fimiye, ki sanfayy yo?

English:

",What are those little things?
se ti bagay white yo,they are the little white things,"
 Translate the following Haitian Creole expression into natural English.
 Only provide the English translation.

Haitian Creole text:
se ti bagay white yo

English:

",it’s the little white things
bagay sa yo ki chan yo rele bay sa y ap talk a,the things that the songs call the thing they are talking about,"
 Translate the following Haitian Creole expression into natural English.
 Only provide the English translation.

Haitian Creole text:
bagay sa yo ki chan yo rele bay sa y ap talk a

English:

",the things that the songs call what they’re talking about
lè pa castrate yo,when they are not neutered,"
 Translate the following Haitian Creole expression into natural English.
 Only provide the English translation.

Haitian Creole text:
lè pa castrate yo

English:

",when they are not castrated
se pou ye te sou take nan anba l,it must have been taken from underneath it,"
 Translate the following Haitian Creole expression into natural English.
 Only provide the English translation.

Haitian Creole text:
se pou ye te sou take nan anba l

English:

",it should have been taken from underneath it
"Lè jou sa a va rive, se tout mounn ki va benefit tout sa nou te fe ki te bon.","When that happens, everyone will benefit from our deeds.","
 Translate the following Haitian Creole expression into natural English.
 Only provide the English translation.

Haitian Creole text:
Lè jou sa a va rive, se tout mounn ki va benefit tout sa nou te fe ki te bon.

English:

","When that day comes, everyone will benefit from all the good things we did."
bèk li avèk bwa janm li yo koulè wouj apricot,its beak with its legs are apricot red,"
 Translate the following Haitian Creole expression into natural English.
 Only provide the English translation.

Haitian Creole text:
bèk li avèk bwa janm li yo koulè wouj apricot

English:

",its beak and its legs are apricot red
ou rache l little,you tore it a little,"
 Translate the following Haitian Creole expression into natural English.
 Only provide the English translation.

Haitian Creole text:
ou rache l little

English:

",you tore it a little
e l va day a la,and it will be day there,"
 Translate the following Haitian Creole expression into natural English.
 Only provide the English translation.

Haitian Creole text:
e l va day a la

English:

",and he will go there
nou konn tout white,we know all white people,"
 Translate the following Haitian Creole expression into natural English.
 Only provide the English translation.

Haitian Creole text:
nou konn tout white

English:

",we know all the white people
li plante grenzorè man,"he planted grenzorè, man","
 Translate the following Haitian Creole expression into natural English.
 Only provide the English translation.

Haitian Creole text:
li plante grenzorè man

English:

","he planted a lot of trouble, man"
e men lòt moun ou konnen konn pa know de moun yo,and here are other people you know who don’t talk about people,"
 Translate the following Haitian Creole expression into natural English.
 Only provide the English translation.

Haitian Creole text:
e men lòt moun ou konnen konn pa know de moun yo

English:

",and there are other people you know who don’t know about their people
ou ka last,you can say,"
 Translate the following Haitian Creole expression into natural English.
 Only provide the English translation.

Haitian Creole text:
ou ka last

English:

",you can be last
lè w pran the rad la,when you take the clothes,"
 Translate the following Haitian Creole expression into natural English.
 Only provide the English translation.

Haitian Creole text:
lè w pran the rad la

English:

",when you take the clothes
Gen yon bèt pa egzanp,"There is an animal, for example","
 Translate the following Haitian Creole expression into natural English.
 Only provide the English translation.

Haitian Creole text:
Gen yon bèt pa egzanp

English:

","There is an animal, for example"
Ou ap voye flowers,youu are acting up,"
 Translate the following Haitian Creole expression into natural English.
 Only provide the English translation.

Haitian Creole text:
Ou ap voye flowers

English:

",You’re sending flowers
on pwason nan water,a fish in the water,"
 Translate the following Haitian Creole expression into natural English.
 Only provide the English translation.

Haitian Creole text:
on pwason nan water

English:

",a fish in the water
epi li te byen konsa pa t gen anything,"and it was fine like that, there was nothing","
 Translate the following Haitian Creole expression into natural English.
 Only provide the English translation.

Haitian Creole text:
epi li te byen konsa pa t gen anything

English:

","and it was fine like that, there wasn’t anything"
Yon bon zanmi pi bon pase brother.,A good friend is better than a brother.,"
 Translate the following Haitian Creole expression into natural English.
 Only provide the English translation.

Haitian Creole text:
Yon bon zanmi pi bon pase brother.

English:

",A good friend is better than a brother.
"Yo fè pzwa, yo fè bay, yo fè tomat, yo fè zonyen yo fè episye, yo fè lay, yo fè ten jou, tout ba a.","They make peas, they make beans, they make tomatoes, they make onions, they make spices, they make garlic, they make thyme, all down there.","
 Translate the following Haitian Creole expression into natural English.
 Only provide the English translation.

Haitian Creole text:
Yo fè pzwa, yo fè bay, yo fè tomat, yo fè zonyen yo fè episye, yo fè lay, yo fè ten jou, tout ba a.

English:

","They make peas, they make beans, they make tomatoes, they make onions, they make spices, they make garlic, they make thyme, everything down there."
men si bay sa a l mete sou li a se lakay only l konn mete li,"but if this thing he puts on himself, he only wears it at home","
 Translate the following Haitian Creole expression into natural English.
 Only provide the English translation.

Haitian Creole text:
men si bay sa a l mete sou li a se lakay only l konn mete li

English:

",but if this thing he’s wearing is only something he knows how to wear at home
men eta batima door la,but here is the condition of the door frame,"
 Translate the following Haitian Creole expression into natural English.
 Only provide the English translation.

Haitian Creole text:
men eta batima door la

English:

",but the state of the door of the batima
Se yomenm menm ki pou learn pote-l.,Is up to them to learn to carry it.,"
 Translate the following Haitian Creole expression into natural English.
 Only provide the English translation.

Haitian Creole text:
Se yomenm menm ki pou learn pote-l.

English:

",It’s up to you yourself to learn how to carry it.
kè nou gen strength,we have strength,"
 Translate the following Haitian Creole expression into natural English.
 Only provide the English translation.

Haitian Creole text:
kè nou gen strength

English:

",our hearts are strong
an zanmi m sick,a friend of mine is sick,"
 Translate the following Haitian Creole expression into natural English.
 Only provide the English translation.

Haitian Creole text:
an zanmi m sick

English:

",a sick friend
sa a mwen m want a,this is what I want,"
 Translate the following Haitian Creole expression into natural English.
 Only provide the English translation.

Haitian Creole text:
sa a mwen m want a

English:

",I want this.
ou bèt madichon li too,you cursed beast too,"
 Translate the following Haitian Creole expression into natural English.
 Only provide the English translation.

Haitian Creole text:
ou bèt madichon li too

English:

",you cursed beast too
nan kit Cap-Haïtien,in Cap-Haïtien,"
 Translate the following Haitian Creole expression into natural English.
 Only provide the English translation.

Haitian Creole text:
nan kit Cap-Haïtien

English:

",in some Cap-Haïtien kit
Ou pa kòm di li covered,You didn’t say it was covered.,"
 Translate the following Haitian Creole expression into natural English.
 Only provide the English translation.

Haitian Creole text:
Ou pa kòm di li covered

English:

",You didn’t quite say it was covered.
te pa konn di bi ka nan,did not know how to say what was in it,"
 Translate the following Haitian Creole expression into natural English.
 Only provide the English translation.

Haitian Creole text:
te pa konn di bi ka nan

English:

",didn’t know how to say it
l pa menm rele m anpil ale Se lè l tounen di Oh,"He doesn’t even call me much anymore; it’s when he comes back that he says, “Oh.”","
 Translate the following Haitian Creole expression into natural English.
 Only provide the English translation.

Haitian Creole text:
l pa menm rele m anpil ale Se lè l tounen di Oh

English:

","He doesn’t even call me much anymore. It’s only when he comes back that he says, “Oh.”"
E konsa ou rele the person lan?,And so you call the person?,"
 Translate the following Haitian Creole expression into natural English.
 Only provide the English translation.

Haitian Creole text:
E konsa ou rele the person lan?

English:

",So that’s what you call the person?
Se la men dwan.,It is there in the right hand.,"
 Translate the following Haitian Creole expression into natural English.
 Only provide the English translation.

Haitian Creole text:
Se la men dwan.

English:

",There it is.
paske li black,because it is black,"
 Translate the following Haitian Creole expression into natural English.
 Only provide the English translation.

Haitian Creole text:
paske li black

English:

",because he’s Black
Se Bwat la ki drum a,It is the box that is the drum,"
 Translate the following Haitian Creole expression into natural English.
 Only provide the English translation.

Haitian Creole text:
Se Bwat la ki drum a

English:

",It’s the box that drums.
ou moun mennen,you people lead,"
 Translate the following Haitian Creole expression into natural English.
 Only provide the English translation.

Haitian Creole text:
ou moun mennen

English:

",you people brought
Moun nan sèvi,The person is serving,"
 Translate the following Haitian Creole expression into natural English.
 Only provide the English translation.

Haitian Creole text:
Moun nan sèvi

English:

",The person is serving.
ou pa bezwen fear,you don't need to be afraid,"
 Translate the following Haitian Creole expression into natural English.
 Only provide the English translation.

Haitian Creole text:
ou pa bezwen fear

English:

",you don’t need to be afraid
"Wi m konn di l al fishing, fè men men al?","Yes, I know I told him to go fishing, but did he go?","
 Translate the following Haitian Creole expression into natural English.
 Only provide the English translation.

Haitian Creole text:
Wi m konn di l al fishing, fè men men al?

English:

","Yes, I know I told him to go fishing, but what about going hand in hand?"
ou fin tan pou l w ap plante diris yo tou Ou fin bagay tè anèt,You’ve spent so much time planting rice too. You’ve finished everything on the land.,"
 Translate the following Haitian Creole expression into natural English.
 Only provide the English translation.

Haitian Creole text:
ou fin tan pou l w ap plante diris yo tou Ou fin bagay tè anèt

English:

",You’ve spent so much time on it that you’ll be planting the rice too. You’ve completely worked the land.
m promise li.,I promise him.,"
 Translate the following Haitian Creole expression into natural English.
 Only provide the English translation.

Haitian Creole text:
m promise li.

English:

",I promise him.
anlòt heart an,another heart of mine,"
 Translate the following Haitian Creole expression into natural English.
 Only provide the English translation.

Haitian Creole text:
anlòt heart an

English:

",another heart of mine
pou touye tèt li,to kill himself,"
 Translate the following Haitian Creole expression into natural English.
 Only provide the English translation.

Haitian Creole text:
pou touye tèt li

English:

",to kill himself
li jan w konn say,as you know how to say,"
 Translate the following Haitian Creole expression into natural English.
 Only provide the English translation.

Haitian Creole text:
li jan w konn say

English:

",how do you say it
mwen mwen mwen,I I I,"
 Translate the following Haitian Creole expression into natural English.
 Only provide the English translation.

Haitian Creole text:
mwen mwen mwen

English:

","I, I, I"
"Poutan,","However, I can't think of Lexington without the waves of Hamilton creeping in and creating a discordance that tempers my ardour.","
 Translate the following Haitian Creole expression into natural English.
 Only provide the English translation.

Haitian Creole text:
Poutan,

English:

","However,"
se tout fason men nan tandan m pa konnen how li kreye,"it’s all the same way, but I don’t know how it was created","
 Translate the following Haitian Creole expression into natural English.
 Only provide the English translation.

Haitian Creole text:
se tout fason men nan tandan m pa konnen how li kreye

English:

","it’s all kinds of ways, but meanwhile I don’t know how it was created"
ti sa ale men se pork fat an wi,"that little thing goes, but it’s the lard, yes","
 Translate the following Haitian Creole expression into natural English.
 Only provide the English translation.

Haitian Creole text:
ti sa ale men se pork fat an wi

English:

","that little thing went, but it’s pork fat, you know"
ke l white anba kouvi,let it be white under cover,"
 Translate the following Haitian Creole expression into natural English.
 Only provide the English translation.

Haitian Creole text:
ke l white anba kouvi

English:

",let it stay white under the cover
"Lè sa a, melanje ak mori desaline,","then mixed with desalted cod,","
 Translate the following Haitian Creole expression into natural English.
 Only provide the English translation.

Haitian Creole text:
Lè sa a, melanje ak mori desaline,

English:

","Then, mix with unsalted cod."
lò w fin cut konsa,when you finish cutting like that,"
 Translate the following Haitian Creole expression into natural English.
 Only provide the English translation.

Haitian Creole text:
lò w fin cut konsa

English:

",when you’ve finished cutting like that
8 san jenn boys,800 young men,"
 Translate the following Haitian Creole expression into natural English.
 Only provide the English translation.

Haitian Creole text:
8 san jenn boys

English:

",800 young boys
moun kounm say,people like me say,"
 Translate the following Haitian Creole expression into natural English.
 Only provide the English translation.

Haitian Creole text:
moun kounm say

English:

",people like that
ou pral fè food,you will cook food,"
 Translate the following Haitian Creole expression into natural English.
 Only provide the English translation.

Haitian Creole text:
ou pral fè food

English:

",you’re going to make food
nou pran exercise,we take exercise,"
 Translate the following Haitian Creole expression into natural English.
 Only provide the English translation.

Haitian Creole text:
nou pran exercise

English:

",we do exercise
yo so sweet,they are so sweet,"
 Translate the following Haitian Creole expression into natural English.
 Only provide the English translation.

Haitian Creole text:
yo so sweet

English:

",they are so sweet
men li pa eat,but he doesn’t eat,"
 Translate the following Haitian Creole expression into natural English.
 Only provide the English translation.

Haitian Creole text:
men li pa eat

English:

",but he doesn’t eat
pa egzanp lò wè l go,for example when you see him go,"
 Translate the following Haitian Creole expression into natural English.
 Only provide the English translation.

Haitian Creole text:
pa egzanp lò wè l go

English:

",for example when you see it go
ou have dwa manje,you have the right to eat,"
 Translate the following Haitian Creole expression into natural English.
 Only provide the English translation.

Haitian Creole text:
ou have dwa manje

English:

",you have the right to eat
yon moun pa example.,"a person, for example","
 Translate the following Haitian Creole expression into natural English.
 Only provide the English translation.

Haitian Creole text:
yon moun pa example.

English:

",not an example of a person
ou di ey pa speak fò papa m,you said hey don’t speak loudly my father,"
 Translate the following Haitian Creole expression into natural English.
 Only provide the English translation.

Haitian Creole text:
ou di ey pa speak fò papa m

English:

","you said hey, don’t speak loudly, my father"
je te pa reply li,I didn’t answer him.,"
 Translate the following Haitian Creole expression into natural English.
 Only provide the English translation.

Haitian Creole text:
je te pa reply li

English:

",I didn’t reply to him.
neg sa li renmen,"that guy, he likes it","
 Translate the following Haitian Creole expression into natural English.
 Only provide the English translation.

Haitian Creole text:
neg sa li renmen

English:

","that guy, he likes it"
se chat sa a,it’s this cat,"
 Translate the following Haitian Creole expression into natural English.
 Only provide the English translation.

Haitian Creole text:
se chat sa a

English:

",that cat
Kèlke jou pase m te touye **distinction**,A few days ago I killed Distig.,"
 Translate the following Haitian Creole expression into natural English.
 Only provide the English translation.

Haitian Creole text:
Kèlke jou pase m te touye **distinction**

English:

","A few days ago, I got a distinction."
men l nan pi yo,but there it is in the wells,"
 Translate the following Haitian Creole expression into natural English.
 Only provide the English translation.

Haitian Creole text:
men l nan pi yo

English:

",there he is in the wells
"Mwen, this wonm sa l ye.",I am a man.,"
 Translate the following Haitian Creole expression into natural English.
 Only provide the English translation.

Haitian Creole text:
Mwen, this wonm sa l ye.

English:

",I’m a real man.
li gentan kouri fè jeneral anchèf la sign la pou li vole gagè.,"Then, rushing forward, she ran towards the general-in-chief and signed to him to flee.","
 Translate the following Haitian Creole expression into natural English.
 Only provide the English translation.

Haitian Creole text:
li gentan kouri fè jeneral anchèf la sign la pou li vole gagè.

English:

",He had already run to signal the commander-in-chief so he could steal the loot.
"Yon gwo pil renwa yo, y genyen.",They have a big pile of them.,"
 Translate the following Haitian Creole expression into natural English.
 Only provide the English translation.

Haitian Creole text:
Yon gwo pil renwa yo, y genyen.

English:

",They have a whole lot of walnuts.
finalman ou di good,finally you say good,"
 Translate the following Haitian Creole expression into natural English.
 Only provide the English translation.

Haitian Creole text:
finalman ou di good

English:

",finally you said good
pa gen lòt jon ka explain sa ankò,there is no other way to explain that anymore,"
 Translate the following Haitian Creole expression into natural English.
 Only provide the English translation.

Haitian Creole text:
pa gen lòt jon ka explain sa ankò

English:

",There’s no other way to explain that anymore.
ou pa konn Creole,you don’t know Creole,"
 Translate the following Haitian Creole expression into natural English.
 Only provide the English translation.

Haitian Creole text:
ou pa konn Creole

English:

",You don’t know Creole.
Ou wè l gen money la,You see he has the money.,"
 Translate the following Haitian Creole expression into natural English.
 Only provide the English translation.

Haitian Creole text:
Ou wè l gen money la

English:

",You see he has money now.
pou ki ale l pran Selonbou rik,to go get the Selonbou rik,"
 Translate the following Haitian Creole expression into natural English.
 Only provide the English translation.

Haitian Creole text:
pou ki ale l pran Selonbou rik

English:

",to go get him to take Selonbou rik
"Okay, fini, mèsi, mèsye lamey seksama ki ap rakonte nou kèk issues nan vil.","Okay, done, thank you, ladies and gentlemen, who are telling us about some problems in the city.","
 Translate the following Haitian Creole expression into natural English.
 Only provide the English translation.

Haitian Creole text:
Okay, fini, mèsi, mèsye lamey seksama ki ap rakonte nou kèk issues nan vil.

English:

","Okay, that’s enough, thank you, ladies and gentlemen, for telling us about some issues in the city."
Responsab se yon burden.,[To be] responsible is a load.,"
 Translate the following Haitian Creole expression into natural English.
 Only provide the English translation.

Haitian Creole text:
Responsab se yon burden.

English:

",Responsibility is a burden.
sa k te nan ti bò lakiyan te call.,what was on the side of the lake was called.,"
 Translate the following Haitian Creole expression into natural English.
 Only provide the English translation.

Haitian Creole text:
sa k te nan ti bò lakiyan te call.

English:

",what was on the side of the house was called
anmen mwen m ap leave,"let me go, I’m leaving","
 Translate the following Haitian Creole expression into natural English.
 Only provide the English translation.

Haitian Creole text:
anmen mwen m ap leave

English:

","come on, I’m leaving"
m ap say konsa,I’m saying this way,"
 Translate the following Haitian Creole expression into natural English.
 Only provide the English translation.

Haitian Creole text:
m ap say konsa

English:

",I’m saying it like this
ou wè ligon tijan yon pakèt marks ladan l,you see the ligon has quite a lot of marks on it,"
 Translate the following Haitian Creole expression into natural English.
 Only provide the English translation.

Haitian Creole text:
ou wè ligon tijan yon pakèt marks ladan l

English:

","you see, it has a lot of marks on it"
wè bi ti sign li ti se konsa,see the little sign it was like that,"
 Translate the following Haitian Creole expression into natural English.
 Only provide the English translation.

Haitian Creole text:
wè bi ti sign li ti se konsa

English:

",I saw that his little sign was like that.
m ap tan nou w nan fèt la se pou come.,"I’m waiting for you to see you at the party, so come.","
 Translate the following Haitian Creole expression into natural English.
 Only provide the English translation.

Haitian Creole text:
m ap tan nou w nan fèt la se pou come.

English:

","I’ll be waiting to see you at the party, so come."
"l ap di lè y ap rive, sou pap li di lè y ap rive, ou w ap say?","He’s saying when they’ll arrive, on paper he says when they’ll arrive, what are you saying?","
 Translate the following Haitian Creole expression into natural English.
 Only provide the English translation.

Haitian Creole text:
l ap di lè y ap rive, sou pap li di lè y ap rive, ou w ap say?

English:

","He’s saying they’ll tell you when they arrive, but on paper he won’t say when they’ll arrive, you know?"
wi mòdan krab la y ap know nan kò krab la,yes the crab shell is connected to the crab’s body,"
 Translate the following Haitian Creole expression into natural English.
 Only provide the English translation.

Haitian Creole text:
wi mòdan krab la y ap know nan kò krab la

English:

","Yes, the crab’s shell is known in the crab’s body."
sa l send,what he sent you,"
 Translate the following Haitian Creole expression into natural English.
 Only provide the English translation.

Haitian Creole text:
sa l send

English:

",what does it mean?
diran la ap vin a manman l e manman l menmwen menm gen tayise di bouki leve la lan pa pye **boy** a,while she was coming to her mother and her mother herself even had said to Bouki get up there by the foot of the tree,"
 Translate the following Haitian Creole expression into natural English.
 Only provide the English translation.

Haitian Creole text:
diran la ap vin a manman l e manman l menmwen menm gen tayise di bouki leve la lan pa pye **boy** a

English:

","while she was coming with her mother, and her mother herself, I even had to tell Bouki to get up there by the boy’s feet"
Li fèt 16 October 1997.,"She was born on October 18, 1997.","
 Translate the following Haitian Creole expression into natural English.
 Only provide the English translation.

Haitian Creole text:
Li fèt 16 October 1997.

English:

","He was born on October 16, 1997."
E gwo pole.,And the big pole.,"
 Translate the following Haitian Creole expression into natural English.
 Only provide the English translation.

Haitian Creole text:
E gwo pole.

English:

",And the big pole.
Se mèt kò ki veye body.,It is the owner of the body who watches his body.,"
 Translate the following Haitian Creole expression into natural English.
 Only provide the English translation.

Haitian Creole text:
Se mèt kò ki veye body.

English:

",The owner of the body is the one who watches over it.
m se boss m ta fè l,"I’m the boss, I would do it.","
 Translate the following Haitian Creole expression into natural English.
 Only provide the English translation.

Haitian Creole text:
m se boss m ta fè l

English:

",I’m the boss; I’d do it.
m swap w plas,I swapped places with you.,"
 Translate the following Haitian Creole expression into natural English.
 Only provide the English translation.

Haitian Creole text:
m swap w plas

English:

",I’ll switch places with you.
moun rele sa,people call that,"
 Translate the following Haitian Creole expression into natural English.
 Only provide the English translation.

Haitian Creole text:
moun rele sa

English:

",people call that
men li pi gwo li pi gra,"but it is bigger, it is fatter","
 Translate the following Haitian Creole expression into natural English.
 Only provide the English translation.

Haitian Creole text:
men li pi gwo li pi gra

English:

","but it’s bigger, it’s fatter"
Bouki di ou Malis di yes,"Bouki says yes, Malis says yes","
 Translate the following Haitian Creole expression into natural English.
 Only provide the English translation.

Haitian Creole text:
Bouki di ou Malis di yes

English:

","Bouki says you, Malis says yes."
Tchaka - bouyon traditional la,Tchaka The traditional stew,"
 Translate the following Haitian Creole expression into natural English.
 Only provide the English translation.

Haitian Creole text:
Tchaka - bouyon traditional la

English:

",Tchaka - the traditional stew
yo le engineer,they call him Enjen,"
 Translate the following Haitian Creole expression into natural English.
 Only provide the English translation.

Haitian Creole text:
yo le engineer

English:

",they want the engineer
yo te gen yon ti ti wood konsa,they had a little piece of wood like that,"
 Translate the following Haitian Creole expression into natural English.
 Only provide the English translation.

Haitian Creole text:
yo te gen yon ti ti wood konsa

English:

",they had a little piece of wood like that
dòm gen lè piye sa l ak ayouf satye bwop,maybe it’s time to loot what he has with ayouf satye bwop,"
 Translate the following Haitian Creole expression into natural English.
 Only provide the English translation.

Haitian Creole text:
dòm gen lè piye sa l ak ayouf satye bwop

English:

",sometimes it’s better to take what’s yours and leave it alone
menmi pa se language a,even if it is not the language,"
 Translate the following Haitian Creole expression into natural English.
 Only provide the English translation.

Haitian Creole text:
menmi pa se language a

English:

",even if it’s not the language
e tou pitit moun Siba a men dwa fè l like that,and also the descendants of the people of Ziba have the right to do it this way,"
 Translate the following Haitian Creole expression into natural English.
 Only provide the English translation.

Haitian Creole text:
e tou pitit moun Siba a men dwa fè l like that

English:

",and even the children of the people of Ziba have the right to do it like that
ti moun nan pa di janm anyen,the child never says anything about it,"
 Translate the following Haitian Creole expression into natural English.
 Only provide the English translation.

Haitian Creole text:
ti moun nan pa di janm anyen

English:

",the child never says anything
"Al tè, ki li deep sa?","On the ground, how deep is it?","
 Translate the following Haitian Creole expression into natural English.
 Only provide the English translation.

Haitian Creole text:
Al tè, ki li deep sa?

English:

","On the ground, why is it so deep?"
kè nou yes,"our hearts, yes","
 Translate the following Haitian Creole expression into natural English.
 Only provide the English translation.

Haitian Creole text:
kè nou yes

English:

","our hearts, yes"
renmen fè hurt,like to hurt,"
 Translate the following Haitian Creole expression into natural English.
 Only provide the English translation.

Haitian Creole text:
renmen fè hurt

English:

",likes to hurt people
yo gen dwan more ke ou nou,they have more fingers than us,"
 Translate the following Haitian Creole expression into natural English.
 Only provide the English translation.

Haitian Creole text:
yo gen dwan more ke ou nou

English:

",They owe more than you do.
sa m ap di Pass by,what I’m saying is Pass,"
 Translate the following Haitian Creole expression into natural English.
 Only provide the English translation.

Haitian Creole text:
sa m ap di Pass by

English:

","what I’m saying is, pass by"
bon e sa t ka fè pitit la ki anjewe l,well and what could the child who is playing do to him,"
 Translate the following Haitian Creole expression into natural English.
 Only provide the English translation.

Haitian Creole text:
bon e sa t ka fè pitit la ki anjewe l

English:

","Well, what could the child have done to deserve that?"
On pye kèn clean nèt.,A cane is completely broken.,"
 Translate the following Haitian Creole expression into natural English.
 Only provide the English translation.

Haitian Creole text:
On pye kèn clean nèt.

English:

",A clean pair of shoes.
Ou si se that,If that’s the case.,"
 Translate the following Haitian Creole expression into natural English.
 Only provide the English translation.

Haitian Creole text:
Ou si se that

English:

",You’re sure it’s that.
"Nan epòk bèl mèvèy ki ap defile nan memwam pandan mwen ap pale ak ou la a,","From where I sit I can see only a vast, snow-covered white expanse and it's so cold outside.","
 Translate the following Haitian Creole expression into natural English.
 Only provide the English translation.

Haitian Creole text:
Nan epòk bèl mèvèy ki ap defile nan memwam pandan mwen ap pale ak ou la a,

English:

","In this time of wonderful memories that are passing through my mind as I speak to you,"
te independent ouy,"was independent, yes","
 Translate the following Haitian Creole expression into natural English.
 Only provide the English translation.

Haitian Creole text:
te independent ouy

English:

",you were independent
ou di a pen an tèl bagay kouwè yon rock,you say the bread is as hard as a stone,"
 Translate the following Haitian Creole expression into natural English.
 Only provide the English translation.

Haitian Creole text:
ou di a pen an tèl bagay kouwè yon rock

English:

",you say the bread is as hard as a rock
ki jan yo call l?,What is it called?,"
 Translate the following Haitian Creole expression into natural English.
 Only provide the English translation.

Haitian Creole text:
ki jan yo call l?

English:

",What do they call it?
sa k wò one,what’s up with you,"
 Translate the following Haitian Creole expression into natural English.
 Only provide the English translation.

Haitian Creole text:
sa k wò one

English:

",what’s up?
oke si pa example li Mwen janm gen yon moun ki vin mande zouti prete isi a,okay if not for example him I have never had someone come ask to borrow tools here,"
 Translate the following Haitian Creole expression into natural English.
 Only provide the English translation.

Haitian Creole text:
oke si pa example li Mwen janm gen yon moun ki vin mande zouti prete isi a

English:

","Okay, for example, I’ve never had anyone come here asking to borrow tools."
"Men jounen jodi a, kè kase younn se pou lòt. Kè kontan nou bay support.","Today, we share each other's fears as well as each other's delights.","
 Translate the following Haitian Creole expression into natural English.
 Only provide the English translation.

Haitian Creole text:
Men jounen jodi a, kè kase younn se pou lòt. Kè kontan nou bay support.

English:

","But today, one broken heart is for another. We support each other’s happiness."
ki jan w rele bay sa yo.,what do you call those things?,"
 Translate the following Haitian Creole expression into natural English.
 Only provide the English translation.

Haitian Creole text:
ki jan w rele bay sa yo.

English:

",What do you call those things?
ou mete yon bagay pou ou pral plant it,you put something for you are going to plant,"
 Translate the following Haitian Creole expression into natural English.
 Only provide the English translation.

Haitian Creole text:
ou mete yon bagay pou ou pral plant it

English:

",you put something so you can plant it
m nan di konsa,I said like this,"
 Translate the following Haitian Creole expression into natural English.
 Only provide the English translation.

Haitian Creole text:
m nan di konsa

English:

",I said it like this
te yon pineapple.,it was an anan.,"
 Translate the following Haitian Creole expression into natural English.
 Only provide the English translation.

Haitian Creole text:
te yon pineapple.

English:

",was a pineapple.
Chapo a woman.,The hat is for women.,"
 Translate the following Haitian Creole expression into natural English.
 Only provide the English translation.

Haitian Creole text:
Chapo a woman.

English:

",The hat is red.
"Nou fè anpil road,",We roamed open spaces;,"
 Translate the following Haitian Creole expression into natural English.
 Only provide the English translation.

Haitian Creole text:
Nou fè anpil road,

English:

",We’ve traveled a lot.
sòp wa li di there,the king himself says it there,"
 Translate the following Haitian Creole expression into natural English.
 Only provide the English translation.

Haitian Creole text:
sòp wa li di there

English:

",he said there was no king
w ap fè,you are doing,"
 Translate the following Haitian Creole expression into natural English.
 Only provide the English translation.

Haitian Creole text:
w ap fè

English:

",you are doing
li zanm pou al baptize li,he is ready to go get baptized,"
 Translate the following Haitian Creole expression into natural English.
 Only provide the English translation.

Haitian Creole text:
li zanm pou al baptize li

English:

",he’s ready to go get baptized
mwen te senpman vle di ou pran courage.,I only want to exhort you to be strong.,"
 Translate the following Haitian Creole expression into natural English.
 Only provide the English translation.

Haitian Creole text:
mwen te senpman vle di ou pran courage.

English:

",I simply wanted to tell you to be brave.
"Koulye, koulye, koulye.","Now, now, now.","
 Translate the following Haitian Creole expression into natural English.
 Only provide the English translation.

Haitian Creole text:
Koulye, koulye, koulye.

English:

","Now, now, now."
men se pa kounya yo vle **talk** yo dwa a,"but it’s not now that they want to speak up, right?","
 Translate the following Haitian Creole expression into natural English.
 Only provide the English translation.

Haitian Creole text:
men se pa kounya yo vle **talk** yo dwa a

English:

",but it’s not now they want to talk about their rights
li dou mounche afè m pa good,"he is sweet, sir, my business is not good","
 Translate the following Haitian Creole expression into natural English.
 Only provide the English translation.

Haitian Creole text:
li dou mounche afè m pa good

English:

","He’s sweet, but my situation isn’t good."
empi li touye manman l,and then he killed his mother,"
 Translate the following Haitian Creole expression into natural English.
 Only provide the English translation.

Haitian Creole text:
empi li touye manman l

English:

",then he killed his mother
"Te gen, te gen donkey wi.","There was, there was a donkey, yes.","
 Translate the following Haitian Creole expression into natural English.
 Only provide the English translation.

Haitian Creole text:
Te gen, te gen donkey wi.

English:

","There was, there was a donkey indeed."
ou wa kounm di on ski jan sa **called**,you will now say what this thing is called,"
 Translate the following Haitian Creole expression into natural English.
 Only provide the English translation.

Haitian Creole text:
ou wa kounm di on ski jan sa **called**

English:

",you will now say how this is called
Yo chèf yo chita,Their chiefs are sitting down,"
 Translate the following Haitian Creole expression into natural English.
 Only provide the English translation.

Haitian Creole text:
Yo chèf yo chita

English:

",Their leaders are sitting down.
ou tande bri a genyen lè lap sound,you hear the noise it makes when it is running,"
 Translate the following Haitian Creole expression into natural English.
 Only provide the English translation.

Haitian Creole text:
ou tande bri a genyen lè lap sound

English:

",you hear the noise it makes when it’s sounding
bon sa va problem,"well, that will be a problem","
 Translate the following Haitian Creole expression into natural English.
 Only provide the English translation.

Haitian Creole text:
bon sa va problem

English:

",that will be a problem
M ap annen le pale de mwen ou sa men?,Why are you talking about me?,"
 Translate the following Haitian Creole expression into natural English.
 Only provide the English translation.

Haitian Creole text:
M ap annen le pale de mwen ou sa men?

English:

",Why are you talking about me?
ap di madanm sa a pi older ase m lontan,I’m saying this woman is much older than me.,"
 Translate the following Haitian Creole expression into natural English.
 Only provide the English translation.

Haitian Creole text:
ap di madanm sa a pi older ase m lontan

English:

",saying that woman is much older than me for a long time
kòman se name?,what’s your name?,"
 Translate the following Haitian Creole expression into natural English.
 Only provide the English translation.

Haitian Creole text:
kòman se name?

English:

",what’s your name?
ane sa a,this year,"
 Translate the following Haitian Creole expression into natural English.
 Only provide the English translation.

Haitian Creole text:
ane sa a

English:

",this year
se moun ki height sa,it’s a person that tall,"
 Translate the following Haitian Creole expression into natural English.
 Only provide the English translation.

Haitian Creole text:
se moun ki height sa

English:

",who is that tall person
pou pou answer,to answer,"
 Translate the following Haitian Creole expression into natural English.
 Only provide the English translation.

Haitian Creole text:
pou pou answer

English:

",to answer
Mwen tou sa yon rele moun sa yon plumber,I also call that person a plumber,"
 Translate the following Haitian Creole expression into natural English.
 Only provide the English translation.

Haitian Creole text:
Mwen tou sa yon rele moun sa yon plumber

English:

",I would call that person a plumber.
nou m teacher,we are teachers,"
 Translate the following Haitian Creole expression into natural English.
 Only provide the English translation.

Haitian Creole text:
nou m teacher

English:

",we are teachers
kis w ap do,what are you doing,"
 Translate the following Haitian Creole expression into natural English.
 Only provide the English translation.

Haitian Creole text:
kis w ap do

English:

",what are you doing
men pandan blan rive,but while the white people arrived,"
 Translate the following Haitian Creole expression into natural English.
 Only provide the English translation.

Haitian Creole text:
men pandan blan rive

English:

",but when the white people arrived
yo fè sa yo need,they do what they need to do,"
 Translate the following Haitian Creole expression into natural English.
 Only provide the English translation.

Haitian Creole text:
yo fè sa yo need

English:

",they do what they need
li jan yo say l,he is the way they call him,"
 Translate the following Haitian Creole expression into natural English.
 Only provide the English translation.

Haitian Creole text:
li jan yo say l

English:

",the way they say it
en nan yon yon house la,in one house,"
 Translate the following Haitian Creole expression into natural English.
 Only provide the English translation.

Haitian Creole text:
en nan yon yon house la

English:

",in one of the houses
Gwo non kill ti chen,Too much fame can be bad.,"
 Translate the following Haitian Creole expression into natural English.
 Only provide the English translation.

Haitian Creole text:
Gwo non kill ti chen

English:

",Big names kill little dogs
"ou gendwari li nou, galèt, ou gendwari li l like that tou?","Do you have it for us, galèt, do you have it like that too?","
 Translate the following Haitian Creole expression into natural English.
 Only provide the English translation.

Haitian Creole text:
ou gendwari li nou, galèt, ou gendwari li l like that tou?

English:

","Do you have it for us, galèt? Do you have it like that too?"
glè vision nan,the eye of the owl,"
 Translate the following Haitian Creole expression into natural English.
 Only provide the English translation.

Haitian Creole text:
glè vision nan

English:

",the vision in the ice
"Kond lòt jan w rele l tou, yo parile l slow?",What else do you call it? Do they call it lento?,"
 Translate the following Haitian Creole expression into natural English.
 Only provide the English translation.

Haitian Creole text:
Kond lòt jan w rele l tou, yo parile l slow?

English:

",What else do you call it? Do they call it slow?
pou nou thing,for us to do things,"
 Translate the following Haitian Creole expression into natural English.
 Only provide the English translation.

Haitian Creole text:
pou nou thing

English:

",for us to do things
"Ou kwè nou pa ta wè nou ansanm side by side,",wouldnt we discover ourselves side-by-side,"
 Translate the following Haitian Creole expression into natural English.
 Only provide the English translation.

Haitian Creole text:
Ou kwè nou pa ta wè nou ansanm side by side,

English:

",Do you think we wouldn’t be seen together side by side?
se kabrit mouton ouy yo make l,it’s the goat and sheep that they make it with,"
 Translate the following Haitian Creole expression into natural English.
 Only provide the English translation.

Haitian Creole text:
se kabrit mouton ouy yo make l

English:

",they marked it like a goat or sheep
pi sa m ap do la,what am I doing here,"
 Translate the following Haitian Creole expression into natural English.
 Only provide the English translation.

Haitian Creole text:
pi sa m ap do la

English:

",what am I doing there
nou gratte l,we scratched him,"
 Translate the following Haitian Creole expression into natural English.
 Only provide the English translation.

Haitian Creole text:
nou gratte l

English:

",we scratched it
te kote message,was where the mess was,"
 Translate the following Haitian Creole expression into natural English.
 Only provide the English translation.

Haitian Creole text:
te kote message

English:

",where the message was
ki lè w ap give mwen la?,When will you give me that?,"
 Translate the following Haitian Creole expression into natural English.
 Only provide the English translation.

Haitian Creole text:
ki lè w ap give mwen la?

English:

",When are you going to give me that?
Melanje kèk nan pwa yo jwenn yon creamy sòs.,Blend some of the beans to obtain a creamy sauce.,"
 Translate the following Haitian Creole expression into natural English.
 Only provide the English translation.

Haitian Creole text:
Melanje kèk nan pwa yo jwenn yon creamy sòs.

English:

",Mix some of the beans to get a creamy sauce.
"Yo konj fè dous lèt, dous wi, yo fè lalèt, yo fè lalèt, yo fè lapich tache.","They make sweet milk, sweet yes, they make lalèt, they make lalèt, they make lapich tache.","
 Translate the following Haitian Creole expression into natural English.
 Only provide the English translation.

Haitian Creole text:
Yo konj fè dous lèt, dous wi, yo fè lalèt, yo fè lalèt, yo fè lapich tache.

English:

","They know how to make sweet milk, yes sweet, they make lalèt, they make lalèt, they make lapich tache."
yo chak gen fason pa yo pou yo pursue chemen yo.,each one evolves according to its own plan.,"
 Translate the following Haitian Creole expression into natural English.
 Only provide the English translation.

Haitian Creole text:
yo chak gen fason pa yo pou yo pursue chemen yo.

English:

",Each has their own way of pursuing their path.
je tè pa reply li,the earth did not answer him,"
 Translate the following Haitian Creole expression into natural English.
 Only provide the English translation.

Haitian Creole text:
je tè pa reply li

English:

",I didn’t reply to him.
an ve explain m byen lè ou ka di w ap fè ankò ki sa,and explain to me well when you can say what you are going to do again,"
 Translate the following Haitian Creole expression into natural English.
 Only provide the English translation.

Haitian Creole text:
an ve explain m byen lè ou ka di w ap fè ankò ki sa

English:

",I want you to explain to me clearly what you mean when you say you’re going to do it again.
on moun ki nan mizè se yon person,a person who is in misery is a person,"
 Translate the following Haitian Creole expression into natural English.
 Only provide the English translation.

Haitian Creole text:
on moun ki nan mizè se yon person

English:

",a person who is in misery is a person
men èske se de fwa l fè sa?,But does he do that twice?,"
 Translate the following Haitian Creole expression into natural English.
 Only provide the English translation.

Haitian Creole text:
men èske se de fwa l fè sa?

English:

",but does he do that twice?
li pa done underground,it is not underground,"
 Translate the following Haitian Creole expression into natural English.
 Only provide the English translation.

Haitian Creole text:
li pa done underground

English:

",he’s not underground
"Donk, ti jan sa a li menm li called.","So, this little one is called that.","
 Translate the following Haitian Creole expression into natural English.
 Only provide the English translation.

Haitian Creole text:
Donk, ti jan sa a li menm li called.

English:

","So, this little guy is called that."
ok Mwen ki sa m sot di ankòb mwen,"OK, what did I just say again?","
 Translate the following Haitian Creole expression into natural English.
 Only provide the English translation.

Haitian Creole text:
ok Mwen ki sa m sot di ankòb mwen

English:

","Okay, what did I just say again?"
yo di sa land,they say that land,"
 Translate the following Haitian Creole expression into natural English.
 Only provide the English translation.

Haitian Creole text:
yo di sa land

English:

",they say that there
m barita avò.,I’m carrying a stick.,"
 Translate the following Haitian Creole expression into natural English.
 Only provide the English translation.

Haitian Creole text:
m barita avò.

English:

",I’m going to stop by.
oubyen ou vle chen an eat,or you want the dog to eat,"
 Translate the following Haitian Creole expression into natural English.
 Only provide the English translation.

Haitian Creole text:
oubyen ou vle chen an eat

English:

",or do you want the dog to eat
sa t gen sa ou ka say la,there was nothing you could say there,"
 Translate the following Haitian Creole expression into natural English.
 Only provide the English translation.

Haitian Creole text:
sa t gen sa ou ka say la

English:

",what was there that you could say?
Si l pral nan trip,If he is going on a trip,"
 Translate the following Haitian Creole expression into natural English.
 Only provide the English translation.

Haitian Creole text:
Si l pral nan trip

English:

",If it’s going to be in the gut.
ou ki se pou ou ka stay?,who are you so that you can stay?,"
 Translate the following Haitian Creole expression into natural English.
 Only provide the English translation.

Haitian Creole text:
ou ki se pou ou ka stay?

English:

",Are you the one who can stay?
gen dwa trace li,has the right to draw it,"
 Translate the following Haitian Creole expression into natural English.
 Only provide the English translation.

Haitian Creole text:
gen dwa trace li

English:

",has the right to trace it
ou lade m bò tibaw a agitated,you left me by the little stream agitated,"
 Translate the following Haitian Creole expression into natural English.
 Only provide the English translation.

Haitian Creole text:
ou lade m bò tibaw a agitated

English:

","you left me by the side of the road, agitated"
men sa l fè there,this is what he does there,"
 Translate the following Haitian Creole expression into natural English.
 Only provide the English translation.

Haitian Creole text:
men sa l fè there

English:

",there’s what he did there
epi yo y ap lonje yon sou lòt concern,"and they are reaching out to one another, you know","
 Translate the following Haitian Creole expression into natural English.
 Only provide the English translation.

Haitian Creole text:
epi yo y ap lonje yon sou lòt concern

English:

",and they are reaching out to one another concerning
pou yon neighbor,for a neighbor,"
 Translate the following Haitian Creole expression into natural English.
 Only provide the English translation.

Haitian Creole text:
pou yon neighbor

English:

",for a neighbor
e ki jan w say,and how do you say,"
 Translate the following Haitian Creole expression into natural English.
 Only provide the English translation.

Haitian Creole text:
e ki jan w say

English:

",and how do you say it
pèt tèt nou ap fly,our heads are flying away,"
 Translate the following Haitian Creole expression into natural English.
 Only provide the English translation.

Haitian Creole text:
pèt tèt nou ap fly

English:

",we’re losing our minds flying
Ou se youn chelèn nan round kè-n,You're a pure mnarble in the circle of ny heart,"
 Translate the following Haitian Creole expression into natural English.
 Only provide the English translation.

Haitian Creole text:
Ou se youn chelèn nan round kè-n

English:

",You are the one who is the challenge in my heart.
ou men m ap give,you yourself I am giving,"
 Translate the following Haitian Creole expression into natural English.
 Only provide the English translation.

Haitian Creole text:
ou men m ap give

English:

","you yourself, I’m giving it"
e sa yo know,and what they know,"
 Translate the following Haitian Creole expression into natural English.
 Only provide the English translation.

Haitian Creole text:
e sa yo know

English:

","and those things, you know"
ouy l konn run away,"yes, he knows how to run away","
 Translate the following Haitian Creole expression into natural English.
 Only provide the English translation.

Haitian Creole text:
ouy l konn run away

English:

","Oh, he knows how to run away."
"M konn tè nwa, tè blanch, tè wij, tankan mason lè an men, pi jan yo rele **brick**.","I know black soil, white soil, red soil, like a mason’s trowel in hand, and what they call tif.","
 Translate the following Haitian Creole expression into natural English.
 Only provide the English translation.

Haitian Creole text:
M konn tè nwa, tè blanch, tè wij, tankan mason lè an men, pi jan yo rele **brick**.

English:

","I know black soil, white soil, red soil, and mason’s sand, as well as what they call **brick**."
chaponti po remen ki color l ye,what color is the chaponti skin?,"
 Translate the following Haitian Creole expression into natural English.
 Only provide the English translation.

Haitian Creole text:
chaponti po remen ki color l ye

English:

",what color is the skin?
nonk kapab fight avè m,no one can beat me,"
 Translate the following Haitian Creole expression into natural English.
 Only provide the English translation.

Haitian Creole text:
nonk kapab fight avè m

English:

",you can fight with me
mal la menmen,the pain is unbearable,"
 Translate the following Haitian Creole expression into natural English.
 Only provide the English translation.

Haitian Creole text:
mal la menmen

English:

",the same old trouble
ou prè fè it,you’re about to do it,"
 Translate the following Haitian Creole expression into natural English.
 Only provide the English translation.

Haitian Creole text:
ou prè fè it

English:

",Are you ready to do it?
Tann jis nou tounen pwa wait,to wait forever.,"
 Translate the following Haitian Creole expression into natural English.
 Only provide the English translation.

Haitian Creole text:
Tann jis nou tounen pwa wait

English:

",Wait until we turn into beans.
"- prezide seremoni asèmantasyon Premye Minis, Chief Justice kousiprèm, konsèy minis yo;",- dissolve parliament or ask the opposition lea­ der to form a new government if necessary;,"
 Translate the following Haitian Creole expression into natural English.
 Only provide the English translation.

Haitian Creole text:
- prezide seremoni asèmantasyon Premye Minis, Chief Justice kousiprèm, konsèy minis yo;

English:

","- preside over the swearing-in ceremony of the Prime Minister, the Chief Justice of the Supreme Court, and the Council of Ministers;"
"bonbon, on ti fè menm ki se pa avreti vèl ye non, men yo konn renmen pran li santi bon yo mete l nan milk.","candy, a little thing that is not really a candy, but they like to take the scented one and put it in milk.","
 Translate the following Haitian Creole expression into natural English.
 Only provide the English translation.

Haitian Creole text:
bonbon, on ti fè menm ki se pa avreti vèl ye non, men yo konn renmen pran li santi bon yo mete l nan milk.

English:

","Candy, it’s just a little thing, not really a dessert, but they like to take it because it smells good and put it in milk."
voye fè l send l,send him to go get it,"
 Translate the following Haitian Creole expression into natural English.
 Only provide the English translation.

Haitian Creole text:
voye fè l send l

English:

",send it to him
ou bezwen fè l know se kochon pa l la.,you need to let him know that it’s his pig.,"
 Translate the following Haitian Creole expression into natural English.
 Only provide the English translation.

Haitian Creole text:
ou bezwen fè l know se kochon pa l la.

English:

",you need to let him know it’s his pig.
"Jou sa a tou, yo sèmante karebare fòk Chalmay Peralt die.","That day, they swore that the death of Peralte was to happen as soon as possible.","
 Translate the following Haitian Creole expression into natural English.
 Only provide the English translation.

Haitian Creole text:
Jou sa a tou, yo sèmante karebare fòk Chalmay Peralt die.

English:

","That day too, they swore flat out that Chalmay Peralt had to die."
a li di nou cut Mayis,and he told us to cut Mayis,"
 Translate the following Haitian Creole expression into natural English.
 Only provide the English translation.

Haitian Creole text:
a li di nou cut Mayis

English:

",and he told us to cut Mayis
Bòk te m di wè yon lòd jan pitèt jan sa a pa too good.,Bòk told me that seeing a head like this is not very good.,"
 Translate the following Haitian Creole expression into natural English.
 Only provide the English translation.

Haitian Creole text:
Bòk te m di wè yon lòd jan pitèt jan sa a pa too good.

English:

",I was told that a guy like this isn’t too good.
"Chak fwa mwen manyen plim nan pou mwen bay lespri mwen lez kò li, pawòl mwen soti depaman ak my ideas.","Each time I grab my pen to let my spirit soar, my thoughts turn out to be different Irom my ideas.","
 Translate the following Haitian Creole expression into natural English.
 Only provide the English translation.

Haitian Creole text:
Chak fwa mwen manyen plim nan pou mwen bay lespri mwen lez kò li, pawòl mwen soti depaman ak my ideas.

English:

","Every time I pick up the pen to give my mind free rein, my words come out out of sync with my ideas."
"si pa egzanp ou bon moun la gen yon ti moun la, ti moun nan se child.","For example, if you are a good person and have a child, that child is your child.","
 Translate the following Haitian Creole expression into natural English.
 Only provide the English translation.

Haitian Creole text:
si pa egzanp ou bon moun la gen yon ti moun la, ti moun nan se child.

English:

","For example, if you’re a good person and there’s a child there, that child is a child."
l fin begin,he has finished communing,"
 Translate the following Haitian Creole expression into natural English.
 Only provide the English translation.

Haitian Creole text:
l fin begin

English:

",he started it already
"Ale, oukou, se sa, wii, enit gade byen, wè ki swazo a pou wè ki, ki swazo sa, pwèt, pwèt, se sa, wii, okay.","Go, okay, that’s it, yes, look closely, see which bird it is to see which, which bird that is, right, right, that’s it, yes, okay.","
 Translate the following Haitian Creole expression into natural English.
 Only provide the English translation.

Haitian Creole text:
Ale, oukou, se sa, wii, enit gade byen, wè ki swazo a pou wè ki, ki swazo sa, pwèt, pwèt, se sa, wii, okay.

English:

","Go on, okay, that’s it, yes, look closely, see what bird it is, to see what, what bird that is, right, right, that’s it, yes, okay."
ki yon case di l,what can one say to him,"
 Translate the following Haitian Creole expression into natural English.
 Only provide the English translation.

Haitian Creole text:
ki yon case di l

English:

",what a case he said
eee sa k ka fè pitit la lè l hungry,eee what can the child do when he is hungry,"
 Translate the following Haitian Creole expression into natural English.
 Only provide the English translation.

Haitian Creole text:
eee sa k ka fè pitit la lè l hungry

English:

",what can the child do when he’s hungry
jen sa how,"what’s up, how are you","
 Translate the following Haitian Creole expression into natural English.
 Only provide the English translation.

Haitian Creole text:
jen sa how

English:

","like this, how?"
gen resanble mat fini,there seems to be a finished mat,"
 Translate the following Haitian Creole expression into natural English.
 Only provide the English translation.

Haitian Creole text:
gen resanble mat fini

English:

",it looks like the mat is finished
epi yo fè moule an nou poutan underneath,"and they molded us, yet underneath","
 Translate the following Haitian Creole expression into natural English.
 Only provide the English translation.

Haitian Creole text:
epi yo fè moule an nou poutan underneath

English:

","and they molded us, yet underneath"
si pa exactly tou,if not exactly,"
 Translate the following Haitian Creole expression into natural English.
 Only provide the English translation.

Haitian Creole text:
si pa exactly tou

English:

",if not exactly all of it
m ta ka pran yon girl,I could take a girl,"
 Translate the following Haitian Creole expression into natural English.
 Only provide the English translation.

Haitian Creole text:
m ta ka pran yon girl

English:

",I could take a girl
Mwen yon menm,I’m the same one,"
 Translate the following Haitian Creole expression into natural English.
 Only provide the English translation.

Haitian Creole text:
Mwen yon menm

English:

",I’m the same.
ou manyen side la sèlman,you touched the side only,"
 Translate the following Haitian Creole expression into natural English.
 Only provide the English translation.

Haitian Creole text:
ou manyen side la sèlman

English:

",you only touched the side
"Okay, bon, si yon fi pa ka fè pitit, ki yon ap call l?","Okay, well, if a woman can’t have children, what do you call her?","
 Translate the following Haitian Creole expression into natural English.
 Only provide the English translation.

Haitian Creole text:
Okay, bon, si yon fi pa ka fè pitit, ki yon ap call l?

English:

","Okay, well, if a woman can’t have children, what do you call her?"
"Oke, pou gen lòt toujou?","Okay, so there will always be others?","
 Translate the following Haitian Creole expression into natural English.
 Only provide the English translation.

Haitian Creole text:
Oke, pou gen lòt toujou?

English:

","Okay, so there are always others?"
li gen understanding Bakadi,he understands Bakadi,"
 Translate the following Haitian Creole expression into natural English.
 Only provide the English translation.

Haitian Creole text:
li gen understanding Bakadi

English:

",he understands Bakadi
"Konsa, mwen fenk kare ap repete: manman se manman!","because, as I said before, a mom remains always a mom.","
 Translate the following Haitian Creole expression into natural English.
 Only provide the English translation.

Haitian Creole text:
Konsa, mwen fenk kare ap repete: manman se manman!

English:

","So, I’ll just keep repeating it: a mother is a mother!"
ou pa wè the other,you don't see the other one,"
 Translate the following Haitian Creole expression into natural English.
 Only provide the English translation.

Haitian Creole text:
ou pa wè the other

English:

",you don’t see the other one
wò n tande sa e good,"Well, you heard that, and good.","
 Translate the following Haitian Creole expression into natural English.
 Only provide the English translation.

Haitian Creole text:
wò n tande sa e good

English:

","Oh, you heard that? Good."
E kote ki sa w eat a?,And where is the thing you ate?,"
 Translate the following Haitian Creole expression into natural English.
 Only provide the English translation.

Haitian Creole text:
E kote ki sa w eat a?

English:

",Where did you eat that?
Ou bay yon moun travay li lè lè yo fè sa yo ba ou li,You give someone their job when they do what they give you to do.,"
 Translate the following Haitian Creole expression into natural English.
 Only provide the English translation.

Haitian Creole text:
Ou bay yon moun travay li lè lè yo fè sa yo ba ou li

English:

",You give someone their job when they do what you give them to do.
wi men kòdenn konn big sa a gwo li menm,yes but this big cord this one is big itself,"
 Translate the following Haitian Creole expression into natural English.
 Only provide the English translation.

Haitian Creole text:
wi men kòdenn konn big sa a gwo li menm

English:

","yes but this cord is really big, very big indeed"
nan tèt yo conscious,"in their heads, they think","
 Translate the following Haitian Creole expression into natural English.
 Only provide the English translation.

Haitian Creole text:
nan tèt yo conscious

English:

","in their heads, conscious"
Mazora,Gap-toothed,"
 Translate the following Haitian Creole expression into natural English.
 Only provide the English translation.

Haitian Creole text:
Mazora

English:

",Mazora
tout nèt red,all completely red,"
 Translate the following Haitian Creole expression into natural English.
 Only provide the English translation.

Haitian Creole text:
tout nèt red

English:

",completely red
ak di k ap la mouri,and say that whoever is there is dying,"
 Translate the following Haitian Creole expression into natural English.
 Only provide the English translation.

Haitian Creole text:
ak di k ap la mouri

English:

",and say that whoever is there will die
m tande li fè it,I heard he did it,"
 Translate the following Haitian Creole expression into natural English.
 Only provide the English translation.

Haitian Creole text:
m tande li fè it

English:

",I heard he did it.
l ap pwomene l ap pwomene se two steps la,"He is walking around, he is walking around, it’s two steps there","
 Translate the following Haitian Creole expression into natural English.
 Only provide the English translation.

Haitian Creole text:
l ap pwomene l ap pwomene se two steps la

English:

","He’s walking around, he’s walking around, it’s too much of a two-step."
E lè kand nan pa fin grandi nèt konjou jan pou l ta **grow** li pa grandi konsa.,"And when the cane is not fully grown, no matter how much it should grow, it does not grow like that.","
 Translate the following Haitian Creole expression into natural English.
 Only provide the English translation.

Haitian Creole text:
E lè kand nan pa fin grandi nèt konjou jan pou l ta **grow** li pa grandi konsa.

English:

","And when the cane hasn’t fully grown yet, it doesn’t grow the way it should."
kankou di pou pitit la kabiyen grow up,like saying for the child how much he has grown,"
 Translate the following Haitian Creole expression into natural English.
 Only provide the English translation.

Haitian Creole text:
kankou di pou pitit la kabiyen grow up

English:

",like saying for the child to grow up
Oltare Seyou a?,Where is Seyou?,"
 Translate the following Haitian Creole expression into natural English.
 Only provide the English translation.

Haitian Creole text:
Oltare Seyou a?

English:

",Where is Seyou’s altar?
li peye yo pou tèt pig an,he paid them for the pig's head,"
 Translate the following Haitian Creole expression into natural English.
 Only provide the English translation.

Haitian Creole text:
li peye yo pou tèt pig an

English:

",he paid them for the pig’s head
nan sa m ap fè right now,in what I am doing now,"
 Translate the following Haitian Creole expression into natural English.
 Only provide the English translation.

Haitian Creole text:
nan sa m ap fè right now

English:

",in what I’m doing right now
w ap di an Bò k ap di anfen la rain a resi tonbe,you are saying on one side that in the end the rain finally fell,"
 Translate the following Haitian Creole expression into natural English.
 Only provide the English translation.

Haitian Creole text:
w ap di an Bò k ap di anfen la rain a resi tonbe

English:

","You’ll say, “At last, the rain finally fell.”"
gade yon ti for l,look a little for him,"
 Translate the following Haitian Creole expression into natural English.
 Only provide the English translation.

Haitian Creole text:
gade yon ti for l

English:

",look at him a little bit
"Wal fan tè m li, yo va di other jan ankò?","If I go tell them, will they say it another way again?","
 Translate the following Haitian Creole expression into natural English.
 Only provide the English translation.

Haitian Creole text:
Wal fan tè m li, yo va di other jan ankò?

English:

","If I tell them it’s my land, what else will they say?"
lèp mwen again,my lips again,"
 Translate the following Haitian Creole expression into natural English.
 Only provide the English translation.

Haitian Creole text:
lèp mwen again

English:

",my lips again
li di koute li li la ki money mizè,he says listen to him he is there that poor man,"
 Translate the following Haitian Creole expression into natural English.
 Only provide the English translation.

Haitian Creole text:
li di koute li li la ki money mizè

English:

","he said listen to him, he’s there with the money, misery"
l ap walk,he is walking,"
 Translate the following Haitian Creole expression into natural English.
 Only provide the English translation.

Haitian Creole text:
l ap walk

English:

",he is walking
nan ki sa konn measure,what is it usually measured in,"
 Translate the following Haitian Creole expression into natural English.
 Only provide the English translation.

Haitian Creole text:
nan ki sa konn measure

English:

",what do you usually measure in?
Pou diplomat beton yo ak Michel-Ange Hyppolite Jr,For sidewalk diplomat and Michel-Ange Hyppolite Jr.,"
 Translate the following Haitian Creole expression into natural English.
 Only provide the English translation.

Haitian Creole text:
Pou diplomat beton yo ak Michel-Ange Hyppolite Jr

English:

",For the concrete diplomats and Michel-Ange Hyppolite Jr
men issi tande yo pa genyen me,but here listen they don’t have me,"
 Translate the following Haitian Creole expression into natural English.
 Only provide the English translation.

Haitian Creole text:
men issi tande yo pa genyen me

English:

","but here, listen, they don’t have any more"
"On te konnen l, pa gen lòt people rele lisi ankò.","You knew him, there is no other young person called Lisi anymore.","
 Translate the following Haitian Creole expression into natural English.
 Only provide the English translation.

Haitian Creole text:
On te konnen l, pa gen lòt people rele lisi ankò.

English:

",We knew him; nobody calls him Lisi anymore.
men men men m ap mande En Malis where Bouki,but but but I’m asking En Malis where Bouki is,"
 Translate the following Haitian Creole expression into natural English.
 Only provide the English translation.

Haitian Creole text:
men men men m ap mande En Malis where Bouki

English:

",here here here I’m asking En Malis where Bouki
yo di m konsa se on fè ki bon pou kò fè pain,they told me that it’s a remedy that’s good for body aches,"
 Translate the following Haitian Creole expression into natural English.
 Only provide the English translation.

Haitian Creole text:
yo di m konsa se on fè ki bon pou kò fè pain

English:

",they told me that it’s a good thing to do to make bread
yo di where Bouki,they say where Bouki is,"
 Translate the following Haitian Creole expression into natural English.
 Only provide the English translation.

Haitian Creole text:
yo di where Bouki

English:

",they say where Bouki
se long wind,it’s a long time coming,"
 Translate the following Haitian Creole expression into natural English.
 Only provide the English translation.

Haitian Creole text:
se long wind

English:

",it’s a long story
ou pase Mayi a nan la yo,you passed the corn there,"
 Translate the following Haitian Creole expression into natural English.
 Only provide the English translation.

Haitian Creole text:
ou pase Mayi a nan la yo

English:

",you passed the corn through there
kijan m ap say,how am I supposed to say it,"
 Translate the following Haitian Creole expression into natural English.
 Only provide the English translation.

Haitian Creole text:
kijan m ap say

English:

",how am I supposed to say it
chat kay la y tou soft,the cat in the house is very sweet,"
 Translate the following Haitian Creole expression into natural English.
 Only provide the English translation.

Haitian Creole text:
chat kay la y tou soft

English:

",the cat in the house is also soft
ou fè espo w pò kòt tan alòke m de dou pa mize,you make me wait a long time while I’m not even at ease,"
 Translate the following Haitian Creole expression into natural English.
 Only provide the English translation.

Haitian Creole text:
ou fè espo w pò kòt tan alòke m de dou pa mize

English:

",you made me waste my time while I was already in a bad situation
li pral there,he will be there,"
 Translate the following Haitian Creole expression into natural English.
 Only provide the English translation.

Haitian Creole text:
li pral there

English:

",he will be there
Donk si pa egzanp tou e ou gen w pa kèt wood,"So if, for example, you also have a few pieces of wood","
 Translate the following Haitian Creole expression into natural English.
 Only provide the English translation.

Haitian Creole text:
Donk si pa egzanp tou e ou gen w pa kèt wood

English:

","So for example, if you also have a wood pocket."
ou ka di sa like that,you can say that like that,"
 Translate the following Haitian Creole expression into natural English.
 Only provide the English translation.

Haitian Creole text:
ou ka di sa like that

English:

",you can say that like that
bouki tout li pète the cord la,bouki broke the rope completely,"
 Translate the following Haitian Creole expression into natural English.
 Only provide the English translation.

Haitian Creole text:
bouki tout li pète the cord la

English:

","Bouki, he’s completely messed up the cord."
kòs bannann li,his banana peel,"
 Translate the following Haitian Creole expression into natural English.
 Only provide the English translation.

Haitian Creole text:
kòs bannann li

English:

",his banana peel
Pa kite timounn laj larezon teke nè ou.,"Above all, don't allow the casualness of young adults tickle your nerves.","
 Translate the following Haitian Creole expression into natural English.
 Only provide the English translation.

Haitian Creole text:
Pa kite timounn laj larezon teke nè ou.

English:

",Don’t let the child’s age get on your nerves.
tankou la l ap fè l sa w di,like there he is doing what you say,"
 Translate the following Haitian Creole expression into natural English.
 Only provide the English translation.

Haitian Creole text:
tankou la l ap fè l sa w di

English:

",like right now he’s doing what you said
"Gadonze k cho atè a, li hot!","Damn, the ground is hot, it’s hot!","
 Translate the following Haitian Creole expression into natural English.
 Only provide the English translation.

Haitian Creole text:
Gadonze k cho atè a, li hot!

English:

","It’s so hot on the ground, it’s hot!"
m pa konn di Bras when,I don’t know how to say “Bras lè.”,"
 Translate the following Haitian Creole expression into natural English.
 Only provide the English translation.

Haitian Creole text:
m pa konn di Bras when

English:

",I don’t know when to say “Bras.”
men ki jan l ban m food,but this is how he gives me food,"
 Translate the following Haitian Creole expression into natural English.
 Only provide the English translation.

Haitian Creole text:
men ki jan l ban m food

English:

",but this is how he gives me food
epi lèfini one time konsa,and then at some point like that,"
 Translate the following Haitian Creole expression into natural English.
 Only provide the English translation.

Haitian Creole text:
epi lèfini one time konsa

English:

",and then all of a sudden
tèlman chante ou sweet,your singing is so sweet,"
 Translate the following Haitian Creole expression into natural English.
 Only provide the English translation.

Haitian Creole text:
tèlman chante ou sweet

English:

",your singing is so sweet
omilye Michey sit down,Michey City in the middle,"
 Translate the following Haitian Creole expression into natural English.
 Only provide the English translation.

Haitian Creole text:
omilye Michey sit down

English:

",Michey sat down in the middle.
dap pal avèk ou Ou repounm me,I’m talking with you. You answer me.,"
 Translate the following Haitian Creole expression into natural English.
 Only provide the English translation.

Haitian Creole text:
dap pal avèk ou Ou repounm me

English:

",I’ll talk with you. You answer me.
moun yo te kontan say,people were happy to say,"
 Translate the following Haitian Creole expression into natural English.
 Only provide the English translation.

Haitian Creole text:
moun yo te kontan say

English:

",people were happy to say
ou di konsatèman deportation,you said about deportation,"
 Translate the following Haitian Creole expression into natural English.
 Only provide the English translation.

Haitian Creole text:
ou di konsatèman deportation

English:

",you said something about deportation
adanpè ka pran plizyè moun nan,can take several people in,"
 Translate the following Haitian Creole expression into natural English.
 Only provide the English translation.

Haitian Creole text:
adanpè ka pran plizyè moun nan

English:

",can take several people in
sa w ta di again?,what else would you say?,"
 Translate the following Haitian Creole expression into natural English.
 Only provide the English translation.

Haitian Creole text:
sa w ta di again?

English:

",What would you say again?
fò l ap speak,he must be speaking,"
 Translate the following Haitian Creole expression into natural English.
 Only provide the English translation.

Haitian Creole text:
fò l ap speak

English:

",he has to speak
"Bon, pou konn leve, epi lò w leve, for example.","Well, to know how to get up, and when you get up, for example.","
 Translate the following Haitian Creole expression into natural English.
 Only provide the English translation.

Haitian Creole text:
Bon, pou konn leve, epi lò w leve, for example.

English:

","Well, to know how to get up, and when you get up, for example."
lavè y al church,they went to church,"
 Translate the following Haitian Creole expression into natural English.
 Only provide the English translation.

Haitian Creole text:
lavè y al church

English:

",they went to church
li di nan monchè,he said to the man,"
 Translate the following Haitian Creole expression into natural English.
 Only provide the English translation.

Haitian Creole text:
li di nan monchè

English:

","he said, man"
ou pa know,you don't know,"
 Translate the following Haitian Creole expression into natural English.
 Only provide the English translation.

Haitian Creole text:
ou pa know

English:

",you don’t know
bouk ki mache nan ganga pou l konn kont manman Malis ye,the witch doctor who walks in ganga to know the story of Malis’s mother,"
 Translate the following Haitian Creole expression into natural English.
 Only provide the English translation.

Haitian Creole text:
bouk ki mache nan ganga pou l konn kont manman Malis ye

English:

",a fool who walks around in ganga to know how many mothers Malis has
li konw ti konn ki menm Yo te pou tie kòd la,he knew that they were going to tie the rope,"
 Translate the following Haitian Creole expression into natural English.
 Only provide the English translation.

Haitian Creole text:
li konw ti konn ki menm Yo te pou tie kòd la

English:

",he knew that they were going to tie the rope
Yon lè yon rabbit,Once upon a time a hare,"
 Translate the following Haitian Creole expression into natural English.
 Only provide the English translation.

Haitian Creole text:
Yon lè yon rabbit

English:

","Once upon a time, a rabbit"
Yo chon lan se moute yo.,They are the ones who are going up.,"
 Translate the following Haitian Creole expression into natural English.
 Only provide the English translation.

Haitian Creole text:
Yo chon lan se moute yo.

English:

",They’re the ones who are climbing up.
fè l fè finish ye.,make it finish.,"
 Translate the following Haitian Creole expression into natural English.
 Only provide the English translation.

Haitian Creole text:
fè l fè finish ye.

English:

",make it finish up.
li rete sou li l kill l tou,he stayed on him and killed him too,"
 Translate the following Haitian Creole expression into natural English.
 Only provide the English translation.

Haitian Creole text:
li rete sou li l kill l tou

English:

",he stayed on him and killed him too
ki sa a ak Mwen pou t dlo al bay moun men nan jaden pou te dlo asen nan jaden,what is this and I am going to bring water to people in the garden to water the garden,"
 Translate the following Haitian Creole expression into natural English.
 Only provide the English translation.

Haitian Creole text:
ki sa a ak Mwen pou t dlo al bay moun men nan jaden pou te dlo asen nan jaden

English:

",what is this and I have to carry water to give people in the garden to water the garden
moun nan really di,the person in the area says,"
 Translate the following Haitian Creole expression into natural English.
 Only provide the English translation.

Haitian Creole text:
moun nan really di

English:

",the person really said it
tòk adey anpò,talk to you later,"
 Translate the following Haitian Creole expression into natural English.
 Only provide the English translation.

Haitian Creole text:
tòk adey anpò

English:

",talk later then
ou di Mèsi Granmèt la,you say thank you to the Lord,"
 Translate the following Haitian Creole expression into natural English.
 Only provide the English translation.

Haitian Creole text:
ou di Mèsi Granmèt la

English:

",you say thank you to the Lord
alò te bay sa yo p ap wè yo ankò money,So then they gave those who would no longer see them money,"
 Translate the following Haitian Creole expression into natural English.
 Only provide the English translation.

Haitian Creole text:
alò te bay sa yo p ap wè yo ankò money

English:

","so then give those things they won’t see them again, money"
lapri di ti kòd la heavy.,the little rope is heavy.,"
 Translate the following Haitian Creole expression into natural English.
 Only provide the English translation.

Haitian Creole text:
lapri di ti kòd la heavy.

English:

",The little rope is heavy.
e te fè nwit l ap fall,and it was getting dark,"
 Translate the following Haitian Creole expression into natural English.
 Only provide the English translation.

Haitian Creole text:
e te fè nwit l ap fall

English:

",and it was getting dark at night
epi sa yo di l ap do la,and what they say he is doing there,"
 Translate the following Haitian Creole expression into natural English.
 Only provide the English translation.

Haitian Creole text:
epi sa yo di l ap do la

English:

",and what they say is behind there
"« Kreyasyon mantal se youn nan pi gwo power, nou menm kretyenvivan, nou genyen pou nou transfòme lamatyè. »",the creative force of the spirit is the most marvelous resource that we human beings possess in order to transform matter,"
 Translate the following Haitian Creole expression into natural English.
 Only provide the English translation.

Haitian Creole text:
« Kreyasyon mantal se youn nan pi gwo power, nou menm kretyenvivan, nou genyen pou nou transfòme lamatyè. »

English:

","Mental creation is one of the greatest powers we, as living Christians, have to transform matter."
"se konsa, say that only?","So, just say that?","
 Translate the following Haitian Creole expression into natural English.
 Only provide the English translation.

Haitian Creole text:
se konsa, say that only?

English:

","So, is that all you’re saying?"
lè par example pou moutè,"for example, for the driver","
 Translate the following Haitian Creole expression into natural English.
 Only provide the English translation.

Haitian Creole text:
lè par example pou moutè

English:

","for example, for the driver"
ou bagen money,you don't have money,"
 Translate the following Haitian Creole expression into natural English.
 Only provide the English translation.

Haitian Creole text:
ou bagen money

English:

",you don't have money
sou pa gen plates,if you don’t have a plate,"
 Translate the following Haitian Creole expression into natural English.
 Only provide the English translation.

Haitian Creole text:
sou pa gen plates

English:

",I don’t have any plates.
Ou chita sou po bèf-la wap criticize-l mal.,The ungrateful insult the very ones who help them.,"
 Translate the following Haitian Creole expression into natural English.
 Only provide the English translation.

Haitian Creole text:
Ou chita sou po bèf-la wap criticize-l mal.

English:

",You’re sitting on the cowhide and criticizing it badly.
men se ti fi l tou small,"but she is also a little girl, too young","
 Translate the following Haitian Creole expression into natural English.
 Only provide the English translation.

Haitian Creole text:
men se ti fi l tou small

English:

","but she’s also a little girl, too small"
"nou dwe pote sèkèy reyalite kè sere a ak courage,","Therefore, we must live with the tightness of our heart,","
 Translate the following Haitian Creole expression into natural English.
 Only provide the English translation.

Haitian Creole text:
nou dwe pote sèkèy reyalite kè sere a ak courage,

English:

",we must carry the coffin of heartbreaking reality with courage
se pou fè that,it is necessary to do that,"
 Translate the following Haitian Creole expression into natural English.
 Only provide the English translation.

Haitian Creole text:
se pou fè that

English:

",it’s to do that
ou tout prè there.,you are very close.,"
 Translate the following Haitian Creole expression into natural English.
 Only provide the English translation.

Haitian Creole text:
ou tout prè there.

English:

",you’re almost there
yo moun nou wè that person sa a,"we are people, we see that person","
 Translate the following Haitian Creole expression into natural English.
 Only provide the English translation.

Haitian Creole text:
yo moun nou wè that person sa a

English:

",the person we see
- vizite Canadian militè kanadyen yo ki nan peyi etranje epi remèt yo dekorasyon;,- visit and present decorations to Canadian mi­ litary personnel abroad;,"
 Translate the following Haitian Creole expression into natural English.
 Only provide the English translation.

Haitian Creole text:
- vizite Canadian militè kanadyen yo ki nan peyi etranje epi remèt yo dekorasyon;

English:

",- visit Canadian military personnel stationed abroad and present them with decorations;
nou menm here,we here,"
 Translate the following Haitian Creole expression into natural English.
 Only provide the English translation.

Haitian Creole text:
nou menm here

English:

",we’re here
choufye an pa ka keep l,the driver can’t hold him back,"
 Translate the following Haitian Creole expression into natural English.
 Only provide the English translation.

Haitian Creole text:
choufye an pa ka keep l

English:

",the chauffeur can’t keep him
donk si w ap joure li w ap di l,"so if you’re insulting him, you’re telling him","
 Translate the following Haitian Creole expression into natural English.
 Only provide the English translation.

Haitian Creole text:
donk si w ap joure li w ap di l

English:

","so if you’re insulting him, you’re telling him"
"Konsa, nou va tounen marasa dosou dosa nan rasin dlo, metrès tout forms lavi sou latè.","Our two lives will fuse into one like those spirits dwelling at the source of the water, mistress of all forms of life on earth.","
 Translate the following Haitian Creole expression into natural English.
 Only provide the English translation.

Haitian Creole text:
Konsa, nou va tounen marasa dosou dosa nan rasin dlo, metrès tout forms lavi sou latè.

English:

","So, we will become twin souls in the roots of the water, mistress of all forms of life on earth."
sa rele gwo cotton twal?,What is called a large cotton cloth?,"
 Translate the following Haitian Creole expression into natural English.
 Only provide the English translation.

Haitian Creole text:
sa rele gwo cotton twal?

English:

",What do you call thick cotton cloth?
ki an yo call yo?,what are they called?,"
 Translate the following Haitian Creole expression into natural English.
 Only provide the English translation.

Haitian Creole text:
ki an yo call yo?

English:

",What do they call them?
e sa a child,and this is a child,"
 Translate the following Haitian Creole expression into natural English.
 Only provide the English translation.

Haitian Creole text:
e sa a child

English:

",and this is a child
eee timoun yo li pa give anyen,"eee the children, he doesn’t give anything","
 Translate the following Haitian Creole expression into natural English.
 Only provide the English translation.

Haitian Creole text:
eee timoun yo li pa give anyen

English:

","the kids, he didn’t give anything"
kichon di moun sa ap go,the pig says that person is going away,"
 Translate the following Haitian Creole expression into natural English.
 Only provide the English translation.

Haitian Creole text:
kichon di moun sa ap go

English:

",the pig says that person is going
men gwo sisters yo,but here are the big sisters,"
 Translate the following Haitian Creole expression into natural English.
 Only provide the English translation.

Haitian Creole text:
men gwo sisters yo

English:

",here are the big sisters
pou ka run la,to be able to run there,"
 Translate the following Haitian Creole expression into natural English.
 Only provide the English translation.

Haitian Creole text:
pou ka run la

English:

",to be able to run there
ti se li,it was him,"
 Translate the following Haitian Creole expression into natural English.
 Only provide the English translation.

Haitian Creole text:
ti se li

English:

",it’s just him/her
kòm gwo woman,as a grown woman,"
 Translate the following Haitian Creole expression into natural English.
 Only provide the English translation.

Haitian Creole text:
kòm gwo woman

English:

",like a big novel
"Gide timoun, gran moun nan aprè akonton bagay, li parèt li di Non, se pa konsa, se like that.","Guide children, adults afterward with things, it seems he says No, that’s not how it is, it’s like this.","
 Translate the following Haitian Creole expression into natural English.
 Only provide the English translation.

Haitian Creole text:
Gide timoun, gran moun nan aprè akonton bagay, li parèt li di Non, se pa konsa, se like that.

English:

","Guide the children, the adults afterward, and when it comes to things, he appears and says, “No, that’s not how it is, it’s like that.”"
eba yo fè the thing a,there they made it,"
 Translate the following Haitian Creole expression into natural English.
 Only provide the English translation.

Haitian Creole text:
eba yo fè the thing a

English:

",let them do the thing
ap arela pa pran,he is not taking it lightly,"
 Translate the following Haitian Creole expression into natural English.
 Only provide the English translation.

Haitian Creole text:
ap arela pa pran

English:

",don’t take it lightly
l ap fè l weird pou ou,I’ll do it for you.,"
 Translate the following Haitian Creole expression into natural English.
 Only provide the English translation.

Haitian Creole text:
l ap fè l weird pou ou

English:

",he’s making it weird for you
depi li jwenn bagay,as soon as he gets things,"
 Translate the following Haitian Creole expression into natural English.
 Only provide the English translation.

Haitian Creole text:
depi li jwenn bagay

English:

",as soon as he gets something
Donk lò te dim se ti Bebe a se pa t ti Bebe,"So when they told me it was the baby, it wasn’t the baby.","
 Translate the following Haitian Creole expression into natural English.
 Only provide the English translation.

Haitian Creole text:
Donk lò te dim se ti Bebe a se pa t ti Bebe

English:

","So when they told me it was the baby, it wasn’t the baby."
m pa know l,I don’t know him.,"
 Translate the following Haitian Creole expression into natural English.
 Only provide the English translation.

Haitian Creole text:
m pa know l

English:

",I don’t know him.
se pa mwen ki di konsa,It’s not me who said that.,"
 Translate the following Haitian Creole expression into natural English.
 Only provide the English translation.

Haitian Creole text:
se pa mwen ki di konsa

English:

",I’m not the one saying that.
konse rede lòt give,consider giving the other one back,"
 Translate the following Haitian Creole expression into natural English.
 Only provide the English translation.

Haitian Creole text:
konse rede lòt give

English:

",give the other one back
lè yon mètenn nadanm yo bretè a work,when a woman puts on her apron to work,"
 Translate the following Haitian Creole expression into natural English.
 Only provide the English translation.

Haitian Creole text:
lè yon mètenn nadanm yo bretè a work

English:

",when a woman puts on her work clothes
"yo la, y ap manage.","They were there, they cleared the rubble.","
 Translate the following Haitian Creole expression into natural English.
 Only provide the English translation.

Haitian Creole text:
yo la, y ap manage.

English:

","They’re there, they’re managing."
m p ap ba w anything,I’m not giving you anything.,"
 Translate the following Haitian Creole expression into natural English.
 Only provide the English translation.

Haitian Creole text:
m p ap ba w anything

English:

",I’m not giving you anything.
nan watè se konsa sèlman yo call li,in the toilet that’s what they call it only,"
 Translate the following Haitian Creole expression into natural English.
 Only provide the English translation.

Haitian Creole text:
nan watè se konsa sèlman yo call li

English:

",that’s just what they call it in the water
mankou pwa avèt,like a bean pod,"
 Translate the following Haitian Creole expression into natural English.
 Only provide the English translation.

Haitian Creole text:
mankou pwa avèt

English:

",like a bean sprout
tout tout all,all all all,"
 Translate the following Haitian Creole expression into natural English.
 Only provide the English translation.

Haitian Creole text:
tout tout all

English:

",all all all
"Enen, l va kou rebe ti, madòm nan menm li ale l pran kle a, ou vè the house la.","Then, when it was almost time, the lady herself went and took the key, and went to the house.","
 Translate the following Haitian Creole expression into natural English.
 Only provide the English translation.

Haitian Creole text:
Enen, l va kou rebe ti, madòm nan menm li ale l pran kle a, ou vè the house la.

English:

","Then, when it was about to get dark, the lady herself went and took the key, and headed to the house."
wouvou little mi,my little baby,"
 Translate the following Haitian Creole expression into natural English.
 Only provide the English translation.

Haitian Creole text:
wouvou little mi

English:

",my little one
Chak jou pa Sunday,you may not get the same results all the time,"
 Translate the following Haitian Creole expression into natural English.
 Only provide the English translation.

Haitian Creole text:
Chak jou pa Sunday

English:

",Every day isn’t Sunday.
sa w fè la pou w for?,what are you doing there for?,"
 Translate the following Haitian Creole expression into natural English.
 Only provide the English translation.

Haitian Creole text:
sa w fè la pou w for?

English:

",Why are you acting so tough?
jan wontè sou di a ou di clean pwòp,"as shameful as the saying goes, you said it very clearly","
 Translate the following Haitian Creole expression into natural English.
 Only provide the English translation.

Haitian Creole text:
jan wontè sou di a ou di clean pwòp

English:

","how ashamed you are to say it, you say clean and neat"
li diriz ak mission,he leads with a mission,"
 Translate the following Haitian Creole expression into natural English.
 Only provide the English translation.

Haitian Creole text:
li diriz ak mission

English:

",he leads with a mission
papò l al pa pwoye provisions,he is not going to provide provisions,"
 Translate the following Haitian Creole expression into natural English.
 Only provide the English translation.

Haitian Creole text:
papò l al pa pwoye provisions

English:

",he’s not going to provide provisions
fò li gen marriage,it must have a marriage,"
 Translate the following Haitian Creole expression into natural English.
 Only provide the English translation.

Haitian Creole text:
fò li gen marriage

English:

",he has to be married
donk ki an m deka say sa.,So what can I say about that.,"
 Translate the following Haitian Creole expression into natural English.
 Only provide the English translation.

Haitian Creole text:
donk ki an m deka say sa.

English:

",So how am I supposed to say that?
"Zèl li, apa de zèl ki sòt konn nan pwason anpa, li gen ke, li gen head.","Its wings, apart from the wings that are usually found in fish, it has a tail, it has a head.","
 Translate the following Haitian Creole expression into natural English.
 Only provide the English translation.

Haitian Creole text:
Zèl li, apa de zèl ki sòt konn nan pwason anpa, li gen ke, li gen head.

English:

","Its wings, apart from the wings that are usually found on fish, it has a tail, it has a head."
nan pò people yo,in people’s port,"
 Translate the following Haitian Creole expression into natural English.
 Only provide the English translation.

Haitian Creole text:
nan pò people yo

English:

",in the people’s port
"Mesye li di rap ni bad, non?","Sir, he said the rap is bad, right?","
 Translate the following Haitian Creole expression into natural English.
 Only provide the English translation.

Haitian Creole text:
Mesye li di rap ni bad, non?

English:

","The guy said the rap is bad, right?"
ki anmikenbe child nan?,Who is holding the child?,"
 Translate the following Haitian Creole expression into natural English.
 Only provide the English translation.

Haitian Creole text:
ki anmikenbe child nan?

English:

",What is holding the child?
debay ay ga wett sou me,they’re talking nonsense about me,"
 Translate the following Haitian Creole expression into natural English.
 Only provide the English translation.

Haitian Creole text:
debay ay ga wett sou me

English:

",I’m not able to translate this phrase confidently because it appears misspelled or unclear.
Kri an yo rele bay sa again?,What do they call that cry again?,"
 Translate the following Haitian Creole expression into natural English.
 Only provide the English translation.

Haitian Creole text:
Kri an yo rele bay sa again?

English:

",What do they call that again?
alè m metou nan position m menm,now I put myself in my own position,"
 Translate the following Haitian Creole expression into natural English.
 Only provide the English translation.

Haitian Creole text:
alè m metou nan position m menm

English:

",now I’m putting myself in my own position
tita te konn good,Tita used to be good,"
 Translate the following Haitian Creole expression into natural English.
 Only provide the English translation.

Haitian Creole text:
tita te konn good

English:

",Tita used to be good
epi l ap jòn l ap gen **headache** lan tèt li ou wè **headache** lan tèt li byen pwòp,"and it will be yellow, it will have the cap on its head, you see the cap on its head very clearly","
 Translate the following Haitian Creole expression into natural English.
 Only provide the English translation.

Haitian Creole text:
epi l ap jòn l ap gen **headache** lan tèt li ou wè **headache** lan tèt li byen pwòp

English:

","and it will be yellow, it will have a headache in its head, you see the headache in its head very clearly"
gratin makawoni ayisyen yo distenge pa teksti krèm li yo ak intense gou.,Haitian macaroni au gratin is distinguished by its creamy texture and intense taste.,"
 Translate the following Haitian Creole expression into natural English.
 Only provide the English translation.

Haitian Creole text:
gratin makawoni ayisyen yo distenge pa teksti krèm li yo ak intense gou.

English:

",Haitian macaroni gratin is distinguished by its creamy texture and intense flavor.
"a bon, ok.","ah, okay.","
 Translate the following Haitian Creole expression into natural English.
 Only provide the English translation.

Haitian Creole text:
a bon, ok.

English:

","Alright, okay."
sa y ap do,what they are doing,"
 Translate the following Haitian Creole expression into natural English.
 Only provide the English translation.

Haitian Creole text:
sa y ap do

English:

",what are they doing
li di good,he says good,"
 Translate the following Haitian Creole expression into natural English.
 Only provide the English translation.

Haitian Creole text:
li di good

English:

",he says good
ou di ban moun sa yo,you told those people,"
 Translate the following Haitian Creole expression into natural English.
 Only provide the English translation.

Haitian Creole text:
ou di ban moun sa yo

English:

",you told those people
Pou Yvon Lamour,To Yvon Lamour,"
 Translate the following Haitian Creole expression into natural English.
 Only provide the English translation.

Haitian Creole text:
Pou Yvon Lamour

English:

",For Yvon Lamour
paske i granpi kèk,because it is a little bigger,"
 Translate the following Haitian Creole expression into natural English.
 Only provide the English translation.

Haitian Creole text:
paske i granpi kèk

English:

",because it’s a bit big
li pa gen order jen ou di,he has no order as you say,"
 Translate the following Haitian Creole expression into natural English.
 Only provide the English translation.

Haitian Creole text:
li pa gen order jen ou di

English:

",he doesn’t have the order you said
lanyi la m koupe tèt king.,Yesterday I cut off the king’s head.,"
 Translate the following Haitian Creole expression into natural English.
 Only provide the English translation.

Haitian Creole text:
lanyi la m koupe tèt king.

English:

",I cut King’s head off.
depi m pa gen know,since I don’t know,"
 Translate the following Haitian Creole expression into natural English.
 Only provide the English translation.

Haitian Creole text:
depi m pa gen know

English:

",since I don’t know
ki bò prale,Where are you going?,"
 Translate the following Haitian Creole expression into natural English.
 Only provide the English translation.

Haitian Creole text:
ki bò prale

English:

",where are you going
legim li ye,it is a vegetable,"
 Translate the following Haitian Creole expression into natural English.
 Only provide the English translation.

Haitian Creole text:
legim li ye

English:

",it’s vegetables
depi vè one o’clock,since around one o’clock,"
 Translate the following Haitian Creole expression into natural English.
 Only provide the English translation.

Haitian Creole text:
depi vè one o’clock

English:

",since around one o’clock
men tout maten an la m tande w ap pale de sa a tè l moun gen tè l pa kisanko a,"but all morning here I’ve been hearing you talking about this land, people have land, not because of that","
 Translate the following Haitian Creole expression into natural English.
 Only provide the English translation.

Haitian Creole text:
men tout maten an la m tande w ap pale de sa a tè l moun gen tè l pa kisanko a

English:

","all morning here i’ve been hearing you talking about that, people have land, they don’t know why"
"m tra fè devan, okay.","I’m going ahead, okay.","
 Translate the following Haitian Creole expression into natural English.
 Only provide the English translation.

Haitian Creole text:
m tra fè devan, okay.

English:

","I’ll go ahead and do it, okay."
"Tankou youn pòslèn Ou ap rete fragile Nan rasin lespri-m Konsa,",Like porcelain Your fragile presence dwells In the recesses of my soul.,"
 Translate the following Haitian Creole expression into natural English.
 Only provide the English translation.

Haitian Creole text:
Tankou youn pòslèn Ou ap rete fragile Nan rasin lespri-m Konsa,

English:

","Like porcelain, you remain fragile in the roots of my mind, so,"
moun baray yo take,the people they took away,"
 Translate the following Haitian Creole expression into natural English.
 Only provide the English translation.

Haitian Creole text:
moun baray yo take

English:

",the people they took away
"Tou jou wè yo fè sa, men, pa janm worry sa.","Every day you see them do that, but never mind it.","
 Translate the following Haitian Creole expression into natural English.
 Only provide the English translation.

Haitian Creole text:
Tou jou wè yo fè sa, men, pa janm worry sa.

English:

","Every day they do that, but don’t worry about it."
sa yo do l,what they did to him,"
 Translate the following Haitian Creole expression into natural English.
 Only provide the English translation.

Haitian Creole text:
sa yo do l

English:

",what they did to him
se pa sa w te di one,"that’s not what you said, is it","
 Translate the following Haitian Creole expression into natural English.
 Only provide the English translation.

Haitian Creole text:
se pa sa w te di one

English:

","that’s not what you said, though"
ou pons that,you think that,"
 Translate the following Haitian Creole expression into natural English.
 Only provide the English translation.

Haitian Creole text:
ou pons that

English:

",you think that
Sa nou achte again?,What else are we buying?,"
 Translate the following Haitian Creole expression into natural English.
 Only provide the English translation.

Haitian Creole text:
Sa nou achte again?

English:

",What else are we buying?
yo m ap drop lòt la,I’m going to knock the other one down,"
 Translate the following Haitian Creole expression into natural English.
 Only provide the English translation.

Haitian Creole text:
yo m ap drop lòt la

English:

",I’m dropping the other one.
anon sa l give l,let him give it to him,"
 Translate the following Haitian Creole expression into natural English.
 Only provide the English translation.

Haitian Creole text:
anon sa l give l

English:

",I don’t know what he gave him.
Kòm mwen gentle la,As I am gentle there,"
 Translate the following Haitian Creole expression into natural English.
 Only provide the English translation.

Haitian Creole text:
Kòm mwen gentle la

English:

",As I’m being gentle here
enben w w ka di ta gen kote **park** machin,"well, you could say there would be places where cars would collide","
 Translate the following Haitian Creole expression into natural English.
 Only provide the English translation.

Haitian Creole text:
enben w w ka di ta gen kote **park** machin

English:

","well, you could say there would be a place to park cars"
la ki kote pa egzanp ou are,where are you for example,"
 Translate the following Haitian Creole expression into natural English.
 Only provide the English translation.

Haitian Creole text:
la ki kote pa egzanp ou are

English:

","for example, where are you?"
wè sa ou ka say l pou men,see what you can tell him for me,"
 Translate the following Haitian Creole expression into natural English.
 Only provide the English translation.

Haitian Creole text:
wè sa ou ka say l pou men

English:

",see what you can say to him for me
m te see,I saw it,"
 Translate the following Haitian Creole expression into natural English.
 Only provide the English translation.

Haitian Creole text:
m te see

English:

",I saw it
"Mwen sonje se te yOun bèl samdi aprèmidi mwa mas, sa fè 22 an.","It was a beautiful afternoon in March, 22 years ago.","
 Translate the following Haitian Creole expression into natural English.
 Only provide the English translation.

Haitian Creole text:
Mwen sonje se te yOun bèl samdi aprèmidi mwa mas, sa fè 22 an.

English:

","I remember it was a beautiful Saturday afternoon in March, 22 years ago."
mwen tou good,I’m fine too,"
 Translate the following Haitian Creole expression into natural English.
 Only provide the English translation.

Haitian Creole text:
mwen tou good

English:

",I’m good too
tout kote se him menm,everywhere it is the same one,"
 Translate the following Haitian Creole expression into natural English.
 Only provide the English translation.

Haitian Creole text:
tout kote se him menm

English:

","everywhere, it’s him himself"
Sakrifis Anriyèt la pa t pou gratitude :,Henriette's sacrifice was not in vain.,"
 Translate the following Haitian Creole expression into natural English.
 Only provide the English translation.

Haitian Creole text:
Sakrifis Anriyèt la pa t pou gratitude :

English:

",Henriette’s sacrifice was not for gratitude.
ou te al avèk Bèl Rag,you went with Bèl Rag,"
 Translate the following Haitian Creole expression into natural English.
 Only provide the English translation.

Haitian Creole text:
ou te al avèk Bèl Rag

English:

",you went with Bèl Rag
wè vika woujou dari,see red vika dari,"
 Translate the following Haitian Creole expression into natural English.
 Only provide the English translation.

Haitian Creole text:
wè vika woujou dari

English:

",I see red berries.
se kan pa egzanp li pralon kote l mete l ki,"it’s like, for example, where he’s going to put it, which is where he puts it","
 Translate the following Haitian Creole expression into natural English.
 Only provide the English translation.

Haitian Creole text:
se kan pa egzanp li pralon kote l mete l ki

English:

","for example, it’s where he’s going to put it that…"
"Men, mwen pitit.","But, I am a child.","
 Translate the following Haitian Creole expression into natural English.
 Only provide the English translation.

Haitian Creole text:
Men, mwen pitit.

English:

","But, I’m just a kid."
"Epi, on ti, on ti bèf, moving, ti bèf.","And, a little, a little cow, moving, little cow.","
 Translate the following Haitian Creole expression into natural English.
 Only provide the English translation.

Haitian Creole text:
Epi, on ti, on ti bèf, moving, ti bèf.

English:

","And, a little, a little cow, moving, little cow."
se li menm ankò ki stole mouton an,It was him again who stole the sheep.,"
 Translate the following Haitian Creole expression into natural English.
 Only provide the English translation.

Haitian Creole text:
se li menm ankò ki stole mouton an

English:

",it was him again who stole the sheep
pigi yon pakèt hours,a lot of grass,"
 Translate the following Haitian Creole expression into natural English.
 Only provide the English translation.

Haitian Creole text:
pigi yon pakèt hours

English:

",spend a lot of hours
ou bezwen ou moun pou moute kay you,you need someone to go up to your house,"
 Translate the following Haitian Creole expression into natural English.
 Only provide the English translation.

Haitian Creole text:
ou bezwen ou moun pou moute kay you

English:

",you need someone to go up to the house for you
"Soul,","Dear Soul,","
 Translate the following Haitian Creole expression into natural English.
 Only provide the English translation.

Haitian Creole text:
Soul,

English:

","Soul,"
alè ou bwoukè ou ki ka fè ki strong,"now you are broken, what can make you strong","
 Translate the following Haitian Creole expression into natural English.
 Only provide the English translation.

Haitian Creole text:
alè ou bwoukè ou ki ka fè ki strong

English:

","Now you’re broken, what can make you strong?"
"Tout fason, na fèsyon, se chadèk la, anp jye chef, m?","Anyway, we’ll do it, it’s the grapefruit, huh, chief, huh?","
 Translate the following Haitian Creole expression into natural English.
 Only provide the English translation.

Haitian Creole text:
Tout fason, na fèsyon, se chadèk la, anp jye chef, m?

English:

","Anyway, we’ll do it, it’s the grapefruit, boss, right?"
ou kote l place l,where did he put it,"
 Translate the following Haitian Creole expression into natural English.
 Only provide the English translation.

Haitian Creole text:
ou kote l place l

English:

",where did you put it?
"Yo konn pop pou koupe, machete koulin.","They know how to cut with a machete, a curved machete.","
 Translate the following Haitian Creole expression into natural English.
 Only provide the English translation.

Haitian Creole text:
Yo konn pop pou koupe, machete koulin.

English:

",They know how to chop with a machete.
se pa menm pa ki menm kounye a menm you dog moun kan lache an,"it’s not even the same step now, even a dog, when people let it loose","
 Translate the following Haitian Creole expression into natural English.
 Only provide the English translation.

Haitian Creole text:
se pa menm pa ki menm kounye a menm you dog moun kan lache an

English:

","It’s not even the same step anymore, like a dog that’s been let loose now."
se leve m neve tètman ki m gade that person,It was only when I raised my head that I looked at that person.,"
 Translate the following Haitian Creole expression into natural English.
 Only provide the English translation.

Haitian Creole text:
se leve m neve tètman ki m gade that person

English:

",I looked at that person because my nephew was standing right there.
li tonbe nan hole la,he fell into the trap,"
 Translate the following Haitian Creole expression into natural English.
 Only provide the English translation.

Haitian Creole text:
li tonbe nan hole la

English:

",he fell into the hole
li gen pou l leve la four dimad,he has to get up there at four on Tuesday,"
 Translate the following Haitian Creole expression into natural English.
 Only provide the English translation.

Haitian Creole text:
li gen pou l leve la four dimad

English:

",he has to get up at four on Tuesday
dika tè food mwanje,the land is eating me,"
 Translate the following Haitian Creole expression into natural English.
 Only provide the English translation.

Haitian Creole text:
dika tè food mwanje

English:

","I’m not sure this phrase is standard Haitian Creole, but a natural English rendering would be:

**“I’m eating food on the ground.”**"
Sèl sa ki kab retire yo nan tèt nou se death.,Only death can separate them from us.,"
 Translate the following Haitian Creole expression into natural English.
 Only provide the English translation.

Haitian Creole text:
Sèl sa ki kab retire yo nan tèt nou se death.

English:

",The only thing that can remove them from our minds is death.
L ap sote.,He is jumping.,"
 Translate the following Haitian Creole expression into natural English.
 Only provide the English translation.

Haitian Creole text:
L ap sote.

English:

",He is jumping.
nou an put l,we put it on,"
 Translate the following Haitian Creole expression into natural English.
 Only provide the English translation.

Haitian Creole text:
nou an put l

English:

",we put it in the ass
avan male m gen words m tou.,"before I get sick, I also have my say.","
 Translate the following Haitian Creole expression into natural English.
 Only provide the English translation.

Haitian Creole text:
avan male m gen words m tou.

English:

","Before I get mad, I have words too."
an kònd agreement,a condition of agreement,"
 Translate the following Haitian Creole expression into natural English.
 Only provide the English translation.

Haitian Creole text:
an kònd agreement

English:

",a signed agreement
afan renmasyon nan mwen sa yo do,I am ashamed of what they are doing to me.,"
 Translate the following Haitian Creole expression into natural English.
 Only provide the English translation.

Haitian Creole text:
afan renmasyon nan mwen sa yo do

English:

",I’m not sure what this Haitian Creole phrase means as written.
ou pa konnen ki ann call.,you don’t know who is calling.,"
 Translate the following Haitian Creole expression into natural English.
 Only provide the English translation.

Haitian Creole text:
ou pa konnen ki ann call.

English:

",you don’t know what’s going on.
sa di an n al evolve,that means let’s go to Evolo,"
 Translate the following Haitian Creole expression into natural English.
 Only provide the English translation.

Haitian Creole text:
sa di an n al evolve

English:

",that means let’s evolve
w te pran pitit l,you took his child,"
 Translate the following Haitian Creole expression into natural English.
 Only provide the English translation.

Haitian Creole text:
w te pran pitit l

English:

",you took his child
Soul.,"Good evening Soul,","
 Translate the following Haitian Creole expression into natural English.
 Only provide the English translation.

Haitian Creole text:
Soul.

English:

",Soul.
on moun gen on thing li achte,someone has something they bought,"
 Translate the following Haitian Creole expression into natural English.
 Only provide the English translation.

Haitian Creole text:
on moun gen on thing li achte

English:

",someone has something they bought
an li jan yo call yo,and how they are called,"
 Translate the following Haitian Creole expression into natural English.
 Only provide the English translation.

Haitian Creole text:
an li jan yo call yo

English:

",and the way they call them
pouvki lè yon call l ankkò,why when someone calls him again,"
 Translate the following Haitian Creole expression into natural English.
 Only provide the English translation.

Haitian Creole text:
pouvki lè yon call l ankkò

English:

",why when you call him again
madanm manm li te same menm,his wife was there too,"
 Translate the following Haitian Creole expression into natural English.
 Only provide the English translation.

Haitian Creole text:
madanm manm li te same menm

English:

",his wife was the same too
li kanpe sou bench lan,he is standing on the cabin,"
 Translate the following Haitian Creole expression into natural English.
 Only provide the English translation.

Haitian Creole text:
li kanpe sou bench lan

English:

",he is standing on the bench
li moun sa daddy.,"he is that person, dada.","
 Translate the following Haitian Creole expression into natural English.
 Only provide the English translation.

Haitian Creole text:
li moun sa daddy.

English:

",he’s that person’s daddy.
"Yo fè kò, pou yo bat too.",They make bodies so they can beat them too.,"
 Translate the following Haitian Creole expression into natural English.
 Only provide the English translation.

Haitian Creole text:
Yo fè kò, pou yo bat too.

English:

",They make a fuss just to fight too.
"Yo men yo pa manja fè moun nou, men yo bèl pou admire them.","They are there, but they are not made for us to eat; they are beautiful to admire.","
 Translate the following Haitian Creole expression into natural English.
 Only provide the English translation.

Haitian Creole text:
Yo men yo pa manja fè moun nou, men yo bèl pou admire them.

English:

","They’re not made to be eaten, but they’re beautiful to admire."
pa benyen inside ladan,don’t bathe in it,"
 Translate the following Haitian Creole expression into natural English.
 Only provide the English translation.

Haitian Creole text:
pa benyen inside ladan

English:

",don’t bathe inside there
pa granyen ou ka say ankò,there’s nothing more you can say,"
 Translate the following Haitian Creole expression into natural English.
 Only provide the English translation.

Haitian Creole text:
pa granyen ou ka say ankò

English:

",you can’t say anything else about it anymore
sanmen nan men,in the same hand,"
 Translate the following Haitian Creole expression into natural English.
 Only provide the English translation.

Haitian Creole text:
sanmen nan men

English:

",hand in hand
Lòp lan ton corn,The rope fell on Mayi.,"
 Translate the following Haitian Creole expression into natural English.
 Only provide the English translation.

Haitian Creole text:
Lòp lan ton corn

English:

",The corn is ripe.
ranje kò yo an resò sou tab source lavi a,arrange themselves in a row of springs On life's water-table like a thief,"
 Translate the following Haitian Creole expression into natural English.
 Only provide the English translation.

Haitian Creole text:
ranje kò yo an resò sou tab source lavi a

English:

",arrange themselves in a row on the source of life table
"Diri Sòs Pwa Kongo se yon plat tipik nan Haitian cuisine an,","Diri Sòs Pwa Kongo is a typical Haitian dish,","
 Translate the following Haitian Creole expression into natural English.
 Only provide the English translation.

Haitian Creole text:
Diri Sòs Pwa Kongo se yon plat tipik nan Haitian cuisine an,

English:

",Rice with Congo bean sauce is a typical dish in Haitian cuisine.
konman l fè gen tè reyen.,how does he have land again?,"
 Translate the following Haitian Creole expression into natural English.
 Only provide the English translation.

Haitian Creole text:
konman l fè gen tè reyen.

English:

",How does he have land to cultivate?
moun kè koun koule l la,the person whose heart is bleeding,"
 Translate the following Haitian Creole expression into natural English.
 Only provide the English translation.

Haitian Creole text:
moun kè koun koule l la

English:

",the person whose heart is broken
ou mete green kouch,you put on a coat of paint,"
 Translate the following Haitian Creole expression into natural English.
 Only provide the English translation.

Haitian Creole text:
ou mete green kouch

English:

",you put on a green coat
ki nan yon house li ti moun piti,"in a house, he is a little child","
 Translate the following Haitian Creole expression into natural English.
 Only provide the English translation.

Haitian Creole text:
ki nan yon house li ti moun piti

English:

",which is in a little house with small children
ta kèt door la,the door latch,"
 Translate the following Haitian Creole expression into natural English.
 Only provide the English translation.

Haitian Creole text:
ta kèt door la

English:

",the door would be closed
Trayizon,Treachery,"
 Translate the following Haitian Creole expression into natural English.
 Only provide the English translation.

Haitian Creole text:
Trayizon

English:

",Betrayal
Kilè machin ap pati an?,When is the car leaving?,"
 Translate the following Haitian Creole expression into natural English.
 Only provide the English translation.

Haitian Creole text:
Kilè machin ap pati an?

English:

",When is the car leaving?
men pa nou menm ki di it,but it’s not us who said it,"
 Translate the following Haitian Creole expression into natural English.
 Only provide the English translation.

Haitian Creole text:
men pa nou menm ki di it

English:

",but it’s not us who said it
Yon vyewo li ye yes wi,"He’s a “know-it-all”,","
 Translate the following Haitian Creole expression into natural English.
 Only provide the English translation.

Haitian Creole text:
Yon vyewo li ye yes wi

English:

","He’s an old man, yes indeed."
amaranth,Amaranth,"
 Translate the following Haitian Creole expression into natural English.
 Only provide the English translation.

Haitian Creole text:
amaranth

English:

",amaranth
na pren girl,we will take the girl,"
 Translate the following Haitian Creole expression into natural English.
 Only provide the English translation.

Haitian Creole text:
na pren girl

English:

",I’ll take the girl.
pri tonbe l pouse anpil,the price has dropped a lot,"
 Translate the following Haitian Creole expression into natural English.
 Only provide the English translation.

Haitian Creole text:
pri tonbe l pouse anpil

English:

",the price dropped a lot
ou mete l nan food a,you put it in the food,"
 Translate the following Haitian Creole expression into natural English.
 Only provide the English translation.

Haitian Creole text:
ou mete l nan food a

English:

",you put it in the food
Manman m te ale nan market.,My mother had gone shop­ ping ...,"
 Translate the following Haitian Creole expression into natural English.
 Only provide the English translation.

Haitian Creole text:
Manman m te ale nan market.

English:

",My mother went to the market.
l ap turn,he is turning,"
 Translate the following Haitian Creole expression into natural English.
 Only provide the English translation.

Haitian Creole text:
l ap turn

English:

",he’s turning
pou pa konn tande yo say an,so as not to hear them say it,"
 Translate the following Haitian Creole expression into natural English.
 Only provide the English translation.

Haitian Creole text:
pou pa konn tande yo say an

English:

",so as not to hear them say anything
ou di m lave yon backside a?,Did you tell me to wash a butt?,"
 Translate the following Haitian Creole expression into natural English.
 Only provide the English translation.

Haitian Creole text:
ou di m lave yon backside a?

English:

",Did you tell me to wash a backside?
se yon goal,it’s a go,"
 Translate the following Haitian Creole expression into natural English.
 Only provide the English translation.

Haitian Creole text:
se yon goal

English:

",it’s a goal
"Ife monchè,","Dear Ife,","
 Translate the following Haitian Creole expression into natural English.
 Only provide the English translation.

Haitian Creole text:
Ife monchè,

English:

","My dear,"
men yo ka di yo ba l on hit,but they can say they gave him a blow,"
 Translate the following Haitian Creole expression into natural English.
 Only provide the English translation.

Haitian Creole text:
men yo ka di yo ba l on hit

English:

",but they can say they gave him a hit
kòm si m ta tell ou,as if I were telling you,"
 Translate the following Haitian Creole expression into natural English.
 Only provide the English translation.

Haitian Creole text:
kòm si m ta tell ou

English:

",as if I were telling you
tankou menm ba a there,like the bar there,"
 Translate the following Haitian Creole expression into natural English.
 Only provide the English translation.

Haitian Creole text:
tankou menm ba a there

English:

",like right there
lè sa ki sò do,when what is done is done,"
 Translate the following Haitian Creole expression into natural English.
 Only provide the English translation.

Haitian Creole text:
lè sa ki sò do

English:

",when the time comes
i se gen l pass,and it has passed,"
 Translate the following Haitian Creole expression into natural English.
 Only provide the English translation.

Haitian Creole text:
i se gen l pass

English:

",I don’t know what’s going on.
gann nale l ba ton ti manje li forget nou,"he went to give him a little food, he forgot us","
 Translate the following Haitian Creole expression into natural English.
 Only provide the English translation.

Haitian Creole text:
gann nale l ba ton ti manje li forget nou

English:

",he went to give him a little food and forgot us
manvili bèl possession.,my beautiful possession.,"
 Translate the following Haitian Creole expression into natural English.
 Only provide the English translation.

Haitian Creole text:
manvili bèl possession.

English:

",my beautiful possession
nou nou ki sa nan sak above a,"we ourselves, what is in the bag up there","
 Translate the following Haitian Creole expression into natural English.
 Only provide the English translation.

Haitian Creole text:
nou nou ki sa nan sak above a

English:

",what are we in the above bag
ou wa know l,you will know it,"
 Translate the following Haitian Creole expression into natural English.
 Only provide the English translation.

Haitian Creole text:
ou wa know l

English:

",you will know it
li pa di chan mwen m ap do that,he didn’t tell me I was going to do that,"
 Translate the following Haitian Creole expression into natural English.
 Only provide the English translation.

Haitian Creole text:
li pa di chan mwen m ap do that

English:

",he didn’t tell me what I’m going to do that
li pèdi tout ti money,he lost all his little money,"
 Translate the following Haitian Creole expression into natural English.
 Only provide the English translation.

Haitian Creole text:
li pèdi tout ti money

English:

",he lost all his money
m ap akandin that,I am rocking it.,"
 Translate the following Haitian Creole expression into natural English.
 Only provide the English translation.

Haitian Creole text:
m ap akandin that

English:

",I’m rocking that
e enter li fè sa li vini,"and while he was doing that, he came","
 Translate the following Haitian Creole expression into natural English.
 Only provide the English translation.

Haitian Creole text:
e enter li fè sa li vini

English:

",and he does what he came to do
ti moun Yon ti jan li pran ti moun nan,the child A little bit he took the child,"
 Translate the following Haitian Creole expression into natural English.
 Only provide the English translation.

Haitian Creole text:
ti moun Yon ti jan li pran ti moun nan

English:

",The child took the child a little bit.
mouton pa kazan see l,the sheep cannot see him,"
 Translate the following Haitian Creole expression into natural English.
 Only provide the English translation.

Haitian Creole text:
mouton pa kazan see l

English:

",the sheep doesn’t know how to see it
Ou konn fè mwen konprann tou kanntè lavi pa rete nan wout. Dayè li pa kab **stop**.,You also made me understand that ife's train has no stops.,"
 Translate the following Haitian Creole expression into natural English.
 Only provide the English translation.

Haitian Creole text:
Ou konn fè mwen konprann tou kanntè lavi pa rete nan wout. Dayè li pa kab **stop**.

English:

","You make me understand too that life doesn’t stay on the road. Besides, it can’t stop."
kòt fè l ap chill l,why is he making such a fuss?,"
 Translate the following Haitian Creole expression into natural English.
 Only provide the English translation.

Haitian Creole text:
kòt fè l ap chill l

English:

",why is he chilling there?
ou ta already reyalize,you should realize,"
 Translate the following Haitian Creole expression into natural English.
 Only provide the English translation.

Haitian Creole text:
ou ta already reyalize

English:

",you would have already realized
nou an morning maten,we are in the morning today,"
 Translate the following Haitian Creole expression into natural English.
 Only provide the English translation.

Haitian Creole text:
nou an morning maten

English:

",we’re in the morning this morning
"pou vle ou ka di moun yo, eee, vin retire m nan what la?","if you want, you can tell them, uh, come get me out of what is this?","
 Translate the following Haitian Creole expression into natural English.
 Only provide the English translation.

Haitian Creole text:
pou vle ou ka di moun yo, eee, vin retire m nan what la?

English:

","If you want, you can tell them, “Uh, come get me out of the what?”"
vè 2 graniche li yo always,around its two edges always,"
 Translate the following Haitian Creole expression into natural English.
 Only provide the English translation.

Haitian Creole text:
vè 2 graniche li yo always

English:

",around its two edges always
bò ti choice zòmen m,by the side of my shoulder blade,"
 Translate the following Haitian Creole expression into natural English.
 Only provide the English translation.

Haitian Creole text:
bò ti choice zòmen m

English:

",near my shoulder choice side
w ka vinivè 5-6 o’clock,you can come around 5-6 o’clock,"
 Translate the following Haitian Creole expression into natural English.
 Only provide the English translation.

Haitian Creole text:
w ka vinivè 5-6 o’clock

English:

",you can come around 5–6 o’clock
ki jan li there,how is it there,"
 Translate the following Haitian Creole expression into natural English.
 Only provide the English translation.

Haitian Creole text:
ki jan li there

English:

",how is it there
nan gen wood,there is wood,"
 Translate the following Haitian Creole expression into natural English.
 Only provide the English translation.

Haitian Creole text:
nan gen wood

English:

",there is wood
Kijan m ap say m fè la?,What am I saying I’m doing here?,"
 Translate the following Haitian Creole expression into natural English.
 Only provide the English translation.

Haitian Creole text:
Kijan m ap say m fè la?

English:

",How am I supposed to say I did it?
travay avèk the bèf la yo,work with the oxen,"
 Translate the following Haitian Creole expression into natural English.
 Only provide the English translation.

Haitian Creole text:
travay avèk the bèf la yo

English:

",working with the cattle
men blan pase lòt bò a,but the white one passed on the other side,"
 Translate the following Haitian Creole expression into natural English.
 Only provide the English translation.

Haitian Creole text:
men blan pase lòt bò a

English:

",but the white hand goes to the other side
ak sa a tè m prale that,"and with that, I’m going to go to the land","
 Translate the following Haitian Creole expression into natural English.
 Only provide the English translation.

Haitian Creole text:
ak sa a tè m prale that

English:

","and with that, I’m going to leave that there"
"Malgre pyes mounn pa te sell nou li,","It was ours,","
 Translate the following Haitian Creole expression into natural English.
 Only provide the English translation.

Haitian Creole text:
Malgre pyes mounn pa te sell nou li,

English:

","Although no one had told us it,"
"Fè time, kitè tan",You are strong today; you won't be tomorrow,"
 Translate the following Haitian Creole expression into natural English.
 Only provide the English translation.

Haitian Creole text:
Fè time, kitè tan

English:

","Take your time, let time pass"
men se konnen nan se chache l ap chache know ki jan moun yo di l,"but it is to know that it is to seek, he is seeking to know how people say it","
 Translate the following Haitian Creole expression into natural English.
 Only provide the English translation.

Haitian Creole text:
men se konnen nan se chache l ap chache know ki jan moun yo di l

English:

","but it’s knowing that in searching, he’s searching to know how people say it"
Wi ti moun nan mal awake?,"Yes, is the child not feeling well?","
 Translate the following Haitian Creole expression into natural English.
 Only provide the English translation.

Haitian Creole text:
Wi ti moun nan mal awake?

English:

","Yes, is the child awake?"
"Pi bon moments yo, Soul, se anndan nou nou pote yo.","Great moments, Soul, one carries them within.","
 Translate the following Haitian Creole expression into natural English.
 Only provide the English translation.

Haitian Creole text:
Pi bon moments yo, Soul, se anndan nou nou pote yo.

English:

","The best moments, Soul, are the ones we carry inside us."
Tanto se mo yo ki pran kouri pete vakam street.,Sometimes the words start to run in an explosion of laughter.,"
 Translate the following Haitian Creole expression into natural English.
 Only provide the English translation.

Haitian Creole text:
Tanto se mo yo ki pran kouri pete vakam street.

English:

",The words themselves started running and causing a commotion on Vakam Street.
"M, create pou fanm?",Am I made for women?,"
 Translate the following Haitian Creole expression into natural English.
 Only provide the English translation.

Haitian Creole text:
M, create pou fanm?

English:

",Am I made for women?
sa yo moun Mwen dwa pou la refuge a,I have the right to be a refugee.,"
 Translate the following Haitian Creole expression into natural English.
 Only provide the English translation.

Haitian Creole text:
sa yo moun Mwen dwa pou la refuge a

English:

",I have the right to seek refuge.
pa fwa li nan tèt,sometimes it’s in his head,"
 Translate the following Haitian Creole expression into natural English.
 Only provide the English translation.

Haitian Creole text:
pa fwa li nan tèt

English:

",sometimes it’s in his head
"Wa konn di ta lè a, nou sot pale la, nou sot say konsa.","You know, at that time, we just talked there, we just said so.","
 Translate the following Haitian Creole expression into natural English.
 Only provide the English translation.

Haitian Creole text:
Wa konn di ta lè a, nou sot pale la, nou sot say konsa.

English:

","You know how to say it when the time comes; we just talked about it, we just said it like that."
Ou nan my life,You are in my life,"
 Translate the following Haitian Creole expression into natural English.
 Only provide the English translation.

Haitian Creole text:
Ou nan my life

English:

",You’re in my life
nan se pa pou di li se konm si m ta **soft** sa a se pa nan sans sa mwen dou nou,"it’s not to say that it’s as if I were sweet this is not in that sense that I am sweet, you know","
 Translate the following Haitian Creole expression into natural English.
 Only provide the English translation.

Haitian Creole text:
nan se pa pou di li se konm si m ta **soft** sa a se pa nan sans sa mwen dou nou

English:

","it’s not to say that it’s like if I were soft; that’s not what I mean, I’m gentle, you know"
ki anl rele mongoose,what is called mongoose,"
 Translate the following Haitian Creole expression into natural English.
 Only provide the English translation.

Haitian Creole text:
ki anl rele mongoose

English:

",what is the mongoose called
donk se yon face,so it’s a figure,"
 Translate the following Haitian Creole expression into natural English.
 Only provide the English translation.

Haitian Creole text:
donk se yon face

English:

",so it’s a face
pa dirè m ap fè m hurt,don’t tell me I’m hurting myself,"
 Translate the following Haitian Creole expression into natural English.
 Only provide the English translation.

Haitian Creole text:
pa dirè m ap fè m hurt

English:

",don’t tell me I’m hurting myself
bon pran yon bwa pou fè sa w ap do l konsa,"well, take a stick to do what you’re doing like that","
 Translate the following Haitian Creole expression into natural English.
 Only provide the English translation.

Haitian Creole text:
bon pran yon bwa pou fè sa w ap do l konsa

English:

",It’s better to take a stick and do that than to do it like that.
se tèt la for m ba ou,it’s the head for me to give you,"
 Translate the following Haitian Creole expression into natural English.
 Only provide the English translation.

Haitian Creole text:
se tèt la for m ba ou

English:

",I’m giving you my word.
ki jan w ka say,how can you say,"
 Translate the following Haitian Creole expression into natural English.
 Only provide the English translation.

Haitian Creole text:
ki jan w ka say

English:

",how can you say
lad pig kochon an,the pig skin,"
 Translate the following Haitian Creole expression into natural English.
 Only provide the English translation.

Haitian Creole text:
lad pig kochon an

English:

",the pig’s skin
"Kwa kont ki jen rele moun k ap fè lekòl yo, se director a se yo.",The person who is called the one who runs the school is the principal.,"
 Translate the following Haitian Creole expression into natural English.
 Only provide the English translation.

Haitian Creole text:
Kwa kont ki jen rele moun k ap fè lekòl yo, se director a se yo.

English:

",Who do you call the people who run the school? They’re the directors.
sou pa tra a,on the track,"
 Translate the following Haitian Creole expression into natural English.
 Only provide the English translation.

Haitian Creole text:
sou pa tra a

English:

",on the track
Ki yon call Bèt a?,What is a beast called?,"
 Translate the following Haitian Creole expression into natural English.
 Only provide the English translation.

Haitian Creole text:
Ki yon call Bèt a?

English:

","What a call, huh?"
sa pèmèt li mache pi fasil among the herbs yo,it allows it to move more easily over the grass,"
 Translate the following Haitian Creole expression into natural English.
 Only provide the English translation.

Haitian Creole text:
sa pèmèt li mache pi fasil among the herbs yo

English:

",it allows it to move more easily among the herbs
Pi jan wè li te wash,"The way I saw it, it had been washed","
 Translate the following Haitian Creole expression into natural English.
 Only provide the English translation.

Haitian Creole text:
Pi jan wè li te wash

English:

",It looked really washed out.
m pa la with li,I am not with him.,"
 Translate the following Haitian Creole expression into natural English.
 Only provide the English translation.

Haitian Creole text:
m pa la with li

English:

",I’m not there with him.
li pran overtime,he took a beating,"
 Translate the following Haitian Creole expression into natural English.
 Only provide the English translation.

Haitian Creole text:
li pran overtime

English:

",he worked overtime
Ki menm jan Azè Bablè a,What kind of Azè Bablè is that?,"
 Translate the following Haitian Creole expression into natural English.
 Only provide the English translation.

Haitian Creole text:
Ki menm jan Azè Bablè a

English:

",How exactly is Azè Bablè?
tòk sa rete pou granmoun too,That talk is for adults too,"
 Translate the following Haitian Creole expression into natural English.
 Only provide the English translation.

Haitian Creole text:
tòk sa rete pou granmoun too

English:

",That’s for adults too.
sa yo rele kipay la.,what they call the kipay.,"
 Translate the following Haitian Creole expression into natural English.
 Only provide the English translation.

Haitian Creole text:
sa yo rele kipay la.

English:

",what they call the kipay
li fè tou sa l te kapab pou l receive.,he did everything he could to receive it,"
 Translate the following Haitian Creole expression into natural English.
 Only provide the English translation.

Haitian Creole text:
li fè tou sa l te kapab pou l receive.

English:

",He did everything he could to receive it.
se nen pòt lòt bagay,"it’s just the nose, nothing else","
 Translate the following Haitian Creole expression into natural English.
 Only provide the English translation.

Haitian Creole text:
se nen pòt lòt bagay

English:

",the nose is the door to other things
tò sa ki jan yo di sa lan?,So how do they say that there?,"
 Translate the following Haitian Creole expression into natural English.
 Only provide the English translation.

Haitian Creole text:
tò sa ki jan yo di sa lan?

English:

",What do they call that?
alan nèg go.,"Alan, the guy went.","
 Translate the following Haitian Creole expression into natural English.
 Only provide the English translation.

Haitian Creole text:
alan nèg go.

English:

",what a handsome guy
yo mete sugar,they put sugar,"
 Translate the following Haitian Creole expression into natural English.
 Only provide the English translation.

Haitian Creole text:
yo mete sugar

English:

",they put sugar
oukadi ankò li fè fèn t just,and again it got dark just,"
 Translate the following Haitian Creole expression into natural English.
 Only provide the English translation.

Haitian Creole text:
oukadi ankò li fè fèn t just

English:

",How can he do that again? It’s just not fair.
se konsa sèlman n call Renel lam,that's the only way we call Renel Lam,"
 Translate the following Haitian Creole expression into natural English.
 Only provide the English translation.

Haitian Creole text:
se konsa sèlman n call Renel lam

English:

",that’s the only way we call Renel there
fè yon favor pou ou.,make a gift for you,"
 Translate the following Haitian Creole expression into natural English.
 Only provide the English translation.

Haitian Creole text:
fè yon favor pou ou.

English:

",do you a favor
ban wou radio,give you radishes,"
 Translate the following Haitian Creole expression into natural English.
 Only provide the English translation.

Haitian Creole text:
ban wou radio

English:

",give you the radio
lè m di w sa finally,"when I tell you that, finally","
 Translate the following Haitian Creole expression into natural English.
 Only provide the English translation.

Haitian Creole text:
lè m di w sa finally

English:

",when I finally tell you that
"Kalite power konsa, menmsi mwen ta dwe viv pou letènite, mwen pa pe janm posede sa.","If I lived for an eternity, I would never possess such power.","
 Translate the following Haitian Creole expression into natural English.
 Only provide the English translation.

Haitian Creole text:
Kalite power konsa, menmsi mwen ta dwe viv pou letènite, mwen pa pe janm posede sa.

English:

","A power like that, even if I were to live forever, I would never possess it."
li gen je tou Men,he has eyes too but,"
 Translate the following Haitian Creole expression into natural English.
 Only provide the English translation.

Haitian Creole text:
li gen je tou Men

English:

","he has eyes too, but"
ki ka pòp kase bouch sòv di la,what can break the mouth of the wild sow there,"
 Translate the following Haitian Creole expression into natural English.
 Only provide the English translation.

Haitian Creole text:
ki ka pòp kase bouch sòv di la

English:

",who can break the mouth of a wild pig?
"Kalite dans ou konn tande sou a gen moun lontan konn ap pale, dan das lontan, sò konn, ou konn wè tou menm.","The kind of dance you hear about, people used to talk about it a long time ago, long ago, you know, you’ve seen it too.","
 Translate the following Haitian Creole expression into natural English.
 Only provide the English translation.

Haitian Creole text:
Kalite dans ou konn tande sou a gen moun lontan konn ap pale, dan das lontan, sò konn, ou konn wè tou menm.

English:

","The kind of dance you hear about, people have been talking about it for a long time, way back then, you know, you’ve probably seen it too."
li va good,it will be good,"
 Translate the following Haitian Creole expression into natural English.
 Only provide the English translation.

Haitian Creole text:
li va good

English:

",he will be good
w ap di guy sa,you are telling that guy,"
 Translate the following Haitian Creole expression into natural English.
 Only provide the English translation.

Haitian Creole text:
w ap di guy sa

English:

",you’re telling that guy
bon se sa sèlman ou know ou pa gen l pou lòt ankò,well that’s all you know you don’t have it for anyone else anymore,"
 Translate the following Haitian Creole expression into natural English.
 Only provide the English translation.

Haitian Creole text:
bon se sa sèlman ou know ou pa gen l pou lòt ankò

English:

","Well, that’s all you know; you don’t have it for anyone else anymore."
nan ou re pa like that,you’re not like that,"
 Translate the following Haitian Creole expression into natural English.
 Only provide the English translation.

Haitian Creole text:
nan ou re pa like that

English:

",you’re not like that
l al van Nan Mouton an,he goes to sell at Nan Mouton,"
 Translate the following Haitian Creole expression into natural English.
 Only provide the English translation.

Haitian Creole text:
l al van Nan Mouton an

English:

",he goes to sell at Mouton’s place
Wa di l nonm m ap leaving kounya,Tell him I’m coming out now.,"
 Translate the following Haitian Creole expression into natural English.
 Only provide the English translation.

Haitian Creole text:
Wa di l nonm m ap leaving kounya

English:

",Tell him I’m leaving now.
pa gen order an ankò,there is no order yet,"
 Translate the following Haitian Creole expression into natural English.
 Only provide the English translation.

Haitian Creole text:
pa gen order an ankò

English:

",there’s no order anymore
li bon gently,it is good slowly,"
 Translate the following Haitian Creole expression into natural English.
 Only provide the English translation.

Haitian Creole text:
li bon gently

English:

","it’s good, gently"
Sa sètman what genyen?,Is that certainly what there is?,"
 Translate the following Haitian Creole expression into natural English.
 Only provide the English translation.

Haitian Creole text:
Sa sètman what genyen?

English:

",What’s going on?
pi wèl calm,more handsome,"
 Translate the following Haitian Creole expression into natural English.
 Only provide the English translation.

Haitian Creole text:
pi wèl calm

English:

",more calm
"""kòb yo vin nan men, ouwe, ouwe, moun pa di moun nan gen, konsan sèl mwen ou ka disan, ouwi.""","the money comes into hand, you see, you see, people don’t say the person has, only I can say, yes.","
 Translate the following Haitian Creole expression into natural English.
 Only provide the English translation.

Haitian Creole text:
""kòb yo vin nan men, ouwe, ouwe, moun pa di moun nan gen, konsan sèl mwen ou ka disan, ouwi.""

English:

","When money comes into your hands, oh well, oh well, people don’t say that person has it; only I can say it, yes."
kèlki l fè food a,whatever he/she does with the food,"
 Translate the following Haitian Creole expression into natural English.
 Only provide the English translation.

Haitian Creole text:
kèlki l fè food a

English:

",what kind of food he makes
men se sou ou di Caribbean,"but it’s about you, Caribbean","
 Translate the following Haitian Creole expression into natural English.
 Only provide the English translation.

Haitian Creole text:
men se sou ou di Caribbean

English:

","but it’s about you, Caribbean"
nan nan se pa basin,it’s not a basin,"
 Translate the following Haitian Creole expression into natural English.
 Only provide the English translation.

Haitian Creole text:
nan nan se pa basin

English:

",it’s not a basin
men kòm se investigation an pa respekte,but since the investigation is not being respected,"
 Translate the following Haitian Creole expression into natural English.
 Only provide the English translation.

Haitian Creole text:
men kòm se investigation an pa respekte

English:

",but since the investigation isn’t being respected
nan wout ti kote wè red,on the road to the little place where you see red,"
 Translate the following Haitian Creole expression into natural English.
 Only provide the English translation.

Haitian Creole text:
nan wout ti kote wè red

English:

","on the road to the little place, you see red"
ou byon gen dwa kwit li blanch pou mwen je met sèl ladan nan se ki chon w rele l,"you can certainly cook it plain for me, I’ll just add salt to it, whatever you call it","
 Translate the following Haitian Creole expression into natural English.
 Only provide the English translation.

Haitian Creole text:
ou byon gen dwa kwit li blanch pou mwen je met sèl ladan nan se ki chon w rele l

English:

","You can boil it for me, but don’t put salt in it, whatever you call it."
pa l mbe pig,don’t leave the pig behind,"
 Translate the following Haitian Creole expression into natural English.
 Only provide the English translation.

Haitian Creole text:
pa l mbe pig

English:

",don’t be a pig
manje a vinsan gwo kiv yon di l ye,the food came out bigger than they said it was,"
 Translate the following Haitian Creole expression into natural English.
 Only provide the English translation.

Haitian Creole text:
manje a vinsan gwo kiv yon di l ye

English:

",the food came out so big that it’s hard to say what it is
men n ap chache pou see wè,but we are looking to see,"
 Translate the following Haitian Creole expression into natural English.
 Only provide the English translation.

Haitian Creole text:
men n ap chache pou see wè

English:

",but we’re trying to see
epi ou met lòt in front of l,and you put another one in front of it,"
 Translate the following Haitian Creole expression into natural English.
 Only provide the English translation.

Haitian Creole text:
epi ou met lòt in front of l

English:

",and you put another one in front of it
se lè la pi sèl mwen thing sa a kouse,it is when I am most alone that this thing pushes me,"
 Translate the following Haitian Creole expression into natural English.
 Only provide the English translation.

Haitian Creole text:
se lè la pi sèl mwen thing sa a kouse

English:

",it’s when I’m most alone that this thing hurts me
Chivalou an Wa konn tande tòt again,The king’s horse still hears the trumpet.,"
 Translate the following Haitian Creole expression into natural English.
 Only provide the English translation.

Haitian Creole text:
Chivalou an Wa konn tande tòt again

English:

",The king’s horse often hears the trumpets again.
Donk depi m fin travay,So once I finish working,"
 Translate the following Haitian Creole expression into natural English.
 Only provide the English translation.

Haitian Creole text:
Donk depi m fin travay

English:

",So once I finish working
ap li make ou.,it will make you,"
 Translate the following Haitian Creole expression into natural English.
 Only provide the English translation.

Haitian Creole text:
ap li make ou.

English:

",he’s going to mark you
Sa a se plat souvan akonpaye pa vyann sos oswa pwason fri pou yon complete eksperyans manje.,This dish is often accompanied by meat in sauce or fried fish for a complete culinary experience.,"
 Translate the following Haitian Creole expression into natural English.
 Only provide the English translation.

Haitian Creole text:
Sa a se plat souvan akonpaye pa vyann sos oswa pwason fri pou yon complete eksperyans manje.

English:

",This is a dish often accompanied by stewed meat or fried fish for a complete dining experience.
moun galè p ap buy,people who are struggling are not buying,"
 Translate the following Haitian Creole expression into natural English.
 Only provide the English translation.

Haitian Creole text:
moun galè p ap buy

English:

",people who are struggling won’t buy
kote ou konn wè moun yo ap fish,where you usually see people fishing,"
 Translate the following Haitian Creole expression into natural English.
 Only provide the English translation.

Haitian Creole text:
kote ou konn wè moun yo ap fish

English:

",where you usually see people fishing
ak bon gou lè yo kwit ak rice.,and a savory taste when cooked with rice.,"
 Translate the following Haitian Creole expression into natural English.
 Only provide the English translation.

Haitian Creole text:
ak bon gou lè yo kwit ak rice.

English:

",and delicious when cooked with rice.
"Se konsa li te derefize jwe yon important match tenis pou pwoteste kont polisye blan ameriken k ap maltrete, k ap toupizi, k ap touye nwa ameriken yo.","on August 26, 2020 she refused to play the semi final of Au­ gust 27, 2020, to protest against white American police officers abusing, oppressing and killing black Americans.","
 Translate the following Haitian Creole expression into natural English.
 Only provide the English translation.

Haitian Creole text:
Se konsa li te derefize jwe yon important match tenis pou pwoteste kont polisye blan ameriken k ap maltrete, k ap toupizi, k ap touye nwa ameriken yo.

English:

","So he refused to play an important tennis match to protest against white American police officers who were mistreating, oppressing, and killing Black Americans."
"An, on nan konn gen de places.","Ah, one can sometimes have two places.","
 Translate the following Haitian Creole expression into natural English.
 Only provide the English translation.

Haitian Creole text:
An, on nan konn gen de places.

English:

","Ah, one of them usually has two places."
ki jan lè yo konn say ankò,how do they say it again,"
 Translate the following Haitian Creole expression into natural English.
 Only provide the English translation.

Haitian Creole text:
ki jan lè yo konn say ankò

English:

",how do they say it again
alò w pa barè l li menm,so you didn’t stop him yourself,"
 Translate the following Haitian Creole expression into natural English.
 Only provide the English translation.

Haitian Creole text:
alò w pa barè l li menm

English:

",So you didn’t stop him yourself.
li pran kouvèt fèdyal li wet,he took his wet blanket,"
 Translate the following Haitian Creole expression into natural English.
 Only provide the English translation.

Haitian Creole text:
li pran kouvèt fèdyal li wet

English:

",he took off his blanket wet
Manje lè l vini here,Eat when he comes here,"
 Translate the following Haitian Creole expression into natural English.
 Only provide the English translation.

Haitian Creole text:
Manje lè l vini here

English:

",Eat when it comes here
ki l funny,what a beauty,"
 Translate the following Haitian Creole expression into natural English.
 Only provide the English translation.

Haitian Creole text:
ki l funny

English:

",what’s funny
ou pa konn di lòd jan tou,you don’t know how to give orders either,"
 Translate the following Haitian Creole expression into natural English.
 Only provide the English translation.

Haitian Creole text:
ou pa konn di lòd jan tou

English:

",you don’t know how to give orders either
moun ti bay land,people gave land,"
 Translate the following Haitian Creole expression into natural English.
 Only provide the English translation.

Haitian Creole text:
moun ti bay land

English:

",people gave land
men li rete tout kote ki byen ki gen trees,but it stays everywhere that is good and has trees,"
 Translate the following Haitian Creole expression into natural English.
 Only provide the English translation.

Haitian Creole text:
men li rete tout kote ki byen ki gen trees

English:

",but it stays everywhere that’s nice and has trees
"E lè leswa moun yo reyini, s ap pale debouki, de malis bay sa yo, sa y ap fè la.","And in the evening when people gather, they talk about debauchery, about the evil they do, what they are doing there.","
 Translate the following Haitian Creole expression into natural English.
 Only provide the English translation.

Haitian Creole text:
E lè leswa moun yo reyini, s ap pale debouki, de malis bay sa yo, sa y ap fè la.

English:

","And when evening comes and people gather, they talk about debouki, about the mischief they’re up to, what they’re doing there."
li va know.,he will know.,"
 Translate the following Haitian Creole expression into natural English.
 Only provide the English translation.

Haitian Creole text:
li va know.

English:

",he will know.
sa m tout te m baye la akou a,what I had given you there just now,"
 Translate the following Haitian Creole expression into natural English.
 Only provide the English translation.

Haitian Creole text:
sa m tout te m baye la akou a

English:

",what I had given you before
an moun pa eksanf li rive there,someone doesn’t know how he got there,"
 Translate the following Haitian Creole expression into natural English.
 Only provide the English translation.

Haitian Creole text:
an moun pa eksanf li rive there

English:

",someone doesn’t know how he got there
Yon lè yon **time** lèyè,Once in a while,"
 Translate the following Haitian Creole expression into natural English.
 Only provide the English translation.

Haitian Creole text:
Yon lè yon **time** lèyè

English:

","One time, later."
ou di se m take,you said it was me who took it,"
 Translate the following Haitian Creole expression into natural English.
 Only provide the English translation.

Haitian Creole text:
ou di se m take

English:

",you said it was me who took it
m bak al kote l An,"I’m not going to go to his place, An","
 Translate the following Haitian Creole expression into natural English.
 Only provide the English translation.

Haitian Creole text:
m bak al kote l An

English:

",I’m not going to go to him.
kòk kòyòl yo pa konn call yo anega,The Creole roosters are not usually called anega.,"
 Translate the following Haitian Creole expression into natural English.
 Only provide the English translation.

Haitian Creole text:
kòk kòyòl yo pa konn call yo anega

English:

","those cocky guys don’t know how to call themselves, do they?"
kounye anmenm te ou see l ankò,right now you saw him again,"
 Translate the following Haitian Creole expression into natural English.
 Only provide the English translation.

Haitian Creole text:
kounye anmenm te ou see l ankò

English:

","right now, did you see him again?"
"Bon, afan pye bwa a bay manje bay, ki sa l do first?","Well, when the tree bears fruit, what does it do first?","
 Translate the following Haitian Creole expression into natural English.
 Only provide the English translation.

Haitian Creole text:
Bon, afan pye bwa a bay manje bay, ki sa l do first?

English:

","Well, if the tree bears fruit, what should it do first?"
anmen si yo rele li slow,even if they call him slow,"
 Translate the following Haitian Creole expression into natural English.
 Only provide the English translation.

Haitian Creole text:
anmen si yo rele li slow

English:

",even if they call him slow
"wòp di Jojan m wòp formal, se konsa w rele li, wii Zojan m, m pa wou?","You say I’m too formal, that’s what you call him, yes, my Zojan, am I not?","
 Translate the following Haitian Creole expression into natural English.
 Only provide the English translation.

Haitian Creole text:
wòp di Jojan m wòp formal, se konsa w rele li, wii Zojan m, m pa wou?

English:

","You’re too formal, that’s what you call him, yes, my Zojan, am I not?"
bouki rete lan Lan Kòd la,bouki stayed in Lan Kòdla,"
 Translate the following Haitian Creole expression into natural English.
 Only provide the English translation.

Haitian Creole text:
bouki rete lan Lan Kòd la

English:

",Bouki stayed in Lan Kòd.
li ga tou deep jan,he looks very deep down,"
 Translate the following Haitian Creole expression into natural English.
 Only provide the English translation.

Haitian Creole text:
li ga tou deep jan

English:

",he’s got a deep voice
se sa se exactly yo pa konn di lòt bay toujou,that is exactly what they don’t usually say to each other,"
 Translate the following Haitian Creole expression into natural English.
 Only provide the English translation.

Haitian Creole text:
se sa se exactly yo pa konn di lòt bay toujou

English:

",that’s exactly what they always say to others
Ou rete ak je ou open lajounen kou lannuit.,"You lie awake at night, eyes riveted on your heartbreaks,","
 Translate the following Haitian Creole expression into natural English.
 Only provide the English translation.

Haitian Creole text:
Ou rete ak je ou open lajounen kou lannuit.

English:

",You stay wide-eyed day and night.
E gen yon ki piti piti anpil yo konn wait pèlen pou yo,And there is one that is very small; they often wait in ambush for them.,"
 Translate the following Haitian Creole expression into natural English.
 Only provide the English translation.

Haitian Creole text:
E gen yon ki piti piti anpil yo konn wait pèlen pou yo

English:

",And there is one that is very small; they often wait to trap them.
Se Kichore lè kankou ou lè moun leve konsa,"It’s Kichore when, like, people get up like that.","
 Translate the following Haitian Creole expression into natural English.
 Only provide the English translation.

Haitian Creole text:
Se Kichore lè kankou ou lè moun leve konsa

English:

","It’s Kichore when it’s like that, or when people get up like that."
iswa di w ap fè there.,What are you doing there?,"
 Translate the following Haitian Creole expression into natural English.
 Only provide the English translation.

Haitian Creole text:
iswa di w ap fè there.

English:

",I don’t know what you’re doing there.
bon lòt li pòtre mouton an,"well, the other one looks like the sheep","
 Translate the following Haitian Creole expression into natural English.
 Only provide the English translation.

Haitian Creole text:
bon lòt li pòtre mouton an

English:

",his other side looks like a sheep
bò m sa ou poko tell mwen,"beside me, what haven’t you told me yet","
 Translate the following Haitian Creole expression into natural English.
 Only provide the English translation.

Haitian Creole text:
bò m sa ou poko tell mwen

English:

",Why haven’t you told me yet?
ouy yo gold m te timoun!,"Oh yes, when I was a child!","
 Translate the following Haitian Creole expression into natural English.
 Only provide the English translation.

Haitian Creole text:
ouy yo gold m te timoun!

English:

","Oh yeah, they were gold when I was a kid!"
Lesiv defigire men-l,Laundry disfigures her hands,"
 Translate the following Haitian Creole expression into natural English.
 Only provide the English translation.

Haitian Creole text:
Lesiv defigire men-l

English:

",The laundry ruined my hands.
Kòmandan bato lagè ameriken “Eagle” bay Chalmay ultimatum remèt li vil Leyogàn.,the commander of the american war boat the « Eagle »,"
 Translate the following Haitian Creole expression into natural English.
 Only provide the English translation.

Haitian Creole text:
Kòmandan bato lagè ameriken “Eagle” bay Chalmay ultimatum remèt li vil Leyogàn.

English:

",The commander of the American warship “Eagle” gave Chalmay an ultimatum to surrender the city of Léogâne to him.
te bal an,he gave it to him,"
 Translate the following Haitian Creole expression into natural English.
 Only provide the English translation.

Haitian Creole text:
te bal an

English:

",gave him/her one
ou fè sa ou want,you do what you want,"
 Translate the following Haitian Creole expression into natural English.
 Only provide the English translation.

Haitian Creole text:
ou fè sa ou want

English:

",you do what you want
"Sou rive kay on moun en pou, tòk, tòk, tòk, te mande ki lès k ap wait ve la?","When I arrived at someone’s house, knock, knock, knock, I asked who was going to open the door?","
 Translate the following Haitian Creole expression into natural English.
 Only provide the English translation.

Haitian Creole text:
Sou rive kay on moun en pou, tòk, tòk, tòk, te mande ki lès k ap wait ve la?

English:

","When I arrived at someone’s house, knock, knock, knock, they asked who was waiting there?"
"Li mens, li gwo,","She is thin, she is fat","
 Translate the following Haitian Creole expression into natural English.
 Only provide the English translation.

Haitian Creole text:
Li mens, li gwo,

English:

","He’s skinny, he’s big,"
ou pa fè l anymore,you didn’t do it again,"
 Translate the following Haitian Creole expression into natural English.
 Only provide the English translation.

Haitian Creole text:
ou pa fè l anymore

English:

",you didn’t do it anymore
li papè eat,he doesn’t want to eat,"
 Translate the following Haitian Creole expression into natural English.
 Only provide the English translation.

Haitian Creole text:
li papè eat

English:

",he doesn’t want to eat
Pou lonnen katafal toumant,The intense turnoil,"
 Translate the following Haitian Creole expression into natural English.
 Only provide the English translation.

Haitian Creole text:
Pou lonnen katafal toumant

English:

",For the long night of torment
answit ki sa else,then what else,"
 Translate the following Haitian Creole expression into natural English.
 Only provide the English translation.

Haitian Creole text:
answit ki sa else

English:

",then what else
li pote wind.,he carries wind.,"
 Translate the following Haitian Creole expression into natural English.
 Only provide the English translation.

Haitian Creole text:
li pote wind.

English:

",he carries wind.
m ap achte horse,I am buying a horse,"
 Translate the following Haitian Creole expression into natural English.
 Only provide the English translation.

Haitian Creole text:
m ap achte horse

English:

",I’m buying a horse.
m bonkwo jan m ka fan pran Gen di m that,"I’m fine, how can I take care of it? Someone told me that.","
 Translate the following Haitian Creole expression into natural English.
 Only provide the English translation.

Haitian Creole text:
m bonkwo jan m ka fan pran Gen di m that

English:

",I’m not sure how to translate this accurately because the Haitian Creole text appears garbled or incomplete.
lè sa l t ap happen,when it was happening,"
 Translate the following Haitian Creole expression into natural English.
 Only provide the English translation.

Haitian Creole text:
lè sa l t ap happen

English:

",when that was happening
"E, e, mal pou l la, sa k ap sing la a kounye a?","And, and, too bad for him, what is that singing now?","
 Translate the following Haitian Creole expression into natural English.
 Only provide the English translation.

Haitian Creole text:
E, e, mal pou l la, sa k ap sing la a kounye a?

English:

","Oh, oh, too bad for him, what’s going on with the singer now?"
li touye tèt li,he killed himself,"
 Translate the following Haitian Creole expression into natural English.
 Only provide the English translation.

Haitian Creole text:
li touye tèt li

English:

",he killed himself
«.. Nou se papiyon n'ap voye news ba yo »,...We're butterflies we carry news to them,"
 Translate the following Haitian Creole expression into natural English.
 Only provide the English translation.

Haitian Creole text:
«.. Nou se papiyon n'ap voye news ba yo »

English:

",We are the butterflies sending them news.
ouy men no,yes but no,"
 Translate the following Haitian Creole expression into natural English.
 Only provide the English translation.

Haitian Creole text:
ouy men no

English:

","oh yes, but no"
men anvan ee,"but first, uh","
 Translate the following Haitian Creole expression into natural English.
 Only provide the English translation.

Haitian Creole text:
men anvan ee

English:

","but before that, uh"
"Okay, fa gen lòt nou **encore**.","Okay, there are others of us too.","
 Translate the following Haitian Creole expression into natural English.
 Only provide the English translation.

Haitian Creole text:
Okay, fa gen lòt nou **encore**.

English:

","Okay, there are still others."
li gen yon front,it has a front,"
 Translate the following Haitian Creole expression into natural English.
 Only provide the English translation.

Haitian Creole text:
li gen yon front

English:

",he has a forehead
pa fouti gen plezi si ou pa mete-m sou zèl Ou OSnon san mwen pa mete Ou sou wings mwen.,"no real happiness will ever exist unless you shelter me under your wingor rather, unless I shelter you under my wing.","
 Translate the following Haitian Creole expression into natural English.
 Only provide the English translation.

Haitian Creole text:
pa fouti gen plezi si ou pa mete-m sou zèl Ou OSnon san mwen pa mete Ou sou wings mwen.

English:

","I can’t have fun if you don’t put me on your wings, or else I won’t put you on my wings."
sa l kite sou rad la,what it left on the clothes,"
 Translate the following Haitian Creole expression into natural English.
 Only provide the English translation.

Haitian Creole text:
sa l kite sou rad la

English:

",what he left on the clothes
li jan konn say an,he is just as they say,"
 Translate the following Haitian Creole expression into natural English.
 Only provide the English translation.

Haitian Creole text:
li jan konn say an

English:

",he kind of knows how to say it
nan Bò Monti kisa,in Bò Monti what,"
 Translate the following Haitian Creole expression into natural English.
 Only provide the English translation.

Haitian Creole text:
nan Bò Monti kisa

English:

",in Bò Monti what
se Chanm pa m,It’s my room.,"
 Translate the following Haitian Creole expression into natural English.
 Only provide the English translation.

Haitian Creole text:
se Chanm pa m

English:

",It’s my room.
moun nan kounm di,the person is now saying,"
 Translate the following Haitian Creole expression into natural English.
 Only provide the English translation.

Haitian Creole text:
moun nan kounm di

English:

",the person said to me
ale Bouki lin,"go, Bouki, there","
 Translate the following Haitian Creole expression into natural English.
 Only provide the English translation.

Haitian Creole text:
ale Bouki lin

English:

","go, Bouki, go"
te gen kat brothers,there were four brothers,"
 Translate the following Haitian Creole expression into natural English.
 Only provide the English translation.

Haitian Creole text:
te gen kat brothers

English:

",there were four brothers
kankou genyen ki viv nan bra a loyle w wild bèt mawon,like there are those who live in the arms of the wild beast,"
 Translate the following Haitian Creole expression into natural English.
 Only provide the English translation.

Haitian Creole text:
kankou genyen ki viv nan bra a loyle w wild bèt mawon

English:

",like those who live in the arms of the wild brown beast
Sa li ki sa la?,What is this?,"
 Translate the following Haitian Creole expression into natural English.
 Only provide the English translation.

Haitian Creole text:
Sa li ki sa la?

English:

",What is that?
se kò ou,it’s your body,"
 Translate the following Haitian Creole expression into natural English.
 Only provide the English translation.

Haitian Creole text:
se kò ou

English:

",it’s your body
tout jan yo,all kinds of them,"
 Translate the following Haitian Creole expression into natural English.
 Only provide the English translation.

Haitian Creole text:
tout jan yo

English:

",all of them
Li konside them,He considers them,"
 Translate the following Haitian Creole expression into natural English.
 Only provide the English translation.

Haitian Creole text:
Li konside them

English:

",He considers them
bon e ugly mochèl,good and ugly,"
 Translate the following Haitian Creole expression into natural English.
 Only provide the English translation.

Haitian Creole text:
bon e ugly mochèl

English:

","good and ugly, my dear"
nou di good,we say good,"
 Translate the following Haitian Creole expression into natural English.
 Only provide the English translation.

Haitian Creole text:
nou di good

English:

",we say good
yo ta on the ground,they would be on the ground,"
 Translate the following Haitian Creole expression into natural English.
 Only provide the English translation.

Haitian Creole text:
yo ta on the ground

English:

",they were on the ground
"Mwen di ka fè satis, ka fè sugar, li sikre?","I said it can make candy, can make sugar, is it sweet?","
 Translate the following Haitian Creole expression into natural English.
 Only provide the English translation.

Haitian Creole text:
Mwen di ka fè satis, ka fè sugar, li sikre?

English:

","I said it can make enough, can make sugar, is it sweet?"
onn moun ask ou,someone asked you,"
 Translate the following Haitian Creole expression into natural English.
 Only provide the English translation.

Haitian Creole text:
onn moun ask ou

English:

",someone asks you
men yo don't know di,but they didn’t say anything,"
 Translate the following Haitian Creole expression into natural English.
 Only provide the English translation.

Haitian Creole text:
men yo don't know di

English:

",but they don’t know how to say it
tanske m t ap forget li,as if I were forgetting it,"
 Translate the following Haitian Creole expression into natural English.
 Only provide the English translation.

Haitian Creole text:
tanske m t ap forget li

English:

",while I was forgetting him
se mjou la a,it’s this day here,"
 Translate the following Haitian Creole expression into natural English.
 Only provide the English translation.

Haitian Creole text:
se mjou la a

English:

",it’s this morning
oke bon on moun know fè sa,okay well someone can do that,"
 Translate the following Haitian Creole expression into natural English.
 Only provide the English translation.

Haitian Creole text:
oke bon on moun know fè sa

English:

","Okay, well, someone knows how to do that."
an wè ou ka di li men ou ka di l what?,"let’s see, you can tell him, but what can you tell him?","
 Translate the following Haitian Creole expression into natural English.
 Only provide the English translation.

Haitian Creole text:
an wè ou ka di li men ou ka di l what?

English:

","let’s see if you can say it, but can you say it what?"
moun te motorized,people were mute,"
 Translate the following Haitian Creole expression into natural English.
 Only provide the English translation.

Haitian Creole text:
moun te motorized

English:

",people were motorized
dòk yo pran li di gran moun lontan yo e.,"So they took him, saying he was one of the elders long ago.","
 Translate the following Haitian Creole expression into natural English.
 Only provide the English translation.

Haitian Creole text:
dòk yo pran li di gran moun lontan yo e.

English:

","they took him, saying he was one of the elders from long ago"
epi papò konnen chak jou pou l pote provisions pou ou,and dad knows every day to bring provisions for you,"
 Translate the following Haitian Creole expression into natural English.
 Only provide the English translation.

Haitian Creole text:
epi papò konnen chak jou pou l pote provisions pou ou

English:

",and the father knows every day to bring provisions for you
manm anwèl rete the same,the annual member remains the same,"
 Translate the following Haitian Creole expression into natural English.
 Only provide the English translation.

Haitian Creole text:
manm anwèl rete the same

English:

",the annual members stay the same
Menm nan lanfè gen people.,"Even in hell, there are people from your clan.","
 Translate the following Haitian Creole expression into natural English.
 Only provide the English translation.

Haitian Creole text:
Menm nan lanfè gen people.

English:

","Even in hell, there are people."
valè ou bagay ou do,the value of what you do,"
 Translate the following Haitian Creole expression into natural English.
 Only provide the English translation.

Haitian Creole text:
valè ou bagay ou do

English:

","your worth, your things, your back"
a se sa only,that is all,"
 Translate the following Haitian Creole expression into natural English.
 Only provide the English translation.

Haitian Creole text:
a se sa only

English:

",that’s it only
yo pran w pakèt leaves,they took a bundle of leaves from you,"
 Translate the following Haitian Creole expression into natural English.
 Only provide the English translation.

Haitian Creole text:
yo pran w pakèt leaves

English:

",they took a bunch of leaves
E lè se yon girl.,And when it is a girl.,"
 Translate the following Haitian Creole expression into natural English.
 Only provide the English translation.

Haitian Creole text:
E lè se yon girl.

English:

",And when it’s a girl.
se Siyan Andre ou ti b ap ban moun lòt story ankò,"it was Siyan Andre, or you were going to give people another story again","
 Translate the following Haitian Creole expression into natural English.
 Only provide the English translation.

Haitian Creole text:
se Siyan Andre ou ti b ap ban moun lòt story ankò

English:

","Are you, Andre, going to be telling people another story again?"
Yon sèl family,One Family,"
 Translate the following Haitian Creole expression into natural English.
 Only provide the English translation.

Haitian Creole text:
Yon sèl family

English:

",One family
ki jan l fèt,how is it made,"
 Translate the following Haitian Creole expression into natural English.
 Only provide the English translation.

Haitian Creole text:
ki jan l fèt

English:

",how it’s made
li fon lòt kote but,it is deep elsewhere but,"
 Translate the following Haitian Creole expression into natural English.
 Only provide the English translation.

Haitian Creole text:
li fon lòt kote but

English:

",it goes deep elsewhere but
"Bon, e, bèt, kòm si bèt, people moun tou.","Well, and, animals, as if animals, people are people too.","
 Translate the following Haitian Creole expression into natural English.
 Only provide the English translation.

Haitian Creole text:
Bon, e, bèt, kòm si bèt, people moun tou.

English:

","Well, uh, animals, like animals, people too."
men m pa know yo,but I don’t know them,"
 Translate the following Haitian Creole expression into natural English.
 Only provide the English translation.

Haitian Creole text:
men m pa know yo

English:

",but I don’t know them
yo pran lasi epi yo lage l sou on single fi,they took the wax and put it on a single girl,"
 Translate the following Haitian Creole expression into natural English.
 Only provide the English translation.

Haitian Creole text:
yo pran lasi epi yo lage l sou on single fi

English:

",they took the wax and poured it on a single girl
anba vant li black,the lower part of her belly is black,"
 Translate the following Haitian Creole expression into natural English.
 Only provide the English translation.

Haitian Creole text:
anba vant li black

English:

",under her belly is black
reva gen lòd jan yo konn di l again.,"dreams have order, as they say.","
 Translate the following Haitian Creole expression into natural English.
 Only provide the English translation.

Haitian Creole text:
reva gen lòd jan yo konn di l again.

English:

","dreams have order, as they say again"
ou rive la like that,you got there like that,"
 Translate the following Haitian Creole expression into natural English.
 Only provide the English translation.

Haitian Creole text:
ou rive la like that

English:

",you got there like that
Zandorit laliyan m ki jan same,Zandorit my laliyan how exactly,"
 Translate the following Haitian Creole expression into natural English.
 Only provide the English translation.

Haitian Creole text:
Zandorit laliyan m ki jan same

English:

","My crazy little thing, how are you?"
e ma pou ese do ou wè if nou yon bagay,and I’m going to try to see if we have something,"
 Translate the following Haitian Creole expression into natural English.
 Only provide the English translation.

Haitian Creole text:
e ma pou ese do ou wè if nou yon bagay

English:

",and I’m going to try to see if we have something
nan kont la,in the account,"
 Translate the following Haitian Creole expression into natural English.
 Only provide the English translation.

Haitian Creole text:
nan kont la

English:

",in the account
mezi lakou an,the yard measure,"
 Translate the following Haitian Creole expression into natural English.
 Only provide the English translation.

Haitian Creole text:
mezi lakou an

English:

",the yard measure
yon toupiti pou ka met nan fire a,a little bit so it can be put in the fire,"
 Translate the following Haitian Creole expression into natural English.
 Only provide the English translation.

Haitian Creole text:
yon toupiti pou ka met nan fire a

English:

",a little bit so it can be put in the fire
ou ka di li stole li,you can say he stole it,"
 Translate the following Haitian Creole expression into natural English.
 Only provide the English translation.

Haitian Creole text:
ou ka di li stole li

English:

",you can say he stole it
se kay an person,it’s someone’s house,"
 Translate the following Haitian Creole expression into natural English.
 Only provide the English translation.

Haitian Creole text:
se kay an person

English:

",it’s someone’s house
se Patwiprens m prale,I’m going to Port-au-Prince.,"
 Translate the following Haitian Creole expression into natural English.
 Only provide the English translation.

Haitian Creole text:
se Patwiprens m prale

English:

",I’m going to Port-au-Prince.
Alè sò w ap fè l fè gwo impact,So now you’re making him do big things,"
 Translate the following Haitian Creole expression into natural English.
 Only provide the English translation.

Haitian Creole text:
Alè sò w ap fè l fè gwo impact

English:

","So when you do it, it makes a big impact"
zèl yo byen no,"their wings are fine, right","
 Translate the following Haitian Creole expression into natural English.
 Only provide the English translation.

Haitian Creole text:
zèl yo byen no

English:

",their wings are very black
bon sa se yon sheet.,well this is a leaf.,"
 Translate the following Haitian Creole expression into natural English.
 Only provide the English translation.

Haitian Creole text:
bon sa se yon sheet.

English:

","well, this is a sheet."
Se lave men wipe atè,it’s a waste of time,"
 Translate the following Haitian Creole expression into natural English.
 Only provide the English translation.

Haitian Creole text:
Se lave men wipe atè

English:

",You wash your hands and wipe them on the ground.
yo pitit pitit,their grandchildren,"
 Translate the following Haitian Creole expression into natural English.
 Only provide the English translation.

Haitian Creole text:
yo pitit pitit

English:

",their grandchildren
ou pa konn di li Wib,"you don’t know how to tell him, Wib","
 Translate the following Haitian Creole expression into natural English.
 Only provide the English translation.

Haitian Creole text:
ou pa konn di li Wib

English:

","you don’t know how to say it, Wib"
li se kouchou an skinny,he is the skinny one,"
 Translate the following Haitian Creole expression into natural English.
 Only provide the English translation.

Haitian Creole text:
li se kouchou an skinny

English:

",he is skinny as a stick
Ou pa difen nan say?,What’s the harm in saying it?,"
 Translate the following Haitian Creole expression into natural English.
 Only provide the English translation.

Haitian Creole text:
Ou pa difen nan say?

English:

",What’s wrong with you?
kapab pi jòti a m pran 3 kids,maybe later today I’ll take 3 kilos,"
 Translate the following Haitian Creole expression into natural English.
 Only provide the English translation.

Haitian Creole text:
kapab pi jòti a m pran 3 kids

English:

",I can take 3 kids at most.
"Oke, bon si yo, yo va ka di yo mete senk senk what?","Okay, well if they, they will be able to say they put five five what?","
 Translate the following Haitian Creole expression into natural English.
 Only provide the English translation.

Haitian Creole text:
Oke, bon si yo, yo va ka di yo mete senk senk what?

English:

","Okay, well if they, they’ll be able to say they put five five what?"
Mayi moulen,corn meal,"
 Translate the following Haitian Creole expression into natural English.
 Only provide the English translation.

Haitian Creole text:
Mayi moulen

English:

",ground cornmeal
mande nou pardon gentlemen,"ask us for forgiveness, sir","
 Translate the following Haitian Creole expression into natural English.
 Only provide the English translation.

Haitian Creole text:
mande nou pardon gentlemen

English:

","ask us for forgiveness, gentlemen"
Bò isit konsa m pase,I passed around here.,"
 Translate the following Haitian Creole expression into natural English.
 Only provide the English translation.

Haitian Creole text:
Bò isit konsa m pase

English:

",I passed by around here.
Nou tout gen pou nou rive la one day.,We all get there at a precise instant.,"
 Translate the following Haitian Creole expression into natural English.
 Only provide the English translation.

Haitian Creole text:
Nou tout gen pou nou rive la one day.

English:

",We all have to get there one day.
"Se poutèt sa m ap di you,",That is why I am telling you this.,"
 Translate the following Haitian Creole expression into natural English.
 Only provide the English translation.

Haitian Creole text:
Se poutèt sa m ap di you,

English:

","That’s why I’m telling you,"
y ap chante y ap do this y ap fè la,"they are singing, they are doing that thing there","
 Translate the following Haitian Creole expression into natural English.
 Only provide the English translation.

Haitian Creole text:
y ap chante y ap do this y ap fè la

English:

","they’re singing, they’re doing this, they’re doing that"
"Epi va gen more avèk avyon, avèk bonm, avèk gaz.",and were soon going to have planes and bombs.,"
 Translate the following Haitian Creole expression into natural English.
 Only provide the English translation.

Haitian Creole text:
Epi va gen more avèk avyon, avèk bonm, avèk gaz.

English:

","And there will be death with planes, with bombs, with gas."
m baka say sa.,I can’t say that.,"
 Translate the following Haitian Creole expression into natural English.
 Only provide the English translation.

Haitian Creole text:
m baka say sa.

English:

",I can’t say that.
konn si mounès figi scratched,know if the person’s face is scratched,"
 Translate the following Haitian Creole expression into natural English.
 Only provide the English translation.

Haitian Creole text:
konn si mounès figi scratched

English:

",know if the person’s face is scratched
ou konn take pou yo,you know how to take it for them,"
 Translate the following Haitian Creole expression into natural English.
 Only provide the English translation.

Haitian Creole text:
ou konn take pou yo

English:

",you know how to take it for them
a se fè gwenè tèt granmoun,that is to act like a grown-up fool,"
 Translate the following Haitian Creole expression into natural English.
 Only provide the English translation.

Haitian Creole text:
a se fè gwenè tèt granmoun

English:

",that’s just being stubborn like an old fool
mwen ak one li,me and him,"
 Translate the following Haitian Creole expression into natural English.
 Only provide the English translation.

Haitian Creole text:
mwen ak one li

English:

",me and him
Lalo,jute leaves,"
 Translate the following Haitian Creole expression into natural English.
 Only provide the English translation.

Haitian Creole text:
Lalo

English:

",Lalo
pou fire alimen,to feed the fire,"
 Translate the following Haitian Creole expression into natural English.
 Only provide the English translation.

Haitian Creole text:
pou fire alimen

English:

",to light a fire
di kontra fè beautiful,say the opposite of Bèl,"
 Translate the following Haitian Creole expression into natural English.
 Only provide the English translation.

Haitian Creole text:
di kontra fè beautiful

English:

",say the opposite of beautiful
ou ta ta di Monche,you would say Monche,"
 Translate the following Haitian Creole expression into natural English.
 Only provide the English translation.

Haitian Creole text:
ou ta ta di Monche

English:

","you’d say, Monche"
on moun wè l fè yon moun kounya wi l ap continue menmè,"someone sees him do it to someone now, yes, he will continue the same way","
 Translate the following Haitian Creole expression into natural English.
 Only provide the English translation.

Haitian Creole text:
on moun wè l fè yon moun kounya wi l ap continue menmè

English:

","if someone sees him do it to someone now, he’ll keep doing it anyway"
em pou tande bri bri sòdi dlo a genyen,I’m here to hear the sound the water makes.,"
 Translate the following Haitian Creole expression into natural English.
 Only provide the English translation.

Haitian Creole text:
em pou tande bri bri sòdi dlo a genyen

English:

",I’m here to hear the sound of the water flowing.
se pou vin lakay la clean obye pwòp,it should be clean or tidy at home,"
 Translate the following Haitian Creole expression into natural English.
 Only provide the English translation.

Haitian Creole text:
se pou vin lakay la clean obye pwòp

English:

",let the house be clean or tidy
li nan home lan,he is at home,"
 Translate the following Haitian Creole expression into natural English.
 Only provide the English translation.

Haitian Creole text:
li nan home lan

English:

",he’s at home
Y ap play ti kòk sa a?,Are they going to play this little rooster?,"
 Translate the following Haitian Creole expression into natural English.
 Only provide the English translation.

Haitian Creole text:
Y ap play ti kòk sa a?

English:

",Are they going to play this little rooster?
pouk ouk l ap send l,why is he sending it,"
 Translate the following Haitian Creole expression into natural English.
 Only provide the English translation.

Haitian Creole text:
pouk ouk l ap send l

English:

",Why is he sending it?
madou ou save zan vitan,"my dear, save yourself quickly","
 Translate the following Haitian Creole expression into natural English.
 Only provide the English translation.

Haitian Creole text:
madou ou save zan vitan

English:

",you know very well
li anje la again,he is there again,"
 Translate the following Haitian Creole expression into natural English.
 Only provide the English translation.

Haitian Creole text:
li anje la again

English:

",he’s there again
li pa vin here la,he did not come here,"
 Translate the following Haitian Creole expression into natural English.
 Only provide the English translation.

Haitian Creole text:
li pa vin here la

English:

",he didn’t come here
yo fè bayay la time lakay yo,they did the fight at their home,"
 Translate the following Haitian Creole expression into natural English.
 Only provide the English translation.

Haitian Creole text:
yo fè bayay la time lakay yo

English:

",they made the fight happen at their home
ou bezwen w enter the room,you need to come in,"
 Translate the following Haitian Creole expression into natural English.
 Only provide the English translation.

Haitian Creole text:
ou bezwen w enter the room

English:

",you need to enter the room
ou wè good,you see good,"
 Translate the following Haitian Creole expression into natural English.
 Only provide the English translation.

Haitian Creole text:
ou wè good

English:

",you see good
ou te di me,you told me,"
 Translate the following Haitian Creole expression into natural English.
 Only provide the English translation.

Haitian Creole text:
ou te di me

English:

",you told me
"tansyon, se tension.","tension, it’s tension.","
 Translate the following Haitian Creole expression into natural English.
 Only provide the English translation.

Haitian Creole text:
tansyon, se tension.

English:

","careful, it’s tension."
se rent pou nou lwe tèren an,it is for us to rent the land,"
 Translate the following Haitian Creole expression into natural English.
 Only provide the English translation.

Haitian Creole text:
se rent pou nou lwe tèren an

English:

",it’s rent for us to lease the land
esvi lò ou gade ou pran ou look,"even when you look, you take a look","
 Translate the following Haitian Creole expression into natural English.
 Only provide the English translation.

Haitian Creole text:
esvi lò ou gade ou pran ou look

English:

","when you look at yourself, you take on a look"
gen yon group moun,there are a lot of people,"
 Translate the following Haitian Creole expression into natural English.
 Only provide the English translation.

Haitian Creole text:
gen yon group moun

English:

",there is a group of people
sa sa m vle a la de moun parizanm ki met ansanm yo pou yo play,what I want here is about people from the same village who get together to play,"
 Translate the following Haitian Creole expression into natural English.
 Only provide the English translation.

Haitian Creole text:
sa sa m vle a la de moun parizanm ki met ansanm yo pou yo play

English:

",what I want here is for people who are on the same side to team up and play
ki konnen akonpay l la,who knows his companion,"
 Translate the following Haitian Creole expression into natural English.
 Only provide the English translation.

Haitian Creole text:
ki konnen akonpay l la

English:

",who knows the one accompanying him
li lave hands l,he washes his hands,"
 Translate the following Haitian Creole expression into natural English.
 Only provide the English translation.

Haitian Creole text:
li lave hands l

English:

",he washed his hands
Mse pa ka hear,I can’t hear.,"
 Translate the following Haitian Creole expression into natural English.
 Only provide the English translation.

Haitian Creole text:
Mse pa ka hear

English:

",I can’t hear.
"M ap di poyèt mwen kase, se true.","I’m saying my pot is broken, it’s true.","
 Translate the following Haitian Creole expression into natural English.
 Only provide the English translation.

Haitian Creole text:
M ap di poyèt mwen kase, se true.

English:

","I’m telling you, my wallet is broken, it’s true."
Donpou ta wè l di menm ti moun yo l pa care.,"So that you would see him say that even the little children, he doesn’t love them.","
 Translate the following Haitian Creole expression into natural English.
 Only provide the English translation.

Haitian Creole text:
Donpou ta wè l di menm ti moun yo l pa care.

English:

","Just so you know, he even tells the kids he doesn’t care."
li pa work,it doesn’t work,"
 Translate the following Haitian Creole expression into natural English.
 Only provide the English translation.

Haitian Creole text:
li pa work

English:

",he doesn’t work
nou m melted,we are melting,"
 Translate the following Haitian Creole expression into natural English.
 Only provide the English translation.

Haitian Creole text:
nou m melted

English:

",we melted
a bon mon boss,ah well my dear chief,"
 Translate the following Haitian Creole expression into natural English.
 Only provide the English translation.

Haitian Creole text:
a bon mon boss

English:

","oh well, my boss"
ki sa w kapab di an as what?,what can you say about it?,"
 Translate the following Haitian Creole expression into natural English.
 Only provide the English translation.

Haitian Creole text:
ki sa w kapab di an as what?

English:

",what can you say about it?
se pa our fault nou,it’s not our fault,"
 Translate the following Haitian Creole expression into natural English.
 Only provide the English translation.

Haitian Creole text:
se pa our fault nou

English:

",It’s not our fault.
nan map mennen ou nan zanm ki ki responsible non,"I will take you to the person who is responsible, right?","
 Translate the following Haitian Creole expression into natural English.
 Only provide the English translation.

Haitian Creole text:
nan map mennen ou nan zanm ki ki responsible non

English:

","I’m going to take you to the person who is responsible, okay?"
m pa konnen sou know non li,I don’t know his name.,"
 Translate the following Haitian Creole expression into natural English.
 Only provide the English translation.

Haitian Creole text:
m pa konnen sou know non li

English:

",I don’t know his name.
men ou pa know nou,but you don’t know us,"
 Translate the following Haitian Creole expression into natural English.
 Only provide the English translation.

Haitian Creole text:
men ou pa know nou

English:

",but you don’t know us
lòsinon yon jan dirty,otherwise a bit dirty,"
 Translate the following Haitian Creole expression into natural English.
 Only provide the English translation.

Haitian Creole text:
lòsinon yon jan dirty

English:

","or else, kind of dirty"
"Chemen mwen vle reflache nan imagination ou aswè a, se chemen jaden Mòn Lopital,","The path I retrace in your memory tonight is the one that runs through the back roads of Morne IHôpital,","
 Translate the following Haitian Creole expression into natural English.
 Only provide the English translation.

Haitian Creole text:
Chemen mwen vle reflache nan imagination ou aswè a, se chemen jaden Mòn Lopital,

English:

","The path I want to reflect in your imagination tonight is the path of the Mòn Lopital garden,"
ZILE NOU III,OUR ISLAND III,"
 Translate the following Haitian Creole expression into natural English.
 Only provide the English translation.

Haitian Creole text:
ZILE NOU III

English:

",OUR ISLAND III
"Yo pa gen lòt nan anlò, yo sa konsa yo voye, yo pa konn di Chaplè, right?","They don’t have any others up there, that’s how they send them, they don’t know how to say Chaplè, right?","
 Translate the following Haitian Creole expression into natural English.
 Only provide the English translation.

Haitian Creole text:
Yo pa gen lòt nan anlò, yo sa konsa yo voye, yo pa konn di Chaplè, right?

English:

","They don’t have any others up there; that’s how they send them. They don’t say “Chaplè,” right?"
ou di m pral wake up?,Are you saying I’m going to get up?,"
 Translate the following Haitian Creole expression into natural English.
 Only provide the English translation.

Haitian Creole text:
ou di m pral wake up?

English:

",Are you saying I’m going to wake up?
Ak labitid tout bagay possible.,"With proper habits, everything is possible.","
 Translate the following Haitian Creole expression into natural English.
 Only provide the English translation.

Haitian Creole text:
Ak labitid tout bagay possible.

English:

","With habit, anything is possible."
m pa walk,I’m not walking.,"
 Translate the following Haitian Creole expression into natural English.
 Only provide the English translation.

Haitian Creole text:
m pa walk

English:

",I don’t walk.
lalin nan kòm si m ta say ou,the moon as if I were telling you,"
 Translate the following Haitian Creole expression into natural English.
 Only provide the English translation.

Haitian Creole text:
lalin nan kòm si m ta say ou

English:

",the moon as if I were to tell you
yon kote ou going,a place you are going,"
 Translate the following Haitian Creole expression into natural English.
 Only provide the English translation.

Haitian Creole text:
yon kote ou going

English:

",somewhere you’re going
Obezwen pou drink,Need to drink,"
 Translate the following Haitian Creole expression into natural English.
 Only provide the English translation.

Haitian Creole text:
Obezwen pou drink

English:

",Need to drink
pi gon bay ki broken,more giving than breaking,"
 Translate the following Haitian Creole expression into natural English.
 Only provide the English translation.

Haitian Creole text:
pi gon bay ki broken

English:

",more giving than broken
"Y pa genyen mounen Sikwis nan, pa genyen dito, gran moun asyèk te konn genyen.","There are no people in Sikwis there, there are no ditches, like there used to be.","
 Translate the following Haitian Creole expression into natural English.
 Only provide the English translation.

Haitian Creole text:
Y pa genyen mounen Sikwis nan, pa genyen dito, gran moun asyèk te konn genyen.

English:

","There are no people in Sikwis there, no fingers, like the elders used to have."
men li ban w bagay fè m tèlman good se Micho,"but he gave you something that makes me feel so good, it’s Micho","
 Translate the following Haitian Creole expression into natural English.
 Only provide the English translation.

Haitian Creole text:
men li ban w bagay fè m tèlman good se Micho

English:

","but he gave you something that makes me feel so good, it’s Micho"
Yon bourèt son ka li te cart,A wheelbarrow is like a cart.,"
 Translate the following Haitian Creole expression into natural English.
 Only provide the English translation.

Haitian Creole text:
Yon bourèt son ka li te cart

English:

",A wheelbarrow is a cart.
bò kote you.,beside you,"
 Translate the following Haitian Creole expression into natural English.
 Only provide the English translation.

Haitian Creole text:
bò kote you.

English:

",near you
mwen an see,I see it,"
 Translate the following Haitian Creole expression into natural English.
 Only provide the English translation.

Haitian Creole text:
mwen an see

English:

",I see it.
kontinyebman ou fè sport,continuously you make effort,"
 Translate the following Haitian Creole expression into natural English.
 Only provide the English translation.

Haitian Creole text:
kontinyebman ou fè sport

English:

",continuously you do sports
wè ou ka fè la yon patat thing,I see you can make a sweet potato thing there,"
 Translate the following Haitian Creole expression into natural English.
 Only provide the English translation.

Haitian Creole text:
wè ou ka fè la yon patat thing

English:

",I see you can make a sweet potato thing there
sa k pi gwonè k lan dwa bat pi piti a,the bigger one has the right to beat the smaller one,"
 Translate the following Haitian Creole expression into natural English.
 Only provide the English translation.

Haitian Creole text:
sa k pi gwonè k lan dwa bat pi piti a

English:

",the bigger one has the right to beat the smaller one
men sou kote li ou gen dwa jwen n yon pakèt trash moun gen dwat sekle l,but beside it you can find a lot of trash people have the right to clear it,"
 Translate the following Haitian Creole expression into natural English.
 Only provide the English translation.

Haitian Creole text:
men sou kote li ou gen dwa jwen n yon pakèt trash moun gen dwat sekle l

English:

",but beside it you can find a lot of trash people have the right to clear away
Se ou gen the issue a,If you have the grudge,"
 Translate the following Haitian Creole expression into natural English.
 Only provide the English translation.

Haitian Creole text:
Se ou gen the issue a

English:

",If you have the issue.
nou sou li men,we’re on him but,"
 Translate the following Haitian Creole expression into natural English.
 Only provide the English translation.

Haitian Creole text:
nou sou li men

English:

","we’re on it, but"
tankwab di ti child nan,as if to say the child,"
 Translate the following Haitian Creole expression into natural English.
 Only provide the English translation.

Haitian Creole text:
tankwab di ti child nan

English:

",like saying the little child in
zanpwa wap di l like that an,why are you telling him like that then,"
 Translate the following Haitian Creole expression into natural English.
 Only provide the English translation.

Haitian Creole text:
zanpwa wap di l like that an

English:

",Why are you saying it like that?
"Ou, kònd e Jiyè, sa k gen la Jiyè gen mango anpil?","You, when it’s July, is there a lot of mangoes in July?","
 Translate the following Haitian Creole expression into natural English.
 Only provide the English translation.

Haitian Creole text:
Ou, kònd e Jiyè, sa k gen la Jiyè gen mango anpil?

English:

","You know, in July, does July have a lot of mangoes?"
ou patwè l l ale there,you were with him when he left,"
 Translate the following Haitian Creole expression into natural English.
 Only provide the English translation.

Haitian Creole text:
ou patwè l l ale there

English:

",you watched him go there
kisò di la look,what are you looking at there,"
 Translate the following Haitian Creole expression into natural English.
 Only provide the English translation.

Haitian Creole text:
kisò di la look

English:

","what’s up there, look"
"Men, wap m li y ap talk tou, menm bagay, menm bagay.","But, while I’m reading, they’re talking too, same thing, same thing.","
 Translate the following Haitian Creole expression into natural English.
 Only provide the English translation.

Haitian Creole text:
Men, wap m li y ap talk tou, menm bagay, menm bagay.

English:

","But, while I’m reading, they’re talking too, same thing, same thing."
katre di maten,four in the morning,"
 Translate the following Haitian Creole expression into natural English.
 Only provide the English translation.

Haitian Creole text:
katre di maten

English:

",four in the morning
ki jan ou call sa,what do you call that,"
 Translate the following Haitian Creole expression into natural English.
 Only provide the English translation.

Haitian Creole text:
ki jan ou call sa

English:

",what do you call that
vay sa a,this thing,"
 Translate the following Haitian Creole expression into natural English.
 Only provide the English translation.

Haitian Creole text:
vay sa a

English:

",that thing
yo rele li,they call him,"
 Translate the following Haitian Creole expression into natural English.
 Only provide the English translation.

Haitian Creole text:
yo rele li

English:

",they call him
yo konn take nou.,They know how to take us.,"
 Translate the following Haitian Creole expression into natural English.
 Only provide the English translation.

Haitian Creole text:
yo konn take nou.

English:

",They know how to take us.
"Moun nan ditè, on lòt moun parep, li di tè a se pou him.","The person said, another person said, he said the land is his.","
 Translate the following Haitian Creole expression into natural English.
 Only provide the English translation.

Haitian Creole text:
Moun nan ditè, on lòt moun parep, li di tè a se pou him.

English:

","The person in the field, another person nearby, he says the land is his."
peyè Piske bon sa yo fè l la cry an l rele,because the good things they did for him made him cry as he cried out,"
 Translate the following Haitian Creole expression into natural English.
 Only provide the English translation.

Haitian Creole text:
peyè Piske bon sa yo fè l la cry an l rele

English:

","because of the good things they did to him, he cried out and shouted"
Dwa konn di se yon rare thing an tout?,Can one say it is a rarity in all?,"
 Translate the following Haitian Creole expression into natural English.
 Only provide the English translation.

Haitian Creole text:
Dwa konn di se yon rare thing an tout?

English:

",Do people say it’s a rare thing everywhere?
Fò ou jete pou ou pick up.,you reap what you sow,"
 Translate the following Haitian Creole expression into natural English.
 Only provide the English translation.

Haitian Creole text:
Fò ou jete pou ou pick up.

English:

",You have to drop it off to pick it up.
blandèyè tèt li,behind his head,"
 Translate the following Haitian Creole expression into natural English.
 Only provide the English translation.

Haitian Creole text:
blandèyè tèt li

English:

",the back of his/her head
kreyati Bondye,The color of God,"
 Translate the following Haitian Creole expression into natural English.
 Only provide the English translation.

Haitian Creole text:
kreyati Bondye

English:

",God’s creature
anke konsa sanman call,"even so, call it that","
 Translate the following Haitian Creole expression into natural English.
 Only provide the English translation.

Haitian Creole text:
anke konsa sanman call

English:

","maybe like that, without calling"
e m konn wè ki yon ti chanvèt ki genyen pyye anba pòt li,and I know I see that there is a little green thing under his door,"
 Translate the following Haitian Creole expression into natural English.
 Only provide the English translation.

Haitian Creole text:
e m konn wè ki yon ti chanvèt ki genyen pyye anba pòt li

English:

",and I can see that there’s a little hemp plant with a stem under his door
kòm si yon pye orange,as if a zoran tree,"
 Translate the following Haitian Creole expression into natural English.
 Only provide the English translation.

Haitian Creole text:
kòm si yon pye orange

English:

",as if it were an orange tree
bò elè yo take an,near where they took it,"
 Translate the following Haitian Creole expression into natural English.
 Only provide the English translation.

Haitian Creole text:
bò elè yo take an

English:

",near the time they took it away
jiska p ap the end an,until the end of the world,"
 Translate the following Haitian Creole expression into natural English.
 Only provide the English translation.

Haitian Creole text:
jiska p ap the end an

English:

",until the end
pan bottles yo ap brel,the bottle caps are rattling,"
 Translate the following Haitian Creole expression into natural English.
 Only provide the English translation.

Haitian Creole text:
pan bottles yo ap brel

English:

",the bottles are rattling
li mande w pitit la w ap tell yo,"he asks you for the child, you tell them","
 Translate the following Haitian Creole expression into natural English.
 Only provide the English translation.

Haitian Creole text:
li mande w pitit la w ap tell yo

English:

","he asks you about the child, you’ll tell them"
Fanm O! pa gen barrier pou mezire kouray-ou,O Woman nothing can fence in your courage,"
 Translate the following Haitian Creole expression into natural English.
 Only provide the English translation.

Haitian Creole text:
Fanm O! pa gen barrier pou mezire kouray-ou

English:

",Woman! There is no barrier to measure your courage.
on lòt kote e ki jan yo rele l ankò ou pa konn nonn green channel.,another place and what do they call it again you don’t know the name of the green canal,"
 Translate the following Haitian Creole expression into natural English.
 Only provide the English translation.

Haitian Creole text:
on lòt kote e ki jan yo rele l ankò ou pa konn nonn green channel.

English:

","What’s it called again in another place? You don’t know the name, green channel."
pou yon tou konn tande yo jwenn again,so that everyone can hear them again,"
 Translate the following Haitian Creole expression into natural English.
 Only provide the English translation.

Haitian Creole text:
pou yon tou konn tande yo jwenn again

English:

",to hear them again all at once
Soul o!o! mwen renmen you...,"I love you, Soul","
 Translate the following Haitian Creole expression into natural English.
 Only provide the English translation.

Haitian Creole text:
Soul o!o! mwen renmen you...

English:

",Oh soul! I love you...
y mat blue.,and the white mat.,"
 Translate the following Haitian Creole expression into natural English.
 Only provide the English translation.

Haitian Creole text:
y mat blue.

English:

",and blue mat.
Pou Wilner Morisseau ak Kénel Hyppolite,For Wilner Morisseau and Kénel Hyppolite,"
 Translate the following Haitian Creole expression into natural English.
 Only provide the English translation.

Haitian Creole text:
Pou Wilner Morisseau ak Kénel Hyppolite

English:

",For Wilner Morisseau and Kénel Hyppolite
yo tout nouvel bò ou pa ta understand moun bay konsa,"they are all new around you, you wouldn’t hear people giving like that","
 Translate the following Haitian Creole expression into natural English.
 Only provide the English translation.

Haitian Creole text:
yo tout nouvel bò ou pa ta understand moun bay konsa

English:

","they’re all new around you, you wouldn’t understand people giving like that"
bon èske ou pa k ap di ou gen tè bagay maybe tou,"well, aren’t you saying you have land and things too","
 Translate the following Haitian Creole expression into natural English.
 Only provide the English translation.

Haitian Creole text:
bon èske ou pa k ap di ou gen tè bagay maybe tou

English:

","Well, aren’t you saying you have land and stuff too, maybe?"
men se jodya yo mande w pou li,but today they ask you to read it,"
 Translate the following Haitian Creole expression into natural English.
 Only provide the English translation.

Haitian Creole text:
men se jodya yo mande w pou li

English:

",but it’s today they’re asking you for it
tijann rele himself,Tijann called himself.,"
 Translate the following Haitian Creole expression into natural English.
 Only provide the English translation.

Haitian Creole text:
tijann rele himself

English:

",Tijann called himself
moun sa ap fè gran show,That person is making a big fuss.,"
 Translate the following Haitian Creole expression into natural English.
 Only provide the English translation.

Haitian Creole text:
moun sa ap fè gran show

English:

",that person is putting on a big show
w ap pase l nan ticket,you will pass it through the little hole,"
 Translate the following Haitian Creole expression into natural English.
 Only provide the English translation.

Haitian Creole text:
w ap pase l nan ticket

English:

",you’ll put it on the ticket
"wòt se lorye w ba know l, hè?","What’s the point of giving him the laurel, huh?","
 Translate the following Haitian Creole expression into natural English.
 Only provide the English translation.

Haitian Creole text:
wòt se lorye w ba know l, hè?

English:

","What’s the point of the laurel you gave him, huh?"
"Pi grav, 7 Oktòb de chèf yo gen kouraj atake Pòtoprens ak 300 rebèl anvan yo kraze **run**.","The worst was on October 7, 1919 Charlemagne Peralte and Benoit Batraville started with 300 men an attack on Port-au-Prince.","
 Translate the following Haitian Creole expression into natural English.
 Only provide the English translation.

Haitian Creole text:
Pi grav, 7 Oktòb de chèf yo gen kouraj atake Pòtoprens ak 300 rebèl anvan yo kraze **run**.

English:

","More seriously, on October 7 the leaders had the courage to attack Port-au-Prince with 300 rebels before they broke ranks."
galise an men lè time,"it’s slipping away, but when the time comes","
 Translate the following Haitian Creole expression into natural English.
 Only provide the English translation.

Haitian Creole text:
galise an men lè time

English:

",at the same time
pa gen lòt way ankò,there is no other way anymore,"
 Translate the following Haitian Creole expression into natural English.
 Only provide the English translation.

Haitian Creole text:
pa gen lòt way ankò

English:

",there’s no other way anymore
se pa complete nèt,not entirely,"
 Translate the following Haitian Creole expression into natural English.
 Only provide the English translation.

Haitian Creole text:
se pa complete nèt

English:

",not completely finished
"2 fevriye 2013, Malala te tounen lopital la pou yon lòt operasyon nan tèt, yon operasyon ki dire prèske five hours.","On February 2, 2013, Malala returned to the hospital for another head operation, an operation that lasted nearly five hours.","
 Translate the following Haitian Creole expression into natural English.
 Only provide the English translation.

Haitian Creole text:
2 fevriye 2013, Malala te tounen lopital la pou yon lòt operasyon nan tèt, yon operasyon ki dire prèske five hours.

English:

","On February 2, 2013, Malala returned to the hospital for another head operation, a surgery that lasted nearly five hours."
men pou ki ap kill mwi,but why are you killing me,"
 Translate the following Haitian Creole expression into natural English.
 Only provide the English translation.

Haitian Creole text:
men pou ki ap kill mwi

English:

",but why are you killing me
yo k ap di,they are saying,"
 Translate the following Haitian Creole expression into natural English.
 Only provide the English translation.

Haitian Creole text:
yo k ap di

English:

",they are saying
men si se ou t ap fè the thing la,but if it were you doing the thing,"
 Translate the following Haitian Creole expression into natural English.
 Only provide the English translation.

Haitian Creole text:
men si se ou t ap fè the thing la

English:

",but if it were you doing the thing
n ap prepare food gran tik sou dou bèt yo,we are preparing food for the big tick on the two animals,"
 Translate the following Haitian Creole expression into natural English.
 Only provide the English translation.

Haitian Creole text:
n ap prepare food gran tik sou dou bèt yo

English:

",we are preparing food for the big tick on the two animals
Ou kwè se that?,Do you think that's it?,"
 Translate the following Haitian Creole expression into natural English.
 Only provide the English translation.

Haitian Creole text:
Ou kwè se that?

English:

",Do you think that’s it?
yo p ap ka leave,they won’t be able to get out,"
 Translate the following Haitian Creole expression into natural English.
 Only provide the English translation.

Haitian Creole text:
yo p ap ka leave

English:

",they won’t be able to leave
Ou pa ga li like that yo,You can’t read it like that.,"
 Translate the following Haitian Creole expression into natural English.
 Only provide the English translation.

Haitian Creole text:
Ou pa ga li like that yo

English:

",You can’t read it like that.
chan ki san body a,the field without the body,"
 Translate the following Haitian Creole expression into natural English.
 Only provide the English translation.

Haitian Creole text:
chan ki san body a

English:

",the song without the body
kòm si san bagay di according to jan wè a,as if without saying anything according to the way it is seen,"
 Translate the following Haitian Creole expression into natural English.
 Only provide the English translation.

Haitian Creole text:
kòm si san bagay di according to jan wè a

English:

","as if nothing had been said, according to how it was seen"
li kad kouman l te cold,he was shivering because he was cold,"
 Translate the following Haitian Creole expression into natural English.
 Only provide the English translation.

Haitian Creole text:
li kad kouman l te cold

English:

",he was shivering from the cold
"Se li menmou, se li menmou, yes.","It’s him, it’s him, yes.","
 Translate the following Haitian Creole expression into natural English.
 Only provide the English translation.

Haitian Creole text:
Se li menmou, se li menmou, yes.

English:

","It’s him, it’s him, yes."
l cost yo tou.,the bodies too.,"
 Translate the following Haitian Creole expression into natural English.
 Only provide the English translation.

Haitian Creole text:
l cost yo tou.

English:

",the cost too.
gen konn al pase,sometimes go spend time,"
 Translate the following Haitian Creole expression into natural English.
 Only provide the English translation.

Haitian Creole text:
gen konn al pase

English:

",to go hang out sometimes
m pray nou,I pray for us,"
 Translate the following Haitian Creole expression into natural English.
 Only provide the English translation.

Haitian Creole text:
m pray nou

English:

",I pray for us
li di loud,he said loudly,"
 Translate the following Haitian Creole expression into natural English.
 Only provide the English translation.

Haitian Creole text:
li di loud

English:

",he said it out loud
anm pèdi tou lede yes,"I lost both of them too, yes","
 Translate the following Haitian Creole expression into natural English.
 Only provide the English translation.

Haitian Creole text:
anm pèdi tou lede yes

English:

","I lost both of them, yes"
kwa know yo,who knows them,"
 Translate the following Haitian Creole expression into natural English.
 Only provide the English translation.

Haitian Creole text:
kwa know yo

English:

",they know it too
empi li rankontou yon tifi ki li menm alone,then he met a girl all by herself,"
 Translate the following Haitian Creole expression into natural English.
 Only provide the English translation.

Haitian Creole text:
empi li rankontou yon tifi ki li menm alone

English:

",and then he met a girl who was also alone
ki jan yo call l,what is it called,"
 Translate the following Haitian Creole expression into natural English.
 Only provide the English translation.

Haitian Creole text:
ki jan yo call l

English:

",what do they call him
"No, se brown sak mawon.","No, it’s the brown bag.","
 Translate the following Haitian Creole expression into natural English.
 Only provide the English translation.

Haitian Creole text:
No, se brown sak mawon.

English:

","No, it’s a brown bag."
goud bottle,Bottle Gourd,"
 Translate the following Haitian Creole expression into natural English.
 Only provide the English translation.

Haitian Creole text:
goud bottle

English:

",glass bottle
sa wap di l ou p ap take pou li a?,What are you telling him that you won’t take for him?,"
 Translate the following Haitian Creole expression into natural English.
 Only provide the English translation.

Haitian Creole text:
sa wap di l ou p ap take pou li a?

English:

",What are you telling him that you’re not going to take for him?
ap si yo di w ba l w job fè.,if they tell you to give him work to do,"
 Translate the following Haitian Creole expression into natural English.
 Only provide the English translation.

Haitian Creole text:
ap si yo di w ba l w job fè.

English:

",if I tell you to give him a job to do
fè yon camp avèk yo,make a camp with them,"
 Translate the following Haitian Creole expression into natural English.
 Only provide the English translation.

Haitian Creole text:
fè yon camp avèk yo

English:

",hang out with them
pou tè mwen,for my land,"
 Translate the following Haitian Creole expression into natural English.
 Only provide the English translation.

Haitian Creole text:
pou tè mwen

English:

",for my land
Pwoblèm p ap fini,To say when problems seem to accumulate.,"
 Translate the following Haitian Creole expression into natural English.
 Only provide the English translation.

Haitian Creole text:
Pwoblèm p ap fini

English:

",Problems never end.
m ale m lage pye m nan sea,I go and put my feet in the sea,"
 Translate the following Haitian Creole expression into natural English.
 Only provide the English translation.

Haitian Creole text:
m ale m lage pye m nan sea

English:

","I’m going, I’m putting my feet in the sea."
avatit dòktòb abè yo yo pa travay yo travay pou tèt yo,"since the doctors there don’t work, they work for themselves","
 Translate the following Haitian Creole expression into natural English.
 Only provide the English translation.

Haitian Creole text:
avatit dòktòb abè yo yo pa travay yo travay pou tèt yo

English:

","since the doctors there don’t work, they work for themselves"
m li ban w heart,I gave you my heart,"
 Translate the following Haitian Creole expression into natural English.
 Only provide the English translation.

Haitian Creole text:
m li ban w heart

English:

",I gave you a heart.
kouche with l,sleep with him,"
 Translate the following Haitian Creole expression into natural English.
 Only provide the English translation.

Haitian Creole text:
kouche with l

English:

",sleep with him/her
li pa pa m,he is not mine,"
 Translate the following Haitian Creole expression into natural English.
 Only provide the English translation.

Haitian Creole text:
li pa pa m

English:

",he’s not mine
e sòf sa a moun sa a there,"and except for that, this person is there","
 Translate the following Haitian Creole expression into natural English.
 Only provide the English translation.

Haitian Creole text:
e sòf sa a moun sa a there

English:

","and except for that, that person is there"
"Yo konn mete on lòt bagay sou li, sou tèt li ankò, gen an rele lanm ka lè m vè.","They sometimes put another thing on it, on top of it too, there is one called “lanm ka lè m vè.”","
 Translate the following Haitian Creole expression into natural English.
 Only provide the English translation.

Haitian Creole text:
Yo konn mete on lòt bagay sou li, sou tèt li ankò, gen an rele lanm ka lè m vè.

English:

","They sometimes put another thing on it, on top of it too, there’s one called “lanm ka lè m vè.”"
ki yon market la,what a market there,"
 Translate the following Haitian Creole expression into natural English.
 Only provide the English translation.

Haitian Creole text:
ki yon market la

English:

",what a market there is
m ap by him,I’m by him.,"
 Translate the following Haitian Creole expression into natural English.
 Only provide the English translation.

Haitian Creole text:
m ap by him

English:

",I’m going to buy him.
pou fè arrest,to arrest,"
 Translate the following Haitian Creole expression into natural English.
 Only provide the English translation.

Haitian Creole text:
pou fè arrest

English:

",to make an arrest
se sa only,that's all,"
 Translate the following Haitian Creole expression into natural English.
 Only provide the English translation.

Haitian Creole text:
se sa only

English:

",that’s all
men ou pa konnen si se san myen yet,"but you don’t know if it’s my blood, huh","
 Translate the following Haitian Creole expression into natural English.
 Only provide the English translation.

Haitian Creole text:
men ou pa konnen si se san myen yet

English:

",but you don’t know if it’s my blood yet
"Chante a di nan Nouvòk solèy mache tèt anba; sepandan, nan Monreyal, se sou glisad nap walk.","""The sun in New York runs upside down' according to one of our songs while we in Montreal move on ice rinks.","
 Translate the following Haitian Creole expression into natural English.
 Only provide the English translation.

Haitian Creole text:
Chante a di nan Nouvòk solèy mache tèt anba; sepandan, nan Monreyal, se sou glisad nap walk.

English:

","The song says that in New York the sun walks upside down; however, in Montreal, we’re on a slide."
kisòde yon ap do there,what are you doing there,"
 Translate the following Haitian Creole expression into natural English.
 Only provide the English translation.

Haitian Creole text:
kisòde yon ap do there

English:

",what are you doing there
Bon si ou t ap di pran pou you ki sòt ap di la,well if you were saying take for yourselves what are you saying here,"
 Translate the following Haitian Creole expression into natural English.
 Only provide the English translation.

Haitian Creole text:
Bon si ou t ap di pran pou you ki sòt ap di la

English:

","Well, if you were saying to take it for someone, what are you saying there?"
Se tèlman true.,It's so true,"
 Translate the following Haitian Creole expression into natural English.
 Only provide the English translation.

Haitian Creole text:
Se tèlman true.

English:

",It’s so true.
Men se menm kouvèt li a toujou red.,But its blanket is still red.,"
 Translate the following Haitian Creole expression into natural English.
 Only provide the English translation.

Haitian Creole text:
Men se menm kouvèt li a toujou red.

English:

",But his blanket is still hard.
yo kole li,they stuck it,"
 Translate the following Haitian Creole expression into natural English.
 Only provide the English translation.

Haitian Creole text:
yo kole li

English:

",they stuck it to him
Nou te pran tout prekosyon nou kapab pou nou te jwi moman an san worry.,"sparkled in the depth of our eyes subsided. We did everything, took every precaution in order to enjoy the moment without fear.","
 Translate the following Haitian Creole expression into natural English.
 Only provide the English translation.

Haitian Creole text:
Nou te pran tout prekosyon nou kapab pou nou te jwi moman an san worry.

English:

",We took all the precautions we could to enjoy the moment without worry.
ou pral nan one center,you are going to a center,"
 Translate the following Haitian Creole expression into natural English.
 Only provide the English translation.

Haitian Creole text:
ou pral nan one center

English:

",you are going to a center
men Gen de moun lè l al fè lachas sa gen ak isa wè w konnen moun k ap touye mèt tankò ak rifle,"but there are some people when he goes hunting, that has to do with what you know, people who kill with a shotgun and rifle","
 Translate the following Haitian Creole expression into natural English.
 Only provide the English translation.

Haitian Creole text:
men Gen de moun lè l al fè lachas sa gen ak isa wè w konnen moun k ap touye mèt tankò ak rifle

English:

","but there are some people when they go hunting, that has to do with what you know, people who kill with a rifle"
yo konn sell l,they know how to sell it,"
 Translate the following Haitian Creole expression into natural English.
 Only provide the English translation.

Haitian Creole text:
yo konn sell l

English:

",they know how to sell it
yo pa jve di l pran baggage,they didn’t want to tell him to take the stuff,"
 Translate the following Haitian Creole expression into natural English.
 Only provide the English translation.

Haitian Creole text:
yo pa jve di l pran baggage

English:

",they didn’t even tell him to take the luggage
yo rele tavann attic,they call the tavann tinit,"
 Translate the following Haitian Creole expression into natural English.
 Only provide the English translation.

Haitian Creole text:
yo rele tavann attic

English:

",they call the attic attic
ou akonnen On timoun ki kouche,Do you know a child who is lying down,"
 Translate the following Haitian Creole expression into natural English.
 Only provide the English translation.

Haitian Creole text:
ou akonnen On timoun ki kouche

English:

",You know a child who is lying down
Chak kou ou laugh,I feel all warm within,"
 Translate the following Haitian Creole expression into natural English.
 Only provide the English translation.

Haitian Creole text:
Chak kou ou laugh

English:

",Every time you laugh
sa m pran,what I took,"
 Translate the following Haitian Creole expression into natural English.
 Only provide the English translation.

Haitian Creole text:
sa m pran

English:

",what I took
men sa se true,but this is true,"
 Translate the following Haitian Creole expression into natural English.
 Only provide the English translation.

Haitian Creole text:
men sa se true

English:

",but this is true
gen yon chat nou yard a,there is a cat in our yard,"
 Translate the following Haitian Creole expression into natural English.
 Only provide the English translation.

Haitian Creole text:
gen yon chat nou yard a

English:

",there’s a cat in our yard
li lage atè,he dropped it on the ground,"
 Translate the following Haitian Creole expression into natural English.
 Only provide the English translation.

Haitian Creole text:
li lage atè

English:

",he dropped it on the ground
"Ijon l, e fè gen yon ki nou wè too.","Look at it, and make sure there is one that we see too.","
 Translate the following Haitian Creole expression into natural English.
 Only provide the English translation.

Haitian Creole text:
Ijon l, e fè gen yon ki nou wè too.

English:

","Look at it, and make sure there’s one we can see too."
depi maten sa l ap work,since this morning he has been doing it,"
 Translate the following Haitian Creole expression into natural English.
 Only provide the English translation.

Haitian Creole text:
depi maten sa l ap work

English:

","since this morning, he’s been working"
"""Chiyosèt, the other one before?""","Chiyosèt, the other one before?","
 Translate the following Haitian Creole expression into natural English.
 Only provide the English translation.

Haitian Creole text:
""Chiyosèt, the other one before?""

English:

","“Chiyosèt, the other one before?”"
yo pa rele m love jan ankò,they don’t call me love anymore,"
 Translate the following Haitian Creole expression into natural English.
 Only provide the English translation.

Haitian Creole text:
yo pa rele m love jan ankò

English:

",They don’t call me Love Jan anymore.
li vin do,he came to do,"
 Translate the following Haitian Creole expression into natural English.
 Only provide the English translation.

Haitian Creole text:
li vin do

English:

",he turned his back
ki yon ap di yo genyen it?,What are they saying they have?,"
 Translate the following Haitian Creole expression into natural English.
 Only provide the English translation.

Haitian Creole text:
ki yon ap di yo genyen it?

English:

",What are they saying they have?
epi yo mete Kèlke chòz yo wè te l next to a nan kwen,and they put some things they saw next to it in the corner,"
 Translate the following Haitian Creole expression into natural English.
 Only provide the English translation.

Haitian Creole text:
epi yo mete Kèlke chòz yo wè te l next to a nan kwen

English:

",and they put some things they saw next to it in the corner
tezen nan water,tezen in the water,"
 Translate the following Haitian Creole expression into natural English.
 Only provide the English translation.

Haitian Creole text:
tezen nan water

English:

",the water tank
fè m de days tou,give me two days too,"
 Translate the following Haitian Creole expression into natural English.
 Only provide the English translation.

Haitian Creole text:
fè m de days tou

English:

",make it two days too
pa di l ap start,don’t say it’s starting,"
 Translate the following Haitian Creole expression into natural English.
 Only provide the English translation.

Haitian Creole text:
pa di l ap start

English:

",don’t say he’s going to start
m byen kontan m tou m bon person lòt bagay,"I’m very happy, I’m also a good person, other things","
 Translate the following Haitian Creole expression into natural English.
 Only provide the English translation.

Haitian Creole text:
m byen kontan m tou m bon person lòt bagay

English:

","I’m very happy, I’m fine too, nothing else."
ya stay yo,they will stay there,"
 Translate the following Haitian Creole expression into natural English.
 Only provide the English translation.

Haitian Creole text:
ya stay yo

English:

",their stay
"Mwen di mwen pa kab fe ou okenn pwomès, paske tankou ou konnen li, menmsi kè nou ak tèt nou ap viv nan menm espas, anba gouvènay santiman,","You say you can make no promises because, as far as feelings go, if our heads and hearts share the same space,","
 Translate the following Haitian Creole expression into natural English.
 Only provide the English translation.

Haitian Creole text:
Mwen di mwen pa kab fe ou okenn pwomès, paske tankou ou konnen li, menmsi kè nou ak tèt nou ap viv nan menm espas, anba gouvènay santiman,

English:

","I said I can’t make you any promises, because as you know, even though our hearts and minds live in the same space, under the rule of feelings,"
yo mete sou fire sa y ap fè pou li,they put on fire what they are making for him,"
 Translate the following Haitian Creole expression into natural English.
 Only provide the English translation.

Haitian Creole text:
yo mete sou fire sa y ap fè pou li

English:

",they put on fire what they’re doing for him
sa k fè l pa eat l,why doesn’t he eat it,"
 Translate the following Haitian Creole expression into natural English.
 Only provide the English translation.

Haitian Creole text:
sa k fè l pa eat l

English:

",why doesn’t he eat it
"- Fry pwason (mullet, snapper oswa pwason lokal) apre marinad li ak lemon, sèl, pwav ak epis santi bon.","- Fry fish (red mullet, snapper or local fish) after marinating it with lemon, salt, pepper and spices.","
 Translate the following Haitian Creole expression into natural English.
 Only provide the English translation.

Haitian Creole text:
- Fry pwason (mullet, snapper oswa pwason lokal) apre marinad li ak lemon, sèl, pwav ak epis santi bon.

English:

","- Fry the fish (mullet, snapper, or local fish) after marinating it with lemon, salt, pepper, and spices."
onsiye genye eotikon moun menm would ta di,there are other people who would even say,"
 Translate the following Haitian Creole expression into natural English.
 Only provide the English translation.

Haitian Creole text:
onsiye genye eotikon moun menm would ta di

English:

",maybe there are other people who would even say
api yo limen pou klere house.,but they are lit to light the house.,"
 Translate the following Haitian Creole expression into natural English.
 Only provide the English translation.

Haitian Creole text:
api yo limen pou klere house.

English:

",the lights are on to brighten the house
"Si nou gen malè kite tout kalite bèbèl simen poud cham sOu wout nou, se sanzatann nanm nou va teri nan bak tout kalite Mezon-finans epi nou va sezi wè rèv nou nan plan.","If we let the tinsel, bells and whistles that flash along the way seduce us, before we know it our souls will go bankrupt and our drearms will perislh with our life on the shelves of the pawn brokers.","
 Translate the following Haitian Creole expression into natural English.
 Only provide the English translation.

Haitian Creole text:
Si nou gen malè kite tout kalite bèbèl simen poud cham sOu wout nou, se sanzatann nanm nou va teri nan bak tout kalite Mezon-finans epi nou va sezi wè rèv nou nan plan.

English:

","If we have the misfortune of leaving all kinds of foolishness to scatter magic powder in our path, suddenly our souls will be trapped in all kinds of financial houses, and we will be astonished to see our dreams laid out on the table."
en rive kote pou ta desann us,we arrived at the place where we were supposed to get off,"
 Translate the following Haitian Creole expression into natural English.
 Only provide the English translation.

Haitian Creole text:
en rive kote pou ta desann us

English:

",we arrived at the place where we were supposed to get off us
li fè sa l pran cigarette li,"he does that, he takes his cigarette","
 Translate the following Haitian Creole expression into natural English.
 Only provide the English translation.

Haitian Creole text:
li fè sa l pran cigarette li

English:

",He did that while taking his cigarette.
yo aride yo Myèn box,they arrived at Bwat Myèn,"
 Translate the following Haitian Creole expression into natural English.
 Only provide the English translation.

Haitian Creole text:
yo aride yo Myèn box

English:

",they dried them Myèn box
la word va,the word will go,"
 Translate the following Haitian Creole expression into natural English.
 Only provide the English translation.

Haitian Creole text:
la word va

English:

",the word goes
li love li menm,he himself loves himself,"
 Translate the following Haitian Creole expression into natural English.
 Only provide the English translation.

Haitian Creole text:
li love li menm

English:

",he loves himself
koun l ap kouri like an fè,now he’s running like a madman,"
 Translate the following Haitian Creole expression into natural English.
 Only provide the English translation.

Haitian Creole text:
koun l ap kouri like an fè

English:

",now he’s running like iron
"Moman sa yo, Soul, se pa moman nou kab create.","These momnents, Soul, they cannot be created.","
 Translate the following Haitian Creole expression into natural English.
 Only provide the English translation.

Haitian Creole text:
Moman sa yo, Soul, se pa moman nou kab create.

English:

","These are not times, Soul, for us to create."
li yon person konsa yo,he is such a person,"
 Translate the following Haitian Creole expression into natural English.
 Only provide the English translation.

Haitian Creole text:
li yon person konsa yo

English:

","he’s such a person, you know"
Kon t ap speak,As he was speaking,"
 Translate the following Haitian Creole expression into natural English.
 Only provide the English translation.

Haitian Creole text:
Kon t ap speak

English:

",was speaking
ni bèk pi ni pye li,neither beak nor foot of it,"
 Translate the following Haitian Creole expression into natural English.
 Only provide the English translation.

Haitian Creole text:
ni bèk pi ni pye li

English:

",neither beak nor foot of it
yo rele misye,they call the man,"
 Translate the following Haitian Creole expression into natural English.
 Only provide the English translation.

Haitian Creole text:
yo rele misye

English:

",they call him
ki yon yo call l?,What do they call him?,"
 Translate the following Haitian Creole expression into natural English.
 Only provide the English translation.

Haitian Creole text:
ki yon yo call l?

English:

",What do they call him?
Lis 25 pi bon dishes ayisyen an 2025:,List of the 25 Best Haitian Dishes in 2025:,"
 Translate the following Haitian Creole expression into natural English.
 Only provide the English translation.

Haitian Creole text:
Lis 25 pi bon dishes ayisyen an 2025:

English:

",The 25 best Haitian dishes in 2025:
men avèk yon me nan,but with an m in it,"
 Translate the following Haitian Creole expression into natural English.
 Only provide the English translation.

Haitian Creole text:
men avèk yon me nan

English:

",but with a me in
kichan rele menm,what is your name again,"
 Translate the following Haitian Creole expression into natural English.
 Only provide the English translation.

Haitian Creole text:
kichan rele menm

English:

",what’s your name again
ki bouche anpil mess,that causes a lot of trouble,"
 Translate the following Haitian Creole expression into natural English.
 Only provide the English translation.

Haitian Creole text:
ki bouche anpil mess

English:

",very messy mouth
yo di li bon kapab fè mal,they say it is good but can do harm,"
 Translate the following Haitian Creole expression into natural English.
 Only provide the English translation.

Haitian Creole text:
yo di li bon kapab fè mal

English:

",They say that what is good can also do harm.
nou genyen lòt bar a la,we have another bar there,"
 Translate the following Haitian Creole expression into natural English.
 Only provide the English translation.

Haitian Creole text:
nou genyen lòt bar a la

English:

",we have another bar there
lòd jan ou call l ankò,the way you call it again,"
 Translate the following Haitian Creole expression into natural English.
 Only provide the English translation.

Haitian Creole text:
lòd jan ou call l ankò

English:

",the way you call it again
batima an pa Jeremi,the boat is not in Jérémie,"
 Translate the following Haitian Creole expression into natural English.
 Only provide the English translation.

Haitian Creole text:
batima an pa Jeremi

English:

",the boat from Jérémie
pa fwa w ka leve la ou la w ap work,sometimes you can get up there and you’re there working,"
 Translate the following Haitian Creole expression into natural English.
 Only provide the English translation.

Haitian Creole text:
pa fwa w ka leve la ou la w ap work

English:

","sometimes when you get up, you’re there working"
gen ti gwo eyes,has big eyes,"
 Translate the following Haitian Creole expression into natural English.
 Only provide the English translation.

Haitian Creole text:
gen ti gwo eyes

English:

",has big eyes
Resèt rapid:,Quick recipe:,"
 Translate the following Haitian Creole expression into natural English.
 Only provide the English translation.

Haitian Creole text:
Resèt rapid:

English:

",Quick recipe:
se kabonn yo call l,they call it carbon,"
 Translate the following Haitian Creole expression into natural English.
 Only provide the English translation.

Haitian Creole text:
se kabonn yo call l

English:

",they call him Kabonn
yon dime an ba,ten cents down,"
 Translate the following Haitian Creole expression into natural English.
 Only provide the English translation.

Haitian Creole text:
yon dime an ba

English:

",a dime underneath
Mwen va drive l chita la,I will make him sit there.,"
 Translate the following Haitian Creole expression into natural English.
 Only provide the English translation.

Haitian Creole text:
Mwen va drive l chita la

English:

",I’ll drive him there to sit.
sa ap fè an big,that will make a big difference,"
 Translate the following Haitian Creole expression into natural English.
 Only provide the English translation.

Haitian Creole text:
sa ap fè an big

English:

",that’s going to make a big difference
m pa think,I don’t think so,"
 Translate the following Haitian Creole expression into natural English.
 Only provide the English translation.

Haitian Creole text:
m pa think

English:

",I don’t think so.
onn ekte konn travay epi li vin paple work ankò,a real one knows how to work and then he no longer wants to work,"
 Translate the following Haitian Creole expression into natural English.
 Only provide the English translation.

Haitian Creole text:
onn ekte konn travay epi li vin paple work ankò

English:

","He really knows how to work, and then he no longer wants to work anymore."
m ap figure out ki sa?,what am I going up for?,"
 Translate the following Haitian Creole expression into natural English.
 Only provide the English translation.

Haitian Creole text:
m ap figure out ki sa?

English:

",What am I figuring out?
pou mete l nan rad la apre l dry,to put it in the clothes after it dries,"
 Translate the following Haitian Creole expression into natural English.
 Only provide the English translation.

Haitian Creole text:
pou mete l nan rad la apre l dry

English:

",to put it in the clothes after it dries
kote yentè l,where is he?,"
 Translate the following Haitian Creole expression into natural English.
 Only provide the English translation.

Haitian Creole text:
kote yentè l

English:

",where is he?
m pa konnen ki fate ta ka di,I don’t know what fate could say,"
 Translate the following Haitian Creole expression into natural English.
 Only provide the English translation.

Haitian Creole text:
m pa konnen ki fate ta ka di

English:

",I don’t know what fate might say.
ou call sa.,you call that.,"
 Translate the following Haitian Creole expression into natural English.
 Only provide the English translation.

Haitian Creole text:
ou call sa.

English:

",you call that.
Non moun lòt banen voye **invite** la.,No one from the other side sent it here.,"
 Translate the following Haitian Creole expression into natural English.
 Only provide the English translation.

Haitian Creole text:
Non moun lòt banen voye **invite** la.

English:

",The person from the other side sent the invitation.
pou n te like konsa,so that we would have it like that,"
 Translate the following Haitian Creole expression into natural English.
 Only provide the English translation.

Haitian Creole text:
pou n te like konsa

English:

",to be like that
pa gran moun nan a,not the grown-up person there,"
 Translate the following Haitian Creole expression into natural English.
 Only provide the English translation.

Haitian Creole text:
pa gran moun nan a

English:

",not the grown-up one
e genyen fò gwo Good,and there are strong good ones,"
 Translate the following Haitian Creole expression into natural English.
 Only provide the English translation.

Haitian Creole text:
e genyen fò gwo Good

English:

","and there are strong, big goods"
yo konn give li,they usually give it to him,"
 Translate the following Haitian Creole expression into natural English.
 Only provide the English translation.

Haitian Creole text:
yo konn give li

English:

",they know how to give it to him
ta gen a little wòp.,there would be a little too much,"
 Translate the following Haitian Creole expression into natural English.
 Only provide the English translation.

Haitian Creole text:
ta gen a little wòp.

English:

",there would be a little too much
Yandelè l konn sòti tou long,Sometimes he also stays out late,"
 Translate the following Haitian Creole expression into natural English.
 Only provide the English translation.

Haitian Creole text:
Yandelè l konn sòti tou long

English:

",He sometimes comes out very late.
yo pran one rock wòch,they took a stone block,"
 Translate the following Haitian Creole expression into natural English.
 Only provide the English translation.

Haitian Creole text:
yo pran one rock wòch

English:

",they took one rock stone
bèt sa a ye strange,this animal is a chanwan,"
 Translate the following Haitian Creole expression into natural English.
 Only provide the English translation.

Haitian Creole text:
bèt sa a ye strange

English:

",this thing is strange
va know non ni?,Will you know its name?,"
 Translate the following Haitian Creole expression into natural English.
 Only provide the English translation.

Haitian Creole text:
va know non ni?

English:

",Do you know his/her name?
lò moun distance,when people are at a distance,"
 Translate the following Haitian Creole expression into natural English.
 Only provide the English translation.

Haitian Creole text:
lò moun distance

English:

",when people are distant
li fè l pa good,it makes it bad,"
 Translate the following Haitian Creole expression into natural English.
 Only provide the English translation.

Haitian Creole text:
li fè l pa good

English:

",he made it not good
li pa travay at all,he doesn’t work at all,"
 Translate the following Haitian Creole expression into natural English.
 Only provide the English translation.

Haitian Creole text:
li pa travay at all

English:

",he doesn’t work at all
mousye pa genyen,the man does not have,"
 Translate the following Haitian Creole expression into natural English.
 Only provide the English translation.

Haitian Creole text:
mousye pa genyen

English:

",the man doesn’t have any
w ap fè the other one,you are doing the other one,"
 Translate the following Haitian Creole expression into natural English.
 Only provide the English translation.

Haitian Creole text:
w ap fè the other one

English:

",you’re doing the other one
nan tankyè bò konpè li,in the tank beside his companion,"
 Translate the following Haitian Creole expression into natural English.
 Only provide the English translation.

Haitian Creole text:
nan tankyè bò konpè li

English:

",in the tank beside his buddy
jan wè moun sa a a moun chèl pa t like that,as you can see this person was not like that before,"
 Translate the following Haitian Creole expression into natural English.
 Only provide the English translation.

Haitian Creole text:
jan wè moun sa a a moun chèl pa t like that

English:

",the way that person looked at people wasn’t like that
ou pa know yo,you don't know them,"
 Translate the following Haitian Creole expression into natural English.
 Only provide the English translation.

Haitian Creole text:
ou pa know yo

English:

",you don’t know them
ginger,Ginger,"
 Translate the following Haitian Creole expression into natural English.
 Only provide the English translation.

Haitian Creole text:
ginger

English:

",ginger
gade ki sa gade l ap happening la,look at what’s happening there,"
 Translate the following Haitian Creole expression into natural English.
 Only provide the English translation.

Haitian Creole text:
gade ki sa gade l ap happening la

English:

",Look at what’s happening here.
E yo pa pran Seyè nan bokou ay sa yo?,And they do not take the Lord in these many things?,"
 Translate the following Haitian Creole expression into natural English.
 Only provide the English translation.

Haitian Creole text:
E yo pa pran Seyè nan bokou ay sa yo?

English:

",And they don’t take the Lord in all these things?
epi w ap di se li ou bezwen,and you will say it is him you need,"
 Translate the following Haitian Creole expression into natural English.
 Only provide the English translation.

Haitian Creole text:
epi w ap di se li ou bezwen

English:

",and you’ll say it’s him you need
yo drive li,they drove him,"
 Translate the following Haitian Creole expression into natural English.
 Only provide the English translation.

Haitian Creole text:
yo drive li

English:

",they drove him/her
epi achita nou corner,and sit down in our corner,"
 Translate the following Haitian Creole expression into natural English.
 Only provide the English translation.

Haitian Creole text:
epi achita nou corner

English:

",and we sat in the corner
donk se Chevy an,so it’s the goat herder,"
 Translate the following Haitian Creole expression into natural English.
 Only provide the English translation.

Haitian Creole text:
donk se Chevy an

English:

",So it’s the Chevy.
nan ka a,in the case,"
 Translate the following Haitian Creole expression into natural English.
 Only provide the English translation.

Haitian Creole text:
nan ka a

English:

",in the case of
di m non kisa moun yo take la,tell me what the people took there,"
 Translate the following Haitian Creole expression into natural English.
 Only provide the English translation.

Haitian Creole text:
di m non kisa moun yo take la

English:

","Tell me, what did the people take there?"
pa fwa li nan leg,sometimes it is in the leg,"
 Translate the following Haitian Creole expression into natural English.
 Only provide the English translation.

Haitian Creole text:
pa fwa li nan leg

English:

",sometimes he’s in the leg
li kraze my house,He broke my house.,"
 Translate the following Haitian Creole expression into natural English.
 Only provide the English translation.

Haitian Creole text:
li kraze my house

English:

",he broke my house
m pa know an,I don’t know.,"
 Translate the following Haitian Creole expression into natural English.
 Only provide the English translation.

Haitian Creole text:
m pa know an

English:

",I don’t know.
ou pa avè l all the time,you haven’t had it for a long time,"
 Translate the following Haitian Creole expression into natural English.
 Only provide the English translation.

Haitian Creole text:
ou pa avè l all the time

English:

",you don’t have it all the time
epi se kout papò ou li vini,and it was because of your gossip that he came,"
 Translate the following Haitian Creole expression into natural English.
 Only provide the English translation.

Haitian Creole text:
epi se kout papò ou li vini

English:

",and that’s how he came to be your father-in-law
ki lè w ap say,when will you say,"
 Translate the following Haitian Creole expression into natural English.
 Only provide the English translation.

Haitian Creole text:
ki lè w ap say

English:

",what time are you going to say
te wè yon cadet,saw a cadet,"
 Translate the following Haitian Creole expression into natural English.
 Only provide the English translation.

Haitian Creole text:
te wè yon cadet

English:

",saw a cadet
di l bread yon sou tab la,tell him there is bread on the table,"
 Translate the following Haitian Creole expression into natural English.
 Only provide the English translation.

Haitian Creole text:
di l bread yon sou tab la

English:

",tell him there’s bread on the table
sou zil apele rarel,on the island called Rarèl,"
 Translate the following Haitian Creole expression into natural English.
 Only provide the English translation.

Haitian Creole text:
sou zil apele rarel

English:

",on the island called Rarel
ou bon yo pa konn di figi moun nan ba face moun nan vin rale,"you know they don’t say the person’s face is ugly, the person’s face becomes drawn","
 Translate the following Haitian Creole expression into natural English.
 Only provide the English translation.

Haitian Creole text:
ou bon yo pa konn di figi moun nan ba face moun nan vin rale

English:

","you’re good, they don’t usually say it, but the person’s face starts to look drawn and gaunt"
si se ta food,if it were food,"
 Translate the following Haitian Creole expression into natural English.
 Only provide the English translation.

Haitian Creole text:
si se ta food

English:

",if it were food
kounye a li vle l?,what does he want now?,"
 Translate the following Haitian Creole expression into natural English.
 Only provide the English translation.

Haitian Creole text:
kounye a li vle l?

English:

",Does he want it now?
kisò di w achte there,what did you buy there,"
 Translate the following Haitian Creole expression into natural English.
 Only provide the English translation.

Haitian Creole text:
kisò di w achte there

English:

",What did you buy there?
ki gen yon game jwèt sa.,what is this game called,"
 Translate the following Haitian Creole expression into natural English.
 Only provide the English translation.

Haitian Creole text:
ki gen yon game jwèt sa.

English:

",what kind of game is this?
menka te cow,maybe it was a cow,"
 Translate the following Haitian Creole expression into natural English.
 Only provide the English translation.

Haitian Creole text:
menka te cow

English:

",maybe it was a cow
"Non, nan, tout kote yo monte kay yo, pafwa se garden ki gen bò la.","No, no, wherever they build their houses, sometimes there are gardens nearby.","
 Translate the following Haitian Creole expression into natural English.
 Only provide the English translation.

Haitian Creole text:
Non, nan, tout kote yo monte kay yo, pafwa se garden ki gen bò la.

English:

","No, well, wherever they build their houses, sometimes there’s a garden nearby."
gen yon person,there is someone,"
 Translate the following Haitian Creole expression into natural English.
 Only provide the English translation.

Haitian Creole text:
gen yon person

English:

",there is a person
bon bagay yo konn plant bò dlo,good things they know how to plant by the water,"
 Translate the following Haitian Creole expression into natural English.
 Only provide the English translation.

Haitian Creole text:
bon bagay yo konn plant bò dlo

English:

",good things are often planted by the water
moun sa sèl mwen ou ka delay,That person is the only one I can rely on.,"
 Translate the following Haitian Creole expression into natural English.
 Only provide the English translation.

Haitian Creole text:
moun sa sèl mwen ou ka delay

English:

",that person is the only one you can delay
kon pote pou l al call ou,come bring it so he can go wake you up,"
 Translate the following Haitian Creole expression into natural English.
 Only provide the English translation.

Haitian Creole text:
kon pote pou l al call ou

English:

",come bring it so he can call you
m ap formet,I am forming.,"
 Translate the following Haitian Creole expression into natural English.
 Only provide the English translation.

Haitian Creole text:
m ap formet

English:

",I’m getting ready.
yo pa ou pa know nou an,you don’t know us,"
 Translate the following Haitian Creole expression into natural English.
 Only provide the English translation.

Haitian Creole text:
yo pa ou pa know nou an

English:

",they don’t know us
ka gen anything,there may be nothing,"
 Translate the following Haitian Creole expression into natural English.
 Only provide the English translation.

Haitian Creole text:
ka gen anything

English:

",there may be anything
se sòt ki bay,It is foolishness that gives.,"
 Translate the following Haitian Creole expression into natural English.
 Only provide the English translation.

Haitian Creole text:
se sòt ki bay

English:

",Only a fool gives away what they have.
Yo koko timan yòk yo konn fè yo want li,They do the little things they know how to do.,"
 Translate the following Haitian Creole expression into natural English.
 Only provide the English translation.

Haitian Creole text:
Yo koko timan yòk yo konn fè yo want li

English:

",They’re always doing things to make him want it.
ouvenza for ou,open for you,"
 Translate the following Haitian Creole expression into natural English.
 Only provide the English translation.

Haitian Creole text:
ouvenza for ou

English:

",open for you
epi li pa by you,and it’s not by you,"
 Translate the following Haitian Creole expression into natural English.
 Only provide the English translation.

Haitian Creole text:
epi li pa by you

English:

",and it’s not by you
Gade pa strain je.,Looking doesn't blind you.,"
 Translate the following Haitian Creole expression into natural English.
 Only provide the English translation.

Haitian Creole text:
Gade pa strain je.

English:

",Don’t strain your eyes.
par ekganp ou gwen yon sè w ki nan kay,for example you have a sister who is in the house,"
 Translate the following Haitian Creole expression into natural English.
 Only provide the English translation.

Haitian Creole text:
par ekganp ou gwen yon sè w ki nan kay

English:

","for example, you have a sister who is at home"
mwen reyèlman yo ka di l consistent,I really can say it like that,"
 Translate the following Haitian Creole expression into natural English.
 Only provide the English translation.

Haitian Creole text:
mwen reyèlman yo ka di l consistent

English:

",I can really say he’s consistent.
ben se sa,"well, that's it","
 Translate the following Haitian Creole expression into natural English.
 Only provide the English translation.

Haitian Creole text:
ben se sa

English:

","well, that’s it"
diran lwèyè zò pou l la yo creak,during the night they crept there,"
 Translate the following Haitian Creole expression into natural English.
 Only provide the English translation.

Haitian Creole text:
diran lwèyè zò pou l la yo creak

English:

",during the night they creak
ki jwèt yo call,what game is it called,"
 Translate the following Haitian Creole expression into natural English.
 Only provide the English translation.

Haitian Creole text:
ki jwèt yo call

English:

",what game do they call it
ou leve yon ti jan bonè wò lal nan travay.,you got up a little early to go to work.,"
 Translate the following Haitian Creole expression into natural English.
 Only provide the English translation.

Haitian Creole text:
ou leve yon ti jan bonè wò lal nan travay.

English:

",You got up a little early to go to work.
aprèmmen ban m se money,after you give me the money,"
 Translate the following Haitian Creole expression into natural English.
 Only provide the English translation.

Haitian Creole text:
aprèmmen ban m se money

English:

",give me the money
Ife pou Soul.,From lfe To Soul,"
 Translate the following Haitian Creole expression into natural English.
 Only provide the English translation.

Haitian Creole text:
Ife pou Soul.

English:

",Made for the Soul.
entè l pa vini.,He didn’t come.,"
 Translate the following Haitian Creole expression into natural English.
 Only provide the English translation.

Haitian Creole text:
entè l pa vini.

English:

",He didn’t come.
l parèt ou know l bwè,It seems you know he drinks.,"
 Translate the following Haitian Creole expression into natural English.
 Only provide the English translation.

Haitian Creole text:
l parèt ou know l bwè

English:

",He seems drunk.
nan chair w.,in your flesh,"
 Translate the following Haitian Creole expression into natural English.
 Only provide the English translation.

Haitian Creole text:
nan chair w.

English:

",in your flesh
li pa ta vle w genyen it,he wouldn’t want you to have it,"
 Translate the following Haitian Creole expression into natural English.
 Only provide the English translation.

Haitian Creole text:
li pa ta vle w genyen it

English:

",He wouldn’t want you to have it.
nou m ap know yo eee,we will know them eee,"
 Translate the following Haitian Creole expression into natural English.
 Only provide the English translation.

Haitian Creole text:
nou m ap know yo eee

English:

","we know them, eee"
kann nan again.,still in the cane field.,"
 Translate the following Haitian Creole expression into natural English.
 Only provide the English translation.

Haitian Creole text:
kann nan again.

English:

",the cane in the yard.
ou ta bezwen ankò inside li ou,you would need to be in it again,"
 Translate the following Haitian Creole expression into natural English.
 Only provide the English translation.

Haitian Creole text:
ou ta bezwen ankò inside li ou

English:

",you’d need to be inside it too
Li manje grenn weed move zèb,He ate weed seeds,"
 Translate the following Haitian Creole expression into natural English.
 Only provide the English translation.

Haitian Creole text:
Li manje grenn weed move zèb

English:

",He ate weed seeds.
p ap lòt mwa ou k ap put on,it won’t be another month that you’ll be putting,"
 Translate the following Haitian Creole expression into natural English.
 Only provide the English translation.

Haitian Creole text:
p ap lòt mwa ou k ap put on

English:

",it won’t be another month before you’re putting on
"Epi, dapre sa pi fò moun rapòte, li te fè sa jou 18 me a nan Kongrè Akayè a.","Catherine Flon, a woman of history As we have noticed, Catherine Flon has always been associated with the creation of the flag.","
 Translate the following Haitian Creole expression into natural English.
 Only provide the English translation.

Haitian Creole text:
Epi, dapre sa pi fò moun rapòte, li te fè sa jou 18 me a nan Kongrè Akayè a.

English:

","And, according to what most people reported, he did this on May 18 at the Acaïe Congress."
epi gen yon **problem** la Rebo la,"and there is a commotion there, Rebo there","
 Translate the following Haitian Creole expression into natural English.
 Only provide the English translation.

Haitian Creole text:
epi gen yon **problem** la Rebo la

English:

",and there’s a problem there in Rebo
anna fwon tite pou sick la,Anna frowned at the sick person.,"
 Translate the following Haitian Creole expression into natural English.
 Only provide the English translation.

Haitian Creole text:
anna fwon tite pou sick la

English:

",let’s go get the sick person’s forehead checked
m pa konnen ki an yo call sa,I don’t know what they call that.,"
 Translate the following Haitian Creole expression into natural English.
 Only provide the English translation.

Haitian Creole text:
m pa konnen ki an yo call sa

English:

",I don’t know what they call that.
yo di lè yo mande pou entè l y ap di li li from lòt kote,they say when they ask for it they will tell him it is deep somewhere else,"
 Translate the following Haitian Creole expression into natural English.
 Only provide the English translation.

Haitian Creole text:
yo di lè yo mande pou entè l y ap di li li from lòt kote

English:

","they say when they ask about him, they say he’s from somewhere else"
en ben ok answit ki sa ankò,well okay then what else,"
 Translate the following Haitian Creole expression into natural English.
 Only provide the English translation.

Haitian Creole text:
en ben ok answit ki sa ankò

English:

",well okay then what else
on timoun pa example,a child is not an example,"
 Translate the following Haitian Creole expression into natural English.
 Only provide the English translation.

Haitian Creole text:
on timoun pa example

English:

","a child, for example"
ase takou la you,just like you are there,"
 Translate the following Haitian Creole expression into natural English.
 Only provide the English translation.

Haitian Creole text:
ase takou la you

English:

","enough like that, there you go"
Men pa ou a,Here is your hand,"
 Translate the following Haitian Creole expression into natural English.
 Only provide the English translation.

Haitian Creole text:
Men pa ou a

English:

","Here is your English translation:

**Here is yours.**"
A lè se konsa nou travay isit yo.,"At times, that’s how we work here.","
 Translate the following Haitian Creole expression into natural English.
 Only provide the English translation.

Haitian Creole text:
A lè se konsa nou travay isit yo.

English:

",That’s how we work here.
men si l ap,but if he is going to,"
 Translate the following Haitian Creole expression into natural English.
 Only provide the English translation.

Haitian Creole text:
men si l ap

English:

",but if he is
jan yo lè l white.,as it whitens.,"
 Translate the following Haitian Creole expression into natural English.
 Only provide the English translation.

Haitian Creole text:
jan yo lè l white.

English:

",when they’re white.
lè l bring l,when he brings it,"
 Translate the following Haitian Creole expression into natural English.
 Only provide the English translation.

Haitian Creole text:
lè l bring l

English:

",when he brings it
yo gen de curls,they have two friezes,"
 Translate the following Haitian Creole expression into natural English.
 Only provide the English translation.

Haitian Creole text:
yo gen de curls

English:

",they have two curls
mwen lè intelligence ouvi se sa,I heard that it was negligence.,"
 Translate the following Haitian Creole expression into natural English.
 Only provide the English translation.

Haitian Creole text:
mwen lè intelligence ouvi se sa

English:

","when I heard the intelligence, that was it"
yo vide l nan tach yo fè l vin **hard** e gen delè ou koupe l moso pa moso,they pour it into spots to make it hard and sometimes you cut it piece by piece,"
 Translate the following Haitian Creole expression into natural English.
 Only provide the English translation.

Haitian Creole text:
yo vide l nan tach yo fè l vin **hard** e gen delè ou koupe l moso pa moso

English:

","they pour it into spots to make it hard, and sometimes you cut it into pieces one by one"
lè l gade l wè menm pou yon **survey** bèf kabri nan wout,when he looked he saw even a goat’s horn on the road,"
 Translate the following Haitian Creole expression into natural English.
 Only provide the English translation.

Haitian Creole text:
lè l gade l wè menm pou yon **survey** bèf kabri nan wout

English:

","when he looked, he saw even a survey of cows and goats on the road"
mwen l ti tri antan.,I was very little.,"
 Translate the following Haitian Creole expression into natural English.
 Only provide the English translation.

Haitian Creole text:
mwen l ti tri antan.

English:

",I was very little at the time.
ou rache l with a kouto,you cut it with a knife,"
 Translate the following Haitian Creole expression into natural English.
 Only provide the English translation.

Haitian Creole text:
ou rache l with a kouto

English:

",you stabbed him with a knife
wè this a,see this,"
 Translate the following Haitian Creole expression into natural English.
 Only provide the English translation.

Haitian Creole text:
wè this a

English:

",see this
wè lò u school,see him when you are at school,"
 Translate the following Haitian Creole expression into natural English.
 Only provide the English translation.

Haitian Creole text:
wè lò u school

English:

",see you at school
yo konn chita se pa gun yo gen nan men yo.,"they know how to sit, it’s not a gun they have in their hands.","
 Translate the following Haitian Creole expression into natural English.
 Only provide the English translation.

Haitian Creole text:
yo konn chita se pa gun yo gen nan men yo.

English:

",They know how to sit; it’s not a gun they have in their hands.
l pa tat makan ba rapye a five kòm.,He didn’t even give the rag five cents.,"
 Translate the following Haitian Creole expression into natural English.
 Only provide the English translation.

Haitian Creole text:
l pa tat makan ba rapye a five kòm.

English:

",He didn’t even give the rag a five cents.
Se laugh moun,It’s people laughing.,"
 Translate the following Haitian Creole expression into natural English.
 Only provide the English translation.

Haitian Creole text:
Se laugh moun

English:

",People laugh
se vre ki nan yo call li,it is true that they call it among them,"
 Translate the following Haitian Creole expression into natural English.
 Only provide the English translation.

Haitian Creole text:
se vre ki nan yo call li

English:

",it’s true that they call it that
Yon jou li rive drink yon lamè.,One day he ended up drinking a sea.,"
 Translate the following Haitian Creole expression into natural English.
 Only provide the English translation.

Haitian Creole text:
Yon jou li rive drink yon lamè.

English:

",One day he managed to drink a whole sea.
la hit moun lan,he hit the person,"
 Translate the following Haitian Creole expression into natural English.
 Only provide the English translation.

Haitian Creole text:
la hit moun lan

English:

",the hit on the person
ou pa wè that?,Don’t you see that?,"
 Translate the following Haitian Creole expression into natural English.
 Only provide the English translation.

Haitian Creole text:
ou pa wè that?

English:

",Don’t you see that?
tankou lè w ap fè yon bagay ou kase line n fan lanyen,like when you’re doing something and you break the line of the thread,"
 Translate the following Haitian Creole expression into natural English.
 Only provide the English translation.

Haitian Creole text:
tankou lè w ap fè yon bagay ou kase line n fan lanyen

English:

",like when you’re doing something and you break the line of the thread
lè m te rise,when I was raised,"
 Translate the following Haitian Creole expression into natural English.
 Only provide the English translation.

Haitian Creole text:
lè m te rise

English:

",when I got up
di w pa pressure mande m non,"tell you not to pressure me, don’t ask me no","
 Translate the following Haitian Creole expression into natural English.
 Only provide the English translation.

Haitian Creole text:
di w pa pressure mande m non

English:

","tell you not to pressure me, please don’t ask me"
Yon med pou li,A medicine for him,"
 Translate the following Haitian Creole expression into natural English.
 Only provide the English translation.

Haitian Creole text:
Yon med pou li

English:

",A medicine for him
"chak chedev yo achieve,",each masterpiece created with wisdom is a reflection of achievement,"
 Translate the following Haitian Creole expression into natural English.
 Only provide the English translation.

Haitian Creole text:
chak chedev yo achieve,

English:

","each strand of hair they achieve,"
san se pa lamp.,without blood it is not a lamp.,"
 Translate the following Haitian Creole expression into natural English.
 Only provide the English translation.

Haitian Creole text:
san se pa lamp.

English:

",blood is not a lamp.
donk eben yo konn call ki sa,"so, well, they know what to call it","
 Translate the following Haitian Creole expression into natural English.
 Only provide the English translation.

Haitian Creole text:
donk eben yo konn call ki sa

English:

","so, well, they know what to call it"
pou ba kond nou live ankò,to give us life again,"
 Translate the following Haitian Creole expression into natural English.
 Only provide the English translation.

Haitian Creole text:
pou ba kond nou live ankò

English:

",to let us live again
ase fè moun ki tout tanwon konn yo pran li se yon pakèt gwo chay ap ba l carry,enough to make people around him know that they are giving him a heavy burden to carry,"
 Translate the following Haitian Creole expression into natural English.
 Only provide the English translation.

Haitian Creole text:
ase fè moun ki tout tanwon konn yo pran li se yon pakèt gwo chay ap ba l carry

English:

",It’s enough to make people who know him all the time think he’s carrying a huge load.
gwon baye legren pwapyen tou mete l inside l,"the big bay leaf, the peppercorn, also put it in it","
 Translate the following Haitian Creole expression into natural English.
 Only provide the English translation.

Haitian Creole text:
gwon baye legren pwapyen tou mete l inside l

English:

",put the big bay leaf and the allspice inside it
yo di women,they say women,"
 Translate the following Haitian Creole expression into natural English.
 Only provide the English translation.

Haitian Creole text:
yo di women

English:

",they say women
te sa w know n byen,you knew that well,"
 Translate the following Haitian Creole expression into natural English.
 Only provide the English translation.

Haitian Creole text:
te sa w know n byen

English:

",you know it well
yo pa konn si gen lòt nou toujou,they don’t know if there are others still,"
 Translate the following Haitian Creole expression into natural English.
 Only provide the English translation.

Haitian Creole text:
yo pa konn si gen lòt nou toujou

English:

",they don’t know if there are others still
ou byen di gen right,"you said it right, there is a right","
 Translate the following Haitian Creole expression into natural English.
 Only provide the English translation.

Haitian Creole text:
ou byen di gen right

English:

",you’re right
w ap fè it la.,you are doing it there.,"
 Translate the following Haitian Creole expression into natural English.
 Only provide the English translation.

Haitian Creole text:
w ap fè it la.

English:

",you’re doing it there.
epi w ap walk,and you will walk,"
 Translate the following Haitian Creole expression into natural English.
 Only provide the English translation.

Haitian Creole text:
epi w ap walk

English:

",and you’re walking
yo mete l nan chodyè epi li fwon bay tou white,they put it in the pot and it turned completely white,"
 Translate the following Haitian Creole expression into natural English.
 Only provide the English translation.

Haitian Creole text:
yo mete l nan chodyè epi li fwon bay tou white

English:

",they put it in the pot and it turned completely white
